occurrenceID	eventID	germplasmID	n_fertile	n_compatible_event	K_event	n_compatible	K_potential_sire_alleles	seeds_est	seeds_low	seeds_upr	n_expected_cov_90	n_miss_prob_10pct_95	n_achievable_exp	n_achievable_miss	budget_ok_exp	budget_ok_miss	achieved_coverage_exp	achieved_coverage_miss	expected_distinct_alleles_in_seed_lot	lat	lon	N_neighbor_events_10m	N_fertile_in_neighbors_10m	N_compatible_spatial_10m	K_spatial_10m	N_neighbor_events_25m	N_fertile_in_neighbors_25m	N_compatible_spatial_25m	K_spatial_25m	N_neighbor_events_50m	N_fertile_in_neighbors_50m	N_compatible_spatial_50m	K_spatial_50m	n_expected_cov_90_spatial_10m	n_achievable_exp_spatial_10m	achieved_coverage_exp_spatial_10m	expected_distinct_alleles_in_seed_lot_spatial_10m	budget_ok_exp_spatial_10m	n_expected_cov_90_spatial_25m	n_achievable_exp_spatial_25m	achieved_coverage_exp_spatial_25m	expected_distinct_alleles_in_seed_lot_spatial_25m	budget_ok_exp_spatial_25m	n_expected_cov_90_spatial_50m	n_achievable_exp_spatial_50m	achieved_coverage_exp_spatial_50m	expected_distinct_alleles_in_seed_lot_spatial_50m	budget_ok_exp_spatial_50m
21	9	7	1	0	1	0	1	1607	1562	1652	1	15	1	15	True	True	1.0	1.0	1.0	43.7097	-116.3082	1.0	59.0	59.0	236.0	1.0	59.0	59.0	236.0	1.0	59.0	59.0	236.0	272	272	0.9007	236.0	True	272	272	0.9007	236.0	True	272	272	0.9007	236.0	True
73	25	67	1	0	1	0	1	1928	1883	1973	1	15	1	15	True	True	1.0	1.0	1.0	43.7367	-116.4406	0.0	0.0	0.0	0.0	5.0	244.0	244.0	976.0	11.0	292.0	292.0	1168.0	1	1	1.0	0.0	True	1124	1124	0.9002	957.26	True	1345	1345	0.9001	1125.04	True
77	28	64	1	0	1	0	1	1521	1476	1566	1	15	1	15	True	True	1.0	1.0	1.0	43.7365	-116.4401	0.0	0.0	0.0	0.0	7.0	98.0	98.0	392.0	13.0	369.0	369.0	1476.0	1	1	1.0	0.0	True	451	451	0.9001	391.83	True	1699	1521	0.8728	1288.19	False
90	83	25	1	0	1	0	1	401	356	447	1	15	1	15	True	True	1.0	1.0	1.0	43.7536	-116.3578	0.0	0.0	0.0	0.0	0.0	0.0	0.0	0.0	2.0	8.0	8.0	32.0	1	1	1.0	0.0	True	1	1	1.0	0.0	True	37	37	0.9046	32.0	True
226	9	127	1	0	1	0	1	98	53	143	1	15	1	15	True	True	1.0	1.0	1.0	43.7097	-116.3082	1.0	59.0	59.0	236.0	1.0	59.0	59.0	236.0	1.0	59.0	59.0	236.0	272	98	0.5649	133.33	False	272	98	0.5649	133.33	False	272	98	0.5649	133.33	False
227	9	128	1	0	1	0	1	90	45	135	1	15	1	15	True	True	1.0	1.0	1.0	43.7097	-116.3082	1.0	59.0	59.0	236.0	1.0	59.0	59.0	236.0	1.0	59.0	59.0	236.0	272	90	0.5344	126.11	False	272	90	0.5344	126.11	False	272	90	0.5344	126.11	False
228	9	129	1	0	1	0	1	84	38	129	1	15	1	15	True	True	1.0	1.0	1.0	43.7097	-116.3082	1.0	59.0	59.0	236.0	1.0	59.0	59.0	236.0	1.0	59.0	59.0	236.0	272	84	0.51	120.36	False	272	84	0.51	120.36	False	272	84	0.51	120.36	False
229	9	130	1	0	1	0	1	152	107	197	1	15	1	15	True	True	1.0	1.0	1.0	43.7097	-116.3082	1.0	59.0	59.0	236.0	1.0	59.0	59.0	236.0	1.0	59.0	59.0	236.0	272	152	0.725	171.09	False	272	152	0.725	171.09	False	272	152	0.725	171.09	False
230	9	131	1	0	1	0	1	55	9	100	1	15	1	15	True	True	1.0	1.0	1.0	43.7097	-116.3082	1.0	59.0	59.0	236.0	1.0	59.0	59.0	236.0	1.0	59.0	59.0	236.0	272	55	0.3732	88.07	False	272	55	0.3732	88.07	False	272	55	0.3732	88.07	False
309	64	378	1	0	1	0	1	273	227	318	1	15	1	15	True	True	1.0	1.0	1.0	43.38593	-116.47276	0.0	0.0	0.0	0.0	0.0	0.0	0.0	0.0	0.0	0.0	0.0	0.0	1	1	1.0	0.0	True	1	1	1.0	0.0	True	1	1	1.0	0.0	True
364	99	334	1	0	1	0	1	376	330	421	1	15	1	15	True	True	1.0	1.0	1.0	43.38617	-116.47863	1.0	0.0	0.0	0.0	5.0	59.0	59.0	236.0	10.0	104.0	104.0	416.0	1	1	1.0	0.0	True	272	272	0.9007	226.31	True	479	376	0.8363	347.91	False
378	105	294	1	0	1	0	1	379	334	424	1	15	1	15	True	True	1.0	1.0	1.0	43.387	-116.47999	0.0	0.0	0.0	0.0	3.0	23.0	23.0	92.0	4.0	23.0	23.0	92.0	1	1	1.0	0.0	True	106	106	0.9014	91.98	True	106	106	0.9014	91.98	True
388	128	225	1	0	1	0	1	1827	1781	1872	1	15	1	15	True	True	1.0	1.0	1.0	43.39115	-116.48851	0.0	0.0	0.0	0.0	0.0	0.0	0.0	0.0	1.0	17.0	17.0	68.0	1	1	1.0	0.0	True	1	1	1.0	0.0	True	78	78	0.9009	68.0	True
399	133	301	1	0	1	0	1	41	-5	86	1	15	1	15	True	True	1.0	1.0	1.0	43.39374	-116.48249	0.0	0.0	0.0	0.0	0.0	0.0	0.0	0.0	0.0	0.0	0.0	0.0	1	1	1.0	0.0	True	1	1	1.0	0.0	True	1	1	1.0	0.0	True
434	119	387	1	0	1	0	1	807	762	852	1	15	1	15	True	True	1.0	1.0	1.0	43.41042	-116.47924	0.0	0.0	0.0	0.0	3.0	16.0	16.0	64.0	4.0	17.0	17.0	68.0	1	1	1.0	0.0	True	74	74	0.9028	64.0	True	78	78	0.9009	68.0	True
439	135	222	1	0	1	0	1	194	149	240	1	15	1	15	True	True	1.0	1.0	1.0	43.43855	-116.42392	1.0	2.0	2.0	8.0	1.0	2.0	2.0	8.0	1.0	2.0	2.0	8.0	9	9	0.9096	8.0	True	9	9	0.9096	8.0	True	9	9	0.9096	8.0	True
528	163	483	1	0	1	0	1	142	96	187	1	15	1	15	True	True	1.0	1.0	1.0	43.02516	-115.42771	0.0	0.0	0.0	0.0	2.0	3.0	3.0	12.0	2.0	3.0	3.0	12.0	1	1	1.0	0.0	True	14	14	0.9125	12.0	True	14	14	0.9125	12.0	True
530	155	498	1	0	1	0	1	189	144	235	1	15	1	15	True	True	1.0	1.0	1.0	43.02507	-115.42748	1.0	2.0	2.0	8.0	2.0	3.0	3.0	12.0	2.0	3.0	3.0	12.0	9	9	0.9096	8.0	True	14	14	0.9125	12.0	True	14	14	0.9125	12.0	True
534	165	502	1	0	1	0	1	271	226	316	1	15	1	15	True	True	1.0	1.0	1.0	42.9958	-115.37237	0.0	0.0	0.0	0.0	0.0	0.0	0.0	0.0	1.0	14.0	14.0	56.0	1	1	1.0	0.0	True	1	1	1.0	0.0	True	64	64	0.9004	56.0	True
592	193	595	1	0	1	0	1	116	71	162	1	15	1	15	True	True	1.0	1.0	1.0	43.00146	-115.39586	0.0	0.0	0.0	0.0	1.0	3.0	3.0	12.0	1.0	3.0	3.0	12.0	1	1	1.0	0.0	True	14	14	0.9125	12.0	True	14	14	0.9125	12.0	True
593	192	587	1	0	1	0	1	2973	2928	3018	1	15	1	15	True	True	1.0	1.0	1.0	43.00211	-115.39554	1.0	1.0	1.0	4.0	1.0	1.0	1.0	4.0	2.0	2.0	2.0	8.0	5	5	0.9437	4.0	True	5	5	0.9437	4.0	True	9	9	0.9096	8.0	True
602	200	573	1	0	1	0	1	282	237	328	1	15	1	15	True	True	1.0	1.0	1.0	43.00207	-115.40178	0.0	0.0	0.0	0.0	0.0	0.0	0.0	0.0	0.0	0.0	0.0	0.0	1	1	1.0	0.0	True	1	1	1.0	0.0	True	1	1	1.0	0.0	True
676	179	671	1	0	1	0	1	9	-37	54	1	15	1	9	True	False	1.0	1.0	1.0	43.2983	-116.11273	1.0	11.0	11.0	44.0	3.0	21.0	21.0	84.0	5.0	36.0	36.0	144.0	51	9	0.3389	14.91	False	97	9	0.1939	16.29	False	166	9	0.1179	16.98	False
677	179	672	1	0	1	0	1	18	-28	63	1	15	1	15	True	True	1.0	1.0	1.0	43.2983	-116.11273	1.0	11.0	11.0	44.0	3.0	21.0	21.0	84.0	5.0	36.0	36.0	144.0	51	18	0.5629	24.77	False	97	18	0.3502	29.42	False	166	18	0.2219	31.95	False
1	1	28	2	1	4	1	4	123	78	168	5	15	5	15	True	True	0.9437	0.9998	4.0	43.7086	-116.3082	0.0	0.0	1.0	4.0	1.0	2.0	3.0	12.0	8.0	143.0	144.0	576.0	5	5	0.9437	4.0	True	14	14	0.9125	12.0	True	663	123	0.3478	200.35	False
2	1	30	2	1	4	1	4	20	-25	65	5	15	5	15	True	True	0.9437	0.9998	4.0	43.7086	-116.3082	0.0	0.0	1.0	4.0	1.0	2.0	3.0	12.0	8.0	143.0	144.0	576.0	5	5	0.9437	4.0	True	14	14	0.9125	11.63	True	663	20	0.0671	38.68	False
3	2	2	2	1	4	1	4	741	695	786	5	15	5	15	True	True	0.9437	0.9998	4.0	43.7087	-116.308	0.0	0.0	1.0	4.0	4.0	21.0	22.0	88.0	9.0	143.0	144.0	576.0	5	5	0.9437	4.0	True	101	101	0.9006	88.0	True	663	663	0.9001	532.14	True
4	2	3	2	1	4	1	4	283	237	328	5	15	5	15	True	True	0.9437	0.9998	4.0	43.7087	-116.308	0.0	0.0	1.0	4.0	4.0	21.0	22.0	88.0	9.0	143.0	144.0	576.0	5	5	0.9437	4.0	True	101	101	0.9006	87.86	True	663	283	0.626	360.57	False
5	3	1	2	1	4	1	4	591	546	637	5	15	5	15	True	True	0.9437	0.9998	4.0	43.7088	-116.308	1.0	7.0	8.0	32.0	5.0	119.0	120.0	480.0	9.0	143.0	144.0	576.0	37	37	0.9046	32.0	True	553	553	0.9004	439.2	True	663	591	0.8718	502.13	False
53	18	54	2	1	4	1	4	930	885	975	5	15	5	15	True	True	0.9437	0.9998	4.0	43.7367	-116.4401	1.0	2.0	3.0	12.0	5.0	38.0	39.0	156.0	14.0	390.0	391.0	1564.0	14	14	0.9125	12.0	True	180	180	0.9012	156.0	True	1801	930	0.6957	1088.03	False
54	19	68	2	1	4	1	4	3991	3945	4036	5	15	5	15	True	True	0.9437	0.9998	4.0	43.7367	-116.4402	1.0	2.0	3.0	12.0	5.0	222.0	223.0	892.0	14.0	390.0	391.0	1564.0	14	14	0.9125	12.0	True	1027	1027	0.9001	891.88	True	1801	1801	0.9001	1554.51	True
95	85	21	2	1	4	1	4	1046	1000	1091	5	15	5	15	True	True	0.9437	0.9998	4.0	43.754	-116.3582	0.0	0.0	1.0	4.0	2.0	12.0	13.0	52.0	2.0	12.0	13.0	52.0	5	5	0.9437	4.0	True	60	60	0.9027	52.0	True	60	60	0.9027	52.0	True
96	85	22	2	1	4	1	4	305	260	351	5	15	5	15	True	True	0.9437	0.9998	4.0	43.754	-116.3582	0.0	0.0	1.0	4.0	2.0	12.0	13.0	52.0	2.0	12.0	13.0	52.0	5	5	0.9437	4.0	True	60	60	0.9027	52.0	True	60	60	0.9027	52.0	True
103	87	24	2	1	4	1	4	155	109	200	5	15	5	15	True	True	0.9437	0.9998	4.0	43.754	-116.3584	0.0	0.0	1.0	4.0	2.0	12.0	13.0	52.0	2.0	12.0	13.0	52.0	5	5	0.9437	4.0	True	60	60	0.9027	51.87	True	60	60	0.9027	51.87	True
144	40	151	2	1	4	1	4	212	166	257	5	15	5	15	True	True	0.9437	0.9998	4.0	43.3264	-115.9224	0.0	0.0	1.0	4.0	0.0	0.0	1.0	4.0	3.0	65.0	66.0	264.0	5	5	0.9437	4.0	True	5	5	0.9437	4.0	True	304	212	0.7999	211.18	False
299	79	340	2	1	4	1	4	295	249	340	5	15	5	15	True	True	0.9437	0.9998	4.0	43.39119	-116.47715	0.0	0.0	1.0	4.0	2.0	10.0	11.0	44.0	5.0	28.0	29.0	116.0	5	5	0.9437	4.0	True	51	51	0.9041	44.0	True	133	133	0.9	115.3	True
377	104	295	2	1	4	1	4	1033	988	1078	5	15	5	15	True	True	0.9437	0.9998	4.0	43.3872	-116.48011	0.0	0.0	1.0	4.0	1.0	1.0	2.0	8.0	6.0	24.0	25.0	100.0	5	5	0.9437	4.0	True	9	9	0.9096	8.0	True	115	115	0.9009	100.0	True
397	132	302	2	1	4	1	4	40	-5	85	5	15	5	15	True	True	0.9437	0.9998	4.0	43.39334	-116.48321	0.0	0.0	1.0	4.0	0.0	0.0	1.0	4.0	0.0	0.0	1.0	4.0	5	5	0.9437	4.0	True	5	5	0.9437	4.0	True	5	5	0.9437	4.0	True
398	132	303	2	1	4	1	4	100	55	146	5	15	5	15	True	True	0.9437	0.9998	4.0	43.39334	-116.48321	0.0	0.0	1.0	4.0	0.0	0.0	1.0	4.0	0.0	0.0	1.0	4.0	5	5	0.9437	4.0	True	5	5	0.9437	4.0	True	5	5	0.9437	4.0	True
433	118	392	2	1	4	1	4	2641	2595	2686	5	15	5	15	True	True	0.9437	0.9998	4.0	43.41027	-116.47932	0.0	0.0	1.0	4.0	4.0	16.0	17.0	68.0	4.0	16.0	17.0	68.0	5	5	0.9437	4.0	True	78	78	0.9009	68.0	True	78	78	0.9009	68.0	True
437	134	373	2	1	4	1	4	45	-1	90	5	15	5	15	True	True	0.9437	0.9998	4.0	43.43682	-116.41584	0.0	0.0	1.0	4.0	0.0	0.0	1.0	4.0	0.0	0.0	1.0	4.0	5	5	0.9437	4.0	True	5	5	0.9437	4.0	True	5	5	0.9437	4.0	True
438	134	374	2	1	4	1	4	115	70	160	5	15	5	15	True	True	0.9437	0.9998	4.0	43.43682	-116.41584	0.0	0.0	1.0	4.0	0.0	0.0	1.0	4.0	0.0	0.0	1.0	4.0	5	5	0.9437	4.0	True	5	5	0.9437	4.0	True	5	5	0.9437	4.0	True
440	136	388	2	1	4	1	4	152	106	197	5	15	5	15	True	True	0.9437	0.9998	4.0	43.43583	-116.43073	0.0	0.0	1.0	4.0	0.0	0.0	1.0	4.0	1.0	1.0	2.0	8.0	5	5	0.9437	4.0	True	5	5	0.9437	4.0	True	9	9	0.9096	8.0	True
469	140	489	2	1	4	1	4	534	488	579	5	15	5	15	True	True	0.9437	0.9998	4.0	43.00206	-115.42684	0.0	0.0	1.0	4.0	2.0	29.0	30.0	120.0	3.0	30.0	31.0	124.0	5	5	0.9437	4.0	True	138	138	0.9007	119.98	True	143	143	0.9013	123.98	True
470	141	484	2	1	4	1	4	620	575	666	5	15	5	15	True	True	0.9437	0.9998	4.0	43.00222	-115.42671	1.0	27.0	28.0	112.0	2.0	29.0	30.0	120.0	3.0	30.0	31.0	124.0	129	129	0.9011	112.0	True	138	138	0.9007	120.0	True	143	143	0.9013	123.99	True
471	141	485	2	1	4	1	4	683	637	728	5	15	5	15	True	True	0.9437	0.9998	4.0	43.00222	-115.42671	1.0	27.0	28.0	112.0	2.0	29.0	30.0	120.0	3.0	30.0	31.0	124.0	129	129	0.9011	112.0	True	138	138	0.9007	120.0	True	143	143	0.9013	124.0	True
478	144	488	2	1	4	1	4	523	477	568	5	15	5	15	True	True	0.9437	0.9998	4.0	43.0025	-115.42732	0.0	0.0	1.0	4.0	0.0	0.0	1.0	4.0	0.0	0.0	1.0	4.0	5	5	0.9437	4.0	True	5	5	0.9437	4.0	True	5	5	0.9437	4.0	True
479	145	490	2	1	4	1	4	137	91	182	5	15	5	15	True	True	0.9437	0.9998	4.0	43.00191	-115.42827	0.0	0.0	1.0	4.0	0.0	0.0	1.0	4.0	0.0	0.0	1.0	4.0	5	5	0.9437	4.0	True	5	5	0.9437	4.0	True	5	5	0.9437	4.0	True
527	162	455	2	1	4	1	4	236	191	281	5	15	5	15	True	True	0.9437	0.9998	4.0	43.02417	-115.42679	0.0	0.0	1.0	4.0	0.0	0.0	1.0	4.0	1.0	3.0	4.0	16.0	5	5	0.9437	4.0	True	5	5	0.9437	4.0	True	18	18	0.9021	16.0	True
529	164	494	2	1	4	1	4	148	102	193	5	15	5	15	True	True	0.9437	0.9998	4.0	43.02503	-115.4275	1.0	1.0	2.0	8.0	2.0	2.0	3.0	12.0	2.0	2.0	3.0	12.0	9	9	0.9096	8.0	True	14	14	0.9125	12.0	True	14	14	0.9125	12.0	True
550	188	543	2	1	4	1	4	845	800	891	5	15	5	15	True	True	0.9437	0.9998	4.0	42.99695	-115.38334	0.0	0.0	1.0	4.0	4.0	53.0	54.0	216.0	10.0	104.0	105.0	420.0	5	5	0.9437	4.0	True	249	249	0.9008	215.92	True	483	483	0.9	412.52	True
551	188	544	2	1	4	1	4	323	278	369	5	15	5	15	True	True	0.9437	0.9998	4.0	42.99695	-115.38334	0.0	0.0	1.0	4.0	4.0	53.0	54.0	216.0	10.0	104.0	105.0	420.0	5	5	0.9437	4.0	True	249	249	0.9008	205.22	True	483	323	0.7856	329.95	False
661	174	701	2	1	4	1	4	70	25	116	5	15	5	15	True	True	0.9437	0.9998	4.0	43.29693	-116.11611	2.0	6.0	7.0	28.0	2.0	6.0	7.0	28.0	4.0	159.0	160.0	640.0	32	32	0.9025	27.83	True	32	32	0.9025	27.83	True	737	70	0.1966	125.83	False
662	174	702	2	1	4	1	4	99	53	144	5	15	5	15	True	True	0.9437	0.9998	4.0	43.29693	-116.11611	2.0	6.0	7.0	28.0	2.0	6.0	7.0	28.0	4.0	159.0	160.0	640.0	32	32	0.9025	27.98	True	32	32	0.9025	27.98	True	737	99	0.2663	170.41	False
59	21	63	3	2	8	2	8	710	664	755	9	15	9	15	True	True	0.9096	0.9818	8.0	43.7371	-116.4405	0.0	0.0	2.0	8.0	1.0	22.0	24.0	96.0	4.0	42.0	44.0	176.0	9	9	0.9096	8.0	True	110	110	0.9001	96.0	True	203	203	0.9011	175.95	True
74	26	40	3	2	8	2	8	222	177	267	9	15	9	15	True	True	0.9096	0.9818	8.0	43.7366	-116.4405	1.0	200.0	202.0	808.0	5.0	241.0	243.0	972.0	11.0	297.0	299.0	1196.0	930	222	0.423	341.75	False	1119	222	0.3668	356.56	False	1377	222	0.3102	371.03	False
85	33	62	3	2	8	2	8	1696	1650	1741	9	15	9	15	True	True	0.9096	0.9818	8.0	43.7378	-116.4375	3.0	16.0	18.0	72.0	3.0	16.0	18.0	72.0	3.0	16.0	18.0	72.0	83	83	0.9019	72.0	True	83	83	0.9019	72.0	True	83	83	0.9019	72.0	True
109	89	110	3	2	8	2	8	600	555	646	9	15	9	15	True	True	0.9096	0.9818	8.0	43.7959	-116.4761	4.0	25.0	27.0	108.0	7.0	76.0	78.0	312.0	8.0	76.0	78.0	312.0	124	124	0.9004	108.0	True	359	359	0.9002	305.38	True	359	359	0.9002	305.38	True
110	89	111	3	2	8	2	8	316	270	361	9	15	9	15	True	True	0.9096	0.9818	8.0	43.7959	-116.4761	4.0	25.0	27.0	108.0	7.0	76.0	78.0	312.0	8.0	76.0	78.0	312.0	124	124	0.9004	107.7	True	359	316	0.8685	270.98	False	359	316	0.8685	270.98	False
111	89	112	3	2	8	2	8	157	112	202	9	15	9	15	True	True	0.9096	0.9818	8.0	43.7959	-116.4761	4.0	25.0	27.0	108.0	7.0	76.0	78.0	312.0	8.0	76.0	78.0	312.0	124	124	0.9004	102.18	True	359	157	0.6351	198.14	False	359	157	0.6351	198.14	False
310	65	341	3	2	8	2	8	388	343	433	9	15	9	15	True	True	0.9096	0.9818	8.0	43.3842	-116.47307	0.0	0.0	2.0	8.0	3.0	78.0	80.0	320.0	3.0	78.0	80.0	320.0	9	9	0.9096	8.0	True	368	368	0.9001	291.79	True	368	368	0.9001	291.79	True
311	65	342	3	2	8	2	8	908	862	953	9	15	9	15	True	True	0.9096	0.9818	8.0	43.3842	-116.47307	0.0	0.0	2.0	8.0	3.0	78.0	80.0	320.0	3.0	78.0	80.0	320.0	9	9	0.9096	8.0	True	368	368	0.9001	318.91	True	368	368	0.9001	318.91	True
312	65	343	3	2	8	2	8	920	875	966	9	15	9	15	True	True	0.9096	0.9818	8.0	43.3842	-116.47307	0.0	0.0	2.0	8.0	3.0	78.0	80.0	320.0	3.0	78.0	80.0	320.0	9	9	0.9096	8.0	True	368	368	0.9001	318.99	True	368	368	0.9001	318.99	True
354	95	310	3	2	8	2	8	329	283	374	9	15	9	15	True	True	0.9096	0.9818	8.0	43.38612	-116.4794	0.0	0.0	2.0	8.0	0.0	0.0	2.0	8.0	5.0	179.0	181.0	724.0	9	9	0.9096	8.0	True	9	9	0.9096	8.0	True	833	329	0.5973	432.42	False
424	115	402	3	2	8	2	8	882	837	928	9	15	9	15	True	True	0.9096	0.9818	8.0	43.40778	-116.48969	0.0	0.0	2.0	8.0	1.0	34.0	36.0	144.0	4.0	354.0	356.0	1424.0	9	9	0.9096	8.0	True	166	166	0.9011	144.0	True	1639	882	0.7104	1011.59	False
425	115	403	3	2	8	2	8	3587	3542	3632	9	15	9	15	True	True	0.9096	0.9818	8.0	43.40778	-116.48969	0.0	0.0	2.0	8.0	1.0	34.0	36.0	144.0	4.0	354.0	356.0	1424.0	9	9	0.9096	8.0	True	166	166	0.9011	144.0	True	1639	1639	0.9	1414.78	True
426	115	401	3	2	8	2	8	124	79	169	9	15	9	15	True	True	0.9096	0.9818	8.0	43.40778	-116.48969	0.0	0.0	2.0	8.0	1.0	34.0	36.0	144.0	4.0	354.0	356.0	1424.0	9	9	0.9096	8.0	True	166	124	0.8224	118.43	False	1639	124	0.1599	227.68	False
427	116	414	3	2	8	2	8	1360	1314	1405	9	15	9	15	True	True	0.9096	0.9818	8.0	43.40766	-116.48929	0.0	0.0	2.0	8.0	0.0	0.0	2.0	8.0	2.0	37.0	39.0	156.0	9	9	0.9096	8.0	True	9	9	0.9096	8.0	True	180	180	0.9012	156.0	True
429	116	415	3	2	8	2	8	2711	2666	2757	9	15	9	15	True	True	0.9096	0.9818	8.0	43.40766	-116.48929	0.0	0.0	2.0	8.0	0.0	0.0	2.0	8.0	2.0	37.0	39.0	156.0	9	9	0.9096	8.0	True	9	9	0.9096	8.0	True	180	180	0.9012	156.0	True
435	120	393	3	2	8	2	8	78	33	123	9	15	9	15	True	True	0.9096	0.9818	8.0	43.41031	-116.47911	0.0	0.0	2.0	8.0	4.0	15.0	17.0	68.0	4.0	15.0	17.0	68.0	9	9	0.9096	8.0	True	78	78	0.9009	61.26	True	78	78	0.9009	61.26	True
436	120	394	3	2	8	2	8	90	45	136	9	15	9	15	True	True	0.9096	0.9818	8.0	43.41031	-116.47911	0.0	0.0	2.0	8.0	4.0	15.0	17.0	68.0	4.0	15.0	17.0	68.0	9	9	0.9096	8.0	True	78	78	0.9009	63.28	True	78	78	0.9009	63.28	True
441	106	375	3	2	8	2	8	664	619	709	9	15	9	15	True	True	0.9096	0.9818	8.0	43.44302	-116.43594	0.0	0.0	2.0	8.0	0.0	0.0	2.0	8.0	0.0	0.0	2.0	8.0	9	9	0.9096	8.0	True	9	9	0.9096	8.0	True	9	9	0.9096	8.0	True
442	106	376	3	2	8	2	8	750	705	795	9	15	9	15	True	True	0.9096	0.9818	8.0	43.44302	-116.43594	0.0	0.0	2.0	8.0	0.0	0.0	2.0	8.0	0.0	0.0	2.0	8.0	9	9	0.9096	8.0	True	9	9	0.9096	8.0	True	9	9	0.9096	8.0	True
443	106	377	3	2	8	2	8	1622	1577	1668	9	15	9	15	True	True	0.9096	0.9818	8.0	43.44302	-116.43594	0.0	0.0	2.0	8.0	0.0	0.0	2.0	8.0	0.0	0.0	2.0	8.0	9	9	0.9096	8.0	True	9	9	0.9096	8.0	True	9	9	0.9096	8.0	True
506	157	499	3	2	8	2	8	367	321	412	9	15	9	15	True	True	0.9096	0.9818	8.0	43.02256	-115.4258	0.0	0.0	2.0	8.0	0.0	0.0	2.0	8.0	0.0	0.0	2.0	8.0	9	9	0.9096	8.0	True	9	9	0.9096	8.0	True	9	9	0.9096	8.0	True
507	157	500	3	2	8	2	8	154	109	199	9	15	9	15	True	True	0.9096	0.9818	8.0	43.02256	-115.4258	0.0	0.0	2.0	8.0	0.0	0.0	2.0	8.0	0.0	0.0	2.0	8.0	9	9	0.9096	8.0	True	9	9	0.9096	8.0	True	9	9	0.9096	8.0	True
508	157	501	3	2	8	2	8	494	448	539	9	15	9	15	True	True	0.9096	0.9818	8.0	43.02256	-115.4258	0.0	0.0	2.0	8.0	0.0	0.0	2.0	8.0	0.0	0.0	2.0	8.0	9	9	0.9096	8.0	True	9	9	0.9096	8.0	True	9	9	0.9096	8.0	True
525	161	456	3	2	8	2	8	407	362	452	9	15	9	15	True	True	0.9096	0.9818	8.0	43.024	-115.42649	0.0	0.0	2.0	8.0	0.0	0.0	2.0	8.0	3.0	135.0	137.0	548.0	9	9	0.9096	8.0	True	9	9	0.9096	8.0	True	631	407	0.7739	424.09	False
526	161	457	3	2	8	2	8	1012	966	1057	9	15	9	15	True	True	0.9096	0.9818	8.0	43.024	-115.42649	0.0	0.0	2.0	8.0	0.0	0.0	2.0	8.0	3.0	135.0	137.0	548.0	9	9	0.9096	8.0	True	9	9	0.9096	8.0	True	631	631	0.9002	534.41	True
573	169	630	3	2	8	2	8	61	15	106	9	15	9	15	True	True	0.9096	0.9818	8.0	42.99733	-115.38876	1.0	17.0	19.0	76.0	6.0	173.0	175.0	700.0	9.0	257.0	259.0	1036.0	87	61	0.8013	60.9	False	806	61	0.16	112.03	False	1193	61	0.1111	115.14	False
574	169	631	3	2	8	2	8	159	114	204	9	15	9	15	True	True	0.9096	0.9818	8.0	42.99733	-115.38876	1.0	17.0	19.0	76.0	6.0	173.0	175.0	700.0	9.0	257.0	259.0	1036.0	87	87	0.9002	74.87	True	806	159	0.3653	255.71	False	1193	159	0.2644	273.94	False
590	194	596	3	2	8	2	8	125	80	170	9	15	9	15	True	True	0.9096	0.9818	8.0	43.00148	-115.39563	0.0	0.0	2.0	8.0	1.0	1.0	3.0	12.0	1.0	1.0	3.0	12.0	9	9	0.9096	8.0	True	14	14	0.9125	12.0	True	14	14	0.9125	12.0	True
591	194	597	3	2	8	2	8	128	83	174	9	15	9	15	True	True	0.9096	0.9818	8.0	43.00148	-115.39563	0.0	0.0	2.0	8.0	1.0	1.0	3.0	12.0	1.0	1.0	3.0	12.0	9	9	0.9096	8.0	True	14	14	0.9125	12.0	True	14	14	0.9125	12.0	True
599	201	565	3	2	8	2	8	195	149	240	9	15	9	15	True	True	0.9096	0.9818	8.0	43.00162	-115.40095	1.0	5.0	7.0	28.0	2.0	6.0	8.0	32.0	4.0	29.0	31.0	124.0	32	32	0.9025	28.0	True	37	37	0.9046	32.0	True	143	143	0.9013	118.73	True
600	201	566	3	2	8	2	8	228	183	273	9	15	9	15	True	True	0.9096	0.9818	8.0	43.00162	-115.40095	1.0	5.0	7.0	28.0	2.0	6.0	8.0	32.0	4.0	29.0	31.0	124.0	32	32	0.9025	28.0	True	37	37	0.9046	32.0	True	143	143	0.9013	120.91	True
601	201	567	3	2	8	2	8	384	339	429	9	15	9	15	True	True	0.9096	0.9818	8.0	43.00162	-115.40095	1.0	5.0	7.0	28.0	2.0	6.0	8.0	32.0	4.0	29.0	31.0	124.0	32	32	0.9025	28.0	True	37	37	0.9046	32.0	True	143	143	0.9013	123.75	True
20	8	29	4	3	12	3	12	488	443	533	14	15	14	15	True	True	0.9125	0.9265	12.0	43.7095	-116.3065	2.0	7.0	10.0	40.0	3.0	14.0	17.0	68.0	6.0	41.0	44.0	176.0	46	46	0.9026	40.0	True	78	78	0.9009	68.0	True	203	203	0.9011	175.32	True
84	32	61	4	3	12	3	12	813	768	859	14	15	14	15	True	True	0.9125	0.9265	12.0	43.7378	-116.4376	2.0	6.0	9.0	36.0	2.0	6.0	9.0	36.0	2.0	6.0	9.0	36.0	41	41	0.9007	36.0	True	41	41	0.9007	36.0	True	41	41	0.9007	36.0	True
86	82	50	4	3	12	3	12	225	179	270	14	15	14	15	True	True	0.9125	0.9265	12.0	43.75335	-116.3583	0.0	0.0	3.0	12.0	0.0	0.0	3.0	12.0	1.0	1.0	4.0	16.0	14	14	0.9125	12.0	True	14	14	0.9125	12.0	True	18	18	0.9021	16.0	True
87	82	60	4	3	12	3	12	258	213	303	14	15	14	15	True	True	0.9125	0.9265	12.0	43.75335	-116.3583	0.0	0.0	3.0	12.0	0.0	0.0	3.0	12.0	1.0	1.0	4.0	16.0	14	14	0.9125	12.0	True	14	14	0.9125	12.0	True	18	18	0.9021	16.0	True
88	82	49	4	3	12	3	12	1215	1170	1260	14	15	14	15	True	True	0.9125	0.9265	12.0	43.75335	-116.3583	0.0	0.0	3.0	12.0	0.0	0.0	3.0	12.0	1.0	1.0	4.0	16.0	14	14	0.9125	12.0	True	14	14	0.9125	12.0	True	18	18	0.9021	16.0	True
89	82	59	4	3	12	3	12	358	313	404	14	15	14	15	True	True	0.9125	0.9265	12.0	43.75335	-116.3583	0.0	0.0	3.0	12.0	0.0	0.0	3.0	12.0	1.0	1.0	4.0	16.0	14	14	0.9125	12.0	True	14	14	0.9125	12.0	True	18	18	0.9021	16.0	True
91	84	47	4	3	12	3	12	366	321	411	14	15	14	15	True	True	0.9125	0.9265	12.0	43.7534	-116.3576	0.0	0.0	3.0	12.0	0.0	0.0	3.0	12.0	1.0	1.0	4.0	16.0	14	14	0.9125	12.0	True	14	14	0.9125	12.0	True	18	18	0.9021	16.0	True
92	84	48	4	3	12	3	12	93	48	139	14	15	14	15	True	True	0.9125	0.9265	12.0	43.7534	-116.3576	0.0	0.0	3.0	12.0	0.0	0.0	3.0	12.0	1.0	1.0	4.0	16.0	14	14	0.9125	12.0	True	14	14	0.9125	12.0	True	18	18	0.9021	16.0	True
93	84	45	4	3	12	3	12	71	26	116	14	15	14	15	True	True	0.9125	0.9265	12.0	43.7534	-116.3576	0.0	0.0	3.0	12.0	0.0	0.0	3.0	12.0	1.0	1.0	4.0	16.0	14	14	0.9125	12.0	True	14	14	0.9125	12.0	True	18	18	0.9021	16.0	True
94	84	46	4	3	12	3	12	106	61	151	14	15	14	15	True	True	0.9125	0.9265	12.0	43.7534	-116.3576	0.0	0.0	3.0	12.0	0.0	0.0	3.0	12.0	1.0	1.0	4.0	16.0	14	14	0.9125	12.0	True	14	14	0.9125	12.0	True	18	18	0.9021	16.0	True
112	90	208	4	3	12	3	12	323	278	368	14	15	14	15	True	True	0.9125	0.9265	12.0	43.7959	-116.4762	4.0	22.0	25.0	100.0	7.0	71.0	74.0	296.0	7.0	71.0	74.0	296.0	115	115	0.9009	99.85	True	341	323	0.8876	262.74	False	341	323	0.8876	262.74	False
113	90	209	4	3	12	3	12	64	19	110	14	15	14	15	True	True	0.9125	0.9265	12.0	43.7959	-116.4762	4.0	22.0	25.0	100.0	7.0	71.0	74.0	296.0	7.0	71.0	74.0	296.0	115	64	0.7237	72.37	False	341	64	0.3515	104.06	False	341	64	0.3515	104.06	False
114	91	108	4	3	12	3	12	392	346	437	14	15	14	15	True	True	0.9125	0.9265	12.0	43.7959	-116.4762	4.0	22.0	25.0	100.0	7.0	71.0	74.0	296.0	7.0	71.0	74.0	296.0	115	115	0.9009	99.96	True	341	341	0.9005	275.15	True	341	341	0.9005	275.15	True
115	91	109	4	3	12	3	12	59	14	105	14	15	14	15	True	True	0.9125	0.9265	12.0	43.7959	-116.4762	4.0	22.0	25.0	100.0	7.0	71.0	74.0	296.0	7.0	71.0	74.0	296.0	115	59	0.6945	69.45	False	341	59	0.3292	97.45	False	341	59	0.3292	97.45	False
300	80	335	4	3	12	3	12	231	186	276	14	15	14	15	True	True	0.9125	0.9265	12.0	43.391	-116.47706	0.0	0.0	3.0	12.0	2.0	10.0	13.0	52.0	4.0	21.0	24.0	96.0	14	14	0.9125	12.0	True	60	60	0.9027	51.99	True	110	110	0.9001	95.24	True
301	80	336	4	3	12	3	12	509	463	554	14	15	14	15	True	True	0.9125	0.9265	12.0	43.391	-116.47706	0.0	0.0	3.0	12.0	2.0	10.0	13.0	52.0	4.0	21.0	24.0	96.0	14	14	0.9125	12.0	True	60	60	0.9027	52.0	True	110	110	0.9001	96.0	True
302	80	337	4	3	12	3	12	695	650	740	14	15	14	15	True	True	0.9125	0.9265	12.0	43.391	-116.47706	0.0	0.0	3.0	12.0	2.0	10.0	13.0	52.0	4.0	21.0	24.0	96.0	14	14	0.9125	12.0	True	60	60	0.9027	52.0	True	110	110	0.9001	96.0	True
374	103	286	4	3	12	3	12	727	682	772	14	15	14	15	True	True	0.9125	0.9265	12.0	43.38776	-116.47992	3.0	28.0	31.0	124.0	5.0	30.0	33.0	132.0	7.0	41.0	44.0	176.0	143	143	0.9013	124.0	True	152	152	0.9009	132.0	True	203	203	0.9011	175.96	True
375	103	287	4	3	12	3	12	559	514	604	14	15	14	15	True	True	0.9125	0.9265	12.0	43.38776	-116.47992	3.0	28.0	31.0	124.0	5.0	30.0	33.0	132.0	7.0	41.0	44.0	176.0	143	143	0.9013	123.99	True	152	152	0.9009	131.97	True	203	203	0.9011	175.7	True
376	103	288	4	3	12	3	12	256	211	301	14	15	14	15	True	True	0.9125	0.9265	12.0	43.38776	-116.47992	3.0	28.0	31.0	124.0	5.0	30.0	33.0	132.0	7.0	41.0	44.0	176.0	143	143	0.9013	122.04	True	152	152	0.9009	129.31	True	203	203	0.9011	166.48	True
430	117	389	4	3	12	3	12	335	290	380	14	15	14	15	True	True	0.9125	0.9265	12.0	43.40979	-116.4796	0.0	0.0	3.0	12.0	1.0	4.0	7.0	28.0	1.0	4.0	7.0	28.0	14	14	0.9125	12.0	True	32	32	0.9025	28.0	True	32	32	0.9025	28.0	True
431	117	390	4	3	12	3	12	276	230	321	14	15	14	15	True	True	0.9125	0.9265	12.0	43.40979	-116.4796	0.0	0.0	3.0	12.0	1.0	4.0	7.0	28.0	1.0	4.0	7.0	28.0	14	14	0.9125	12.0	True	32	32	0.9025	28.0	True	32	32	0.9025	28.0	True
432	117	391	4	3	12	3	12	835	790	880	14	15	14	15	True	True	0.9125	0.9265	12.0	43.40979	-116.4796	0.0	0.0	3.0	12.0	1.0	4.0	7.0	28.0	1.0	4.0	7.0	28.0	14	14	0.9125	12.0	True	32	32	0.9025	28.0	True	32	32	0.9025	28.0	True
543	190	536	4	3	12	3	12	1722	1677	1767	14	15	14	15	True	True	0.9125	0.9265	12.0	42.99676	-115.38323	0.0	0.0	3.0	12.0	5.0	50.0	53.0	212.0	8.0	83.0	86.0	344.0	14	14	0.9125	12.0	True	244	244	0.9005	212.0	True	396	396	0.9003	343.98	True
544	190	537	4	3	12	3	12	718	672	763	14	15	14	15	True	True	0.9125	0.9265	12.0	42.99676	-115.38323	0.0	0.0	3.0	12.0	5.0	50.0	53.0	212.0	8.0	83.0	86.0	344.0	14	14	0.9125	12.0	True	244	244	0.9005	211.76	True	396	396	0.9003	338.74	True
545	190	538	4	3	12	3	12	529	484	574	14	15	14	15	True	True	0.9125	0.9265	12.0	42.99676	-115.38323	0.0	0.0	3.0	12.0	5.0	50.0	53.0	212.0	8.0	83.0	86.0	344.0	14	14	0.9125	12.0	True	244	244	0.9005	210.57	True	396	396	0.9003	328.19	True
580	172	647	4	3	12	3	12	205	159	250	14	15	14	15	True	True	0.9125	0.9265	12.0	42.99716	-115.38858	0.0	0.0	3.0	12.0	6.0	112.0	115.0	460.0	9.0	256.0	259.0	1036.0	14	14	0.9125	12.0	True	530	205	0.5903	271.53	False	1193	205	0.327	338.73	False
581	172	648	4	3	12	3	12	781	736	826	14	15	14	15	True	True	0.9125	0.9265	12.0	42.99716	-115.38858	0.0	0.0	3.0	12.0	6.0	112.0	115.0	460.0	9.0	256.0	259.0	1036.0	14	14	0.9125	12.0	True	530	530	0.9004	444.64	True	1193	781	0.7787	806.78	False
606	198	583	4	3	12	3	12	446	401	491	14	15	14	15	True	True	0.9125	0.9265	12.0	43.00047	-115.40026	1.0	34.0	37.0	148.0	3.0	46.0	49.0	196.0	4.0	73.0	76.0	304.0	170	170	0.9003	147.65	True	226	226	0.9009	193.95	True	350	350	0.9004	287.91	True
607	198	584	4	3	12	3	12	112	67	158	14	15	14	15	True	True	0.9125	0.9265	12.0	43.00047	-115.40026	1.0	34.0	37.0	148.0	3.0	46.0	49.0	196.0	4.0	73.0	76.0	304.0	170	112	0.781	115.59	False	226	112	0.682	133.68	False	350	112	0.522	158.68	False
613	213	574	4	3	12	3	12	28	-17	73	14	15	14	15	True	True	0.9125	0.9265	11.91	42.98448	-115.35125	0.0	0.0	3.0	12.0	0.0	0.0	3.0	12.0	0.0	0.0	3.0	12.0	14	14	0.9125	11.91	True	14	14	0.9125	11.91	True	14	14	0.9125	11.91	True
614	213	575	4	3	12	3	12	61	16	106	14	15	14	15	True	True	0.9125	0.9265	12.0	42.98448	-115.35125	0.0	0.0	3.0	12.0	0.0	0.0	3.0	12.0	0.0	0.0	3.0	12.0	14	14	0.9125	12.0	True	14	14	0.9125	12.0	True	14	14	0.9125	12.0	True
615	213	576	4	3	12	3	12	117	72	163	14	15	14	15	True	True	0.9125	0.9265	12.0	42.98448	-115.35125	0.0	0.0	3.0	12.0	0.0	0.0	3.0	12.0	0.0	0.0	3.0	12.0	14	14	0.9125	12.0	True	14	14	0.9125	12.0	True	14	14	0.9125	12.0	True
616	214	598	4	3	12	3	12	455	410	501	14	15	14	15	True	True	0.9125	0.9265	12.0	43.00971	-115.39637	0.0	0.0	3.0	12.0	0.0	0.0	3.0	12.0	1.0	31.0	34.0	136.0	14	14	0.9125	12.0	True	14	14	0.9125	12.0	True	156	156	0.9	135.84	True
617	214	599	4	3	12	3	12	574	529	620	14	15	14	15	True	True	0.9125	0.9265	12.0	43.00971	-115.39637	0.0	0.0	3.0	12.0	0.0	0.0	3.0	12.0	1.0	31.0	34.0	136.0	14	14	0.9125	12.0	True	14	14	0.9125	12.0	True	156	156	0.9	135.97	True
622	216	588	4	3	12	3	12	70	25	116	14	15	14	15	True	True	0.9125	0.9265	12.0	43.00974	-115.3972	0.0	0.0	3.0	12.0	1.0	4.0	7.0	28.0	2.0	35.0	38.0	152.0	14	14	0.9125	12.0	True	32	32	0.9025	27.83	True	175	70	0.6031	91.67	False
623	216	589	4	3	12	3	12	673	628	718	14	15	14	15	True	True	0.9125	0.9265	12.0	43.00974	-115.3972	0.0	0.0	3.0	12.0	1.0	4.0	7.0	28.0	2.0	35.0	38.0	152.0	14	14	0.9125	12.0	True	32	32	0.9025	28.0	True	175	175	0.9008	151.98	True
624	216	590	4	3	12	3	12	540	495	586	14	15	14	15	True	True	0.9125	0.9265	12.0	43.00974	-115.3972	0.0	0.0	3.0	12.0	1.0	4.0	7.0	28.0	2.0	35.0	38.0	152.0	14	14	0.9125	12.0	True	32	32	0.9025	28.0	True	175	175	0.9008	151.88	True
625	217	585	4	3	12	3	12	266	221	311	14	15	14	15	True	True	0.9125	0.9265	12.0	43.00974	-115.39739	0.0	0.0	3.0	12.0	1.0	4.0	7.0	28.0	1.0	4.0	7.0	28.0	14	14	0.9125	12.0	True	32	32	0.9025	28.0	True	32	32	0.9025	28.0	True
626	217	586	4	3	12	3	12	155	110	200	14	15	14	15	True	True	0.9125	0.9265	12.0	43.00974	-115.39739	0.0	0.0	3.0	12.0	1.0	4.0	7.0	28.0	1.0	4.0	7.0	28.0	14	14	0.9125	12.0	True	32	32	0.9025	28.0	True	32	32	0.9025	28.0	True
762	237	611	4	3	12	3	12	101	55	146	14	15	14	15	True	True	0.9125	0.9265	12.0	43.37084	-116.17833	0.0	0.0	3.0	12.0	0.0	0.0	3.0	12.0	0.0	0.0	3.0	12.0	14	14	0.9125	12.0	True	14	14	0.9125	12.0	True	14	14	0.9125	12.0	True
763	237	612	4	3	12	3	12	159	114	204	14	15	14	15	True	True	0.9125	0.9265	12.0	43.37084	-116.17833	0.0	0.0	3.0	12.0	0.0	0.0	3.0	12.0	0.0	0.0	3.0	12.0	14	14	0.9125	12.0	True	14	14	0.9125	12.0	True	14	14	0.9125	12.0	True
15	6	17	5	4	16	4	16	480	434	525	18	15	18	15	True	True	0.9021	0.8557	16.0	43.7087	-116.3076	0.0	0.0	4.0	16.0	2.0	84.0	88.0	352.0	8.0	131.0	135.0	540.0	18	18	0.9021	16.0	True	405	405	0.9002	329.07	True	622	480	0.8313	448.88	False
16	6	18	5	4	16	4	16	1548	1503	1594	18	15	18	15	True	True	0.9021	0.8557	16.0	43.7087	-116.3076	0.0	0.0	4.0	16.0	2.0	84.0	88.0	352.0	8.0	131.0	135.0	540.0	18	18	0.9021	16.0	True	405	405	0.9002	351.95	True	622	622	0.9003	538.26	True
120	34	210	5	4	16	4	16	582	537	627	18	15	18	15	True	True	0.9021	0.8557	16.0	43.738	-116.4345	0.0	0.0	4.0	16.0	0.0	0.0	4.0	16.0	0.0	0.0	4.0	16.0	18	18	0.9021	16.0	True	18	18	0.9021	16.0	True	18	18	0.9021	16.0	True
121	34	211	5	4	16	4	16	1701	1656	1746	18	15	18	15	True	True	0.9021	0.8557	16.0	43.738	-116.4345	0.0	0.0	4.0	16.0	0.0	0.0	4.0	16.0	0.0	0.0	4.0	16.0	18	18	0.9021	16.0	True	18	18	0.9021	16.0	True	18	18	0.9021	16.0	True
174	71	191	5	4	16	4	16	1449	1404	1494	18	15	18	15	True	True	0.9021	0.8557	16.0															18	18	0.9021	16.0	True	18	18	0.9021	16.0	True	18	18	0.9021	16.0	True
175	71	192	5	4	16	4	16	1644	1599	1689	18	15	18	15	True	True	0.9021	0.8557	16.0															18	18	0.9021	16.0	True	18	18	0.9021	16.0	True	18	18	0.9021	16.0	True
279	122	239	5	4	16	4	16	576	531	621	18	15	18	15	True	True	0.9021	0.8557	16.0	43.38791	-116.48896	0.0	0.0	4.0	16.0	0.0	0.0	4.0	16.0	1.0	35.0	39.0	156.0	18	18	0.9021	16.0	True	18	18	0.9021	16.0	True	180	180	0.9012	155.91	True
280	122	240	5	4	16	4	16	205	160	251	18	15	18	15	True	True	0.9021	0.8557	16.0	43.38791	-116.48896	0.0	0.0	4.0	16.0	0.0	0.0	4.0	16.0	1.0	35.0	39.0	156.0	18	18	0.9021	16.0	True	18	18	0.9021	16.0	True	180	180	0.9012	144.83	True
281	122	241	5	4	16	4	16	549	504	594	18	15	18	15	True	True	0.9021	0.8557	16.0	43.38791	-116.48896	0.0	0.0	4.0	16.0	0.0	0.0	4.0	16.0	1.0	35.0	39.0	156.0	18	18	0.9021	16.0	True	18	18	0.9021	16.0	True	180	180	0.9012	155.87	True
289	93	357	5	4	16	4	16	250	205	295	18	15	18	15	True	True	0.9021	0.8557	16.0	43.3914	-116.47729	0.0	0.0	4.0	16.0	2.0	11.0	15.0	60.0	4.0	17.0	21.0	84.0	18	18	0.9021	16.0	True	69	69	0.9017	59.99	True	97	97	0.9021	83.79	True
290	93	358	5	4	16	4	16	52	7	97	18	15	18	15	True	True	0.9021	0.8557	15.98	43.3914	-116.47729	0.0	0.0	4.0	16.0	2.0	11.0	15.0	60.0	4.0	17.0	21.0	84.0	18	18	0.9021	15.98	True	69	52	0.8259	49.55	False	97	52	0.7122	59.83	False
291	93	359	5	4	16	4	16	126	80	171	18	15	18	15	True	True	0.9021	0.8557	16.0	43.3914	-116.47729	0.0	0.0	4.0	16.0	2.0	11.0	15.0	60.0	4.0	17.0	21.0	84.0	18	18	0.9021	16.0	True	69	69	0.9017	59.13	True	97	97	0.9021	79.89	True
292	93	360	5	4	16	4	16	120	74	165	18	15	18	15	True	True	0.9021	0.8557	16.0	43.3914	-116.47729	0.0	0.0	4.0	16.0	2.0	11.0	15.0	60.0	4.0	17.0	21.0	84.0	18	18	0.9021	16.0	True	69	69	0.9017	58.94	True	97	97	0.9021	79.26	True
293	93	361	5	4	16	4	16	152	106	197	18	15	18	15	True	True	0.9021	0.8557	16.0	43.3914	-116.47729	0.0	0.0	4.0	16.0	2.0	11.0	15.0	60.0	4.0	17.0	21.0	84.0	18	18	0.9021	16.0	True	69	69	0.9017	59.64	True	97	97	0.9021	81.8	True
306	68	370	5	4	16	4	16	330	285	376	18	15	18	15	True	True	0.9021	0.8557	16.0	43.39152	-116.47735	0.0	0.0	4.0	16.0	2.0	11.0	15.0	60.0	3.0	13.0	17.0	68.0	18	18	0.9021	16.0	True	69	69	0.9017	60.0	True	78	78	0.9009	68.0	True
307	68	371	5	4	16	4	16	81	35	126	18	15	18	15	True	True	0.9021	0.8557	16.0	43.39152	-116.47735	0.0	0.0	4.0	16.0	2.0	11.0	15.0	60.0	3.0	13.0	17.0	68.0	18	18	0.9021	16.0	True	69	69	0.9017	56.06	True	78	78	0.9009	61.83	True
308	68	372	5	4	16	4	16	49	3	94	18	15	18	15	True	True	0.9021	0.8557	15.97	43.39152	-116.47735	0.0	0.0	4.0	16.0	2.0	11.0	15.0	60.0	3.0	13.0	17.0	68.0	18	18	0.9021	15.97	True	69	49	0.8074	48.44	False	78	49	0.7659	52.08	False
351	77	304	5	4	16	4	16	322	277	367	18	15	18	15	True	True	0.9021	0.8557	16.0	43.38618	-116.47973	0.0	0.0	4.0	16.0	0.0	0.0	4.0	16.0	4.0	158.0	162.0	648.0	18	18	0.9021	16.0	True	18	18	0.9021	16.0	True	746	322	0.6301	408.32	False
352	77	305	5	4	16	4	16	37	-9	82	18	15	18	15	True	True	0.9021	0.8557	15.86	43.38618	-116.47973	0.0	0.0	4.0	16.0	0.0	0.0	4.0	16.0	4.0	158.0	162.0	648.0	18	18	0.9021	15.87	True	18	18	0.9021	15.87	True	746	37	0.108	69.98	False
353	77	306	5	4	16	4	16	144	98	189	18	15	18	15	True	True	0.9021	0.8557	16.0	43.38618	-116.47973	0.0	0.0	4.0	16.0	0.0	0.0	4.0	16.0	4.0	158.0	162.0	648.0	18	18	0.9021	16.0	True	18	18	0.9021	16.0	True	746	144	0.359	232.66	False
365	100	322	5	4	16	4	16	528	483	574	18	15	18	15	True	True	0.9021	0.8557	16.0	43.38733	-116.47857	0.0	0.0	4.0	16.0	0.0	0.0	4.0	16.0	1.0	9.0	13.0	52.0	18	18	0.9021	16.0	True	18	18	0.9021	16.0	True	60	60	0.9027	52.0	True
366	100	323	5	4	16	4	16	484	438	529	18	15	18	15	True	True	0.9021	0.8557	16.0	43.38733	-116.47857	0.0	0.0	4.0	16.0	0.0	0.0	4.0	16.0	1.0	9.0	13.0	52.0	18	18	0.9021	16.0	True	18	18	0.9021	16.0	True	60	60	0.9027	52.0	True
367	100	324	5	4	16	4	16	253	208	298	18	15	18	15	True	True	0.9021	0.8557	16.0	43.38733	-116.47857	0.0	0.0	4.0	16.0	0.0	0.0	4.0	16.0	1.0	9.0	13.0	52.0	18	18	0.9021	16.0	True	18	18	0.9021	16.0	True	60	60	0.9027	52.0	True
384	126	226	5	4	16	4	16	1866	1820	1911	18	15	18	15	True	True	0.9021	0.8557	16.0	43.39145	-116.48905	0.0	0.0	4.0	16.0	0.0	0.0	4.0	16.0	1.0	17.0	21.0	84.0	18	18	0.9021	16.0	True	18	18	0.9021	16.0	True	97	97	0.9021	84.0	True
385	126	227	5	4	16	4	16	902	856	947	18	15	18	15	True	True	0.9021	0.8557	16.0	43.39145	-116.48905	0.0	0.0	4.0	16.0	0.0	0.0	4.0	16.0	1.0	17.0	21.0	84.0	18	18	0.9021	16.0	True	18	18	0.9021	16.0	True	97	97	0.9021	84.0	True
392	130	311	5	4	16	4	16	180	135	226	18	15	18	15	True	True	0.9021	0.8557	16.0	43.39289	-116.4814	0.0	0.0	4.0	16.0	1.0	9.0	13.0	52.0	2.0	26.0	30.0	120.0	18	18	0.9021	16.0	True	60	60	0.9027	51.95	True	138	138	0.9007	114.1	True
393	130	312	5	4	16	4	16	64	19	109	18	15	18	15	True	True	0.9021	0.8557	16.0	43.39289	-116.4814	0.0	0.0	4.0	16.0	1.0	9.0	13.0	52.0	2.0	26.0	30.0	120.0	18	18	0.9021	16.0	True	60	60	0.9027	47.67	True	138	64	0.6574	78.89	False
480	146	481	5	4	16	4	16	4168	4123	4214	18	15	18	15	True	True	0.9021	0.8557	16.0	43.00825	-115.42686	0.0	0.0	4.0	16.0	1.0	1.0	5.0	20.0	4.0	26.0	30.0	120.0	18	18	0.9021	16.0	True	23	23	0.9055	20.0	True	138	138	0.9007	120.0	True
481	146	482	5	4	16	4	16	1122	1076	1167	18	15	18	15	True	True	0.9021	0.8557	16.0	43.00825	-115.42686	0.0	0.0	4.0	16.0	1.0	1.0	5.0	20.0	4.0	26.0	30.0	120.0	18	18	0.9021	16.0	True	23	23	0.9055	20.0	True	138	138	0.9007	120.0	True
490	150	465	5	4	16	4	16	468	423	514	18	15	18	15	True	True	0.9021	0.8557	16.0	43.00786	-115.42406	0.0	0.0	4.0	16.0	0.0	0.0	4.0	16.0	3.0	18.0	22.0	88.0	18	18	0.9021	16.0	True	18	18	0.9021	16.0	True	101	101	0.9006	88.0	True
491	150	466	5	4	16	4	16	1931	1886	1977	18	15	18	15	True	True	0.9021	0.8557	16.0	43.00786	-115.42406	0.0	0.0	4.0	16.0	0.0	0.0	4.0	16.0	3.0	18.0	22.0	88.0	18	18	0.9021	16.0	True	18	18	0.9021	16.0	True	101	101	0.9006	88.0	True
492	150	467	5	4	16	4	16	300	255	346	18	15	18	15	True	True	0.9021	0.8557	16.0	43.00786	-115.42406	0.0	0.0	4.0	16.0	0.0	0.0	4.0	16.0	3.0	18.0	22.0	88.0	18	18	0.9021	16.0	True	18	18	0.9021	16.0	True	101	101	0.9006	87.91	True
597	202	558	5	4	16	4	16	1146	1100	1191	18	15	18	15	True	True	0.9021	0.8557	16.0	43.00155	-115.40092	2.0	4.0	8.0	32.0	4.0	27.0	31.0	124.0	4.0	27.0	31.0	124.0	37	37	0.9046	32.0	True	143	143	0.9013	124.0	True	143	143	0.9013	124.0	True
598	202	559	5	4	16	4	16	61	15	106	18	15	18	15	True	True	0.9021	0.8557	15.99	43.00155	-115.40092	2.0	4.0	8.0	32.0	4.0	27.0	31.0	124.0	4.0	27.0	31.0	124.0	37	37	0.9046	31.33	True	143	61	0.6276	77.83	False	143	61	0.6276	77.83	False
603	199	577	5	4	16	4	16	907	862	952	18	15	18	15	True	True	0.9021	0.8557	16.0	43.0006	-115.40017	1.0	7.0	11.0	44.0	4.0	72.0	76.0	304.0	4.0	72.0	76.0	304.0	51	51	0.9041	44.0	True	350	350	0.9004	303.23	True	350	350	0.9004	303.23	True
604	199	578	5	4	16	4	16	1318	1272	1363	18	15	18	15	True	True	0.9021	0.8557	16.0	43.0006	-115.40017	1.0	7.0	11.0	44.0	4.0	72.0	76.0	304.0	4.0	72.0	76.0	304.0	51	51	0.9041	44.0	True	350	350	0.9004	303.95	True	350	350	0.9004	303.95	True
605	199	579	5	4	16	4	16	166	121	211	18	15	18	15	True	True	0.9021	0.8557	16.0	43.0006	-115.40017	1.0	7.0	11.0	44.0	4.0	72.0	76.0	304.0	4.0	72.0	76.0	304.0	51	51	0.9041	43.98	True	350	166	0.6651	202.19	False	350	166	0.6651	202.19	False
72	24	66	6	5	20	5	20	483	438	528	23	15	23	15	True	True	0.9055	0.7854	20.0	43.7367	-116.4404	0.0	0.0	5.0	20.0	7.0	242.0	247.0	988.0	14.0	364.0	369.0	1476.0	23	23	0.9055	20.0	True	1137	483	0.624	616.53	False	1699	483	0.4804	709.07	False
178	73	203	6	5	20	5	20	260	215	305	23	15	23	15	True	True	0.9055	0.7854	20.0	43.50883	-116.29118	2.0	8.0	13.0	52.0	2.0	8.0	13.0	52.0	3.0	12.0	17.0	68.0	60	60	0.9027	52.0	True	60	60	0.9027	52.0	True	78	78	0.9009	67.97	True
200	73	204	6	5	20	5	20	450	405	495	23	15	23	15	True	True	0.9055	0.7854	20.0	43.50883	-116.29118	2.0	8.0	13.0	52.0	2.0	8.0	13.0	52.0	3.0	12.0	17.0	68.0	60	60	0.9027	52.0	True	60	60	0.9027	52.0	True	78	78	0.9009	68.0	True
201	73	205	6	5	20	5	20	196	151	241	23	15	23	15	True	True	0.9055	0.7854	20.0	43.50883	-116.29118	2.0	8.0	13.0	52.0	2.0	8.0	13.0	52.0	3.0	12.0	17.0	68.0	60	60	0.9027	51.97	True	60	60	0.9027	51.97	True	78	78	0.9009	67.8	True
202	73	206	6	5	20	5	20	76	31	122	23	15	23	15	True	True	0.9055	0.7854	19.99	43.50883	-116.29118	2.0	8.0	13.0	52.0	2.0	8.0	13.0	52.0	3.0	12.0	17.0	68.0	60	60	0.9027	49.28	True	60	60	0.9027	49.28	True	78	76	0.8948	60.85	False
203	73	207	6	5	20	5	20	29	-16	74	23	15	23	15	True	True	0.9055	0.7854	18.98	43.50883	-116.29118	2.0	8.0	13.0	52.0	2.0	8.0	13.0	52.0	3.0	12.0	17.0	68.0	60	29	0.6758	35.14	False	60	29	0.6758	35.14	False	78	29	0.5765	39.2	False
236	206	627	6	5	20	5	20	34	-12	79	23	15	23	15	True	True	0.9055	0.7854	19.37	43.31241	-116.20013	2.0	20.0	25.0	100.0	2.0	20.0	25.0	100.0	3.0	145.0	150.0	600.0	115	34	0.4951	49.51	False	115	34	0.4951	49.51	False	691	34	0.1072	64.34	False
275	121	272	6	5	20	5	20	622	577	667	23	15	23	15	True	True	0.9055	0.7854	20.0	43.38647	-116.48792	1.0	3.0	8.0	32.0	2.0	3.0	8.0	32.0	4.0	11.0	16.0	64.0	37	37	0.9046	32.0	True	37	37	0.9046	32.0	True	74	74	0.9028	64.0	True
276	121	273	6	5	20	5	20	991	946	1036	23	15	23	15	True	True	0.9055	0.7854	20.0	43.38647	-116.48792	1.0	3.0	8.0	32.0	2.0	3.0	8.0	32.0	4.0	11.0	16.0	64.0	37	37	0.9046	32.0	True	37	37	0.9046	32.0	True	74	74	0.9028	64.0	True
277	121	274	6	5	20	5	20	861	816	906	23	15	23	15	True	True	0.9055	0.7854	20.0	43.38647	-116.48792	1.0	3.0	8.0	32.0	2.0	3.0	8.0	32.0	4.0	11.0	16.0	64.0	37	37	0.9046	32.0	True	37	37	0.9046	32.0	True	74	74	0.9028	64.0	True
278	121	275	6	5	20	5	20	545	499	590	23	15	23	15	True	True	0.9055	0.7854	20.0	43.38647	-116.48792	1.0	3.0	8.0	32.0	2.0	3.0	8.0	32.0	4.0	11.0	16.0	64.0	37	37	0.9046	32.0	True	37	37	0.9046	32.0	True	74	74	0.9028	64.0	True
294	78	347	6	5	20	5	20	69	24	114	23	15	23	15	True	True	0.9055	0.7854	19.98	43.39133	-116.4772	0.0	0.0	5.0	20.0	3.0	12.0	17.0	68.0	4.0	16.0	21.0	84.0	23	23	0.9055	19.98	True	78	69	0.8706	59.2	False	97	69	0.8085	67.91	False
295	78	348	6	5	20	5	20	187	142	233	23	15	23	15	True	True	0.9055	0.7854	20.0	43.39133	-116.4772	0.0	0.0	5.0	20.0	3.0	12.0	17.0	68.0	4.0	16.0	21.0	84.0	23	23	0.9055	20.0	True	78	78	0.9009	67.73	True	97	97	0.9021	83.05	True
296	78	349	6	5	20	5	20	686	640	731	23	15	23	15	True	True	0.9055	0.7854	20.0	43.39133	-116.4772	0.0	0.0	5.0	20.0	3.0	12.0	17.0	68.0	4.0	16.0	21.0	84.0	23	23	0.9055	20.0	True	78	78	0.9009	68.0	True	97	97	0.9021	84.0	True
297	78	350	6	5	20	5	20	607	562	653	23	15	23	15	True	True	0.9055	0.7854	20.0	43.39133	-116.4772	0.0	0.0	5.0	20.0	3.0	12.0	17.0	68.0	4.0	16.0	21.0	84.0	23	23	0.9055	20.0	True	78	78	0.9009	68.0	True	97	97	0.9021	84.0	True
298	78	351	6	5	20	5	20	372	327	417	23	15	23	15	True	True	0.9055	0.7854	20.0	43.39133	-116.4772	0.0	0.0	5.0	20.0	3.0	12.0	17.0	68.0	4.0	16.0	21.0	84.0	23	23	0.9055	20.0	True	78	78	0.9009	68.0	True	97	97	0.9021	83.99	True
410	112	441	6	5	20	5	20	2311	2266	2357	23	15	23	15	True	True	0.9055	0.7854	20.0	43.40802	-116.49079	4.0	102.0	107.0	428.0	9.0	466.0	471.0	1884.0	14.0	545.0	550.0	2200.0	493	493	0.9004	427.99	True	2169	2169	0.9001	1722.06	True	2533	2311	0.8777	1930.97	False
411	112	442	6	5	20	5	20	734	688	779	23	15	23	15	True	True	0.9055	0.7854	20.0	43.40802	-116.49079	4.0	102.0	107.0	428.0	9.0	466.0	471.0	1884.0	14.0	545.0	550.0	2200.0	493	493	0.9004	414.19	True	2169	734	0.5413	1019.84	False	2533	734	0.487	1071.34	False
412	112	443	6	5	20	5	20	1215	1169	1260	23	15	23	15	True	True	0.9055	0.7854	20.0	43.40802	-116.49079	4.0	102.0	107.0	428.0	9.0	466.0	471.0	1884.0	14.0	545.0	550.0	2200.0	493	493	0.9004	426.55	True	2169	1215	0.7248	1365.47	False	2533	1215	0.6687	1471.19	False
485	148	477	6	5	20	5	20	174	128	219	23	15	23	15	True	True	0.9055	0.7854	20.0	43.00773	-115.42608	1.0	9.0	14.0	56.0	4.0	26.0	31.0	124.0	11.0	102.0	107.0	428.0	64	64	0.9004	55.89	True	143	143	0.9013	116.59	True	493	174	0.5569	238.37	False
646	206	626	6	5	20	5	20	16	-29	61	23	15	16	15	False	True	0.8063	0.7854	16.15	43.31241	-116.20013	2.0	20.0	25.0	100.0	2.0	20.0	25.0	100.0	3.0	145.0	150.0	600.0	115	16	0.275	27.5	False	115	16	0.275	27.5	False	691	16	0.052	31.19	False
667	176	687	6	5	20	5	20	441	396	486	23	15	23	15	True	True	0.9055	0.7854	20.0	43.29857	-116.11256	2.0	15.0	20.0	80.0	2.0	15.0	20.0	80.0	4.0	27.0	32.0	128.0	92	92	0.9012	80.0	True	92	92	0.9012	80.0	True	147	147	0.9003	127.87	True
668	176	688	6	5	20	5	20	203	158	249	23	15	23	15	True	True	0.9055	0.7854	20.0	43.29857	-116.11256	2.0	15.0	20.0	80.0	2.0	15.0	20.0	80.0	4.0	27.0	32.0	128.0	92	92	0.9012	79.52	True	92	92	0.9012	79.52	True	147	147	0.9003	122.7	True
669	176	689	6	5	20	5	20	280	235	325	23	15	23	15	True	True	0.9055	0.7854	20.0	43.29857	-116.11256	2.0	15.0	20.0	80.0	2.0	15.0	20.0	80.0	4.0	27.0	32.0	128.0	92	92	0.9012	79.93	True	92	92	0.9012	79.93	True	147	147	0.9003	126.42	True
711	223	732	6	5	20	5	20	410	365	455	23	15	23	15	True	True	0.9055	0.7854	20.0	43.00294	-115.59081	1.0	57.0	62.0	248.0	3.0	240.0	245.0	980.0	9.0	460.0	465.0	1860.0	285	285	0.9	238.97	True	1128	410	0.5671	555.72	False	2141	410	0.3566	663.26	False
712	223	733	6	5	20	5	20	188	143	233	23	15	23	15	True	True	0.9055	0.7854	20.0	43.00294	-115.59081	1.0	57.0	62.0	248.0	3.0	240.0	245.0	980.0	9.0	460.0	465.0	1860.0	285	188	0.7811	193.72	False	1128	188	0.3188	312.4	False	2141	188	0.1831	340.51	False
760	236	609	6	5	20	5	20	37	-8	82	23	15	23	15	True	True	0.9055	0.7854	19.55	43.37069	-116.17637	0.0	0.0	5.0	20.0	0.0	0.0	5.0	20.0	0.0	0.0	5.0	20.0	23	23	0.9055	19.55	True	23	23	0.9055	19.55	True	23	23	0.9055	19.55	True
761	236	610	6	5	20	5	20	43	-3	88	23	15	23	15	True	True	0.9055	0.7854	19.75	43.37069	-116.17637	0.0	0.0	5.0	20.0	0.0	0.0	5.0	20.0	0.0	0.0	5.0	20.0	23	23	0.9055	19.76	True	23	23	0.9055	19.76	True	23	23	0.9055	19.76	True
17	7	19	7	6	24	6	24	827	782	873	28	15	28	15	True	True	0.9078	0.7211	24.0	43.7096	-116.3064	1.0	5.0	11.0	44.0	3.0	11.0	17.0	68.0	4.0	12.0	18.0	72.0	51	51	0.9041	44.0	True	78	78	0.9009	68.0	True	83	83	0.9019	72.0	True
18	7	27	7	6	24	6	24	744	699	790	28	15	28	15	True	True	0.9078	0.7211	24.0	43.7096	-116.3064	1.0	5.0	11.0	44.0	3.0	11.0	17.0	68.0	4.0	12.0	18.0	72.0	51	51	0.9041	44.0	True	78	78	0.9009	68.0	True	83	83	0.9019	72.0	True
19	7	20	7	6	24	6	24	272	227	317	28	15	28	15	True	True	0.9078	0.7211	24.0	43.7096	-116.3064	1.0	5.0	11.0	44.0	3.0	11.0	17.0	68.0	4.0	12.0	18.0	72.0	51	51	0.9041	44.0	True	78	78	0.9009	67.98	True	83	83	0.9019	71.96	True
43	15	84	7	6	24	6	24	376	330	421	28	15	28	15	True	True	0.9078	0.7211	24.0	43.7366	-116.4399	1.0	48.0	54.0	216.0	4.0	78.0	84.0	336.0	10.0	327.0	333.0	1332.0	249	249	0.9008	209.41	True	387	376	0.8937	300.28	False	1533	376	0.4315	574.78	False
44	15	89	7	6	24	6	24	374	329	419	28	15	28	15	True	True	0.9078	0.7211	24.0	43.7366	-116.4399	1.0	48.0	54.0	216.0	4.0	78.0	84.0	336.0	10.0	327.0	333.0	1332.0	249	249	0.9008	209.29	True	387	374	0.8924	299.85	False	1533	374	0.4298	572.5	False
137	37	150	7	6	24	6	24	362	316	407	28	15	28	15	True	True	0.9078	0.7211	24.0	43.3263	-115.9227	0.0	0.0	6.0	24.0	1.0	22.0	28.0	112.0	3.0	60.0	66.0	264.0	28	28	0.9078	24.0	True	129	129	0.9011	111.83	True	304	304	0.9005	247.08	True
358	97	328	7	6	24	6	24	151	106	196	28	15	28	15	True	True	0.9078	0.7211	24.0	43.38645	-116.47847	3.0	38.0	44.0	176.0	5.0	66.0	72.0	288.0	11.0	150.0	156.0	624.0	203	151	0.8211	144.51	False	331	151	0.6502	187.26	False	718	151	0.3839	239.56	False
359	97	329	7	6	24	6	24	230	185	275	28	15	28	15	True	True	0.9078	0.7211	24.0	43.38645	-116.47847	3.0	38.0	44.0	176.0	5.0	66.0	72.0	288.0	11.0	150.0	156.0	624.0	203	203	0.9011	163.2	True	331	230	0.7981	229.85	False	718	230	0.5218	325.62	False
360	97	330	7	6	24	6	24	207	162	252	28	15	28	15	True	True	0.9078	0.7211	24.0	43.38645	-116.47847	3.0	38.0	44.0	176.0	5.0	66.0	72.0	288.0	11.0	150.0	156.0	624.0	203	203	0.9011	159.37	True	331	207	0.7631	219.76	False	718	207	0.4852	302.77	False
509	158	486	7	6	24	6	24	482	436	527	28	15	28	15	True	True	0.9078	0.7211	24.0	43.02315	-115.42622	0.0	0.0	6.0	24.0	0.0	0.0	6.0	24.0	0.0	0.0	6.0	24.0	28	28	0.9078	24.0	True	28	28	0.9078	24.0	True	28	28	0.9078	24.0	True
510	158	487	7	6	24	6	24	3005	2959	3050	28	15	28	15	True	True	0.9078	0.7211	24.0	43.02315	-115.42622	0.0	0.0	6.0	24.0	0.0	0.0	6.0	24.0	0.0	0.0	6.0	24.0	28	28	0.9078	24.0	True	28	28	0.9078	24.0	True	28	28	0.9078	24.0	True
608	211	571	7	6	24	6	24	169	124	214	28	15	28	15	True	True	0.9078	0.7211	24.0	42.98347	-115.34891	0.0	0.0	6.0	24.0	0.0	0.0	6.0	24.0	0.0	0.0	6.0	24.0	28	28	0.9078	24.0	True	28	28	0.9078	24.0	True	28	28	0.9078	24.0	True
609	211	572	7	6	24	6	24	177	131	222	28	15	28	15	True	True	0.9078	0.7211	24.0	42.98347	-115.34891	0.0	0.0	6.0	24.0	0.0	0.0	6.0	24.0	0.0	0.0	6.0	24.0	28	28	0.9078	24.0	True	28	28	0.9078	24.0	True	28	28	0.9078	24.0	True
663	175	694	7	6	24	6	24	45	0	91	28	15	28	15	True	True	0.9078	0.7211	23.49	43.29955	-116.1171	0.0	0.0	6.0	24.0	0.0	0.0	6.0	24.0	0.0	0.0	6.0	24.0	28	28	0.9078	23.48	True	28	28	0.9078	23.48	True	28	28	0.9078	23.48	True
664	175	695	7	6	24	6	24	123	77	168	28	15	28	15	True	True	0.9078	0.7211	24.0	43.29955	-116.1171	0.0	0.0	6.0	24.0	0.0	0.0	6.0	24.0	0.0	0.0	6.0	24.0	28	28	0.9078	24.0	True	28	28	0.9078	24.0	True	28	28	0.9078	24.0	True
665	175	696	7	6	24	6	24	51	6	96	28	15	28	15	True	True	0.9078	0.7211	23.68	43.29955	-116.1171	0.0	0.0	6.0	24.0	0.0	0.0	6.0	24.0	0.0	0.0	6.0	24.0	28	28	0.9078	23.69	True	28	28	0.9078	23.69	True	28	28	0.9078	23.69	True
666	175	697	7	6	24	6	24	73	28	119	28	15	28	15	True	True	0.9078	0.7211	23.95	43.29955	-116.1171	0.0	0.0	6.0	24.0	0.0	0.0	6.0	24.0	0.0	0.0	6.0	24.0	28	28	0.9078	23.95	True	28	28	0.9078	23.95	True	28	28	0.9078	23.95	True
764	238	622	7	6	24	6	24	78	32	123	28	15	28	15	True	True	0.9078	0.7211	23.97	43.39782	-116.14375	0.0	0.0	6.0	24.0	0.0	0.0	6.0	24.0	0.0	0.0	6.0	24.0	28	28	0.9078	23.97	True	28	28	0.9078	23.97	True	28	28	0.9078	23.97	True
765	238	623	7	6	24	6	24	43	-3	88	28	15	28	15	True	True	0.9078	0.7211	23.36	43.39782	-116.14375	0.0	0.0	6.0	24.0	0.0	0.0	6.0	24.0	0.0	0.0	6.0	24.0	28	28	0.9078	23.38	True	28	28	0.9078	23.38	True	28	28	0.9078	23.38	True
766	238	624	7	6	24	6	24	59	14	105	28	15	28	15	True	True	0.9078	0.7211	23.85	43.39782	-116.14375	0.0	0.0	6.0	24.0	0.0	0.0	6.0	24.0	0.0	0.0	6.0	24.0	28	28	0.9078	23.84	True	28	28	0.9078	23.84	True	28	28	0.9078	23.84	True
767	238	625	7	6	24	6	24	128	83	173	28	15	28	15	True	True	0.9078	0.7211	24.0	43.39782	-116.14375	0.0	0.0	6.0	24.0	0.0	0.0	6.0	24.0	0.0	0.0	6.0	24.0	28	28	0.9078	24.0	True	28	28	0.9078	24.0	True	28	28	0.9078	24.0	True
11	5	13	8	7	28	7	28	214	169	259	32	15	32	15	True	True	0.9025	0.6641	28.0	43.7088	-116.3076	0.0	0.0	7.0	28.0	3.0	105.0	112.0	448.0	8.0	135.0	142.0	568.0	32	32	0.9025	28.0	True	516	214	0.6157	275.85	False	654	214	0.5296	300.82	False
12	5	14	8	7	28	7	28	185	140	231	32	15	32	15	True	True	0.9025	0.6641	28.0	43.7088	-116.3076	0.0	0.0	7.0	28.0	3.0	105.0	112.0	448.0	8.0	135.0	142.0	568.0	32	32	0.9025	28.0	True	516	185	0.5626	252.03	False	654	185	0.479	272.07	False
13	5	15	8	7	28	7	28	362	316	407	32	15	32	15	True	True	0.9025	0.6641	28.0	43.7088	-116.3076	0.0	0.0	7.0	28.0	3.0	105.0	112.0	448.0	8.0	135.0	142.0	568.0	32	32	0.9025	28.0	True	516	362	0.8017	359.15	False	654	362	0.7208	409.41	False
14	5	16	8	7	28	7	28	1078	1033	1123	32	15	32	15	True	True	0.9025	0.6641	28.0	43.7088	-116.3076	0.0	0.0	7.0	28.0	3.0	105.0	112.0	448.0	8.0	135.0	142.0	568.0	32	32	0.9025	28.0	True	516	516	0.9004	444.38	True	654	654	0.9002	555.28	True
303	81	344	8	7	28	7	28	328	283	373	32	15	32	15	True	True	0.9025	0.6641	28.0	43.39092	-116.4769	0.0	0.0	7.0	28.0	1.0	4.0	11.0	44.0	2.0	6.0	13.0	52.0	32	32	0.9025	28.0	True	51	51	0.9041	44.0	True	60	60	0.9027	52.0	True
304	81	345	8	7	28	7	28	313	268	358	32	15	32	15	True	True	0.9025	0.6641	28.0	43.39092	-116.4769	0.0	0.0	7.0	28.0	1.0	4.0	11.0	44.0	2.0	6.0	13.0	52.0	32	32	0.9025	28.0	True	51	51	0.9041	44.0	True	60	60	0.9027	52.0	True
305	81	346	8	7	28	7	28	690	645	735	32	15	32	15	True	True	0.9025	0.6641	28.0	43.39092	-116.4769	0.0	0.0	7.0	28.0	1.0	4.0	11.0	44.0	2.0	6.0	13.0	52.0	32	32	0.9025	28.0	True	51	51	0.9041	44.0	True	60	60	0.9027	52.0	True
413	113	421	8	7	28	7	28	1069	1023	1114	32	15	32	15	True	True	0.9025	0.6641	28.0	43.4081	-116.49053	0.0	0.0	7.0	28.0	4.0	52.0	59.0	236.0	14.0	569.0	576.0	2304.0	32	32	0.9025	28.0	True	272	272	0.9007	235.97	True	2653	1069	0.6047	1393.27	False
414	113	422	8	7	28	7	28	1760	1715	1806	32	15	32	15	True	True	0.9025	0.6641	28.0	43.4081	-116.49053	0.0	0.0	7.0	28.0	4.0	52.0	59.0	236.0	14.0	569.0	576.0	2304.0	32	32	0.9025	28.0	True	272	272	0.9007	236.0	True	2653	1760	0.7831	1804.16	False
415	113	423	8	7	28	7	28	335	290	381	32	15	32	15	True	True	0.9025	0.6641	28.0	43.4081	-116.49053	0.0	0.0	7.0	28.0	4.0	52.0	59.0	236.0	14.0	569.0	576.0	2304.0	32	32	0.9025	28.0	True	272	272	0.9007	222.28	True	2653	335	0.2524	581.49	False
416	113	424	8	7	28	7	28	1681	1635	1726	32	15	32	15	True	True	0.9025	0.6641	28.0	43.4081	-116.49053	0.0	0.0	7.0	28.0	4.0	52.0	59.0	236.0	14.0	569.0	576.0	2304.0	32	32	0.9025	28.0	True	272	272	0.9007	236.0	True	2653	1681	0.7677	1768.67	False
417	113	425	8	7	28	7	28	370	324	415	32	15	32	15	True	True	0.9025	0.6641	28.0	43.4081	-116.49053	0.0	0.0	7.0	28.0	4.0	52.0	59.0	236.0	14.0	569.0	576.0	2304.0	32	32	0.9025	28.0	True	272	272	0.9007	225.81	True	2653	370	0.2748	633.04	False
454	109	416	8	7	28	7	28	230	184	275	32	15	32	15	True	True	0.9025	0.6641	28.0	43.8917	-116.769	2.0	151.0	158.0	632.0	5.0	332.0	339.0	1356.0	5.0	332.0	339.0	1356.0	728	230	0.5173	326.95	False	1561	230	0.2878	390.22	False	1561	230	0.2878	390.22	False
455	109	417	8	7	28	7	28	70	25	116	32	15	32	15	True	True	0.9025	0.6641	27.83	43.8917	-116.769	2.0	151.0	158.0	632.0	5.0	332.0	339.0	1356.0	5.0	332.0	339.0	1356.0	728	70	0.1988	125.67	False	1561	70	0.0981	133.06	False	1561	70	0.0981	133.06	False
456	109	418	8	7	28	7	28	43	-3	88	32	15	32	15	True	True	0.9025	0.6641	26.74	43.8917	-116.769	2.0	151.0	158.0	632.0	5.0	332.0	339.0	1356.0	5.0	332.0	339.0	1356.0	728	43	0.1273	80.46	False	1561	43	0.0615	83.36	False	1561	43	0.0615	83.36	False
457	109	419	8	7	28	7	28	57	12	102	32	15	32	15	True	True	0.9025	0.6641	27.56	43.8917	-116.769	2.0	151.0	158.0	632.0	5.0	332.0	339.0	1356.0	5.0	332.0	339.0	1356.0	728	57	0.1652	104.39	False	1561	57	0.0807	109.38	False	1561	57	0.0807	109.38	False
458	109	420	8	7	28	7	28	69	23	114	32	15	32	15	True	True	0.9025	0.6641	27.81	43.8917	-116.769	2.0	151.0	158.0	632.0	5.0	332.0	339.0	1356.0	5.0	332.0	339.0	1356.0	728	69	0.1963	124.06	False	1561	69	0.0968	131.26	False	1561	69	0.0968	131.26	False
459	138	436	8	7	28	7	28	103	58	148	32	15	32	15	True	True	0.9025	0.6641	27.98	43.8917	-116.769	2.0	151.0	158.0	632.0	5.0	332.0	339.0	1356.0	5.0	332.0	339.0	1356.0	728	103	0.2783	175.91	False	1561	103	0.141	191.18	False	1561	103	0.141	191.18	False
460	138	437	8	7	28	7	28	266	220	311	32	15	32	15	True	True	0.9025	0.6641	28.0	43.8917	-116.769	2.0	151.0	158.0	632.0	5.0	332.0	339.0	1356.0	5.0	332.0	339.0	1356.0	728	266	0.5693	359.82	False	1561	266	0.3246	440.18	False	1561	266	0.3246	440.18	False
461	138	438	8	7	28	7	28	185	140	231	32	15	32	15	True	True	0.9025	0.6641	28.0	43.8917	-116.769	2.0	151.0	158.0	632.0	5.0	332.0	339.0	1356.0	5.0	332.0	339.0	1356.0	728	185	0.4434	280.23	False	1561	185	0.2389	323.92	False	1561	185	0.2389	323.92	False
462	138	439	8	7	28	7	28	457	412	502	32	15	32	15	True	True	0.9025	0.6641	28.0	43.8917	-116.769	2.0	151.0	158.0	632.0	5.0	332.0	339.0	1356.0	5.0	332.0	339.0	1356.0	728	457	0.7648	483.36	False	1561	457	0.4905	665.09	False	1561	457	0.4905	665.09	False
463	138	440	8	7	28	7	28	834	788	879	32	15	32	15	True	True	0.9025	0.6641	28.0	43.8917	-116.769	2.0	151.0	158.0	632.0	5.0	332.0	339.0	1356.0	5.0	332.0	339.0	1356.0	728	728	0.9003	586.96	True	1561	834	0.7079	959.87	False	1561	834	0.7079	959.87	False
500	153	453	8	7	28	7	28	269	223	314	32	15	32	15	True	True	0.9025	0.6641	28.0	43.0091	-115.42406	0.0	0.0	7.0	28.0	0.0	0.0	7.0	28.0	1.0	16.0	23.0	92.0	32	32	0.9025	28.0	True	32	32	0.9025	28.0	True	106	106	0.9014	91.74	True
501	153	454	8	7	28	7	28	690	645	735	32	15	32	15	True	True	0.9025	0.6641	28.0	43.0091	-115.42406	0.0	0.0	7.0	28.0	0.0	0.0	7.0	28.0	1.0	16.0	23.0	92.0	32	32	0.9025	28.0	True	32	32	0.9025	28.0	True	106	106	0.9014	92.0	True
578	171	669	8	7	28	7	28	625	580	670	32	15	32	15	True	True	0.9025	0.6641	28.0	42.99715	-115.38886	2.0	121.0	128.0	512.0	6.0	154.0	161.0	644.0	9.0	252.0	259.0	1036.0	589	589	0.9	467.54	True	741	625	0.8567	551.69	False	1193	625	0.701	726.18	False
579	171	670	8	7	28	7	28	373	328	418	32	15	32	15	True	True	0.9025	0.6641	28.0	42.99715	-115.38886	2.0	121.0	128.0	512.0	6.0	154.0	161.0	644.0	9.0	252.0	259.0	1036.0	589	373	0.7674	392.91	False	741	373	0.6863	441.97	False	1193	373	0.5135	531.94	False
584	197	643	8	7	28	7	28	340	295	385	32	15	32	15	True	True	0.9025	0.6641	28.0	42.99703	-115.38852	2.0	76.0	83.0	332.0	3.0	80.0	87.0	348.0	8.0	229.0	236.0	944.0	382	340	0.8714	289.31	False	401	340	0.8587	298.83	False	1087	340	0.5136	484.84	False
585	197	644	8	7	28	7	28	241	196	287	32	15	32	15	True	True	0.9025	0.6641	28.0	42.99703	-115.38852	2.0	76.0	83.0	332.0	3.0	80.0	87.0	348.0	8.0	229.0	236.0	944.0	382	241	0.7664	254.43	False	401	241	0.7502	261.07	False	1087	241	0.4	377.62	False
587	195	613	8	7	28	7	28	1209	1163	1254	32	15	32	15	True	True	0.9025	0.6641	28.0	42.99831	-115.38988	0.0	0.0	7.0	28.0	0.0	0.0	7.0	28.0	0.0	0.0	7.0	28.0	32	32	0.9025	28.0	True	32	32	0.9025	28.0	True	32	32	0.9025	28.0	True
588	195	614	8	7	28	7	28	260	215	305	32	15	32	15	True	True	0.9025	0.6641	28.0	42.99831	-115.38988	0.0	0.0	7.0	28.0	0.0	0.0	7.0	28.0	0.0	0.0	7.0	28.0	32	32	0.9025	28.0	True	32	32	0.9025	28.0	True	32	32	0.9025	28.0	True
589	195	615	8	7	28	7	28	136	90	181	32	15	32	15	True	True	0.9025	0.6641	28.0	42.99831	-115.38988	0.0	0.0	7.0	28.0	0.0	0.0	7.0	28.0	0.0	0.0	7.0	28.0	32	32	0.9025	28.0	True	32	32	0.9025	28.0	True	32	32	0.9025	28.0	True
636	208	603	8	7	28	7	28	122	77	168	32	15	32	15	True	True	0.9025	0.6641	28.0	43.11058	-115.63971	1.0	30.0	37.0	148.0	3.0	339.0	346.0	1384.0	5.0	576.0	583.0	2332.0	170	122	0.8088	119.7	False	1593	122	0.1617	223.78	False	2685	122	0.0994	231.72	False
637	208	604	8	7	28	7	28	436	390	481	32	15	32	15	True	True	0.9025	0.6641	28.0	43.11058	-115.63971	1.0	30.0	37.0	148.0	3.0	339.0	346.0	1384.0	5.0	576.0	583.0	2332.0	170	170	0.9003	147.6	True	1593	436	0.4676	647.1	False	2685	436	0.312	727.65	False
719	225	711	8	7	28	7	28	801	755	846	32	15	32	15	True	True	0.9025	0.6641	28.0	43.0028	-115.59036	0.0	0.0	7.0	28.0	2.0	68.0	75.0	300.0	6.0	190.0	197.0	788.0	32	32	0.9025	28.0	True	345	345	0.9001	298.57	True	907	801	0.8692	684.95	False
720	225	712	8	7	28	7	28	393	347	438	32	15	32	15	True	True	0.9025	0.6641	28.0	43.0028	-115.59036	0.0	0.0	7.0	28.0	2.0	68.0	75.0	300.0	6.0	190.0	197.0	788.0	32	32	0.9025	28.0	True	345	345	0.9001	278.25	True	907	393	0.6314	497.56	False
22	10	4	9	8	32	8	32	1090	1044	1135	37	15	37	15	True	True	0.9046	0.6142	32.0	43.7091	-116.308	0.0	0.0	8.0	32.0	1.0	10.0	18.0	72.0	7.0	129.0	137.0	548.0	37	37	0.9046	32.0	True	83	83	0.9019	72.0	True	631	631	0.9002	537.78	True
23	10	5	9	8	32	8	32	174	129	220	37	15	37	15	True	True	0.9046	0.6142	32.0	43.7091	-116.308	0.0	0.0	8.0	32.0	1.0	10.0	18.0	72.0	7.0	129.0	137.0	548.0	37	37	0.9046	32.0	True	83	83	0.9019	71.45	True	631	174	0.4704	257.77	False
24	10	6	9	8	32	8	32	710	664	755	37	15	37	15	True	True	0.9046	0.6142	32.0	43.7091	-116.308	0.0	0.0	8.0	32.0	1.0	10.0	18.0	72.0	7.0	129.0	137.0	548.0	37	37	0.9046	32.0	True	83	83	0.9019	72.0	True	631	631	0.9002	507.04	True
83	31	65	9	8	32	8	32	2148	2102	2193	37	15	37	15	True	True	0.9046	0.6142	32.0	43.7378	-116.4376	2.0	6.0	14.0	56.0	2.0	6.0	14.0	56.0	2.0	6.0	14.0	56.0	64	64	0.9004	56.0	True	64	64	0.9004	56.0	True	64	64	0.9004	56.0	True
116	92	38	9	8	32	8	32	817	772	863	37	15	37	15	True	True	0.9046	0.6142	32.0	43.738	-116.4345	0.0	0.0	8.0	32.0	0.0	0.0	8.0	32.0	0.0	0.0	8.0	32.0	37	37	0.9046	32.0	True	37	37	0.9046	32.0	True	37	37	0.9046	32.0	True
117	92	39	9	8	32	8	32	1080	1035	1125	37	15	37	15	True	True	0.9046	0.6142	32.0	43.738	-116.4345	0.0	0.0	8.0	32.0	0.0	0.0	8.0	32.0	0.0	0.0	8.0	32.0	37	37	0.9046	32.0	True	37	37	0.9046	32.0	True	37	37	0.9046	32.0	True
118	92	37	9	8	32	8	32	480	435	525	37	15	37	15	True	True	0.9046	0.6142	32.0	43.738	-116.4345	0.0	0.0	8.0	32.0	0.0	0.0	8.0	32.0	0.0	0.0	8.0	32.0	37	37	0.9046	32.0	True	37	37	0.9046	32.0	True	37	37	0.9046	32.0	True
119	92	36	9	8	32	8	32	1106	1060	1151	37	15	37	15	True	True	0.9046	0.6142	32.0	43.738	-116.4345	0.0	0.0	8.0	32.0	0.0	0.0	8.0	32.0	0.0	0.0	8.0	32.0	37	37	0.9046	32.0	True	37	37	0.9046	32.0	True	37	37	0.9046	32.0	True
368	101	316	9	8	32	8	32	627	582	673	37	15	37	15	True	True	0.9046	0.6142	32.0	43.38738	-116.47888	0.0	0.0	8.0	32.0	0.0	0.0	8.0	32.0	1.0	5.0	13.0	52.0	37	37	0.9046	32.0	True	37	37	0.9046	32.0	True	60	60	0.9027	52.0	True
369	101	317	9	8	32	8	32	475	430	520	37	15	37	15	True	True	0.9046	0.6142	32.0	43.38738	-116.47888	0.0	0.0	8.0	32.0	0.0	0.0	8.0	32.0	1.0	5.0	13.0	52.0	37	37	0.9046	32.0	True	37	37	0.9046	32.0	True	60	60	0.9027	52.0	True
370	101	318	9	8	32	8	32	306	261	352	37	15	37	15	True	True	0.9046	0.6142	32.0	43.38738	-116.47888	0.0	0.0	8.0	32.0	0.0	0.0	8.0	32.0	1.0	5.0	13.0	52.0	37	37	0.9046	32.0	True	37	37	0.9046	32.0	True	60	60	0.9027	52.0	True
389	129	319	9	8	32	8	32	213	168	259	37	15	37	15	True	True	0.9046	0.6142	32.0	43.39301	-116.48138	0.0	0.0	8.0	32.0	1.0	5.0	13.0	52.0	2.0	22.0	30.0	120.0	37	37	0.9046	32.0	True	60	60	0.9027	51.99	True	138	138	0.9007	116.6	True
390	129	320	9	8	32	8	32	265	220	311	37	15	37	15	True	True	0.9046	0.6142	32.0	43.39301	-116.48138	0.0	0.0	8.0	32.0	1.0	5.0	13.0	52.0	2.0	22.0	30.0	120.0	37	37	0.9046	32.0	True	60	60	0.9027	52.0	True	138	138	0.9007	118.58	True
391	129	321	9	8	32	8	32	201	156	247	37	15	37	15	True	True	0.9046	0.6142	32.0	43.39301	-116.48138	0.0	0.0	8.0	32.0	1.0	5.0	13.0	52.0	2.0	22.0	30.0	120.0	37	37	0.9046	32.0	True	60	60	0.9027	51.98	True	138	138	0.9007	115.85	True
493	151	461	9	8	32	8	32	318	273	364	37	15	37	15	True	True	0.9046	0.6142	32.0	43.00753	-115.42361	1.0	5.0	13.0	52.0	1.0	5.0	13.0	52.0	2.0	10.0	18.0	72.0	60	60	0.9027	52.0	True	60	60	0.9027	52.0	True	83	83	0.9019	71.99	True
494	151	462	9	8	32	8	32	456	411	501	37	15	37	15	True	True	0.9046	0.6142	32.0	43.00753	-115.42361	1.0	5.0	13.0	52.0	1.0	5.0	13.0	52.0	2.0	10.0	18.0	72.0	60	60	0.9027	52.0	True	60	60	0.9027	52.0	True	83	83	0.9019	72.0	True
495	151	463	9	8	32	8	32	353	308	399	37	15	37	15	True	True	0.9046	0.6142	32.0	43.00753	-115.42361	1.0	5.0	13.0	52.0	1.0	5.0	13.0	52.0	2.0	10.0	18.0	72.0	60	60	0.9027	52.0	True	60	60	0.9027	52.0	True	83	83	0.9019	72.0	True
496	151	464	9	8	32	8	32	149	103	194	37	15	37	15	True	True	0.9046	0.6142	32.0	43.00753	-115.42361	1.0	5.0	13.0	52.0	1.0	5.0	13.0	52.0	2.0	10.0	18.0	72.0	60	60	0.9027	51.84	True	60	60	0.9027	51.84	True	83	83	0.9019	70.89	True
582	173	645	9	8	32	8	32	1169	1124	1215	37	15	37	15	True	True	0.9046	0.6142	32.0	42.99706	-115.38859	2.0	75.0	83.0	332.0	4.0	87.0	95.0	380.0	9.0	251.0	259.0	1036.0	382	382	0.9002	331.71	True	437	437	0.9	379.2	True	1193	1169	0.8954	927.66	False
583	173	646	9	8	32	8	32	647	602	692	37	15	37	15	True	True	0.9046	0.6142	32.0	42.99706	-115.38859	2.0	75.0	83.0	332.0	4.0	87.0	95.0	380.0	9.0	251.0	259.0	1036.0	382	382	0.9002	325.3	True	437	437	0.9	367.44	True	1193	647	0.7134	739.07	False
586	196	608	9	8	32	8	32	140	94	185	37	15	37	15	True	True	0.9046	0.6142	32.0	42.99692	-115.38787	0.0	0.0	8.0	32.0	1.0	10.0	18.0	72.0	3.0	23.0	31.0	124.0	37	37	0.9046	32.0	True	83	83	0.9019	70.57	True	143	140	0.8964	111.15	False
6	4	33	10	9	36	9	36	530	484	575	41	15	41	15	True	True	0.9007	0.5705	36.0	43.7089	-116.3079	2.0	31.0	40.0	160.0	6.0	120.0	129.0	516.0	9.0	135.0	144.0	576.0	184	184	0.9005	159.79	True	594	530	0.8721	449.99	False	663	530	0.8415	484.69	False
7	4	35	10	9	36	9	36	281	236	327	41	15	41	15	True	True	0.9007	0.5705	36.0	43.7089	-116.3079	2.0	31.0	40.0	160.0	6.0	120.0	129.0	516.0	9.0	135.0	144.0	576.0	184	184	0.9005	155.28	True	594	281	0.6639	342.55	False	663	281	0.6234	359.07	False
8	4	32	10	9	36	9	36	106	61	151	41	15	41	15	True	True	0.9007	0.5705	35.91	43.7089	-116.3079	2.0	31.0	40.0	160.0	6.0	120.0	129.0	516.0	9.0	135.0	144.0	576.0	184	106	0.7353	117.65	False	594	106	0.3372	173.98	False	663	106	0.3081	177.49	False
9	4	31	10	9	36	9	36	265	220	311	41	15	41	15	True	True	0.9007	0.5705	36.0	43.7089	-116.3079	2.0	31.0	40.0	160.0	6.0	120.0	129.0	516.0	9.0	135.0	144.0	576.0	184	184	0.9005	154.23	True	594	265	0.6423	331.44	False	663	265	0.6019	346.67	False
10	4	34	10	9	36	9	36	273	228	318	41	15	41	15	True	True	0.9007	0.5705	36.0	43.7089	-116.3079	2.0	31.0	40.0	160.0	6.0	120.0	129.0	516.0	9.0	135.0	144.0	576.0	184	184	0.9005	154.78	True	594	273	0.6533	337.08	False	663	273	0.6128	352.96	False
97	86	44	10	9	36	9	36	1147	1102	1193	41	15	41	15	True	True	0.9007	0.5705	36.0	43.7539	-116.3583	0.0	0.0	9.0	36.0	2.0	4.0	13.0	52.0	2.0	4.0	13.0	52.0	41	41	0.9007	36.0	True	60	60	0.9027	52.0	True	60	60	0.9027	52.0	True
98	86	43	10	9	36	9	36	709	664	754	41	15	41	15	True	True	0.9007	0.5705	36.0	43.7539	-116.3583	0.0	0.0	9.0	36.0	2.0	4.0	13.0	52.0	2.0	4.0	13.0	52.0	41	41	0.9007	36.0	True	60	60	0.9027	52.0	True	60	60	0.9027	52.0	True
99	86	26	10	9	36	9	36	1843	1798	1889	41	15	41	15	True	True	0.9007	0.5705	36.0	43.7539	-116.3583	0.0	0.0	9.0	36.0	2.0	4.0	13.0	52.0	2.0	4.0	13.0	52.0	41	41	0.9007	36.0	True	60	60	0.9027	52.0	True	60	60	0.9027	52.0	True
100	86	42	10	9	36	9	36	564	519	610	41	15	41	15	True	True	0.9007	0.5705	36.0	43.7539	-116.3583	0.0	0.0	9.0	36.0	2.0	4.0	13.0	52.0	2.0	4.0	13.0	52.0	41	41	0.9007	36.0	True	60	60	0.9027	52.0	True	60	60	0.9027	52.0	True
101	86	23	10	9	36	9	36	1359	1314	1404	41	15	41	15	True	True	0.9007	0.5705	36.0	43.7539	-116.3583	0.0	0.0	9.0	36.0	2.0	4.0	13.0	52.0	2.0	4.0	13.0	52.0	41	41	0.9007	36.0	True	60	60	0.9027	52.0	True	60	60	0.9027	52.0	True
102	86	41	10	9	36	9	36	1161	1116	1206	41	15	41	15	True	True	0.9007	0.5705	36.0	43.7539	-116.3583	0.0	0.0	9.0	36.0	2.0	4.0	13.0	52.0	2.0	4.0	13.0	52.0	41	41	0.9007	36.0	True	60	60	0.9027	52.0	True	60	60	0.9027	52.0	True
176	72	187	11	10	40	10	40	447	402	493	46	15	46	15	True	True	0.9026	0.5321	40.0	43.5080136	-116.2916169	0.0	0.0	10.0	40.0	0.0	0.0	10.0	40.0	0.0	0.0	10.0	40.0	46	46	0.9026	40.0	True	46	46	0.9026	40.0	True	46	46	0.9026	40.0	True
177	72	188	11	10	40	10	40	175	129	220	46	15	46	15	True	True	0.9026	0.5321	39.99	43.5080136	-116.2916169	0.0	0.0	10.0	40.0	0.0	0.0	10.0	40.0	0.0	0.0	10.0	40.0	46	46	0.9026	39.99	True	46	46	0.9026	39.99	True	46	46	0.9026	39.99	True
371	102	313	11	10	40	10	40	779	733	824	46	15	46	15	True	True	0.9026	0.5321	40.0	43.3877	-116.47943	0.0	0.0	10.0	40.0	1.0	0.0	10.0	40.0	7.0	34.0	44.0	176.0	46	46	0.9026	40.0	True	46	46	0.9026	40.0	True	203	203	0.9011	175.98	True
372	102	314	11	10	40	10	40	1078	1032	1123	46	15	46	15	True	True	0.9026	0.5321	40.0	43.3877	-116.47943	0.0	0.0	10.0	40.0	1.0	0.0	10.0	40.0	7.0	34.0	44.0	176.0	46	46	0.9026	40.0	True	46	46	0.9026	40.0	True	203	203	0.9011	176.0	True
373	102	315	11	10	40	10	40	143	98	188	46	15	46	15	True	True	0.9026	0.5321	39.97	43.3877	-116.47943	0.0	0.0	10.0	40.0	1.0	0.0	10.0	40.0	7.0	34.0	44.0	176.0	46	46	0.9026	39.97	True	46	46	0.9026	39.97	True	203	143	0.804	141.5	False
486	149	468	11	10	40	10	40	1161	1116	1206	46	15	46	15	True	True	0.9026	0.5321	40.0	43.00786	-115.42563	0.0	0.0	10.0	40.0	0.0	0.0	10.0	40.0	9.0	76.0	86.0	344.0	46	46	0.9026	40.0	True	46	46	0.9026	40.0	True	396	396	0.9003	343.6	True
487	149	469	11	10	40	10	40	953	908	999	46	15	46	15	True	True	0.9026	0.5321	40.0	43.00786	-115.42563	0.0	0.0	10.0	40.0	0.0	0.0	10.0	40.0	9.0	76.0	86.0	344.0	46	46	0.9026	40.0	True	46	46	0.9026	40.0	True	396	396	0.9003	342.66	True
488	149	470	11	10	40	10	40	1139	1094	1185	46	15	46	15	True	True	0.9026	0.5321	40.0	43.00786	-115.42563	0.0	0.0	10.0	40.0	0.0	0.0	10.0	40.0	9.0	76.0	86.0	344.0	46	46	0.9026	40.0	True	46	46	0.9026	40.0	True	396	396	0.9003	343.55	True
489	149	471	11	10	40	10	40	908	863	953	46	15	46	15	True	True	0.9026	0.5321	40.0	43.00786	-115.42563	0.0	0.0	10.0	40.0	0.0	0.0	10.0	40.0	9.0	76.0	86.0	344.0	46	46	0.9026	40.0	True	46	46	0.9026	40.0	True	396	396	0.9003	342.26	True
560	185	553	11	10	40	10	40	194	149	239	46	15	46	15	True	True	0.9026	0.5321	40.0	42.99699	-115.38279	1.0	3.0	13.0	52.0	2.0	22.0	32.0	128.0	9.0	102.0	112.0	448.0	60	60	0.9027	51.97	True	147	147	0.9003	121.9	True	516	194	0.5798	259.75	False
561	185	554	11	10	40	10	40	86	41	131	46	15	46	15	True	True	0.9026	0.5321	39.48	42.99699	-115.38279	1.0	3.0	13.0	52.0	2.0	22.0	32.0	128.0	9.0	102.0	112.0	448.0	60	60	0.9027	50.16	True	147	86	0.7405	94.78	False	516	86	0.3191	142.96	False
610	212	568	11	10	40	10	40	133	88	179	46	15	46	15	True	True	0.9026	0.5321	39.95	42.98386	-115.34953	0.0	0.0	10.0	40.0	0.0	0.0	10.0	40.0	0.0	0.0	10.0	40.0	46	46	0.9026	39.95	True	46	46	0.9026	39.95	True	46	46	0.9026	39.95	True
611	212	569	11	10	40	10	40	111	66	157	46	15	46	15	True	True	0.9026	0.5321	39.86	42.98386	-115.34953	0.0	0.0	10.0	40.0	0.0	0.0	10.0	40.0	0.0	0.0	10.0	40.0	46	46	0.9026	39.86	True	46	46	0.9026	39.86	True	46	46	0.9026	39.86	True
612	212	570	11	10	40	10	40	85	40	131	46	15	46	15	True	True	0.9026	0.5321	39.47	42.98386	-115.34953	0.0	0.0	10.0	40.0	0.0	0.0	10.0	40.0	0.0	0.0	10.0	40.0	46	46	0.9026	39.46	True	46	46	0.9026	39.46	True	46	46	0.9026	39.46	True
670	177	685	11	10	40	10	40	91	46	137	46	15	46	15	True	True	0.9026	0.5321	39.61	43.29709	-116.11104	1.0	1.0	11.0	44.0	1.0	1.0	11.0	44.0	1.0	1.0	11.0	44.0	51	51	0.9041	43.33	True	51	51	0.9041	43.33	True	51	51	0.9041	43.33	True
671	177	686	11	10	40	10	40	67	21	112	46	15	46	15	True	True	0.9026	0.5321	38.63	43.29709	-116.11104	1.0	1.0	11.0	44.0	1.0	1.0	11.0	44.0	1.0	1.0	11.0	44.0	51	51	0.9041	41.98	True	51	51	0.9041	41.98	True	51	51	0.9041	41.98	True
690	203	705	11	10	40	10	40	271	226	317	46	15	46	15	True	True	0.9026	0.5321	40.0	43.30628	-116.10322	0.0	0.0	10.0	40.0	0.0	0.0	10.0	40.0	1.0	21.0	31.0	124.0	46	46	0.9026	40.0	True	46	46	0.9026	40.0	True	143	143	0.9013	122.46	True
691	203	706	11	10	40	10	40	229	183	274	46	15	46	15	True	True	0.9026	0.5321	40.0	43.30628	-116.10322	0.0	0.0	10.0	40.0	0.0	0.0	10.0	40.0	1.0	21.0	31.0	124.0	46	46	0.9026	40.0	True	46	46	0.9026	40.0	True	143	143	0.9013	120.96	True
692	203	707	11	10	40	10	40	360	315	406	46	15	46	15	True	True	0.9026	0.5321	40.0	43.30628	-116.10322	0.0	0.0	10.0	40.0	0.0	0.0	10.0	40.0	1.0	21.0	31.0	124.0	46	46	0.9026	40.0	True	46	46	0.9026	40.0	True	143	143	0.9013	123.64	True
693	203	708	11	10	40	10	40	272	227	318	46	15	46	15	True	True	0.9026	0.5321	40.0	43.30628	-116.10322	0.0	0.0	10.0	40.0	0.0	0.0	10.0	40.0	1.0	21.0	31.0	124.0	46	46	0.9026	40.0	True	46	46	0.9026	40.0	True	143	143	0.9013	122.49	True
757	235	734	11	10	40	10	40	1457	1412	1503	46	15	46	15	True	True	0.9026	0.5321	40.0	43.00114	-115.58983	0.0	0.0	10.0	40.0	0.0	0.0	10.0	40.0	2.0	94.0	104.0	416.0	46	46	0.9026	40.0	True	46	46	0.9026	40.0	True	479	479	0.9003	415.63	True
758	235	735	11	10	40	10	40	437	392	483	46	15	46	15	True	True	0.9026	0.5321	40.0	43.00114	-115.58983	0.0	0.0	10.0	40.0	0.0	0.0	10.0	40.0	2.0	94.0	104.0	416.0	46	46	0.9026	40.0	True	46	46	0.9026	40.0	True	479	437	0.878	365.24	False
759	235	736	11	10	40	10	40	331	286	377	46	15	46	15	True	True	0.9026	0.5321	40.0	43.00114	-115.58983	0.0	0.0	10.0	40.0	0.0	0.0	10.0	40.0	2.0	94.0	104.0	416.0	46	46	0.9026	40.0	True	46	46	0.9026	40.0	True	479	331	0.7967	331.44	False
162	45	175	12	11	44	11	44	1279	1233	1324	51	15	51	15	True	True	0.9041	0.4983	44.0	43.5077	-116.2792	0.0	0.0	11.0	44.0	0.0	0.0	11.0	44.0	1.0	24.0	35.0	140.0	51	51	0.9041	44.0	True	51	51	0.9041	44.0	True	161	161	0.9006	140.0	True
163	45	176	12	11	44	11	44	219	174	265	51	15	51	15	True	True	0.9041	0.4983	44.0	43.5077	-116.2792	0.0	0.0	11.0	44.0	0.0	0.0	11.0	44.0	1.0	24.0	35.0	140.0	51	51	0.9041	44.0	True	51	51	0.9041	44.0	True	161	161	0.9006	133.94	True
286	124	242	12	11	44	11	44	590	544	635	51	15	51	15	True	True	0.9041	0.4983	44.0	43.38833	-116.48955	1.0	19.0	30.0	120.0	4.0	42.0	53.0	212.0	7.0	86.0	97.0	388.0	138	138	0.9007	119.99	True	244	244	0.9005	211.2	True	447	447	0.9005	369.54	True
287	124	243	12	11	44	11	44	309	264	354	51	15	51	15	True	True	0.9041	0.4983	44.0	43.38833	-116.48955	1.0	19.0	30.0	120.0	4.0	42.0	53.0	212.0	7.0	86.0	97.0	388.0	138	138	0.9007	119.32	True	244	244	0.9005	200.59	True	447	309	0.7971	309.26	False
288	124	244	12	11	44	11	44	348	303	394	51	15	51	15	True	True	0.9041	0.4983	44.0	43.38833	-116.48955	1.0	19.0	30.0	120.0	4.0	42.0	53.0	212.0	7.0	86.0	97.0	388.0	138	138	0.9007	119.65	True	244	244	0.9005	204.11	True	447	348	0.8341	323.62	False
331	70	352	12	11	44	11	44	709	664	754	51	15	51	15	True	True	0.9041	0.4983	44.0	43.38259	-116.47329	0.0	0.0	11.0	44.0	0.0	0.0	11.0	44.0	0.0	0.0	11.0	44.0	51	51	0.9041	44.0	True	51	51	0.9041	44.0	True	51	51	0.9041	44.0	True
332	70	353	12	11	44	11	44	639	594	685	51	15	51	15	True	True	0.9041	0.4983	44.0	43.38259	-116.47329	0.0	0.0	11.0	44.0	0.0	0.0	11.0	44.0	0.0	0.0	11.0	44.0	51	51	0.9041	44.0	True	51	51	0.9041	44.0	True	51	51	0.9041	44.0	True
333	70	354	12	11	44	11	44	687	642	732	51	15	51	15	True	True	0.9041	0.4983	44.0	43.38259	-116.47329	0.0	0.0	11.0	44.0	0.0	0.0	11.0	44.0	0.0	0.0	11.0	44.0	51	51	0.9041	44.0	True	51	51	0.9041	44.0	True	51	51	0.9041	44.0	True
334	70	355	12	11	44	11	44	434	388	479	51	15	51	15	True	True	0.9041	0.4983	44.0	43.38259	-116.47329	0.0	0.0	11.0	44.0	0.0	0.0	11.0	44.0	0.0	0.0	11.0	44.0	51	51	0.9041	44.0	True	51	51	0.9041	44.0	True	51	51	0.9041	44.0	True
335	70	356	12	11	44	11	44	1229	1184	1275	51	15	51	15	True	True	0.9041	0.4983	44.0	43.38259	-116.47329	0.0	0.0	11.0	44.0	0.0	0.0	11.0	44.0	0.0	0.0	11.0	44.0	51	51	0.9041	44.0	True	51	51	0.9041	44.0	True	51	51	0.9041	44.0	True
567	167	533	12	11	44	11	44	319	274	365	51	15	51	15	True	True	0.9041	0.4983	44.0	42.99686	-115.38311	0.0	0.0	11.0	44.0	6.0	61.0	72.0	288.0	8.0	75.0	86.0	344.0	51	51	0.9041	44.0	True	331	319	0.8913	256.69	False	396	319	0.8439	290.31	False
568	167	534	12	11	44	11	44	179	134	224	51	15	51	15	True	True	0.9041	0.4983	43.99	42.99686	-115.38311	0.0	0.0	11.0	44.0	6.0	61.0	72.0	288.0	8.0	75.0	86.0	344.0	51	51	0.9041	43.99	True	331	179	0.7121	205.09	False	396	179	0.6473	222.68	False
569	167	535	12	11	44	11	44	478	432	523	51	15	51	15	True	True	0.9041	0.4983	44.0	42.99686	-115.38311	0.0	0.0	11.0	44.0	6.0	61.0	72.0	288.0	8.0	75.0	86.0	344.0	51	51	0.9041	44.0	True	331	331	0.9	277.64	True	396	396	0.9003	322.73	True
575	170	600	12	11	44	11	44	386	340	431	51	15	51	15	True	True	0.9041	0.4983	44.0	42.99723	-115.38891	2.0	117.0	128.0	512.0	5.0	160.0	171.0	684.0	9.0	248.0	259.0	1036.0	589	386	0.7789	398.81	False	787	386	0.6768	462.93	False	1193	386	0.5255	544.44	False
576	170	601	12	11	44	11	44	492	446	537	51	15	51	15	True	True	0.9041	0.4983	44.0	42.99723	-115.38891	2.0	117.0	128.0	512.0	5.0	160.0	171.0	684.0	9.0	248.0	259.0	1036.0	589	492	0.8539	437.22	False	787	492	0.763	521.88	False	1193	492	0.6134	635.44	False
577	170	602	12	11	44	11	44	566	520	611	51	15	51	15	True	True	0.9041	0.4983	44.0	42.99723	-115.38891	2.0	117.0	128.0	512.0	5.0	160.0	171.0	684.0	9.0	248.0	259.0	1036.0	589	566	0.8906	456.01	False	787	566	0.8091	553.45	False	1193	566	0.6649	688.79	False
647	218	628	12	11	44	11	44	48	3	93	51	15	48	15	False	True	0.89	0.4983	39.17	43.31237	-116.20012	2.0	14.0	25.0	100.0	2.0	14.0	25.0	100.0	3.0	139.0	150.0	600.0	115	48	0.619	61.9	False	115	48	0.619	61.9	False	691	48	0.148	88.78	False
648	218	629	12	11	44	11	44	51	5	96	51	15	51	15	False	True	0.9041	0.4983	39.71	43.31237	-116.20012	2.0	14.0	25.0	100.0	2.0	14.0	25.0	100.0	3.0	139.0	150.0	600.0	115	51	0.6413	64.13	False	115	51	0.6413	64.13	False	691	51	0.1565	93.87	False
497	152	458	13	12	48	12	48	1498	1453	1543	55	15	55	15	True	True	0.9013	0.4683	48.0	43.00792	-115.42316	1.0	1.0	13.0	52.0	1.0	1.0	13.0	52.0	1.0	1.0	13.0	52.0	60	60	0.9027	52.0	True	60	60	0.9027	52.0	True	60	60	0.9027	52.0	True
498	152	459	13	12	48	12	48	384	339	430	55	15	55	15	True	True	0.9013	0.4683	48.0	43.00792	-115.42316	1.0	1.0	13.0	52.0	1.0	1.0	13.0	52.0	1.0	1.0	13.0	52.0	60	60	0.9027	52.0	True	60	60	0.9027	52.0	True	60	60	0.9027	52.0	True
499	152	460	13	12	48	12	48	426	381	471	55	15	55	15	True	True	0.9013	0.4683	48.0	43.00792	-115.42316	1.0	1.0	13.0	52.0	1.0	1.0	13.0	52.0	1.0	1.0	13.0	52.0	60	60	0.9027	52.0	True	60	60	0.9027	52.0	True	60	60	0.9027	52.0	True
552	187	545	13	12	48	12	48	270	224	315	55	15	55	15	True	True	0.9013	0.4683	48.0	42.99733	-115.38325	1.0	6.0	18.0	72.0	1.0	6.0	18.0	72.0	4.0	53.0	65.0	260.0	83	83	0.9019	71.96	True	83	83	0.9019	71.96	True	299	270	0.8752	227.55	False
553	187	546	13	12	48	12	48	375	330	421	55	15	55	15	True	True	0.9013	0.4683	48.0	42.99733	-115.38325	1.0	6.0	18.0	72.0	1.0	6.0	18.0	72.0	4.0	53.0	65.0	260.0	83	83	0.9019	72.0	True	83	83	0.9019	72.0	True	299	299	0.9002	245.55	True
554	187	547	13	12	48	12	48	278	233	323	55	15	55	15	True	True	0.9013	0.4683	48.0	42.99733	-115.38325	1.0	6.0	18.0	72.0	1.0	6.0	18.0	72.0	4.0	53.0	65.0	260.0	83	83	0.9019	71.97	True	83	83	0.9019	71.97	True	299	278	0.8826	229.49	False
30	12	73	14	13	52	13	52	1472	1427	1517	60	15	60	15	True	True	0.9027	0.4415	52.0	43.7364	-116.4391	0.0	0.0	13.0	52.0	0.0	0.0	13.0	52.0	0.0	0.0	13.0	52.0	60	60	0.9027	52.0	True	60	60	0.9027	52.0	True	60	60	0.9027	52.0	True
31	12	74	14	13	52	13	52	707	662	753	60	15	60	15	True	True	0.9027	0.4415	52.0	43.7364	-116.4391	0.0	0.0	13.0	52.0	0.0	0.0	13.0	52.0	0.0	0.0	13.0	52.0	60	60	0.9027	52.0	True	60	60	0.9027	52.0	True	60	60	0.9027	52.0	True
32	12	75	14	13	52	13	52	1583	1537	1628	60	15	60	15	True	True	0.9027	0.4415	52.0	43.7364	-116.4391	0.0	0.0	13.0	52.0	0.0	0.0	13.0	52.0	0.0	0.0	13.0	52.0	60	60	0.9027	52.0	True	60	60	0.9027	52.0	True	60	60	0.9027	52.0	True
33	12	76	14	13	52	13	52	993	948	1038	60	15	60	15	True	True	0.9027	0.4415	52.0	43.7364	-116.4391	0.0	0.0	13.0	52.0	0.0	0.0	13.0	52.0	0.0	0.0	13.0	52.0	60	60	0.9027	52.0	True	60	60	0.9027	52.0	True	60	60	0.9027	52.0	True
482	147	478	14	13	52	13	52	253	207	298	60	15	60	15	True	True	0.9027	0.4415	52.0	43.00806	-115.42631	1.0	8.0	21.0	84.0	3.0	26.0	39.0	156.0	9.0	88.0	101.0	404.0	97	97	0.9021	83.8	True	180	180	0.9012	149.98	True	465	253	0.7146	288.72	False
483	147	479	14	13	52	13	52	673	627	718	60	15	60	15	True	True	0.9027	0.4415	52.0	43.00806	-115.42631	1.0	8.0	21.0	84.0	3.0	26.0	39.0	156.0	9.0	88.0	101.0	404.0	97	97	0.9021	84.0	True	180	180	0.9012	155.97	True	465	465	0.9002	389.62	True
484	147	480	14	13	52	13	52	632	586	677	60	15	60	15	True	True	0.9027	0.4415	52.0	43.00806	-115.42631	1.0	8.0	21.0	84.0	3.0	26.0	39.0	156.0	9.0	88.0	101.0	404.0	97	97	0.9021	84.0	True	180	180	0.9012	155.95	True	465	465	0.9002	386.38	True
531	156	512	14	13	52	13	52	165	120	210	60	15	60	15	True	True	0.9027	0.4415	51.91	42.99548	-115.37229	0.0	0.0	13.0	52.0	0.0	0.0	13.0	52.0	1.0	1.0	14.0	56.0	60	60	0.9027	51.91	True	60	60	0.9027	51.91	True	64	64	0.9004	55.85	True
532	156	513	14	13	52	13	52	139	93	184	60	15	60	15	True	True	0.9027	0.4415	51.76	42.99548	-115.37229	0.0	0.0	13.0	52.0	0.0	0.0	13.0	52.0	1.0	1.0	14.0	56.0	60	60	0.9027	51.76	True	60	60	0.9027	51.76	True	64	64	0.9004	55.63	True
533	156	514	14	13	52	13	52	141	96	186	60	15	60	15	True	True	0.9027	0.4415	51.78	42.99548	-115.37229	0.0	0.0	13.0	52.0	0.0	0.0	13.0	52.0	1.0	1.0	14.0	56.0	60	60	0.9027	51.78	True	60	60	0.9027	51.78	True	64	64	0.9004	55.65	True
654	220	649	14	13	52	13	52	41	-4	87	60	15	41	15	False	True	0.7965	0.4415	41.61	43.31277	-116.20187	0.0	0.0	13.0	52.0	1.0	59.0	72.0	288.0	1.0	59.0	72.0	288.0	60	41	0.7965	41.42	False	331	41	0.2481	71.47	False	331	41	0.2481	71.47	False
655	220	650	14	13	52	13	52	37	-9	82	60	15	37	15	False	True	0.7623	0.4415	39.41	43.31277	-116.20187	0.0	0.0	13.0	52.0	1.0	59.0	72.0	288.0	1.0	59.0	72.0	288.0	60	37	0.7623	39.64	False	331	37	0.2269	65.36	False	331	37	0.2269	65.36	False
656	220	651	14	13	52	13	52	27	-19	72	60	15	27	15	False	True	0.6496	0.4415	33.53	43.31277	-116.20187	0.0	0.0	13.0	52.0	1.0	59.0	72.0	288.0	1.0	59.0	72.0	288.0	60	27	0.6496	33.78	False	331	27	0.1712	49.32	False	331	27	0.1712	49.32	False
355	96	331	16	15	60	15	60	256	210	301	69	15	69	15	True	True	0.9017	0.396	59.99	43.38647	-116.47859	4.0	29.0	44.0	176.0	6.0	76.0	91.0	364.0	12.0	160.0	175.0	700.0	203	203	0.9011	166.48	True	419	256	0.7555	275.0	False	806	256	0.519	363.32	False
356	96	332	16	15	60	15	60	176	130	221	69	15	69	15	True	True	0.9017	0.396	59.84	43.38647	-116.47859	4.0	29.0	44.0	176.0	6.0	76.0	91.0	364.0	12.0	160.0	175.0	700.0	203	176	0.8654	152.32	False	419	176	0.6203	225.79	False	806	176	0.3954	276.79	False
357	96	333	16	15	60	15	60	123	78	169	69	15	69	15	True	True	0.9017	0.396	59.05	43.38647	-116.47859	4.0	29.0	44.0	176.0	6.0	76.0	91.0	364.0	12.0	160.0	175.0	700.0	203	123	0.7538	132.67	False	419	123	0.4917	178.99	False	806	123	0.2965	207.55	False
502	154	449	16	15	60	15	60	1175	1130	1220	69	15	69	15	True	True	0.9017	0.396	60.0	43.00927	-115.42446	0.0	0.0	15.0	60.0	0.0	0.0	15.0	60.0	1.0	8.0	23.0	92.0	69	69	0.9017	60.0	True	69	69	0.9017	60.0	True	106	106	0.9014	92.0	True
503	154	450	16	15	60	15	60	553	507	598	69	15	69	15	True	True	0.9017	0.396	60.0	43.00927	-115.42446	0.0	0.0	15.0	60.0	0.0	0.0	15.0	60.0	1.0	8.0	23.0	92.0	69	69	0.9017	60.0	True	69	69	0.9017	60.0	True	106	106	0.9014	92.0	True
504	154	451	16	15	60	15	60	429	384	474	69	15	69	15	True	True	0.9017	0.396	60.0	43.00927	-115.42446	0.0	0.0	15.0	60.0	0.0	0.0	15.0	60.0	1.0	8.0	23.0	92.0	69	69	0.9017	60.0	True	69	69	0.9017	60.0	True	106	106	0.9014	91.99	True
505	154	452	16	15	60	15	60	124	79	170	69	15	69	15	True	True	0.9017	0.396	59.09	43.00927	-115.42446	0.0	0.0	15.0	60.0	0.0	0.0	15.0	60.0	1.0	8.0	23.0	92.0	69	69	0.9017	59.07	True	69	69	0.9017	59.07	True	106	106	0.9014	85.88	True
570	168	555	16	15	60	15	60	335	290	380	69	15	69	15	True	True	0.9017	0.396	60.0	42.99679	-115.38296	1.0	2.0	17.0	68.0	4.0	37.0	52.0	208.0	8.0	71.0	86.0	344.0	78	78	0.9009	68.0	True	239	239	0.9001	199.76	True	396	335	0.8578	295.08	False
571	168	556	16	15	60	15	60	176	130	221	69	15	69	15	True	True	0.9017	0.396	59.84	42.99679	-115.38296	1.0	2.0	17.0	68.0	4.0	37.0	52.0	208.0	8.0	71.0	86.0	344.0	78	78	0.9009	67.63	True	239	176	0.8167	169.86	False	396	176	0.6411	220.54	False
572	168	557	16	15	60	15	60	457	412	502	69	15	69	15	True	True	0.9017	0.396	60.0	42.99679	-115.38296	1.0	2.0	17.0	68.0	4.0	37.0	52.0	208.0	8.0	71.0	86.0	344.0	78	78	0.9009	68.0	True	239	239	0.9001	205.46	True	396	396	0.9003	319.96	True
594	191	580	16	15	60	15	60	107	62	152	69	15	69	15	True	True	0.9017	0.396	58.36	43.00136	-115.40081	1.0	7.0	22.0	88.0	3.0	13.0	28.0	112.0	4.0	16.0	31.0	124.0	101	101	0.9006	80.37	True	129	107	0.8533	95.57	False	143	107	0.8232	102.08	False
595	191	581	16	15	60	15	60	78	32	123	69	15	69	15	True	True	0.9017	0.396	55.59	43.00136	-115.40081	1.0	7.0	22.0	88.0	3.0	13.0	28.0	112.0	4.0	16.0	31.0	124.0	101	78	0.8318	73.2	False	129	78	0.7532	84.36	False	143	78	0.7172	88.94	False
596	191	582	16	15	60	15	60	127	82	173	69	15	69	15	True	True	0.9017	0.396	59.17	43.00136	-115.40081	1.0	7.0	22.0	88.0	3.0	13.0	28.0	112.0	4.0	16.0	31.0	124.0	101	101	0.9006	83.17	True	129	127	0.8975	100.52	False	143	127	0.8721	108.14	False
25	11	10	17	16	64	16	64	112	66	157	74	15	74	15	True	True	0.9028	0.3765	62.09	43.7082	-116.3082	0.0	0.0	16.0	64.0	0.0	0.0	16.0	64.0	1.0	2.0	18.0	72.0	74	74	0.9028	62.12	True	74	74	0.9028	62.12	True	83	83	0.9019	68.86	True
26	11	8	17	16	64	16	64	907	862	952	74	15	74	15	True	True	0.9028	0.3765	64.0	43.7082	-116.3082	0.0	0.0	16.0	64.0	0.0	0.0	16.0	64.0	1.0	2.0	18.0	72.0	74	74	0.9028	64.0	True	74	74	0.9028	64.0	True	83	83	0.9019	72.0	True
27	11	11	17	16	64	16	64	179	133	224	74	15	74	15	True	True	0.9028	0.3765	63.77	43.7082	-116.3082	0.0	0.0	16.0	64.0	0.0	0.0	16.0	64.0	1.0	2.0	18.0	72.0	74	74	0.9028	63.77	True	74	74	0.9028	63.77	True	83	83	0.9019	71.52	True
28	11	12	17	16	64	16	64	839	794	884	74	15	74	15	True	True	0.9028	0.3765	64.0	43.7082	-116.3082	0.0	0.0	16.0	64.0	0.0	0.0	16.0	64.0	1.0	2.0	18.0	72.0	74	74	0.9028	64.0	True	74	74	0.9028	64.0	True	83	83	0.9019	72.0	True
29	11	9	17	16	64	16	64	425	379	470	74	15	74	15	True	True	0.9028	0.3765	64.0	43.7082	-116.3082	0.0	0.0	16.0	64.0	0.0	0.0	16.0	64.0	1.0	2.0	18.0	72.0	74	74	0.9028	64.0	True	74	74	0.9028	64.0	True	83	83	0.9019	72.0	True
82	30	53	17	16	64	16	64	947	901	992	74	15	74	15	True	True	0.9028	0.3765	64.0	43.7363	-116.44	0.0	0.0	16.0	64.0	1.0	1.0	17.0	68.0	9.0	330.0	346.0	1384.0	74	74	0.9028	64.0	True	78	78	0.9009	68.0	True	1593	947	0.7456	1031.96	False
386	127	223	17	16	64	16	64	753	707	798	74	15	74	15	True	True	0.9028	0.3765	64.0	43.39143	-116.48873	0.0	0.0	16.0	64.0	0.0	0.0	16.0	64.0	2.0	6.0	22.0	88.0	74	74	0.9028	64.0	True	74	74	0.9028	64.0	True	101	101	0.9006	88.0	True
387	127	224	17	16	64	16	64	328	283	374	74	15	74	15	True	True	0.9028	0.3765	64.0	43.39143	-116.48873	0.0	0.0	16.0	64.0	0.0	0.0	16.0	64.0	2.0	6.0	22.0	88.0	74	74	0.9028	64.0	True	74	74	0.9028	64.0	True	101	101	0.9006	87.95	True
394	131	307	17	16	64	16	64	590	545	636	74	15	74	15	True	True	0.9028	0.3765	64.0	43.39267	-116.48148	0.0	0.0	16.0	64.0	0.0	0.0	16.0	64.0	2.0	14.0	30.0	120.0	74	74	0.9028	64.0	True	74	74	0.9028	64.0	True	138	138	0.9007	119.99	True
395	131	308	17	16	64	16	64	269	224	314	74	15	74	15	True	True	0.9028	0.3765	63.99	43.39267	-116.48148	0.0	0.0	16.0	64.0	0.0	0.0	16.0	64.0	2.0	14.0	30.0	120.0	74	74	0.9028	63.99	True	74	74	0.9028	63.99	True	138	138	0.9007	118.67	True
396	131	309	17	16	64	16	64	329	283	374	74	15	74	15	True	True	0.9028	0.3765	64.0	43.39267	-116.48148	0.0	0.0	16.0	64.0	0.0	0.0	16.0	64.0	2.0	14.0	30.0	120.0	74	74	0.9028	64.0	True	74	74	0.9028	64.0	True	138	138	0.9007	119.51	True
733	229	737	17	16	64	16	64	506	461	551	74	15	74	15	True	True	0.9028	0.3765	64.0	43.00179	-115.58997	1.0	28.0	44.0	176.0	2.0	175.0	191.0	764.0	3.0	193.0	209.0	836.0	203	203	0.9011	175.45	True	880	506	0.7343	561.02	False	962	506	0.7022	587.02	False
734	229	738	17	16	64	16	64	898	853	943	74	15	74	15	True	True	0.9028	0.3765	64.0	43.00179	-115.58997	1.0	28.0	44.0	176.0	2.0	175.0	191.0	764.0	3.0	193.0	209.0	836.0	203	203	0.9011	175.99	True	880	880	0.9003	691.31	True	962	898	0.8835	738.58	False
735	229	739	17	16	64	16	64	438	393	483	74	15	74	15	True	True	0.9028	0.3765	64.0	43.00179	-115.58997	1.0	28.0	44.0	176.0	2.0	175.0	191.0	764.0	3.0	193.0	209.0	836.0	203	203	0.9011	174.8	True	880	438	0.6825	521.45	False	962	438	0.6495	543.01	False
104	88	113	18	17	68	17	68	233	188	278	78	15	78	15	True	True	0.9009	0.3588	67.93	43.7958	-116.4762	2.0	44.0	61.0	244.0	7.0	61.0	78.0	312.0	8.0	61.0	78.0	312.0	281	233	0.8525	208.0	False	359	233	0.776	242.1	False	359	233	0.776	242.1	False
105	88	114	18	17	68	17	68	49	4	94	78	15	49	15	False	True	0.7659	0.3588	52.07	43.7958	-116.4762	2.0	44.0	61.0	244.0	7.0	61.0	78.0	312.0	8.0	61.0	78.0	312.0	281	49	0.3313	80.84	False	359	49	0.2699	84.22	False	359	49	0.2699	84.22	False
106	88	115	18	17	68	17	68	131	85	176	78	15	78	15	True	True	0.9009	0.3588	66.58	43.7958	-116.4762	2.0	44.0	61.0	244.0	7.0	61.0	78.0	312.0	8.0	61.0	78.0	312.0	281	131	0.659	160.8	False	359	131	0.5688	177.45	False	359	131	0.5688	177.45	False
107	88	116	18	17	68	17	68	212	166	257	78	15	78	15	True	True	0.9009	0.3588	67.87	43.7958	-116.4762	2.0	44.0	61.0	244.0	7.0	61.0	78.0	312.0	8.0	61.0	78.0	312.0	281	212	0.8247	201.23	False	359	212	0.7436	232.01	False	359	212	0.7436	232.01	False
108	88	117	18	17	68	17	68	148	102	193	78	15	78	15	True	True	0.9009	0.3588	67.14	43.7958	-116.4762	2.0	44.0	61.0	244.0	7.0	61.0	78.0	312.0	8.0	61.0	78.0	312.0	281	148	0.7035	171.65	False	359	148	0.6134	191.37	False	359	148	0.6134	191.37	False
464	139	426	18	17	68	17	68	51	6	97	78	15	51	15	False	True	0.7793	0.3588	53.15	43.8917	-116.7687	0.0	0.0	17.0	68.0	6.0	330.0	347.0	1388.0	6.0	330.0	347.0	1388.0	78	51	0.7793	53.0	False	1598	51	0.0709	98.38	False	1598	51	0.0709	98.38	False
465	139	427	18	17	68	17	68	231	186	276	78	15	78	15	True	True	0.9009	0.3588	67.93	43.8917	-116.7687	0.0	0.0	17.0	68.0	6.0	330.0	347.0	1388.0	6.0	330.0	347.0	1388.0	78	78	0.9009	67.93	True	1598	231	0.2832	393.1	False	1598	231	0.2832	393.1	False
466	139	428	18	17	68	17	68	89	44	134	78	15	78	15	True	True	0.9009	0.3588	63.16	43.8917	-116.7687	0.0	0.0	17.0	68.0	6.0	330.0	347.0	1388.0	6.0	330.0	347.0	1388.0	78	78	0.9009	63.13	True	1598	89	0.1204	167.12	False	1598	89	0.1204	167.12	False
467	139	429	18	17	68	17	68	73	28	119	78	15	73	15	False	True	0.885	0.3588	60.28	43.8917	-116.7687	0.0	0.0	17.0	68.0	6.0	330.0	347.0	1388.0	6.0	330.0	347.0	1388.0	78	73	0.885	60.18	False	1598	73	0.0999	138.63	False	1598	73	0.0999	138.63	False
468	139	430	18	17	68	17	68	198	153	243	78	15	78	15	True	True	0.9009	0.3588	67.81	43.8917	-116.7687	0.0	0.0	17.0	68.0	6.0	330.0	347.0	1388.0	6.0	330.0	347.0	1388.0	78	78	0.9009	67.81	True	1598	198	0.2483	344.63	False	1598	198	0.2483	344.63	False
546	189	539	18	17	68	17	68	740	695	785	78	15	78	15	True	True	0.9009	0.3588	68.0	42.99685	-115.38333	0.0	0.0	17.0	68.0	4.0	37.0	54.0	216.0	8.0	69.0	86.0	344.0	78	78	0.9009	68.0	True	249	249	0.9008	215.78	True	396	396	0.9003	339.37	True
547	189	540	18	17	68	17	68	518	473	563	78	15	78	15	True	True	0.9009	0.3588	68.0	42.99685	-115.38333	0.0	0.0	17.0	68.0	4.0	37.0	54.0	216.0	8.0	69.0	86.0	344.0	78	78	0.9009	68.0	True	249	249	0.9008	214.24	True	396	396	0.9003	327.15	True
548	189	541	18	17	68	17	68	1097	1052	1143	78	15	78	15	True	True	0.9009	0.3588	68.0	42.99685	-115.38333	0.0	0.0	17.0	68.0	4.0	37.0	54.0	216.0	8.0	69.0	86.0	344.0	78	78	0.9009	68.0	True	249	249	0.9008	215.99	True	396	396	0.9003	343.42	True
549	189	542	18	17	68	17	68	805	760	850	78	15	78	15	True	True	0.9009	0.3588	68.0	42.99685	-115.38333	0.0	0.0	17.0	68.0	4.0	37.0	54.0	216.0	8.0	69.0	86.0	344.0	78	78	0.9009	68.0	True	249	249	0.9008	215.88	True	396	396	0.9003	340.83	True
739	231	728	18	17	68	17	68	2463	2417	2508	78	15	78	15	True	True	0.9009	0.3588	68.0	43.00157	-115.5896	0.0	0.0	17.0	68.0	2.0	190.0	207.0	828.0	5.0	286.0	303.0	1212.0	78	78	0.9009	68.0	True	953	953	0.9001	825.85	True	1395	1395	0.9	1191.22	True
740	231	729	18	17	68	17	68	1038	993	1083	78	15	78	15	True	True	0.9009	0.3588	68.0	43.00157	-115.5896	0.0	0.0	17.0	68.0	2.0	190.0	207.0	828.0	5.0	286.0	303.0	1212.0	78	78	0.9009	68.0	True	953	953	0.9001	760.63	True	1395	1038	0.8198	993.57	False
741	231	730	18	17	68	17	68	2761	2716	2806	78	15	78	15	True	True	0.9009	0.3588	68.0	43.00157	-115.5896	0.0	0.0	17.0	68.0	2.0	190.0	207.0	828.0	5.0	286.0	303.0	1212.0	78	78	0.9009	68.0	True	953	953	0.9001	826.95	True	1395	1395	0.9	1199.29	True
742	231	731	18	17	68	17	68	3359	3314	3404	78	15	78	15	True	True	0.9009	0.3588	68.0	43.00157	-115.5896	0.0	0.0	17.0	68.0	2.0	190.0	207.0	828.0	5.0	286.0	303.0	1212.0	78	78	0.9009	68.0	True	953	953	0.9001	827.75	True	1395	1395	0.9	1207.27	True
34	13	77	19	18	72	18	72	1856	1810	1901	83	15	83	15	True	True	0.9019	0.3427	72.0															83	83	0.9019	72.0	True	83	83	0.9019	72.0	True	83	83	0.9019	72.0	True
35	13	78	19	18	72	18	72	5684	5639	5730	83	15	83	15	True	True	0.9019	0.3427	72.0															83	83	0.9019	72.0	True	83	83	0.9019	72.0	True	83	83	0.9019	72.0	True
36	13	79	19	18	72	18	72	4611	4566	4657	83	15	83	15	True	True	0.9019	0.3427	72.0															83	83	0.9019	72.0	True	83	83	0.9019	72.0	True	83	83	0.9019	72.0	True
37	13	80	19	18	72	18	72	944	899	990	83	15	83	15	True	True	0.9019	0.3427	72.0															83	83	0.9019	72.0	True	83	83	0.9019	72.0	True	83	83	0.9019	72.0	True
38	13	81	19	18	72	18	72	1600	1555	1646	83	15	83	15	True	True	0.9019	0.3427	72.0															83	83	0.9019	72.0	True	83	83	0.9019	72.0	True	83	83	0.9019	72.0	True
55	20	85	19	18	72	18	72	446	401	491	83	15	83	15	True	True	0.9019	0.3427	72.0	43.7371	-116.4405	0.0	0.0	18.0	72.0	1.0	22.0	40.0	160.0	4.0	42.0	60.0	240.0	83	83	0.9019	72.0	True	184	184	0.9005	159.4	True	276	276	0.9002	234.21	True
56	20	86	19	18	72	18	72	562	516	607	83	15	83	15	True	True	0.9019	0.3427	72.0	43.7371	-116.4405	0.0	0.0	18.0	72.0	1.0	22.0	40.0	160.0	4.0	42.0	60.0	240.0	83	83	0.9019	72.0	True	184	184	0.9005	159.86	True	276	276	0.9002	237.8	True
57	20	87	19	18	72	18	72	433	388	479	83	15	83	15	True	True	0.9019	0.3427	72.0	43.7371	-116.4405	0.0	0.0	18.0	72.0	1.0	22.0	40.0	160.0	4.0	42.0	60.0	240.0	83	83	0.9019	72.0	True	184	184	0.9005	159.3	True	276	276	0.9002	233.55	True
58	20	88	19	18	72	18	72	802	757	848	83	15	83	15	True	True	0.9019	0.3427	72.0	43.7371	-116.4405	0.0	0.0	18.0	72.0	1.0	22.0	40.0	160.0	4.0	42.0	60.0	240.0	83	83	0.9019	72.0	True	184	184	0.9005	159.99	True	276	276	0.9002	239.7	True
179	48	228	19	18	72	18	72	562	517	608	83	15	83	15	True	True	0.9019	0.3427	72.0	43.8877	-116.8068	1.0	6.0	24.0	96.0	1.0	6.0	24.0	96.0	2.0	35.0	53.0	212.0	110	110	0.9001	96.0	True	110	110	0.9001	96.0	True	244	244	0.9005	210.96	True
180	48	229	19	18	72	18	72	2675	2629	2720	83	15	83	15	True	True	0.9019	0.3427	72.0	43.8877	-116.8068	1.0	6.0	24.0	96.0	1.0	6.0	24.0	96.0	2.0	35.0	53.0	212.0	110	110	0.9001	96.0	True	110	110	0.9001	96.0	True	244	244	0.9005	212.0	True
181	48	230	19	18	72	18	72	3258	3213	3304	83	15	83	15	True	True	0.9019	0.3427	72.0	43.8877	-116.8068	1.0	6.0	24.0	96.0	1.0	6.0	24.0	96.0	2.0	35.0	53.0	212.0	110	110	0.9001	96.0	True	110	110	0.9001	96.0	True	244	244	0.9005	212.0	True
182	48	231	19	18	72	18	72	1110	1064	1155	83	15	83	15	True	True	0.9019	0.3427	72.0	43.8877	-116.8068	1.0	6.0	24.0	96.0	1.0	6.0	24.0	96.0	2.0	35.0	53.0	212.0	110	110	0.9001	96.0	True	110	110	0.9001	96.0	True	244	244	0.9005	211.99	True
183	48	232	19	18	72	18	72	679	633	724	83	15	83	15	True	True	0.9019	0.3427	72.0	43.8877	-116.8068	1.0	6.0	24.0	96.0	1.0	6.0	24.0	96.0	2.0	35.0	53.0	212.0	110	110	0.9001	96.0	True	110	110	0.9001	96.0	True	244	244	0.9005	211.66	True
184	48	233	19	18	72	18	72	2382	2337	2428	83	15	83	15	True	True	0.9019	0.3427	72.0	43.8877	-116.8068	1.0	6.0	24.0	96.0	1.0	6.0	24.0	96.0	2.0	35.0	53.0	212.0	110	110	0.9001	96.0	True	110	110	0.9001	96.0	True	244	244	0.9005	212.0	True
185	48	234	19	18	72	18	72	1465	1419	1510	83	15	83	15	True	True	0.9019	0.3427	72.0	43.8877	-116.8068	1.0	6.0	24.0	96.0	1.0	6.0	24.0	96.0	2.0	35.0	53.0	212.0	110	110	0.9001	96.0	True	110	110	0.9001	96.0	True	244	244	0.9005	212.0	True
186	48	235	19	18	72	18	72	180	135	226	83	15	83	15	True	True	0.9019	0.3427	71.53	43.8877	-116.8068	1.0	6.0	24.0	96.0	1.0	6.0	24.0	96.0	2.0	35.0	53.0	212.0	110	110	0.9001	93.79	True	110	110	0.9001	93.79	True	244	180	0.8177	173.35	False
187	48	236	19	18	72	18	72	3219	3173	3264	83	15	83	15	True	True	0.9019	0.3427	72.0	43.8877	-116.8068	1.0	6.0	24.0	96.0	1.0	6.0	24.0	96.0	2.0	35.0	53.0	212.0	110	110	0.9001	96.0	True	110	110	0.9001	96.0	True	244	244	0.9005	212.0	True
188	48	237	19	18	72	18	72	2172	2126	2217	83	15	83	15	True	True	0.9019	0.3427	72.0	43.8877	-116.8068	1.0	6.0	24.0	96.0	1.0	6.0	24.0	96.0	2.0	35.0	53.0	212.0	110	110	0.9001	96.0	True	110	110	0.9001	96.0	True	244	244	0.9005	212.0	True
189	48	238	19	18	72	18	72	2354	2309	2400	83	15	83	15	True	True	0.9019	0.3427	72.0	43.8877	-116.8068	1.0	6.0	24.0	96.0	1.0	6.0	24.0	96.0	2.0	35.0	53.0	212.0	110	110	0.9001	96.0	True	110	110	0.9001	96.0	True	244	244	0.9005	212.0	True
562	184	560	19	18	72	18	72	194	148	239	83	15	83	15	True	True	0.9019	0.3427	71.68	42.99696	-115.38308	0.0	0.0	18.0	72.0	7.0	64.0	82.0	328.0	11.0	113.0	131.0	524.0	83	83	0.9019	71.68	True	378	194	0.6942	227.69	False	603	194	0.5234	274.28	False
563	184	561	19	18	72	18	72	508	462	553	83	15	83	15	True	True	0.9019	0.3427	72.0	42.99696	-115.38308	0.0	0.0	18.0	72.0	7.0	64.0	82.0	328.0	11.0	113.0	131.0	524.0	83	83	0.9019	72.0	True	378	378	0.9006	313.26	True	603	508	0.8564	448.76	False
564	184	562	19	18	72	18	72	142	97	187	83	15	83	15	True	True	0.9019	0.3427	70.64	42.99696	-115.38308	0.0	0.0	18.0	72.0	7.0	64.0	82.0	328.0	11.0	113.0	131.0	524.0	83	83	0.9019	70.64	True	378	142	0.5799	190.2	False	603	142	0.4187	219.4	False
565	184	563	19	18	72	18	72	696	651	741	83	15	83	15	True	True	0.9019	0.3427	72.0	42.99696	-115.38308	0.0	0.0	18.0	72.0	7.0	64.0	82.0	328.0	11.0	113.0	131.0	524.0	83	83	0.9019	72.0	True	378	378	0.9006	323.32	True	603	603	0.9001	487.31	True
566	184	564	19	18	72	18	72	189	144	234	83	15	83	15	True	True	0.9019	0.3427	71.63	42.99696	-115.38308	0.0	0.0	18.0	72.0	7.0	64.0	82.0	328.0	11.0	113.0	131.0	524.0	83	83	0.9019	71.64	True	378	189	0.6847	224.58	False	603	189	0.5143	269.47	False
405	111	444	20	19	76	19	76	1167	1122	1213	87	15	87	15	True	True	0.9002	0.3279	76.0	43.40812	-116.49117	0.0	0.0	19.0	76.0	0.0	0.0	19.0	76.0	6.0	308.0	327.0	1308.0	87	87	0.9002	76.0	True	87	87	0.9002	76.0	True	1506	1167	0.8322	1088.54	False
406	111	445	20	19	76	19	76	1382	1336	1427	87	15	87	15	True	True	0.9002	0.3279	76.0	43.40812	-116.49117	0.0	0.0	19.0	76.0	0.0	0.0	19.0	76.0	6.0	308.0	327.0	1308.0	87	87	0.9002	76.0	True	87	87	0.9002	76.0	True	1506	1382	0.8792	1150.05	False
407	111	446	20	19	76	19	76	803	758	848	87	15	87	15	True	True	0.9002	0.3279	76.0	43.40812	-116.49117	0.0	0.0	19.0	76.0	0.0	0.0	19.0	76.0	6.0	308.0	327.0	1308.0	87	87	0.9002	76.0	True	87	87	0.9002	76.0	True	1506	803	0.7072	925.03	False
408	111	447	20	19	76	19	76	1775	1729	1820	87	15	87	15	True	True	0.9002	0.3279	76.0	43.40812	-116.49117	0.0	0.0	19.0	76.0	0.0	0.0	19.0	76.0	6.0	308.0	327.0	1308.0	87	87	0.9002	76.0	True	87	87	0.9002	76.0	True	1506	1506	0.9001	1221.41	True
409	111	448	20	19	76	19	76	1709	1664	1754	87	15	87	15	True	True	0.9002	0.3279	76.0	43.40812	-116.49117	0.0	0.0	19.0	76.0	0.0	0.0	19.0	76.0	6.0	308.0	327.0	1308.0	87	87	0.9002	76.0	True	87	87	0.9002	76.0	True	1506	1506	0.9001	1212.22	True
702	221	676	20	19	76	19	76	91	46	136	87	15	87	15	True	True	0.9002	0.3279	69.15	43.30495	-116.1007	0.0	0.0	19.0	76.0	0.0	0.0	19.0	76.0	0.0	0.0	19.0	76.0	87	87	0.9002	69.18	True	87	87	0.9002	69.18	True	87	87	0.9002	69.18	True
703	221	677	20	19	76	19	76	107	61	152	87	15	87	15	True	True	0.9002	0.3279	71.49	43.30495	-116.1007	0.0	0.0	19.0	76.0	0.0	0.0	19.0	76.0	0.0	0.0	19.0	76.0	87	87	0.9002	71.54	True	87	87	0.9002	71.54	True	87	87	0.9002	71.54	True
75	27	82	21	20	80	20	80	2023	1978	2068	92	15	92	15	True	True	0.9012	0.3143	80.0	43.7365	-116.4404	0.0	0.0	20.0	80.0	4.0	210.0	230.0	920.0	14.0	371.0	391.0	1564.0	92	92	0.9012	80.0	True	1059	1059	0.9001	908.71	True	1801	1801	0.9001	1446.41	True
76	27	83	21	20	80	20	80	975	930	1020	92	15	92	15	True	True	0.9012	0.3143	80.0	43.7365	-116.4404	0.0	0.0	20.0	80.0	4.0	210.0	230.0	920.0	14.0	371.0	391.0	1564.0	92	92	0.9012	80.0	True	1059	975	0.8801	809.65	False	1801	975	0.7127	1114.65	False
694	204	717	21	20	80	20	80	208	162	253	92	15	92	15	True	True	0.9012	0.3143	79.57	43.30637	-116.10352	0.0	0.0	20.0	80.0	0.0	0.0	20.0	80.0	1.0	11.0	31.0	124.0	92	92	0.9012	79.57	True	92	92	0.9012	79.57	True	143	143	0.9013	119.73	True
695	204	718	21	20	80	20	80	193	148	238	92	15	92	15	True	True	0.9012	0.3143	79.38	43.30637	-116.10352	0.0	0.0	20.0	80.0	0.0	0.0	20.0	80.0	1.0	11.0	31.0	124.0	92	92	0.9012	79.38	True	92	92	0.9012	79.38	True	143	143	0.9013	118.55	True
696	204	719	21	20	80	20	80	183	137	228	92	15	92	15	True	True	0.9012	0.3143	79.19	43.30637	-116.10352	0.0	0.0	20.0	80.0	0.0	0.0	20.0	80.0	1.0	11.0	31.0	124.0	92	92	0.9012	79.2	True	92	92	0.9012	79.2	True	143	143	0.9013	117.6	True
697	204	720	21	20	80	20	80	336	291	382	92	15	92	15	True	True	0.9012	0.3143	79.98	43.30637	-116.10352	0.0	0.0	20.0	80.0	0.0	0.0	20.0	80.0	1.0	11.0	31.0	124.0	92	92	0.9012	79.98	True	92	92	0.9012	79.98	True	143	143	0.9013	123.46	True
698	204	721	21	20	80	20	80	22	-23	67	92	15	22	15	False	True	0.425	0.3143	34.21	43.30637	-116.10352	0.0	0.0	20.0	80.0	0.0	0.0	20.0	80.0	1.0	11.0	31.0	124.0	92	22	0.425	34.0	False	92	22	0.425	34.0	False	143	22	0.2997	37.17	False
50	17	90	22	21	84	21	84	1518	1473	1564	97	15	97	15	True	True	0.9021	0.3018	84.0	43.7366	-116.4399	1.0	48.0	69.0	276.0	4.0	78.0	99.0	396.0	10.0	327.0	348.0	1392.0	318	318	0.9006	276.0	True	456	456	0.9003	395.82	True	1603	1518	0.8872	1234.93	False
51	17	91	22	21	84	21	84	4981	4936	5026	97	15	97	15	True	True	0.9021	0.3018	84.0	43.7366	-116.4399	1.0	48.0	69.0	276.0	4.0	78.0	99.0	396.0	10.0	327.0	348.0	1392.0	318	318	0.9006	276.0	True	456	456	0.9003	396.0	True	1603	1603	0.9001	1390.92	True
52	17	92	22	21	84	21	84	2327	2281	2372	97	15	97	15	True	True	0.9021	0.3018	84.0	43.7366	-116.4399	1.0	48.0	69.0	276.0	4.0	78.0	99.0	396.0	10.0	327.0	348.0	1392.0	318	318	0.9006	276.0	True	456	456	0.9003	396.0	True	1603	1603	0.9001	1342.9	True
60	22	51	22	21	84	21	84	1976	1930	2021	97	15	97	15	True	True	0.9021	0.3018	84.0	43.7369	-116.4406	0.0	0.0	21.0	84.0	4.0	36.0	57.0	228.0	10.0	270.0	291.0	1164.0	97	97	0.9021	84.0	True	262	262	0.9001	228.0	True	1340	1340	0.9001	1125.02	True
61	22	52	22	21	84	21	84	2063	2018	2108	97	15	97	15	True	True	0.9021	0.3018	84.0	43.7369	-116.4406	0.0	0.0	21.0	84.0	4.0	36.0	57.0	228.0	10.0	270.0	291.0	1164.0	97	97	0.9021	84.0	True	262	262	0.9001	228.0	True	1340	1340	0.9001	1130.44	True
138	38	147	22	21	84	21	84	894	849	939	97	15	97	15	True	True	0.9021	0.3018	84.0	43.3261	-115.9227	0.0	0.0	21.0	84.0	2.0	43.0	64.0	256.0	3.0	45.0	66.0	264.0	97	97	0.9021	84.0	True	295	295	0.9007	255.77	True	304	304	0.9005	263.7	True
139	38	148	22	21	84	21	84	95	49	140	97	15	95	15	False	True	0.8973	0.3018	75.29	43.3261	-115.9227	0.0	0.0	21.0	84.0	2.0	43.0	64.0	256.0	3.0	45.0	66.0	264.0	97	95	0.8973	75.37	False	295	95	0.5246	134.3	False	304	95	0.5138	135.63	False
140	38	149	22	21	84	21	84	393	348	438	97	15	97	15	True	True	0.9021	0.3018	83.99	43.3261	-115.9227	0.0	0.0	21.0	84.0	2.0	43.0	64.0	256.0	3.0	45.0	66.0	264.0	97	97	0.9021	83.99	True	295	295	0.9007	244.19	True	304	304	0.9005	250.63	True
204	74	118	22	21	84	21	84	35	-11	80	97	15	35	15	False	True	0.5676	0.3018	47.36	43.48766	-116.28665	0.0	0.0	21.0	84.0	0.0	0.0	21.0	84.0	1.0	76.0	97.0	388.0	97	35	0.5676	47.68	False	97	35	0.5676	47.68	False	447	35	0.1653	64.12	False
205	74	119	22	21	84	21	84	81	35	126	97	15	81	15	False	True	0.8563	0.3018	71.85	43.48766	-116.28665	0.0	0.0	21.0	84.0	0.0	0.0	21.0	84.0	1.0	76.0	97.0	388.0	97	81	0.8563	71.93	False	97	81	0.8563	71.93	False	447	81	0.3417	132.57	False
206	74	120	22	21	84	21	84	42	-3	87	97	15	42	15	False	True	0.6343	0.3018	53.23	43.48766	-116.28665	0.0	0.0	21.0	84.0	0.0	0.0	21.0	84.0	1.0	76.0	97.0	388.0	97	42	0.6343	53.28	False	97	42	0.6343	53.28	False	447	42	0.1949	75.62	False
207	74	121	22	21	84	21	84	196	150	241	97	15	97	15	True	True	0.9021	0.3018	83.23	43.48766	-116.28665	0.0	0.0	21.0	84.0	0.0	0.0	21.0	84.0	1.0	76.0	97.0	388.0	97	97	0.9021	83.23	True	97	97	0.9021	83.23	True	447	196	0.6364	246.91	False
321	67	362	23	22	88	22	88	3602	3556	3647	101	15	101	15	True	True	0.9006	0.2903	88.0	43.38402	-116.473	1.0	28.0	50.0	200.0	3.0	58.0	80.0	320.0	3.0	58.0	80.0	320.0	230	230	0.9003	200.0	True	368	368	0.9001	320.0	True	368	368	0.9001	320.0	True
322	67	363	23	22	88	22	88	467	421	512	101	15	101	15	True	True	0.9006	0.2903	88.0	43.38402	-116.473	1.0	28.0	50.0	200.0	3.0	58.0	80.0	320.0	3.0	58.0	80.0	320.0	230	230	0.9003	198.15	True	368	368	0.9001	302.8	True	368	368	0.9001	302.8	True
323	67	364	23	22	88	22	88	3147	3102	3192	101	15	101	15	True	True	0.9006	0.2903	88.0	43.38402	-116.473	1.0	28.0	50.0	200.0	3.0	58.0	80.0	320.0	3.0	58.0	80.0	320.0	230	230	0.9003	200.0	True	368	368	0.9001	320.0	True	368	368	0.9001	320.0	True
324	67	365	23	22	88	22	88	1723	1677	1768	101	15	101	15	True	True	0.9006	0.2903	88.0	43.38402	-116.473	1.0	28.0	50.0	200.0	3.0	58.0	80.0	320.0	3.0	58.0	80.0	320.0	230	230	0.9003	200.0	True	368	368	0.9001	319.99	True	368	368	0.9001	319.99	True
325	67	366	23	22	88	22	88	417	372	462	101	15	101	15	True	True	0.9006	0.2903	87.99	43.38402	-116.473	1.0	28.0	50.0	200.0	3.0	58.0	80.0	320.0	3.0	58.0	80.0	320.0	230	230	0.9003	196.94	True	368	368	0.9001	296.48	True	368	368	0.9001	296.48	True
326	67	367	23	22	88	22	88	1502	1456	1547	101	15	101	15	True	True	0.9006	0.2903	88.0	43.38402	-116.473	1.0	28.0	50.0	200.0	3.0	58.0	80.0	320.0	3.0	58.0	80.0	320.0	230	230	0.9003	200.0	True	368	368	0.9001	319.97	True	368	368	0.9001	319.97	True
327	67	368	23	22	88	22	88	872	827	917	101	15	101	15	True	True	0.9006	0.2903	88.0	43.38402	-116.473	1.0	28.0	50.0	200.0	3.0	58.0	80.0	320.0	3.0	58.0	80.0	320.0	230	230	0.9003	199.97	True	368	368	0.9001	318.64	True	368	368	0.9001	318.64	True
328	67	369	23	22	88	22	88	572	527	617	101	15	101	15	True	True	0.9006	0.2903	88.0	43.38402	-116.473	1.0	28.0	50.0	200.0	3.0	58.0	80.0	320.0	3.0	58.0	80.0	320.0	230	230	0.9003	199.35	True	368	368	0.9001	311.09	True	368	368	0.9001	311.09	True
155	43	189	24	23	92	23	92	316	271	361	106	15	106	15	True	True	0.9014	0.2795	91.91	43.5079	-116.2797	0.0	0.0	23.0	92.0	1.0	19.0	42.0	168.0	8.0	498.0	521.0	2084.0	106	106	0.9014	91.91	True	193	193	0.9002	164.14	True	2399	316	0.2616	545.28	False
156	43	190	24	23	92	23	92	306	261	352	106	15	106	15	True	True	0.9014	0.2795	91.89	43.5079	-116.2797	0.0	0.0	23.0	92.0	1.0	19.0	42.0	168.0	8.0	498.0	521.0	2084.0	106	106	0.9014	91.89	True	193	193	0.9002	163.65	True	2399	306	0.2545	530.43	False
555	186	548	26	25	100	25	100	354	309	400	115	15	115	15	True	True	0.9009	0.2603	99.92	42.99724	-115.38277	0.0	0.0	25.0	100.0	0.0	0.0	25.0	100.0	5.0	52.0	77.0	308.0	115	115	0.9009	99.92	True	115	115	0.9009	99.92	True	355	354	0.9	277.2	False
556	186	549	26	25	100	25	100	381	335	426	115	15	115	15	True	True	0.9009	0.2603	99.95	42.99724	-115.38277	0.0	0.0	25.0	100.0	0.0	0.0	25.0	100.0	5.0	52.0	77.0	308.0	115	115	0.9009	99.95	True	115	115	0.9009	99.95	True	355	355	0.9006	282.16	True
557	186	550	26	25	100	25	100	419	374	464	115	15	115	15	True	True	0.9009	0.2603	99.98	42.99724	-115.38277	0.0	0.0	25.0	100.0	0.0	0.0	25.0	100.0	5.0	52.0	77.0	308.0	115	115	0.9009	99.98	True	115	115	0.9009	99.98	True	355	355	0.9006	287.82	True
558	186	551	26	25	100	25	100	686	640	731	115	15	115	15	True	True	0.9009	0.2603	100.0	42.99724	-115.38277	0.0	0.0	25.0	100.0	0.0	0.0	25.0	100.0	5.0	52.0	77.0	308.0	115	115	0.9009	100.0	True	115	115	0.9009	100.0	True	355	355	0.9006	304.45	True
559	186	552	26	25	100	25	100	394	349	440	115	15	115	15	True	True	0.9009	0.2603	99.96	42.99724	-115.38277	0.0	0.0	25.0	100.0	0.0	0.0	25.0	100.0	5.0	52.0	77.0	308.0	115	115	0.9009	99.96	True	115	115	0.9009	99.96	True	355	355	0.9006	284.25	True
713	224	760	26	25	100	25	100	670	624	715	115	15	115	15	True	True	0.9009	0.2603	100.0	43.00315	-115.59061	0.0	0.0	25.0	100.0	0.0	0.0	25.0	100.0	5.0	254.0	279.0	1116.0	115	115	0.9009	100.0	True	115	115	0.9009	100.0	True	1285	670	0.6992	780.29	False
714	224	761	26	25	100	25	100	2843	2798	2888	115	15	115	15	True	True	0.9009	0.2603	100.0	43.00315	-115.59061	0.0	0.0	25.0	100.0	0.0	0.0	25.0	100.0	5.0	254.0	279.0	1116.0	115	115	0.9009	100.0	True	115	115	0.9009	100.0	True	1285	1285	0.9001	1109.18	True
715	224	762	26	25	100	25	100	1996	1950	2041	115	15	115	15	True	True	0.9009	0.2603	100.0	43.00315	-115.59061	0.0	0.0	25.0	100.0	0.0	0.0	25.0	100.0	5.0	254.0	279.0	1116.0	115	115	0.9009	100.0	True	115	115	0.9009	100.0	True	1285	1285	0.9001	1084.85	True
716	224	763	26	25	100	25	100	949	904	994	115	15	115	15	True	True	0.9009	0.2603	100.0	43.00315	-115.59061	0.0	0.0	25.0	100.0	0.0	0.0	25.0	100.0	5.0	254.0	279.0	1116.0	115	115	0.9009	100.0	True	115	115	0.9009	100.0	True	1285	949	0.8176	912.43	False
717	224	764	26	25	100	25	100	1689	1644	1734	115	15	115	15	True	True	0.9009	0.2603	100.0	43.00315	-115.59061	0.0	0.0	25.0	100.0	0.0	0.0	25.0	100.0	5.0	254.0	279.0	1116.0	115	115	0.9009	100.0	True	115	115	0.9009	100.0	True	1285	1285	0.9001	1061.98	True
718	224	765	26	25	100	25	100	2570	2525	2615	115	15	115	15	True	True	0.9009	0.2603	100.0	43.00315	-115.59061	0.0	0.0	25.0	100.0	0.0	0.0	25.0	100.0	5.0	254.0	279.0	1116.0	115	115	0.9009	100.0	True	115	115	0.9009	100.0	True	1285	1285	0.9001	1104.87	True
39	14	69	27	26	104	26	104	469	424	514	120	15	120	15	True	True	0.9016	0.2516	103.99	43.7365	-116.4398	0.0	0.0	26.0	104.0	4.0	78.0	104.0	416.0	9.0	320.0	346.0	1384.0	120	120	0.9016	103.99	True	479	469	0.8954	372.48	False	1593	469	0.4924	681.43	False
40	14	70	27	26	104	26	104	1584	1539	1629	120	15	120	15	True	True	0.9016	0.2516	104.0	43.7365	-116.4398	0.0	0.0	26.0	104.0	4.0	78.0	104.0	416.0	9.0	320.0	346.0	1384.0	120	120	0.9016	104.0	True	479	479	0.9003	415.8	True	1593	1584	0.8987	1243.83	False
41	14	71	27	26	104	26	104	2367	2322	2412	120	15	120	15	True	True	0.9016	0.2516	104.0	43.7365	-116.4398	0.0	0.0	26.0	104.0	4.0	78.0	104.0	416.0	9.0	320.0	346.0	1384.0	120	120	0.9016	104.0	True	479	479	0.9003	416.0	True	1593	1593	0.9	1338.81	True
42	14	72	27	26	104	26	104	164	119	210	120	15	120	15	True	True	0.9016	0.2516	99.65	43.7365	-116.4398	0.0	0.0	26.0	104.0	4.0	78.0	104.0	416.0	9.0	320.0	346.0	1384.0	120	120	0.9016	99.63	True	479	164	0.5459	227.09	False	1593	164	0.2111	292.12	False
169	47	170	27	26	104	26	104	2208	2162	2253	120	15	120	15	True	True	0.9016	0.2516	104.0	43.5098	-116.29137	0.0	0.0	26.0	104.0	0.0	0.0	26.0	104.0	0.0	0.0	26.0	104.0	120	120	0.9016	104.0	True	120	120	0.9016	104.0	True	120	120	0.9016	104.0	True
170	47	171	27	26	104	26	104	645	600	690	120	15	120	15	True	True	0.9016	0.2516	104.0	43.5098	-116.29137	0.0	0.0	26.0	104.0	0.0	0.0	26.0	104.0	0.0	0.0	26.0	104.0	120	120	0.9016	104.0	True	120	120	0.9016	104.0	True	120	120	0.9016	104.0	True
171	47	172	27	26	104	26	104	282	237	327	120	15	120	15	True	True	0.9016	0.2516	103.55	43.5098	-116.29137	0.0	0.0	26.0	104.0	0.0	0.0	26.0	104.0	0.0	0.0	26.0	104.0	120	120	0.9016	103.55	True	120	120	0.9016	103.55	True	120	120	0.9016	103.55	True
172	47	173	27	26	104	26	104	181	135	226	120	15	120	15	True	True	0.9016	0.2516	100.83	43.5098	-116.29137	0.0	0.0	26.0	104.0	0.0	0.0	26.0	104.0	0.0	0.0	26.0	104.0	120	120	0.9016	100.85	True	120	120	0.9016	100.85	True	120	120	0.9016	100.85	True
173	47	174	27	26	104	26	104	141	96	187	120	15	120	15	True	True	0.9016	0.2516	97.23	43.5098	-116.29137	0.0	0.0	26.0	104.0	0.0	0.0	26.0	104.0	0.0	0.0	26.0	104.0	120	120	0.9016	97.18	True	120	120	0.9016	97.18	True	120	120	0.9016	97.18	True
313	66	379	27	26	104	26	104	1015	970	1061	120	15	120	15	True	True	0.9016	0.2516	104.0	43.3841	-116.47294	0.0	0.0	26.0	104.0	3.0	54.0	80.0	320.0	3.0	54.0	80.0	320.0	120	120	0.9016	104.0	True	368	368	0.9001	319.44	True	368	368	0.9001	319.44	True
314	66	380	27	26	104	26	104	3697	3651	3742	120	15	120	15	True	True	0.9016	0.2516	104.0	43.3841	-116.47294	0.0	0.0	26.0	104.0	3.0	54.0	80.0	320.0	3.0	54.0	80.0	320.0	120	120	0.9016	104.0	True	368	368	0.9001	320.0	True	368	368	0.9001	320.0	True
315	66	381	27	26	104	26	104	1249	1203	1294	120	15	120	15	True	True	0.9016	0.2516	104.0	43.3841	-116.47294	0.0	0.0	26.0	104.0	3.0	54.0	80.0	320.0	3.0	54.0	80.0	320.0	120	120	0.9016	104.0	True	368	368	0.9001	319.87	True	368	368	0.9001	319.87	True
316	66	382	27	26	104	26	104	379	334	424	120	15	120	15	True	True	0.9016	0.2516	103.93	43.3841	-116.47294	0.0	0.0	26.0	104.0	3.0	54.0	80.0	320.0	3.0	54.0	80.0	320.0	120	120	0.9016	103.93	True	368	368	0.9001	290.16	True	368	368	0.9001	290.16	True
317	66	383	27	26	104	26	104	690	644	735	120	15	120	15	True	True	0.9016	0.2516	104.0	43.3841	-116.47294	0.0	0.0	26.0	104.0	3.0	54.0	80.0	320.0	3.0	54.0	80.0	320.0	120	120	0.9016	104.0	True	368	368	0.9001	315.74	True	368	368	0.9001	315.74	True
318	66	384	27	26	104	26	104	115	70	160	120	15	115	15	False	True	0.8916	0.2516	92.69	43.3841	-116.47294	0.0	0.0	26.0	104.0	3.0	54.0	80.0	320.0	3.0	54.0	80.0	320.0	120	115	0.8916	92.73	False	368	115	0.5132	164.22	False	368	115	0.5132	164.22	False
319	66	385	27	26	104	26	104	958	913	1004	120	15	120	15	True	True	0.9016	0.2516	104.0	43.3841	-116.47294	0.0	0.0	26.0	104.0	3.0	54.0	80.0	320.0	3.0	54.0	80.0	320.0	120	120	0.9016	104.0	True	368	368	0.9001	319.2	True	368	368	0.9001	319.2	True
320	66	386	27	26	104	26	104	1221	1175	1266	120	15	120	15	True	True	0.9016	0.2516	104.0	43.3841	-116.47294	0.0	0.0	26.0	104.0	3.0	54.0	80.0	320.0	3.0	54.0	80.0	320.0	120	120	0.9016	104.0	True	368	368	0.9001	319.85	True	368	368	0.9001	319.85	True
400	110	431	27	26	104	26	104	1563	1518	1608	120	15	120	15	True	True	0.9016	0.2516	104.0	43.40752	-116.49149	1.0	1.0	27.0	108.0	1.0	1.0	27.0	108.0	1.0	1.0	27.0	108.0	124	124	0.9004	108.0	True	124	124	0.9004	108.0	True	124	124	0.9004	108.0	True
401	110	432	27	26	104	26	104	635	589	680	120	15	120	15	True	True	0.9016	0.2516	104.0	43.40752	-116.49149	1.0	1.0	27.0	108.0	1.0	1.0	27.0	108.0	1.0	1.0	27.0	108.0	124	124	0.9004	108.0	True	124	124	0.9004	108.0	True	124	124	0.9004	108.0	True
402	110	433	27	26	104	26	104	2164	2119	2210	120	15	120	15	True	True	0.9016	0.2516	104.0	43.40752	-116.49149	1.0	1.0	27.0	108.0	1.0	1.0	27.0	108.0	1.0	1.0	27.0	108.0	124	124	0.9004	108.0	True	124	124	0.9004	108.0	True	124	124	0.9004	108.0	True
403	110	434	27	26	104	26	104	259	213	304	120	15	120	15	True	True	0.9016	0.2516	103.3	43.40752	-116.49149	1.0	1.0	27.0	108.0	1.0	1.0	27.0	108.0	1.0	1.0	27.0	108.0	124	124	0.9004	107.13	True	124	124	0.9004	107.13	True	124	124	0.9004	107.13	True
404	110	435	27	26	104	26	104	2240	2195	2286	120	15	120	15	True	True	0.9016	0.2516	104.0	43.40752	-116.49149	1.0	1.0	27.0	108.0	1.0	1.0	27.0	108.0	1.0	1.0	27.0	108.0	124	124	0.9004	108.0	True	124	124	0.9004	108.0	True	124	124	0.9004	108.0	True
472	142	495	27	26	104	26	104	1368	1322	1413	120	15	120	15	True	True	0.9016	0.2516	104.0	43.00218	-115.42661	1.0	2.0	28.0	112.0	2.0	4.0	30.0	120.0	3.0	5.0	31.0	124.0	129	129	0.9011	112.0	True	138	138	0.9007	120.0	True	143	143	0.9013	124.0	True
473	142	496	27	26	104	26	104	231	185	276	120	15	120	15	True	True	0.9016	0.2516	102.79	43.00218	-115.42661	1.0	2.0	28.0	112.0	2.0	4.0	30.0	120.0	3.0	5.0	31.0	124.0	129	129	0.9011	110.22	True	138	138	0.9007	117.49	True	143	143	0.9013	121.06	True
474	142	497	27	26	104	26	104	1803	1758	1848	120	15	120	15	True	True	0.9016	0.2516	104.0	43.00218	-115.42661	1.0	2.0	28.0	112.0	2.0	4.0	30.0	120.0	3.0	5.0	31.0	124.0	129	129	0.9011	112.0	True	138	138	0.9007	120.0	True	143	143	0.9013	124.0	True
329	69	338	28	27	108	27	108	3111	3066	3156	124	15	124	15	True	True	0.9004	0.2435	108.0	43.38404	-116.47309	1.0	23.0	50.0	200.0	3.0	53.0	80.0	320.0	3.0	53.0	80.0	320.0	230	230	0.9003	200.0	True	368	368	0.9001	320.0	True	368	368	0.9001	320.0	True
330	69	339	28	27	108	27	108	5251	5205	5296	124	15	124	15	True	True	0.9004	0.2435	108.0	43.38404	-116.47309	1.0	23.0	50.0	200.0	3.0	53.0	80.0	320.0	3.0	53.0	80.0	320.0	230	230	0.9003	200.0	True	368	368	0.9001	320.0	True	368	368	0.9001	320.0	True
361	98	325	28	27	108	27	108	65	20	111	124	15	65	15	False	True	0.7016	0.2435	76.04	43.38633	-116.47855	0.0	0.0	27.0	108.0	9.0	77.0	104.0	416.0	11.0	129.0	156.0	624.0	124	65	0.7016	75.77	False	479	65	0.2687	111.76	False	718	65	0.1882	117.44	False
362	98	326	28	27	108	27	108	112	66	157	124	15	112	15	False	True	0.8755	0.2435	94.44	43.38633	-116.47855	0.0	0.0	27.0	108.0	9.0	77.0	104.0	416.0	11.0	129.0	156.0	624.0	124	112	0.8755	94.56	False	479	112	0.4167	173.36	False	718	112	0.3018	188.33	False
363	98	327	28	27	108	27	108	157	111	202	124	15	124	15	True	True	0.9004	0.2435	102.15	43.38633	-116.47855	0.0	0.0	27.0	108.0	9.0	77.0	104.0	416.0	11.0	129.0	156.0	624.0	124	124	0.9004	102.18	True	479	157	0.5303	220.62	False	718	157	0.3957	246.89	False
699	205	682	28	27	108	27	108	229	183	274	124	15	124	15	True	True	0.9004	0.2435	106.47	43.30391	-116.10362	0.0	0.0	27.0	108.0	0.0	0.0	27.0	108.0	0.0	0.0	27.0	108.0	124	124	0.9004	106.48	True	124	124	0.9004	106.48	True	124	124	0.9004	106.48	True
700	205	683	28	27	108	27	108	179	133	224	124	15	124	15	True	True	0.9004	0.2435	104.12	43.30391	-116.10362	0.0	0.0	27.0	108.0	0.0	0.0	27.0	108.0	0.0	0.0	27.0	108.0	124	124	0.9004	104.14	True	124	124	0.9004	104.14	True	124	124	0.9004	104.14	True
701	205	684	28	27	108	27	108	121	76	166	124	15	121	15	False	True	0.8947	0.2435	96.62	43.30391	-116.10362	0.0	0.0	27.0	108.0	0.0	0.0	27.0	108.0	0.0	0.0	27.0	108.0	124	121	0.8947	96.63	False	124	121	0.8947	96.63	False	124	121	0.8947	96.63	False
721	226	754	28	27	108	27	108	336	291	381	124	15	124	15	True	True	0.9004	0.2435	107.79	43.00267	-115.59057	2.0	73.0	100.0	400.0	3.0	81.0	108.0	432.0	7.0	316.0	343.0	1372.0	460	336	0.814	325.61	False	497	336	0.7893	340.98	False	1579	336	0.3874	531.46	False
722	226	755	28	27	108	27	108	174	129	219	124	15	124	15	True	True	0.9004	0.2435	103.77	43.00267	-115.59057	2.0	73.0	100.0	400.0	3.0	81.0	108.0	432.0	7.0	316.0	343.0	1372.0	460	174	0.5815	232.6	False	497	174	0.5536	239.15	False	1579	174	0.2241	307.47	False
723	226	756	28	27	108	27	108	127	82	172	124	15	124	15	True	True	0.9004	0.2435	97.8	43.00267	-115.59057	2.0	73.0	100.0	400.0	3.0	81.0	108.0	432.0	7.0	316.0	343.0	1372.0	460	127	0.4705	188.19	False	497	127	0.4449	192.21	False	1579	127	0.1691	231.95	False
724	226	757	28	27	108	27	108	751	706	796	124	15	124	15	True	True	0.9004	0.2435	108.0	43.00267	-115.59057	2.0	73.0	100.0	400.0	3.0	81.0	108.0	432.0	7.0	316.0	343.0	1372.0	460	460	0.9	390.68	True	497	497	0.9001	418.7	True	1579	751	0.6655	913.08	False
725	226	758	28	27	108	27	108	216	171	262	124	15	124	15	True	True	0.9004	0.2435	106.07	43.00267	-115.59057	2.0	73.0	100.0	400.0	3.0	81.0	108.0	432.0	7.0	316.0	343.0	1372.0	460	216	0.6609	264.35	False	497	216	0.6325	273.26	False	1579	216	0.2702	370.71	False
726	226	759	28	27	108	27	108	218	173	263	124	15	124	15	True	True	0.9004	0.2435	106.12	43.00267	-115.59057	2.0	73.0	100.0	400.0	3.0	81.0	108.0	432.0	7.0	316.0	343.0	1372.0	460	218	0.6642	265.7	False	497	218	0.6359	274.72	False	1579	218	0.2723	373.63	False
736	230	747	28	27	108	27	108	3094	3049	3139	124	15	124	15	True	True	0.9004	0.2435	108.0	43.00173	-115.5899	1.0	17.0	44.0	176.0	2.0	164.0	191.0	764.0	4.0	225.0	252.0	1008.0	203	203	0.9011	176.0	True	880	880	0.9003	763.77	True	1160	1160	0.9	1005.83	True
737	230	748	28	27	108	27	108	903	858	949	124	15	124	15	True	True	0.9004	0.2435	108.0	43.00173	-115.5899	1.0	17.0	44.0	176.0	2.0	164.0	191.0	764.0	4.0	225.0	252.0	1008.0	203	203	0.9011	175.99	True	880	880	0.9003	692.25	True	1160	903	0.8335	840.13	False
738	230	749	28	27	108	27	108	462	417	507	124	15	124	15	True	True	0.9004	0.2435	107.98	43.00173	-115.5899	1.0	17.0	44.0	176.0	2.0	164.0	191.0	764.0	4.0	225.0	252.0	1008.0	203	203	0.9011	175.09	True	880	462	0.7019	536.23	False	1160	462	0.6003	605.13	False
190	49	212	29	28	112	28	112	2671	2625	2716	129	15	129	15	True	True	0.9011	0.2359	112.0	43.8875	-116.8066	0.0	0.0	28.0	112.0	0.0	0.0	28.0	112.0	2.0	25.0	53.0	212.0	129	129	0.9011	112.0	True	129	129	0.9011	112.0	True	244	244	0.9005	212.0	True
191	49	213	29	28	112	28	112	434	388	479	129	15	129	15	True	True	0.9011	0.2359	111.95	43.8875	-116.8066	0.0	0.0	28.0	112.0	0.0	0.0	28.0	112.0	2.0	25.0	53.0	212.0	129	129	0.9011	111.95	True	129	129	0.9011	111.95	True	244	244	0.9005	208.5	True
192	49	214	29	28	112	28	112	1994	1949	2040	129	15	129	15	True	True	0.9011	0.2359	112.0	43.8875	-116.8066	0.0	0.0	28.0	112.0	0.0	0.0	28.0	112.0	2.0	25.0	53.0	212.0	129	129	0.9011	112.0	True	129	129	0.9011	112.0	True	244	244	0.9005	212.0	True
193	49	215	29	28	112	28	112	651	606	697	129	15	129	15	True	True	0.9011	0.2359	112.0	43.8875	-116.8066	0.0	0.0	28.0	112.0	0.0	0.0	28.0	112.0	2.0	25.0	53.0	212.0	129	129	0.9011	112.0	True	129	129	0.9011	112.0	True	244	244	0.9005	211.55	True
194	49	216	29	28	112	28	112	107	62	153	129	15	107	15	False	True	0.8533	0.2359	95.66	43.8875	-116.8066	0.0	0.0	28.0	112.0	0.0	0.0	28.0	112.0	2.0	25.0	53.0	212.0	129	107	0.8533	95.57	False	129	107	0.8533	95.57	False	244	107	0.6364	134.93	False
195	49	217	29	28	112	28	112	134	89	179	129	15	129	15	True	True	0.9011	0.2359	101.9	43.8875	-116.8066	0.0	0.0	28.0	112.0	0.0	0.0	28.0	112.0	2.0	25.0	53.0	212.0	129	129	0.9011	101.88	True	129	129	0.9011	101.88	True	244	134	0.7184	152.29	False
196	49	218	29	28	112	28	112	2632	2586	2677	129	15	129	15	True	True	0.9011	0.2359	112.0	43.8875	-116.8066	0.0	0.0	28.0	112.0	0.0	0.0	28.0	112.0	2.0	25.0	53.0	212.0	129	129	0.9011	112.0	True	129	129	0.9011	112.0	True	244	244	0.9005	212.0	True
197	49	219	29	28	112	28	112	4554	4509	4599	129	15	129	15	True	True	0.9011	0.2359	112.0	43.8875	-116.8066	0.0	0.0	28.0	112.0	0.0	0.0	28.0	112.0	2.0	25.0	53.0	212.0	129	129	0.9011	112.0	True	129	129	0.9011	112.0	True	244	244	0.9005	212.0	True
198	49	220	29	28	112	28	112	195	149	240	129	15	129	15	True	True	0.9011	0.2359	108.58	43.8875	-116.8066	0.0	0.0	28.0	112.0	0.0	0.0	28.0	112.0	2.0	25.0	53.0	212.0	129	129	0.9011	108.61	True	129	129	0.9011	108.61	True	244	195	0.8418	178.46	False
199	49	221	29	28	112	28	112	732	687	777	129	15	129	15	True	True	0.9011	0.2359	112.0	43.8875	-116.8066	0.0	0.0	28.0	112.0	0.0	0.0	28.0	112.0	2.0	25.0	53.0	212.0	129	129	0.9011	112.0	True	129	129	0.9011	112.0	True	244	244	0.9005	211.79	True
633	209	605	30	29	116	29	116	371	326	417	133	15	133	15	True	True	0.9	0.2287	115.81	43.11063	-115.63965	1.0	8.0	37.0	148.0	3.0	317.0	346.0	1384.0	5.0	554.0	583.0	2332.0	170	170	0.9003	147.03	True	1593	371	0.4151	574.5	False	2685	371	0.2726	635.65	False
634	209	606	30	29	116	29	116	309	264	355	133	15	133	15	True	True	0.9	0.2287	115.45	43.11063	-115.63965	1.0	8.0	37.0	148.0	3.0	317.0	346.0	1384.0	5.0	554.0	583.0	2332.0	170	170	0.9003	145.76	True	1593	309	0.3603	498.6	False	2685	309	0.2328	542.99	False
635	209	607	30	29	116	29	116	578	533	624	133	15	133	15	True	True	0.9	0.2287	115.99	43.11063	-115.63965	1.0	8.0	37.0	148.0	3.0	317.0	346.0	1384.0	5.0	554.0	583.0	2332.0	170	170	0.9003	147.94	True	1593	578	0.5664	783.86	False	2685	578	0.3909	911.64	False
618	215	591	31	30	120	30	120	142	97	187	138	15	138	15	True	True	0.9007	0.222	108.83	43.00959	-115.39672	0.0	0.0	30.0	120.0	0.0	0.0	30.0	120.0	2.0	8.0	38.0	152.0	138	138	0.9007	108.86	True	138	138	0.9007	108.86	True	175	142	0.8466	128.68	False
619	215	592	31	30	120	30	120	383	338	428	138	15	138	15	True	True	0.9007	0.222	119.8	43.00959	-115.39672	0.0	0.0	30.0	120.0	0.0	0.0	30.0	120.0	2.0	8.0	38.0	152.0	138	138	0.9007	119.8	True	138	138	0.9007	119.8	True	175	175	0.9008	151.03	True
620	215	593	31	30	120	30	120	261	216	306	138	15	138	15	True	True	0.9007	0.222	118.48	43.00959	-115.39672	0.0	0.0	30.0	120.0	0.0	0.0	30.0	120.0	2.0	8.0	38.0	152.0	138	138	0.9007	118.48	True	138	138	0.9007	118.48	True	175	175	0.9008	147.15	True
621	215	594	31	30	120	30	120	141	96	186	138	15	138	15	True	True	0.9007	0.222	108.7	43.00959	-115.39672	0.0	0.0	30.0	120.0	0.0	0.0	30.0	120.0	2.0	8.0	38.0	152.0	138	138	0.9007	108.67	True	138	138	0.9007	108.67	True	175	141	0.8445	128.37	False
247	52	254	32	31	124	31	124	26	-19	71	143	15	26	15	False	True	0.3436	0.2157	42.85	43.29837	-116.12316	4.0	154.0	185.0	740.0	4.0	154.0	185.0	740.0	4.0	154.0	185.0	740.0	852	26	0.0679	50.25	False	852	26	0.0679	50.25	False	852	26	0.0679	50.25	False
248	52	255	32	31	124	31	124	65	20	111	143	15	65	15	False	True	0.651	0.2157	80.87	43.29837	-116.12316	4.0	154.0	185.0	740.0	4.0	154.0	185.0	740.0	4.0	154.0	185.0	740.0	852	65	0.1612	119.3	False	852	65	0.1612	119.3	False	852	65	0.1612	119.3	False
249	52	256	32	31	124	31	124	48	3	93	143	15	48	15	False	True	0.5404	0.2157	67.05	43.29837	-116.12316	4.0	154.0	185.0	740.0	4.0	154.0	185.0	740.0	4.0	154.0	185.0	740.0	852	48	0.1217	90.09	False	852	48	0.1217	90.09	False	852	48	0.1217	90.09	False
250	52	257	32	31	124	31	124	101	56	146	143	15	101	15	False	True	0.8052	0.2157	99.92	43.29837	-116.12316	4.0	154.0	185.0	740.0	4.0	154.0	185.0	740.0	4.0	154.0	185.0	740.0	852	101	0.239	176.88	False	852	101	0.239	176.88	False	852	101	0.239	176.88	False
251	52	258	32	31	124	31	124	59	14	104	143	15	59	15	False	True	0.6154	0.2157	76.2	43.29837	-116.12316	4.0	154.0	185.0	740.0	4.0	154.0	185.0	740.0	4.0	154.0	185.0	740.0	852	59	0.1475	109.14	False	852	59	0.1475	109.14	False	852	59	0.1475	109.14	False
727	227	750	33	32	128	32	128	311	266	357	147	15	147	15	True	True	0.9003	0.2097	127.03	43.00259	-115.59053	2.0	68.0	100.0	400.0	2.0	68.0	100.0	400.0	5.0	139.0	171.0	684.0	460	311	0.7892	315.69	False	460	311	0.7892	315.69	False	787	311	0.5975	408.68	False
728	227	751	33	32	128	32	128	132	87	178	147	15	132	15	False	True	0.8739	0.2097	111.98	43.00259	-115.59053	2.0	68.0	100.0	400.0	2.0	68.0	100.0	400.0	5.0	139.0	171.0	684.0	460	132	0.4836	193.43	False	460	132	0.4836	193.43	False	787	132	0.3204	219.15	False
729	227	752	33	32	128	32	128	251	205	296	147	15	147	15	True	True	0.9003	0.2097	125.48	43.00259	-115.59053	2.0	68.0	100.0	400.0	2.0	68.0	100.0	400.0	5.0	139.0	171.0	684.0	460	251	0.7154	286.15	False	460	251	0.7154	286.15	False	787	251	0.5202	355.84	False
730	227	753	33	32	128	32	128	323	278	368	147	15	147	15	True	True	0.9003	0.2097	127.2	43.00259	-115.59053	2.0	68.0	100.0	400.0	2.0	68.0	100.0	400.0	5.0	139.0	171.0	684.0	460	323	0.8015	320.6	False	460	323	0.8015	320.6	False	787	323	0.6114	418.18	False
475	143	491	34	33	132	33	132	305	260	351	152	15	152	15	True	True	0.9009	0.204	130.73	43.00128	-115.42453	1.0	15.0	48.0	192.0	1.0	15.0	48.0	192.0	1.0	15.0	48.0	192.0	221	221	0.9005	184.06	True	221	221	0.9005	184.06	True	221	221	0.9005	184.06	True
476	143	492	34	33	132	33	132	115	70	160	152	15	115	15	False	True	0.8261	0.204	108.98	43.00128	-115.42453	1.0	15.0	48.0	192.0	1.0	15.0	48.0	192.0	1.0	15.0	48.0	192.0	221	115	0.6991	134.23	False	221	115	0.6991	134.23	False	221	115	0.6991	134.23	False
477	143	493	34	33	132	33	132	225	180	270	152	15	152	15	True	True	0.9009	0.204	127.68	43.00128	-115.42453	1.0	15.0	48.0	192.0	1.0	15.0	48.0	192.0	1.0	15.0	48.0	192.0	221	221	0.9005	173.69	True	221	221	0.9005	173.69	True	221	221	0.9005	173.69	True
270	63	289	35	34	136	34	136	96	51	142	156	15	96	15	False	True	0.7576	0.1986	103.27	43.29454	-116.12128	0.0	0.0	34.0	136.0	0.0	0.0	34.0	136.0	0.0	0.0	34.0	136.0	156	96	0.7576	103.03	False	156	96	0.7576	103.03	False	156	96	0.7576	103.03	False
271	63	290	35	34	136	34	136	102	57	148	156	15	102	15	False	True	0.7781	0.1986	105.99	43.29454	-116.12128	0.0	0.0	34.0	136.0	0.0	0.0	34.0	136.0	0.0	0.0	34.0	136.0	156	102	0.7781	105.82	False	156	102	0.7781	105.82	False	156	102	0.7781	105.82	False
272	63	291	35	34	136	34	136	85	40	130	156	15	85	15	False	True	0.7148	0.1986	97.33	43.29454	-116.12128	0.0	0.0	34.0	136.0	0.0	0.0	34.0	136.0	0.0	0.0	34.0	136.0	156	85	0.7148	97.21	False	156	85	0.7148	97.21	False	156	85	0.7148	97.21	False
273	63	292	35	34	136	34	136	55	9	100	156	15	55	15	False	True	0.5559	0.1986	75.28	43.29454	-116.12128	0.0	0.0	34.0	136.0	0.0	0.0	34.0	136.0	0.0	0.0	34.0	136.0	156	55	0.5559	75.61	False	156	55	0.5559	75.61	False	156	55	0.5559	75.61	False
274	63	293	35	34	136	34	136	194	149	239	156	15	156	15	True	True	0.9	0.1986	128.22	43.29454	-116.12128	0.0	0.0	34.0	136.0	0.0	0.0	34.0	136.0	0.0	0.0	34.0	136.0	156	156	0.9	128.24	True	156	156	0.9	128.24	True	156	156	0.9	128.24	True
282	123	245	35	34	136	34	136	524	478	569	156	15	156	15	True	True	0.9	0.1986	135.94	43.38811	-116.48923	0.0	0.0	34.0	136.0	0.0	0.0	34.0	136.0	6.0	57.0	91.0	364.0	156	156	0.9	135.94	True	156	156	0.9	135.94	True	419	419	0.9003	343.63	True
283	123	246	35	34	136	34	136	458	412	503	156	15	156	15	True	True	0.9	0.1986	135.84	43.38811	-116.48923	0.0	0.0	34.0	136.0	0.0	0.0	34.0	136.0	6.0	57.0	91.0	364.0	156	156	0.9	135.84	True	156	156	0.9	135.84	True	419	419	0.9003	334.71	True
284	123	247	35	34	136	34	136	312	266	357	156	15	156	15	True	True	0.9	0.1986	134.63	43.38811	-116.48923	0.0	0.0	34.0	136.0	0.0	0.0	34.0	136.0	6.0	57.0	91.0	364.0	156	156	0.9	134.64	True	156	156	0.9	134.64	True	419	312	0.8203	298.6	False
285	123	248	35	34	136	34	136	189	144	235	156	15	156	15	True	True	0.9	0.1986	127.69	43.38811	-116.48923	0.0	0.0	34.0	136.0	0.0	0.0	34.0	136.0	6.0	57.0	91.0	364.0	156	156	0.9	127.64	True	156	156	0.9	127.64	True	419	189	0.6465	235.33	False
141	39	152	36	35	140	35	140	896	851	941	161	15	161	15	True	True	0.9006	0.1935	140.0	43.326	-115.9226	0.0	0.0	35.0	140.0	1.0	22.0	57.0	228.0	3.0	31.0	66.0	264.0	161	161	0.9006	140.0	True	262	262	0.9001	227.91	True	304	304	0.9005	263.71	True
142	39	153	36	35	140	35	140	190	145	235	161	15	161	15	True	True	0.9006	0.1935	130.83	43.326	-115.9226	0.0	0.0	35.0	140.0	1.0	22.0	57.0	228.0	3.0	31.0	66.0	264.0	161	161	0.9006	130.81	True	262	190	0.8118	185.09	False	304	190	0.7636	201.58	False
143	39	154	36	35	140	35	140	85	40	130	161	15	85	15	False	True	0.7044	0.1935	98.59	43.326	-115.9226	0.0	0.0	35.0	140.0	1.0	22.0	57.0	228.0	3.0	31.0	66.0	264.0	161	85	0.7044	98.61	False	262	85	0.5263	120.0	False	304	85	0.4754	125.51	False
252	53	259	38	37	148	37	148	20	-25	65	170	15	20	15	False	True	0.2375	0.184	35.25	43.29126	-116.12132	0.0	0.0	37.0	148.0	0.0	0.0	37.0	148.0	0.0	0.0	37.0	148.0	170	20	0.2375	35.15	False	170	20	0.2375	35.15	False	170	20	0.2375	35.15	False
253	53	260	38	37	148	37	148	19	-26	64	170	15	19	15	False	True	0.2271	0.184	33.8	43.29126	-116.12132	0.0	0.0	37.0	148.0	0.0	0.0	37.0	148.0	0.0	0.0	37.0	148.0	170	19	0.2271	33.61	False	170	19	0.2271	33.61	False	170	19	0.2271	33.61	False
254	53	261	38	37	148	37	148	26	-19	71	170	15	26	15	False	True	0.2971	0.184	44.22	43.29126	-116.12132	0.0	0.0	37.0	148.0	0.0	0.0	37.0	148.0	0.0	0.0	37.0	148.0	170	26	0.2971	43.97	False	170	26	0.2971	43.97	False	170	26	0.2971	43.97	False
731	228	709	40	39	156	39	156	170	124	215	180	15	170	15	False	True	0.8877	0.1755	138.39	43.00263	-115.59046	2.0	61.0	100.0	400.0	3.0	69.0	108.0	432.0	5.0	132.0	171.0	684.0	460	170	0.573	229.22	False	497	170	0.5452	235.54	False	787	170	0.3919	268.07	False
732	228	710	40	39	156	39	156	573	528	618	180	15	180	15	True	True	0.9012	0.1755	155.9	43.00263	-115.59046	2.0	61.0	100.0	400.0	3.0	69.0	108.0	432.0	5.0	132.0	171.0	684.0	460	460	0.9	377.29	True	497	497	0.9001	401.66	True	787	573	0.813	556.09	False
379	125	276	42	41	164	41	164	825	780	870	189	15	189	15	True	True	0.9009	0.1676	163.99	43.38838	-116.49021	1.0	7.0	48.0	192.0	1.0	7.0	48.0	192.0	6.0	39.0	80.0	320.0	221	221	0.9005	191.97	True	221	221	0.9005	191.97	True	368	368	0.9001	318.17	True
380	125	277	42	41	164	41	164	3597	3551	3642	189	15	189	15	True	True	0.9009	0.1676	164.0	43.38838	-116.49021	1.0	7.0	48.0	192.0	1.0	7.0	48.0	192.0	6.0	39.0	80.0	320.0	221	221	0.9005	192.0	True	221	221	0.9005	192.0	True	368	368	0.9001	320.0	True
381	125	278	42	41	164	41	164	902	857	947	189	15	189	15	True	True	0.9009	0.1676	164.0	43.38838	-116.49021	1.0	7.0	48.0	192.0	1.0	7.0	48.0	192.0	6.0	39.0	80.0	320.0	221	221	0.9005	191.98	True	221	221	0.9005	191.98	True	368	368	0.9001	318.87	True
382	125	279	42	41	164	41	164	836	791	881	189	15	189	15	True	True	0.9009	0.1676	163.99	43.38838	-116.49021	1.0	7.0	48.0	192.0	1.0	7.0	48.0	192.0	6.0	39.0	80.0	320.0	221	221	0.9005	191.97	True	221	221	0.9005	191.97	True	368	368	0.9001	318.29	True
383	125	280	42	41	164	41	164	1248	1203	1293	189	15	189	15	True	True	0.9009	0.1676	164.0	43.38838	-116.49021	1.0	7.0	48.0	192.0	1.0	7.0	48.0	192.0	6.0	39.0	80.0	320.0	221	221	0.9005	192.0	True	221	221	0.9005	192.0	True	368	368	0.9001	319.87	True
216	57	146	43	42	168	42	168	80	35	126	193	15	80	15	False	True	0.6153	0.164	103.75	43.3033	-116.1726	0.0	0.0	42.0	168.0	1.0	46.0	88.0	352.0	2.0	64.0	106.0	424.0	193	80	0.6153	103.37	False	405	80	0.3657	128.72	False	488	80	0.3146	133.41	False
217	57	145	43	42	168	42	168	71	25	116	193	15	71	15	False	True	0.5716	0.164	95.71	43.3033	-116.1726	0.0	0.0	42.0	168.0	1.0	46.0	88.0	352.0	2.0	64.0	106.0	424.0	193	71	0.5716	96.03	False	405	71	0.3323	116.99	False	488	71	0.2849	120.79	False
218	57	144	43	42	168	42	168	151	105	196	193	15	151	15	False	True	0.8352	0.164	140.17	43.3033	-116.1726	0.0	0.0	42.0	168.0	1.0	46.0	88.0	352.0	2.0	64.0	106.0	424.0	193	151	0.8352	140.31	False	405	151	0.5765	202.92	False	488	151	0.5099	216.19	False
219	57	143	43	42	168	42	168	155	110	200	193	15	155	15	False	True	0.8429	0.164	141.62	43.3033	-116.1726	0.0	0.0	42.0	168.0	1.0	46.0	88.0	352.0	2.0	64.0	106.0	424.0	193	155	0.8429	141.6	False	405	155	0.586	206.28	False	488	155	0.5191	220.08	False
220	57	137	43	42	168	42	168	54	9	99	193	15	54	15	False	True	0.4752	0.164	79.76	43.3033	-116.1726	0.0	0.0	42.0	168.0	1.0	46.0	88.0	352.0	2.0	64.0	106.0	424.0	193	54	0.4752	79.84	False	405	54	0.2645	93.12	False	488	54	0.2251	95.44	False
750	233	673	43	42	168	42	168	1017	972	1062	193	15	193	15	True	True	0.9002	0.164	168.0	43.00138	-115.58962	1.0	51.0	93.0	372.0	2.0	69.0	111.0	444.0	5.0	255.0	297.0	1188.0	428	428	0.9002	370.44	True	511	511	0.9002	439.48	True	1368	1017	0.8196	973.74	False
751	233	674	43	42	168	42	168	253	208	298	193	15	193	15	True	True	0.9002	0.164	159.82	43.00138	-115.58962	1.0	51.0	93.0	372.0	2.0	69.0	111.0	444.0	5.0	255.0	297.0	1188.0	428	253	0.7439	276.72	False	511	253	0.6805	302.13	False	1368	253	0.347	412.18	False
752	233	675	43	42	168	42	168	290	245	335	193	15	193	15	True	True	0.9002	0.164	162.74	43.00138	-115.58962	1.0	51.0	93.0	372.0	2.0	69.0	111.0	444.0	5.0	255.0	297.0	1188.0	428	290	0.7901	293.93	False	511	290	0.7296	323.93	False	1368	290	0.3864	459.05	False
221	58	132	46	45	180	45	180	92	47	138	207	15	92	15	False	True	0.6412	0.1539	115.77	43.3032	-116.1725	0.0	0.0	45.0	180.0	1.0	43.0	88.0	352.0	2.0	61.0	106.0	424.0	207	92	0.6412	115.42	False	405	92	0.4075	143.45	False	488	92	0.3524	149.42	False
222	58	133	46	45	180	45	180	57	12	103	207	15	57	15	False	True	0.4701	0.1539	84.85	43.3032	-116.1725	0.0	0.0	45.0	180.0	1.0	43.0	88.0	352.0	2.0	61.0	106.0	424.0	207	57	0.4701	84.62	False	405	57	0.277	97.5	False	488	57	0.236	100.06	False
223	58	134	46	45	180	45	180	46	1	91	207	15	46	15	False	True	0.401	0.1539	72.39	43.3032	-116.1725	0.0	0.0	45.0	180.0	1.0	43.0	88.0	352.0	2.0	61.0	106.0	424.0	207	46	0.401	72.18	False	405	46	0.2303	81.06	False	488	46	0.1953	82.79	False
224	58	135	46	45	180	45	180	53	8	98	207	15	53	15	False	True	0.446	0.1539	80.26	43.3032	-116.1725	0.0	0.0	45.0	180.0	1.0	43.0	88.0	352.0	2.0	61.0	106.0	424.0	207	53	0.446	80.27	False	405	53	0.2603	91.64	False	488	53	0.2214	93.89	False
225	58	136	46	45	180	45	180	31	-14	76	207	15	31	15	False	True	0.2921	0.1539	52.74	43.3032	-116.1725	0.0	0.0	45.0	180.0	1.0	43.0	88.0	352.0	2.0	61.0	106.0	424.0	207	31	0.2921	52.57	False	405	31	0.1617	56.92	False	488	31	0.1362	57.74	False
418	114	395	46	45	180	45	180	1228	1182	1273	207	15	207	15	True	True	0.9004	0.1539	180.0	43.40812	-116.49001	0.0	0.0	45.0	180.0	0.0	0.0	45.0	180.0	8.0	349.0	394.0	1576.0	207	207	0.9004	180.0	True	207	207	0.9004	180.0	True	1814	1228	0.7896	1244.45	False
419	114	396	46	45	180	45	180	5276	5231	5321	207	15	207	15	True	True	0.9004	0.1539	180.0	43.40812	-116.49001	0.0	0.0	45.0	180.0	0.0	0.0	45.0	180.0	8.0	349.0	394.0	1576.0	207	207	0.9004	180.0	True	207	207	0.9004	180.0	True	1814	1814	0.9	1574.06	True
420	114	397	46	45	180	45	180	3501	3456	3546	207	15	207	15	True	True	0.9004	0.1539	180.0	43.40812	-116.49001	0.0	0.0	45.0	180.0	0.0	0.0	45.0	180.0	8.0	349.0	394.0	1576.0	207	207	0.9004	180.0	True	207	207	0.9004	180.0	True	1814	1814	0.9	1557.49	True
421	114	398	46	45	180	45	180	2208	2163	2254	207	15	207	15	True	True	0.9004	0.1539	180.0	43.40812	-116.49001	0.0	0.0	45.0	180.0	0.0	0.0	45.0	180.0	8.0	349.0	394.0	1576.0	207	207	0.9004	180.0	True	207	207	0.9004	180.0	True	1814	1814	0.9	1480.44	True
422	114	399	46	45	180	45	180	2180	2135	2226	207	15	207	15	True	True	0.9004	0.1539	180.0	43.40812	-116.49001	0.0	0.0	45.0	180.0	0.0	0.0	45.0	180.0	8.0	349.0	394.0	1576.0	207	207	0.9004	180.0	True	207	207	0.9004	180.0	True	1814	1814	0.9	1476.99	True
423	114	400	46	45	180	45	180	40	-6	85	207	15	40	15	False	True	0.3596	0.1539	64.19	43.40812	-116.49001	0.0	0.0	45.0	180.0	0.0	0.0	45.0	180.0	8.0	349.0	394.0	1576.0	207	40	0.3596	64.73	False	207	40	0.3596	64.73	False	1814	40	0.0495	78.03	False
45	16	103	48	47	188	47	188	1859	1813	1904	216	15	216	15	True	True	0.9001	0.1479	188.0	43.7366	-116.4398	2.0	29.0	76.0	304.0	3.0	56.0	103.0	412.0	10.0	305.0	352.0	1408.0	350	350	0.9004	304.0	True	474	474	0.9001	411.95	True	1621	1621	0.9001	1307.68	True
46	16	104	48	47	188	47	188	686	641	732	216	15	216	15	True	True	0.9001	0.1479	187.88	43.7366	-116.4398	2.0	29.0	76.0	304.0	3.0	56.0	103.0	412.0	10.0	305.0	352.0	1408.0	350	350	0.9004	300.69	True	474	474	0.9001	397.31	True	1621	686	0.6227	876.8	False
47	16	105	48	47	188	47	188	2078	2033	2124	216	15	216	15	True	True	0.9001	0.1479	188.0	43.7366	-116.4398	2.0	29.0	76.0	304.0	3.0	56.0	103.0	412.0	10.0	305.0	352.0	1408.0	350	350	0.9004	304.0	True	474	474	0.9001	411.98	True	1621	1621	0.9001	1334.51	True
48	16	106	48	47	188	47	188	2037	1991	2082	216	15	216	15	True	True	0.9001	0.1479	188.0	43.7366	-116.4398	2.0	29.0	76.0	304.0	3.0	56.0	103.0	412.0	10.0	305.0	352.0	1408.0	350	350	0.9004	304.0	True	474	474	0.9001	411.98	True	1621	1621	0.9001	1330.1	True
49	16	107	48	47	188	47	188	3973	3928	4018	216	15	216	15	True	True	0.9001	0.1479	188.0	43.7366	-116.4398	2.0	29.0	76.0	304.0	3.0	56.0	103.0	412.0	10.0	305.0	352.0	1408.0	350	350	0.9004	304.0	True	474	474	0.9001	412.0	True	1621	1621	0.9001	1403.02	True
336	94	523	49	48	192	48	192	621	576	666	221	15	221	15	True	True	0.9005	0.145	191.71	42.9951	-115.3742	0.0	0.0	48.0	192.0	1.0	63.0	111.0	444.0	1.0	63.0	111.0	444.0	221	221	0.9005	191.71	True	511	511	0.9002	417.01	True	511	511	0.9002	417.01	True
337	94	524	49	48	192	48	192	284	238	329	221	15	221	15	True	True	0.9005	0.145	182.08	42.9951	-115.3742	0.0	0.0	48.0	192.0	1.0	63.0	111.0	444.0	1.0	63.0	111.0	444.0	221	221	0.9005	182.11	True	511	284	0.7222	320.64	False	511	284	0.7222	320.64	False
338	94	525	49	48	192	48	192	657	612	703	221	15	221	15	True	True	0.9005	0.145	191.8	42.9951	-115.3742	0.0	0.0	48.0	192.0	1.0	63.0	111.0	444.0	1.0	63.0	111.0	444.0	221	221	0.9005	191.8	True	511	511	0.9002	421.06	True	511	511	0.9002	421.06	True
339	94	526	49	48	192	48	192	290	244	335	221	15	221	15	True	True	0.9005	0.145	182.69	42.9951	-115.3742	0.0	0.0	48.0	192.0	1.0	63.0	111.0	444.0	1.0	63.0	111.0	444.0	221	221	0.9005	182.71	True	511	290	0.7296	323.93	False	511	290	0.7296	323.93	False
340	94	527	49	48	192	48	192	221	175	266	221	15	221	15	False	True	0.9005	0.145	172.84	42.9951	-115.3742	0.0	0.0	48.0	192.0	1.0	63.0	111.0	444.0	1.0	63.0	111.0	444.0	221	221	0.9005	172.91	True	511	221	0.6309	280.11	False	511	221	0.6309	280.11	False
341	94	528	49	48	192	48	192	784	738	829	221	15	221	15	True	True	0.9005	0.145	191.95	42.9951	-115.3742	0.0	0.0	48.0	192.0	1.0	63.0	111.0	444.0	1.0	63.0	111.0	444.0	221	221	0.9005	191.95	True	511	511	0.9002	431.06	True	511	511	0.9002	431.06	True
342	94	529	49	48	192	48	192	453	407	498	221	15	221	15	True	True	0.9005	0.145	190.3	42.9951	-115.3742	0.0	0.0	48.0	192.0	1.0	63.0	111.0	444.0	1.0	63.0	111.0	444.0	221	221	0.9005	190.31	True	511	453	0.8703	386.43	False	511	453	0.8703	386.43	False
343	94	530	49	48	192	48	192	133	88	179	221	15	133	15	False	True	0.7507	0.145	144.34	42.9951	-115.3742	0.0	0.0	48.0	192.0	1.0	63.0	111.0	444.0	1.0	63.0	111.0	444.0	221	133	0.7507	144.13	False	511	133	0.4511	200.27	False	511	133	0.4511	200.27	False
344	94	531	49	48	192	48	192	157	112	203	221	15	157	15	False	True	0.806	0.145	154.9	42.9951	-115.3742	0.0	0.0	48.0	192.0	1.0	63.0	111.0	444.0	1.0	63.0	111.0	444.0	221	157	0.806	154.74	False	511	157	0.5074	225.27	False	511	157	0.5074	225.27	False
345	94	532	49	48	192	48	192	303	257	348	221	15	221	15	True	True	0.9005	0.145	183.87	42.9951	-115.3742	0.0	0.0	48.0	192.0	1.0	63.0	111.0	444.0	1.0	63.0	111.0	444.0	221	221	0.9005	183.89	True	511	303	0.745	330.77	False	511	303	0.745	330.77	False
753	234	713	51	50	200	50	200	37	-8	83	230	15	37	15	False	True	0.3099	0.1396	62.3	43.00132	-115.5896	1.0	43.0	93.0	372.0	1.0	43.0	93.0	372.0	4.0	219.0	269.0	1076.0	428	37	0.1806	67.19	False	428	37	0.1806	67.19	False	1239	37	0.0665	71.54	False
754	234	714	51	50	200	50	200	61	15	106	230	15	61	15	False	True	0.4575	0.1396	90.96	43.00132	-115.5896	1.0	43.0	93.0	372.0	1.0	43.0	93.0	372.0	4.0	219.0	269.0	1076.0	428	61	0.2799	104.13	False	428	61	0.2799	104.13	False	1239	61	0.1072	115.39	False
755	234	715	51	50	200	50	200	71	26	116	230	15	71	15	False	True	0.5092	0.1396	101.93	43.00132	-115.5896	1.0	43.0	93.0	372.0	1.0	43.0	93.0	372.0	4.0	219.0	269.0	1076.0	428	71	0.3177	118.17	False	428	71	0.3177	118.17	False	1239	71	0.1237	133.09	False
756	234	716	51	50	200	50	200	1725	1680	1770	230	15	230	15	True	True	0.9003	0.1396	200.0	43.00132	-115.5896	1.0	43.0	93.0	372.0	1.0	43.0	93.0	372.0	4.0	219.0	269.0	1076.0	428	428	0.9002	371.97	True	428	428	0.9002	371.97	True	1239	1239	0.9001	1032.48	True
242	51	249	53	52	208	52	208	313	268	358	239	15	239	15	True	True	0.9001	0.1346	197.82	43.29833	-116.12323	4.0	133.0	185.0	740.0	4.0	133.0	185.0	740.0	5.0	140.0	192.0	768.0	852	313	0.5711	422.61	False	852	313	0.5711	422.61	False	884	313	0.5576	428.27	False
243	51	250	53	52	208	52	208	133	87	178	239	15	133	15	False	True	0.7225	0.1346	150.11	43.29833	-116.12323	4.0	133.0	185.0	740.0	4.0	133.0	185.0	740.0	5.0	140.0	192.0	768.0	852	133	0.3021	223.57	False	852	133	0.3021	223.57	False	884	133	0.2929	224.95	False
244	51	251	53	52	208	52	208	81	35	126	239	15	81	15	False	True	0.5419	0.1346	112.47	43.29833	-116.12323	4.0	133.0	185.0	740.0	4.0	133.0	185.0	740.0	5.0	140.0	192.0	768.0	852	81	0.1967	145.58	False	852	81	0.1967	145.58	False	884	81	0.1903	146.14	False
245	51	252	53	52	208	52	208	45	-1	90	239	15	45	15	False	True	0.3519	0.1346	72.89	43.29833	-116.12323	4.0	133.0	185.0	740.0	4.0	133.0	185.0	740.0	5.0	140.0	192.0	768.0	852	45	0.1146	84.8	False	852	45	0.1146	84.8	False	884	45	0.1106	84.98	False
246	51	253	53	52	208	52	208	7	-39	52	239	15	7	7	False	False	0.0652	0.0652	12.93	43.29833	-116.12323	4.0	133.0	185.0	740.0	4.0	133.0	185.0	740.0	5.0	140.0	192.0	768.0	852	7	0.0188	13.88	False	852	7	0.0188	13.88	False	884	7	0.0181	13.88	False
520	160	472	53	52	208	52	208	246	200	291	239	15	239	15	True	True	0.9001	0.1346	188.5	43.02363	-115.42641	0.0	0.0	52.0	208.0	1.0	80.0	132.0	528.0	2.0	83.0	135.0	540.0	239	239	0.9001	188.58	True	608	246	0.6065	320.24	False	622	246	0.5983	323.06	False
521	160	473	53	52	208	52	208	1711	1666	1756	239	15	239	15	True	True	0.9001	0.1346	208.0	43.02363	-115.42641	0.0	0.0	52.0	208.0	1.0	80.0	132.0	528.0	2.0	83.0	135.0	540.0	239	239	0.9001	208.0	True	608	608	0.9003	527.2	True	622	622	0.9003	539.05	True
522	160	474	53	52	208	52	208	647	602	693	239	15	239	15	True	True	0.9001	0.1346	207.59	43.02363	-115.42641	0.0	0.0	52.0	208.0	1.0	80.0	132.0	528.0	2.0	83.0	135.0	540.0	239	239	0.9001	207.59	True	608	608	0.9003	482.58	True	622	622	0.9003	490.94	True
523	160	475	53	52	208	52	208	1330	1285	1375	239	15	239	15	True	True	0.9001	0.1346	208.0	43.02363	-115.42641	0.0	0.0	52.0	208.0	1.0	80.0	132.0	528.0	2.0	83.0	135.0	540.0	239	239	0.9001	208.0	True	608	608	0.9003	524.59	True	622	622	0.9003	536.1	True
524	160	476	53	52	208	52	208	418	373	463	239	15	239	15	True	True	0.9001	0.1346	204.31	43.02363	-115.42641	0.0	0.0	52.0	208.0	1.0	80.0	132.0	528.0	2.0	83.0	135.0	540.0	239	239	0.9001	204.3	True	608	418	0.795	419.77	False	622	418	0.7877	425.34	False
237	50	661	56	55	220	55	220	52	7	97	253	15	52	15	False	True	0.3774	0.1277	82.78	43.29771	-116.11689	0.0	0.0	55.0	220.0	0.0	0.0	55.0	220.0	1.0	7.0	62.0	248.0	253	52	0.3774	83.02	False	253	52	0.3774	83.02	False	285	52	0.3431	85.09	False
238	50	662	56	55	220	55	220	18	-27	64	253	15	18	15	False	True	0.1513	0.1277	33.99	43.29771	-116.11689	0.0	0.0	55.0	220.0	0.0	0.0	55.0	220.0	1.0	7.0	62.0	248.0	253	18	0.1513	33.28	False	253	18	0.1513	33.28	False	285	18	0.1354	33.57	False
239	50	663	56	55	220	55	220	84	39	130	253	15	84	15	False	True	0.5348	0.1277	117.91	43.29771	-116.11689	0.0	0.0	55.0	220.0	0.0	0.0	55.0	220.0	1.0	7.0	62.0	248.0	253	84	0.5348	117.67	False	253	84	0.5348	117.67	False	285	84	0.4928	122.21	False
240	50	664	56	55	220	55	220	51	6	97	253	15	51	15	False	True	0.3717	0.1277	82.2	43.29771	-116.11689	0.0	0.0	55.0	220.0	0.0	0.0	55.0	220.0	1.0	7.0	62.0	248.0	253	51	0.3717	81.77	False	253	51	0.3717	81.77	False	285	51	0.3378	83.76	False
241	50	665	56	55	220	55	220	70	25	116	253	15	70	15	False	True	0.4716	0.1277	104.15	43.29771	-116.11689	0.0	0.0	55.0	220.0	0.0	0.0	55.0	220.0	1.0	7.0	62.0	248.0	253	70	0.4716	103.74	False	253	70	0.4716	103.74	False	285	70	0.432	107.14	False
265	62	281	57	56	224	56	224	39	-7	84	258	15	39	15	False	True	0.2946	0.1256	65.48	43.29498	-116.12065	0.0	0.0	56.0	224.0	1.0	59.0	115.0	460.0	1.0	59.0	115.0	460.0	258	39	0.2946	65.99	False	530	39	0.1561	71.82	False	530	39	0.1561	71.82	False
266	62	282	57	56	224	56	224	90	45	135	258	15	90	15	False	True	0.5531	0.1256	124.01	43.29498	-116.12065	0.0	0.0	56.0	224.0	1.0	59.0	115.0	460.0	1.0	59.0	115.0	460.0	258	90	0.5531	123.89	False	530	90	0.3241	149.09	False	530	90	0.3241	149.09	False
267	62	283	57	56	224	56	224	75	30	120	258	15	75	15	False	True	0.4889	0.1256	109.36	43.29498	-116.12065	0.0	0.0	56.0	224.0	1.0	59.0	115.0	460.0	1.0	59.0	115.0	460.0	258	75	0.4889	109.51	False	530	75	0.2785	128.12	False	530	75	0.2785	128.12	False
268	62	284	57	56	224	56	224	127	81	172	258	15	127	15	False	True	0.679	0.1256	151.84	43.29498	-116.12065	0.0	0.0	56.0	224.0	1.0	59.0	115.0	460.0	1.0	59.0	115.0	460.0	258	127	0.679	152.11	False	530	127	0.4246	195.34	False	530	127	0.4246	195.34	False
269	62	285	57	56	224	56	224	65	19	110	258	15	65	15	False	True	0.441	0.1256	98.5	43.29498	-116.12065	0.0	0.0	56.0	224.0	1.0	59.0	115.0	460.0	1.0	59.0	115.0	460.0	258	65	0.441	98.79	False	530	65	0.2464	113.35	False	530	65	0.2464	113.35	False
260	55	267	59	58	232	58	232	55	10	100	267	15	55	15	False	True	0.3782	0.1215	87.58	43.29509	-116.12046	0.0	0.0	58.0	232.0	1.0	57.0	115.0	460.0	1.0	57.0	115.0	460.0	267	55	0.3782	87.75	False	530	55	0.2129	97.93	False	530	55	0.2129	97.93	False
261	55	268	59	58	232	58	232	27	-18	72	267	15	27	15	False	True	0.2081	0.1215	48.46	43.29509	-116.12046	0.0	0.0	58.0	232.0	1.0	57.0	115.0	460.0	1.0	57.0	115.0	460.0	267	27	0.2081	48.27	False	530	27	0.1109	51.0	False	530	27	0.1109	51.0	False
262	55	269	59	58	232	58	232	73	27	118	267	15	73	15	False	True	0.4678	0.1215	108.24	43.29509	-116.12046	0.0	0.0	58.0	232.0	1.0	57.0	115.0	460.0	1.0	57.0	115.0	460.0	267	73	0.4678	108.52	False	530	73	0.2722	125.21	False	530	73	0.2722	125.21	False
263	55	270	59	58	232	58	232	71	26	117	267	15	71	15	False	True	0.4585	0.1215	106.73	43.29509	-116.12046	0.0	0.0	58.0	232.0	1.0	57.0	115.0	460.0	1.0	57.0	115.0	460.0	267	71	0.4585	106.37	False	530	71	0.2658	122.29	False	530	71	0.2658	122.29	False
264	55	271	59	58	232	58	232	21	-25	66	267	15	21	15	False	True	0.1659	0.1215	38.11	43.29509	-116.12046	0.0	0.0	58.0	232.0	1.0	57.0	115.0	460.0	1.0	57.0	115.0	460.0	267	21	0.1659	38.49	False	530	21	0.0874	40.18	False	530	21	0.0874	40.18	False
657	137	657	59	58	232	58	232	56	10	101	267	15	56	15	False	True	0.3836	0.1215	88.45	43.31284	-116.20168	0.0	0.0	58.0	232.0	1.0	14.0	72.0	288.0	1.0	14.0	72.0	288.0	267	56	0.3836	88.99	False	331	56	0.3226	92.92	False	331	56	0.3226	92.92	False
658	137	658	59	58	232	58	232	94	49	139	267	15	94	15	False	True	0.5561	0.1215	129.13	43.31284	-116.20168	0.0	0.0	58.0	232.0	1.0	14.0	72.0	288.0	1.0	14.0	72.0	288.0	267	94	0.5561	129.01	False	331	94	0.48	138.24	False	331	94	0.48	138.24	False
659	137	659	59	58	232	58	232	44	-2	89	267	15	44	15	False	True	0.3162	0.1215	72.79	43.31284	-116.20168	0.0	0.0	58.0	232.0	1.0	14.0	72.0	288.0	1.0	14.0	72.0	288.0	267	44	0.3162	73.36	False	331	44	0.2637	75.94	False	331	44	0.2637	75.94	False
660	137	660	59	58	232	58	232	25	-21	70	267	15	25	15	False	True	0.1943	0.1215	44.31	43.31284	-116.20168	0.0	0.0	58.0	232.0	1.0	14.0	72.0	288.0	1.0	14.0	72.0	288.0	267	25	0.1943	45.07	False	331	25	0.1596	45.97	False	331	25	0.1596	45.97	False
449	108	409	62	61	244	61	244	27	-18	72	281	15	27	15	False	True	0.1989	0.1159	48.34	43.8917	-116.7689	4.0	203.0	264.0	1056.0	6.0	286.0	347.0	1388.0	6.0	286.0	347.0	1388.0	1216	27	0.0499	52.67	False	1598	27	0.0382	52.98	False	1598	27	0.0382	52.98	False
450	108	410	62	61	244	61	244	105	60	150	281	15	105	15	False	True	0.5779	0.1159	141.16	43.8917	-116.7689	4.0	203.0	264.0	1056.0	6.0	286.0	347.0	1388.0	6.0	286.0	347.0	1388.0	1216	105	0.1804	190.52	False	1598	105	0.1405	194.95	False	1598	105	0.1405	194.95	False
451	108	411	62	61	244	61	244	17	-28	62	281	15	17	15	False	True	0.1303	0.1159	31.82	43.8917	-116.7689	4.0	203.0	264.0	1056.0	6.0	286.0	347.0	1388.0	6.0	286.0	347.0	1388.0	1216	17	0.0317	33.47	False	1598	17	0.0242	33.6	False	1598	17	0.0242	33.6	False
452	108	412	62	61	244	61	244	65	19	110	281	15	65	15	False	True	0.4137	0.1159	100.36	43.8917	-116.7689	4.0	203.0	264.0	1056.0	6.0	286.0	347.0	1388.0	6.0	286.0	347.0	1388.0	1216	65	0.1159	122.37	False	1598	65	0.0894	124.14	False	1598	65	0.0894	124.14	False
453	108	413	62	61	244	61	244	55	10	100	281	15	55	15	False	True	0.3635	0.1159	88.82	43.8917	-116.7689	4.0	203.0	264.0	1056.0	6.0	286.0	347.0	1388.0	6.0	286.0	347.0	1388.0	1216	55	0.099	104.51	False	1598	55	0.0762	105.79	False	1598	55	0.0762	105.79	False
535	166	515	63	62	248	62	248	467	422	512	285	15	285	15	True	True	0.9	0.1142	242.31	42.99489	-115.37416	0.0	0.0	62.0	248.0	1.0	49.0	111.0	444.0	1.0	49.0	111.0	444.0	285	285	0.9	242.3	True	511	467	0.8783	389.95	False	511	467	0.8783	389.95	False
536	166	516	63	62	248	62	248	1688	1643	1733	285	15	285	15	True	True	0.9	0.1142	248.0	42.99489	-115.37416	0.0	0.0	62.0	248.0	1.0	49.0	111.0	444.0	1.0	49.0	111.0	444.0	285	285	0.9	248.0	True	511	511	0.9002	443.78	True	511	511	0.9002	443.78	True
537	166	517	63	62	248	62	248	943	897	988	285	15	285	15	True	True	0.9	0.1142	247.88	42.99489	-115.37416	0.0	0.0	62.0	248.0	1.0	49.0	111.0	444.0	1.0	49.0	111.0	444.0	285	285	0.9	247.88	True	511	511	0.9002	437.68	True	511	511	0.9002	437.68	True
538	166	518	63	62	248	62	248	1403	1358	1448	285	15	285	15	True	True	0.9	0.1142	248.0	42.99489	-115.37416	0.0	0.0	62.0	248.0	1.0	49.0	111.0	444.0	1.0	49.0	111.0	444.0	285	285	0.9	248.0	True	511	511	0.9002	443.21	True	511	511	0.9002	443.21	True
539	166	519	63	62	248	62	248	144	98	189	285	15	144	15	False	True	0.6877	0.1142	170.39	42.99489	-115.37416	0.0	0.0	62.0	248.0	1.0	49.0	111.0	444.0	1.0	49.0	111.0	444.0	285	144	0.6877	170.54	False	511	144	0.4776	212.07	False	511	144	0.4776	212.07	False
540	166	520	63	62	248	62	248	367	322	412	285	15	285	15	True	True	0.9	0.1142	235.24	42.99489	-115.37416	0.0	0.0	62.0	248.0	1.0	49.0	111.0	444.0	1.0	49.0	111.0	444.0	285	285	0.9	235.22	True	511	367	0.8089	359.16	False	511	367	0.8089	359.16	False
541	166	521	63	62	248	62	248	1273	1228	1318	285	15	285	15	True	True	0.9	0.1142	247.99	42.99489	-115.37416	0.0	0.0	62.0	248.0	1.0	49.0	111.0	444.0	1.0	49.0	111.0	444.0	285	285	0.9	247.99	True	511	511	0.9002	442.57	True	511	511	0.9002	442.57	True
542	166	522	63	62	248	62	248	1101	1056	1146	285	15	285	15	True	True	0.9	0.1142	247.97	42.99489	-115.37416	0.0	0.0	62.0	248.0	1.0	49.0	111.0	444.0	1.0	49.0	111.0	444.0	285	285	0.9	247.97	True	511	511	0.9002	440.9	True	511	511	0.9002	440.9	True
444	107	404	65	64	256	64	256	114	69	159	295	15	114	15	False	True	0.5903	0.1108	151.03	43.8916	-116.7688	0.0	0.0	64.0	256.0	6.0	283.0	347.0	1388.0	6.0	283.0	347.0	1388.0	295	114	0.5903	151.12	False	1598	114	0.1515	210.33	False	1598	114	0.1515	210.33	False
445	107	405	65	64	256	64	256	57	12	103	295	15	57	15	False	True	0.3599	0.1108	92.72	43.8916	-116.7688	0.0	0.0	64.0	256.0	6.0	283.0	347.0	1388.0	6.0	283.0	347.0	1388.0	295	57	0.3599	92.14	False	1598	57	0.0789	109.48	False	1598	57	0.0789	109.48	False
446	107	406	65	64	256	64	256	51	6	96	295	15	51	15	False	True	0.3292	0.1108	84.4	43.8916	-116.7688	0.0	0.0	64.0	256.0	6.0	283.0	347.0	1388.0	6.0	283.0	347.0	1388.0	295	51	0.3292	84.26	False	1598	51	0.0709	98.38	False	1598	51	0.0709	98.38	False
447	107	407	65	64	256	64	256	120	75	166	295	15	120	15	False	True	0.6091	0.1108	156.31	43.8916	-116.7688	0.0	0.0	64.0	256.0	6.0	283.0	347.0	1388.0	6.0	283.0	347.0	1388.0	295	120	0.6091	155.93	False	1598	120	0.1588	220.47	False	1598	120	0.1588	220.47	False
448	107	408	65	64	256	64	256	40	-5	85	295	15	40	15	False	True	0.2688	0.1108	68.89	43.8916	-116.7688	0.0	0.0	64.0	256.0	6.0	283.0	347.0	1388.0	6.0	283.0	347.0	1388.0	295	40	0.2688	68.82	False	1598	40	0.056	77.77	False	1598	40	0.056	77.77	False
157	44	182	66	65	260	65	260	1493	1448	1538	299	15	299	15	True	True	0.9002	0.1092	260.0	43.5082	-116.2798	0.0	0.0	65.0	260.0	2.0	43.0	108.0	432.0	4.0	147.0	212.0	848.0	299	299	0.9002	260.0	True	497	497	0.9001	431.57	True	976	976	0.9001	822.98	True
158	44	183	66	65	260	65	260	375	330	420	299	15	299	15	True	True	0.9002	0.1092	245.57	43.5082	-116.2798	0.0	0.0	65.0	260.0	2.0	43.0	108.0	432.0	4.0	147.0	212.0	848.0	299	299	0.9002	245.55	True	497	375	0.8241	356.03	False	976	375	0.5873	498.0	False
159	44	184	66	65	260	65	260	1633	1588	1679	299	15	299	15	True	True	0.9002	0.1092	260.0	43.5082	-116.2798	0.0	0.0	65.0	260.0	2.0	43.0	108.0	432.0	4.0	147.0	212.0	848.0	299	299	0.9002	260.0	True	497	497	0.9001	431.78	True	976	976	0.9001	830.02	True
160	44	185	66	65	260	65	260	1879	1834	1924	299	15	299	15	True	True	0.9002	0.1092	260.0	43.5082	-116.2798	0.0	0.0	65.0	260.0	2.0	43.0	108.0	432.0	4.0	147.0	212.0	848.0	299	299	0.9002	260.0	True	497	497	0.9001	431.93	True	976	976	0.9001	837.94	True
161	44	186	66	65	260	65	260	380	335	425	299	15	299	15	True	True	0.9002	0.1092	246.11	43.5082	-116.2798	0.0	0.0	65.0	260.0	2.0	43.0	108.0	432.0	4.0	147.0	212.0	848.0	299	299	0.9002	246.1	True	497	380	0.8282	357.77	False	976	380	0.5921	502.11	False
681	181	690	67	66	264	66	264	60	14	105	304	15	60	15	False	True	0.3658	0.1076	96.33	43.30573	-116.10022	0.0	0.0	66.0	264.0	0.0	0.0	66.0	264.0	1.0	80.0	146.0	584.0	304	60	0.3658	96.57	False	304	60	0.3658	96.57	False	672	60	0.1859	108.56	False
682	181	691	67	66	264	66	264	57	12	103	304	15	57	15	False	True	0.3512	0.1076	93.0	43.30573	-116.10022	0.0	0.0	66.0	264.0	0.0	0.0	66.0	264.0	1.0	80.0	146.0	584.0	304	57	0.3512	92.72	False	304	57	0.3512	92.72	False	672	57	0.1775	103.64	False
683	181	692	67	66	264	66	264	78	33	124	304	15	78	15	False	True	0.4468	0.1076	118.38	43.30573	-116.10022	0.0	0.0	66.0	264.0	0.0	0.0	66.0	264.0	1.0	80.0	146.0	584.0	304	78	0.4468	117.95	False	304	78	0.4468	117.95	False	672	78	0.2346	137.0	False
684	181	693	67	66	264	66	264	18	-28	63	304	15	18	15	False	True	0.1277	0.1076	33.21	43.30573	-116.10022	0.0	0.0	66.0	264.0	0.0	0.0	66.0	264.0	1.0	80.0	146.0	584.0	304	18	0.1277	33.71	False	304	18	0.1277	33.71	False	672	18	0.0598	34.94	False
78	29	55	72	71	284	71	284	295	249	340	327	15	295	15	False	True	0.8752	0.1004	248.49	43.7364	-116.447	0.0	0.0	71.0	284.0	0.0	0.0	71.0	284.0	0.0	0.0	71.0	284.0	327	295	0.8752	248.56	False	327	295	0.8752	248.56	False	327	295	0.8752	248.56	False
79	29	56	72	71	284	71	284	806	761	852	327	15	327	15	True	True	0.9004	0.1004	283.04	43.7364	-116.447	0.0	0.0	71.0	284.0	0.0	0.0	71.0	284.0	0.0	0.0	71.0	284.0	327	327	0.9004	283.04	True	327	327	0.9004	283.04	True	327	327	0.9004	283.04	True
80	29	57	72	71	284	71	284	1748	1703	1793	327	15	327	15	True	True	0.9004	0.1004	284.0	43.7364	-116.447	0.0	0.0	71.0	284.0	0.0	0.0	71.0	284.0	0.0	0.0	71.0	284.0	327	327	0.9004	284.0	True	327	327	0.9004	284.0	True	327	327	0.9004	284.0	True
81	29	58	72	71	284	71	284	1776	1731	1822	327	15	327	15	True	True	0.9004	0.1004	284.0	43.7364	-116.447	0.0	0.0	71.0	284.0	0.0	0.0	71.0	284.0	0.0	0.0	71.0	284.0	327	327	0.9004	284.0	True	327	327	0.9004	284.0	True	327	327	0.9004	284.0	True
208	75	122	76	75	300	75	300	320	275	365	345	15	320	15	False	True	0.882	0.0953	264.62	43.48739	-116.28657	0.0	0.0	75.0	300.0	0.0	0.0	75.0	300.0	1.0	22.0	97.0	388.0	345	320	0.882	264.59	False	345	320	0.882	264.59	False	447	320	0.8083	313.6	False
209	75	123	76	75	300	75	300	171	126	216	345	15	171	15	False	True	0.6808	0.0953	204.26	43.48739	-116.28657	0.0	0.0	75.0	300.0	0.0	0.0	75.0	300.0	1.0	22.0	97.0	388.0	345	171	0.6808	204.24	False	345	171	0.6808	204.24	False	447	171	0.5863	227.48	False
210	75	124	76	75	300	75	300	109	64	154	345	15	109	15	False	True	0.5171	0.0953	155.07	43.48739	-116.28657	0.0	0.0	75.0	300.0	0.0	0.0	75.0	300.0	1.0	22.0	97.0	388.0	345	109	0.5171	155.12	False	345	109	0.5171	155.12	False	447	109	0.4303	166.94	False
211	75	125	76	75	300	75	300	53	8	98	345	15	53	15	False	True	0.2981	0.0953	89.41	43.48739	-116.28657	0.0	0.0	75.0	300.0	0.0	0.0	75.0	300.0	1.0	22.0	97.0	388.0	345	53	0.2981	89.42	False	345	53	0.2981	89.42	False	447	53	0.2393	92.86	False
212	75	126	76	75	300	75	300	156	110	201	345	15	156	15	False	True	0.6472	0.0953	193.97	43.48739	-116.28657	0.0	0.0	75.0	300.0	0.0	0.0	75.0	300.0	1.0	22.0	97.0	388.0	345	156	0.6472	194.15	False	345	156	0.6472	194.15	False	447	156	0.553	214.56	False
511	159	503	80	79	316	79	316	550	504	595	364	15	364	15	True	True	0.9005	0.0907	306.31	43.02357	-115.42663	0.0	0.0	79.0	316.0	1.0	53.0	132.0	528.0	2.0	56.0	135.0	540.0	364	364	0.9005	306.33	True	608	550	0.8757	462.39	False	622	550	0.8698	469.71	False
512	159	504	80	79	316	79	316	602	557	648	364	15	364	15	True	True	0.9005	0.0907	309.06	43.02357	-115.42663	0.0	0.0	79.0	316.0	1.0	53.0	132.0	528.0	2.0	56.0	135.0	540.0	364	364	0.9005	309.04	True	608	602	0.898	474.13	False	622	602	0.8927	482.03	False
513	159	505	80	79	316	79	316	424	378	469	364	15	364	15	True	True	0.9005	0.0907	294.45	43.02357	-115.42663	0.0	0.0	79.0	316.0	1.0	53.0	132.0	528.0	2.0	56.0	135.0	540.0	364	364	0.9005	294.5	True	608	424	0.7996	422.2	False	622	424	0.7923	427.86	False
514	159	506	80	79	316	79	316	429	384	475	364	15	364	15	True	True	0.9005	0.0907	295.2	43.02357	-115.42663	0.0	0.0	79.0	316.0	1.0	53.0	132.0	528.0	2.0	56.0	135.0	540.0	364	364	0.9005	295.17	True	608	429	0.8034	424.19	False	622	429	0.7961	429.92	False
515	159	507	80	79	316	79	316	2898	2852	2943	364	15	364	15	True	True	0.9005	0.0907	316.0	43.02357	-115.42663	0.0	0.0	79.0	316.0	1.0	53.0	132.0	528.0	2.0	56.0	135.0	540.0	364	364	0.9005	316.0	True	608	608	0.9003	527.99	True	622	622	0.9003	539.99	True
516	159	508	80	79	316	79	316	1125	1080	1171	364	15	364	15	True	True	0.9005	0.0907	315.75	43.02357	-115.42663	0.0	0.0	79.0	316.0	1.0	53.0	132.0	528.0	2.0	56.0	135.0	540.0	364	364	0.9005	315.75	True	608	608	0.9003	520.58	True	622	622	0.9003	531.66	True
517	159	509	80	79	316	79	316	274	229	320	364	15	274	15	False	True	0.8239	0.0907	260.54	43.02357	-115.42663	0.0	0.0	79.0	316.0	1.0	53.0	132.0	528.0	2.0	56.0	135.0	540.0	364	274	0.8239	260.36	False	608	274	0.6461	341.16	False	622	274	0.6379	344.45	False
518	159	510	80	79	316	79	316	992	947	1038	364	15	364	15	True	True	0.9005	0.0907	315.41	43.02357	-115.42663	0.0	0.0	79.0	316.0	1.0	53.0	132.0	528.0	2.0	56.0	135.0	540.0	364	364	0.9005	315.41	True	608	608	0.9003	515.72	True	622	622	0.9003	526.35	True
519	159	511	80	79	316	79	316	736	691	781	364	15	364	15	True	True	0.9005	0.0907	313.02	43.02357	-115.42663	0.0	0.0	79.0	316.0	1.0	53.0	132.0	528.0	2.0	56.0	135.0	540.0	364	364	0.9005	313.03	True	608	608	0.9003	495.59	True	622	622	0.9003	504.73	True
678	180	666	80	79	316	79	316	188	143	234	364	15	188	15	False	True	0.6963	0.0907	220.16	43.30553	-116.09935	0.0	0.0	79.0	316.0	0.0	0.0	79.0	316.0	0.0	0.0	79.0	316.0	364	188	0.6963	220.04	False	364	188	0.6963	220.04	False	364	188	0.6963	220.04	False
679	180	667	80	79	316	79	316	152	107	198	364	15	152	15	False	True	0.6185	0.0907	195.79	43.30553	-116.09935	0.0	0.0	79.0	316.0	0.0	0.0	79.0	316.0	0.0	0.0	79.0	316.0	364	152	0.6185	195.43	False	364	152	0.6185	195.43	False	364	152	0.6185	195.43	False
680	180	668	80	79	316	79	316	62	17	108	364	15	62	15	False	True	0.325	0.0907	103.22	43.30553	-116.09935	0.0	0.0	79.0	316.0	0.0	0.0	79.0	316.0	0.0	0.0	79.0	316.0	364	62	0.325	102.7	False	364	62	0.325	102.7	False	364	62	0.325	102.7	False
685	182	698	80	79	316	79	316	42	-4	87	364	15	42	15	False	True	0.2337	0.0907	73.4	43.30555	-116.10052	0.0	0.0	79.0	316.0	0.0	0.0	79.0	316.0	1.0	67.0	146.0	584.0	364	42	0.2337	73.86	False	364	42	0.2337	73.86	False	672	42	0.1341	78.3	False
686	182	699	80	79	316	79	316	195	149	240	364	15	195	15	False	True	0.7095	0.0907	223.94	43.30555	-116.10052	0.0	0.0	79.0	316.0	0.0	0.0	79.0	316.0	1.0	67.0	146.0	584.0	364	195	0.7095	224.2	False	364	195	0.7095	224.2	False	672	195	0.4875	284.68	False
687	182	700	80	79	316	79	316	210	164	255	364	15	210	15	False	True	0.7358	0.0907	232.32	43.30555	-116.10052	0.0	0.0	79.0	316.0	0.0	0.0	79.0	316.0	1.0	67.0	146.0	584.0	364	210	0.7358	232.53	False	364	210	0.7358	232.53	False	672	210	0.5131	299.68	False
704	222	740	87	86	344	86	344	3165	3119	3210	396	15	396	15	True	True	0.9003	0.0836	344.0	43.00294	-115.59106	1.0	96.0	182.0	728.0	4.0	244.0	330.0	1320.0	6.0	298.0	384.0	1536.0	838	838	0.9001	727.88	True	1520	1520	0.9001	1309.11	True	1768	1768	0.9	1511.11	True
705	222	741	87	86	344	86	344	1001	955	1046	396	15	396	15	True	True	0.9003	0.0836	342.99	43.00294	-115.59106	1.0	96.0	182.0	728.0	4.0	244.0	330.0	1320.0	6.0	298.0	384.0	1536.0	838	838	0.9001	681.55	True	1520	1001	0.7807	1030.5	False	1768	1001	0.7285	1118.98	False
706	222	742	87	86	344	86	344	948	903	994	396	15	396	15	True	True	0.9003	0.0836	342.62	43.00294	-115.59106	1.0	96.0	182.0	728.0	4.0	244.0	330.0	1320.0	6.0	298.0	384.0	1536.0	838	838	0.9001	674.26	True	1520	948	0.7623	1006.29	False	1768	948	0.7091	1089.18	False
707	222	743	87	86	344	86	344	740	694	785	396	15	396	15	True	True	0.9003	0.0836	339.36	43.00294	-115.59106	1.0	96.0	182.0	728.0	4.0	244.0	330.0	1320.0	6.0	298.0	384.0	1536.0	838	740	0.8692	632.8	False	1520	740	0.6743	890.02	False	1768	740	0.6186	950.14	False
708	222	744	87	86	344	86	344	145	99	190	396	15	145	15	False	True	0.5701	0.0836	195.86	43.00294	-115.59106	1.0	96.0	182.0	728.0	4.0	244.0	330.0	1320.0	6.0	298.0	384.0	1536.0	838	145	0.3288	239.34	False	1520	145	0.1973	260.44	False	1768	145	0.1721	264.35	False
709	222	745	87	86	344	86	344	390	345	436	396	15	390	15	False	True	0.8968	0.0836	308.58	43.00294	-115.59106	1.0	96.0	182.0	728.0	4.0	244.0	330.0	1320.0	6.0	298.0	384.0	1536.0	838	390	0.6577	478.83	False	1520	390	0.4463	589.12	False	1768	390	0.3983	611.77	False
710	222	746	87	86	344	86	344	900	855	945	396	15	396	15	True	True	0.9003	0.0836	342.18	43.00294	-115.59106	1.0	96.0	182.0	728.0	4.0	244.0	330.0	1320.0	6.0	298.0	384.0	1536.0	838	838	0.9001	666.68	True	1520	900	0.7444	982.61	False	1768	900	0.6903	1060.35	False
688	183	703	88	87	348	87	348	135	90	180	401	15	135	15	False	True	0.5402	0.0827	187.83	43.3066	-116.1026	0.0	0.0	87.0	348.0	0.0	0.0	87.0	348.0	0.0	0.0	87.0	348.0	401	135	0.5402	187.99	False	401	135	0.5402	187.99	False	401	135	0.5402	187.99	False
689	183	704	88	87	348	87	348	21	-25	66	401	15	21	15	False	True	0.1138	0.0827	38.78	43.3066	-116.1026	0.0	0.0	87.0	348.0	0.0	0.0	87.0	348.0	0.0	0.0	87.0	348.0	401	21	0.1138	39.62	False	401	21	0.1138	39.62	False	401	21	0.1138	39.62	False
672	178	678	94	93	372	93	372	30	-16	75	428	15	30	15	False	True	0.1491	0.0776	54.97	43.29762	-116.11159	0.0	0.0	93.0	372.0	0.0	0.0	93.0	372.0	1.0	2.0	95.0	380.0	428	30	0.1491	55.48	False	428	30	0.1491	55.48	False	437	30	0.1462	55.57	False
673	178	679	94	93	372	93	372	18	-28	63	428	15	18	15	False	True	0.0924	0.0776	33.83	43.29762	-116.11159	0.0	0.0	93.0	372.0	0.0	0.0	93.0	372.0	1.0	2.0	95.0	380.0	428	18	0.0924	34.36	False	428	18	0.0924	34.36	False	437	18	0.0905	34.39	False
674	178	680	94	93	372	93	372	15	-30	61	428	15	15	15	False	True	0.0776	0.0776	29.52	43.29762	-116.11159	0.0	0.0	93.0	372.0	0.0	0.0	93.0	372.0	1.0	2.0	95.0	380.0	428	15	0.0776	28.86	False	428	15	0.0776	28.86	False	437	15	0.076	28.88	False
675	178	681	94	93	372	93	372	9	-36	55	428	15	9	9	False	False	0.0473	0.0473	18.51	43.29762	-116.11159	0.0	0.0	93.0	372.0	0.0	0.0	93.0	372.0	1.0	2.0	95.0	380.0	428	9	0.0473	17.59	False	428	9	0.0473	17.59	False	437	9	0.0463	17.6	False
255	54	262	97	96	384	96	384	103	58	148	442	15	103	15	False	True	0.4156	0.0752	159.67	43.29568	-116.11922	1.0	70.0	166.0	664.0	1.0	70.0	166.0	664.0	2.0	92.0	188.0	752.0	764	103	0.2669	177.22	False	764	103	0.2669	177.22	False	866	103	0.2398	180.3	False
256	54	263	97	96	384	96	384	85	40	130	442	15	85	15	False	True	0.3581	0.0752	137.46	43.29568	-116.11922	1.0	70.0	166.0	664.0	1.0	70.0	166.0	664.0	2.0	92.0	188.0	752.0	764	85	0.226	150.08	False	764	85	0.226	150.08	False	866	85	0.2025	152.24	False
257	54	264	97	96	384	96	384	72	27	117	442	15	72	15	False	True	0.313	0.0752	120.25	43.29568	-116.11922	1.0	70.0	166.0	664.0	1.0	70.0	166.0	664.0	2.0	92.0	188.0	752.0	764	72	0.1951	129.54	False	764	72	0.1951	129.54	False	866	72	0.1744	131.13	False
258	54	265	97	96	384	96	384	46	1	91	442	15	46	15	False	True	0.2133	0.0752	81.79	43.29568	-116.11922	1.0	70.0	166.0	664.0	1.0	70.0	166.0	664.0	2.0	92.0	188.0	752.0	764	46	0.1295	85.97	False	764	46	0.1295	85.97	False	866	46	0.1152	86.65	False
259	54	266	97	96	384	96	384	153	108	199	442	15	153	15	False	True	0.5497	0.0752	211.46	43.29568	-116.11922	1.0	70.0	166.0	664.0	1.0	70.0	166.0	664.0	2.0	92.0	188.0	752.0	764	153	0.3695	245.33	False	764	153	0.3695	245.33	False	866	153	0.3345	251.53	False
164	46	198	98	97	388	97	388	532	487	578	447	15	447	15	True	True	0.9005	0.0745	363.15	43.5095	-116.2943	1.0	54.0	151.0	604.0	1.0	54.0	151.0	604.0	1.0	54.0	151.0	604.0	695	532	0.8285	500.4	False	695	532	0.8285	500.4	False	695	532	0.8285	500.4	False
165	46	199	98	97	388	97	388	173	128	219	447	15	173	15	False	True	0.5905	0.0745	229.45	43.5095	-116.2943	1.0	54.0	151.0	604.0	1.0	54.0	151.0	604.0	1.0	54.0	151.0	604.0	695	173	0.4364	263.56	False	695	173	0.4364	263.56	False	695	173	0.4364	263.56	False
166	46	200	98	97	388	97	388	189	144	234	447	15	189	15	False	True	0.623	0.0745	241.65	43.5095	-116.2943	1.0	54.0	151.0	604.0	1.0	54.0	151.0	604.0	1.0	54.0	151.0	604.0	695	189	0.4655	281.14	False	695	189	0.4655	281.14	False	695	189	0.4655	281.14	False
167	46	201	98	97	388	97	388	266	220	311	447	15	266	15	False	True	0.7466	0.0745	289.47	43.5095	-116.2943	1.0	54.0	151.0	604.0	1.0	54.0	151.0	604.0	1.0	54.0	151.0	604.0	695	266	0.5858	353.85	False	695	266	0.5858	353.85	False	695	266	0.5858	353.85	False
168	46	202	98	97	388	97	388	175	130	221	447	15	175	15	False	True	0.5947	0.0745	230.98	43.5095	-116.2943	1.0	54.0	151.0	604.0	1.0	54.0	151.0	604.0	1.0	54.0	151.0	604.0	695	175	0.4401	265.8	False	695	175	0.4401	265.8	False	695	175	0.4401	265.8	False
213	56	640	99	98	392	98	392	87	42	132	451	15	87	15	False	True	0.3588	0.0738	140.46	43.111	-115.6397	1.0	138.0	236.0	944.0	1.0	138.0	236.0	944.0	5.0	485.0	583.0	2332.0	1087	87	0.1684	158.98	False	1087	87	0.1684	158.98	False	2685	87	0.0719	167.7	False
214	56	641	99	98	392	98	392	291	245	336	451	15	291	15	False	True	0.7739	0.0738	303.23	43.111	-115.6397	1.0	138.0	236.0	944.0	1.0	138.0	236.0	944.0	5.0	485.0	583.0	2332.0	1087	291	0.4604	434.58	False	1087	291	0.4604	434.58	False	2685	291	0.2209	515.15	False
215	56	642	99	98	392	98	392	79	34	124	451	15	79	15	False	True	0.3321	0.0738	130.29	43.111	-115.6397	1.0	138.0	236.0	944.0	1.0	138.0	236.0	944.0	5.0	485.0	583.0	2332.0	1087	79	0.1542	145.56	False	1087	79	0.1542	145.56	False	2685	79	0.0655	152.8	False
145	41	177	100	99	396	99	396	329	284	374	456	15	329	15	False	True	0.8106	0.073	320.92	43.5077	-116.2802	1.0	75.0	174.0	696.0	3.0	277.0	376.0	1504.0	5.0	320.0	419.0	1676.0	801	329	0.6117	425.77	False	1731	329	0.3544	533.09	False	1929	329	0.3248	544.33	False
146	41	178	100	99	396	99	396	138	93	183	456	15	138	15	False	True	0.5023	0.073	199.04	43.5077	-116.2802	1.0	75.0	174.0	696.0	3.0	277.0	376.0	1504.0	5.0	320.0	419.0	1676.0	801	138	0.3276	227.98	False	1731	138	0.1677	252.23	False	1929	138	0.1519	254.54	False
147	41	179	100	99	396	99	396	165	120	210	456	15	165	15	False	True	0.5659	0.073	224.01	43.5077	-116.2802	1.0	75.0	174.0	696.0	3.0	277.0	376.0	1504.0	5.0	320.0	419.0	1676.0	801	165	0.3778	262.94	False	1731	165	0.1971	296.39	False	1929	165	0.1788	299.62	False
148	41	180	100	99	396	99	396	1349	1303	1394	456	15	456	15	True	True	0.9003	0.073	395.57	43.5077	-116.2802	1.0	75.0	174.0	696.0	3.0	277.0	376.0	1504.0	5.0	320.0	419.0	1676.0	801	801	0.9001	681.62	True	1731	1349	0.8338	1254.01	False	1929	1349	0.8002	1341.08	False
149	41	181	100	99	396	99	396	227	182	273	456	15	227	15	False	True	0.6827	0.073	270.65	43.5077	-116.2802	1.0	75.0	174.0	696.0	3.0	277.0	376.0	1504.0	5.0	320.0	419.0	1676.0	801	227	0.4794	333.66	False	1731	227	0.2606	391.99	False	1929	227	0.2374	397.81	False
150	42	193	122	121	484	121	484	186	140	231	557	15	186	15	False	True	0.5367	0.0602	259.4	43.5078	-116.2802	2.0	155.0	276.0	1104.0	3.0	255.0	376.0	1504.0	5.0	298.0	419.0	1676.0	1271	186	0.2862	315.93	False	1731	186	0.2192	329.66	False	1929	186	0.1991	333.7	False
151	42	194	122	121	484	121	484	152	107	197	557	15	152	15	False	True	0.4667	0.0602	225.89	43.5078	-116.2802	2.0	155.0	276.0	1104.0	3.0	255.0	376.0	1504.0	5.0	298.0	419.0	1676.0	1271	152	0.2408	265.84	False	1731	152	0.1831	275.33	False	1929	152	0.1659	278.1	False
152	42	195	122	121	484	121	484	186	141	231	557	15	186	15	False	True	0.5367	0.0602	259.63	43.5078	-116.2802	2.0	155.0	276.0	1104.0	3.0	255.0	376.0	1504.0	5.0	298.0	419.0	1676.0	1271	186	0.2862	315.93	False	1731	186	0.2192	329.66	False	1929	186	0.1991	333.7	False
153	42	196	122	121	484	121	484	155	110	201	557	15	155	15	False	True	0.4733	0.0602	229.38	43.5078	-116.2802	2.0	155.0	276.0	1104.0	3.0	255.0	376.0	1504.0	5.0	298.0	419.0	1676.0	1271	155	0.2449	270.39	False	1731	155	0.1863	280.22	False	1929	155	0.1689	283.1	False
154	42	197	122	121	484	121	484	132	87	178	557	15	132	15	False	True	0.4207	0.0602	203.91	43.5078	-116.2802	2.0	155.0	276.0	1104.0	3.0	255.0	376.0	1504.0	5.0	298.0	419.0	1676.0	1271	132	0.2128	234.9	False	1731	132	0.161	242.2	False	1929	132	0.1458	244.32	False
649	219	652	125	124	496	124	496	69	23	114	571	15	69	15	False	True	0.2431	0.0587	120.18	43.31266	-116.20037	0.0	0.0	124.0	496.0	0.0	0.0	124.0	496.0	3.0	26.0	150.0	600.0	571	69	0.2431	120.57	False	571	69	0.2431	120.57	False	691	69	0.2056	123.37	False
650	219	653	125	124	496	124	496	72	27	117	571	15	72	15	False	True	0.2522	0.0587	125.13	43.31266	-116.20037	0.0	0.0	124.0	496.0	0.0	0.0	124.0	496.0	3.0	26.0	150.0	600.0	571	72	0.2522	125.09	False	571	72	0.2522	125.09	False	691	72	0.2135	128.12	False
651	219	654	125	124	496	124	496	121	76	166	571	15	121	15	False	True	0.3864	0.0587	191.87	43.31266	-116.20037	0.0	0.0	124.0	496.0	0.0	0.0	124.0	496.0	3.0	26.0	150.0	600.0	571	121	0.3864	191.65	False	571	121	0.3864	191.65	False	691	121	0.3321	199.28	False
652	219	655	125	124	496	124	496	278	233	324	571	15	278	15	False	True	0.6744	0.0587	334.83	43.31266	-116.20037	0.0	0.0	124.0	496.0	0.0	0.0	124.0	496.0	3.0	26.0	150.0	600.0	571	278	0.6744	334.5	False	571	278	0.6744	334.5	False	691	278	0.6044	362.66	False
653	219	656	125	124	496	124	496	111	66	156	571	15	111	15	False	True	0.3611	0.0587	178.9	43.31266	-116.20037	0.0	0.0	124.0	496.0	0.0	0.0	124.0	496.0	3.0	26.0	150.0	600.0	571	111	0.3611	179.11	False	571	111	0.3611	179.11	False	691	111	0.3095	185.69	False
638	207	632	138	137	548	137	548	405	359	450	631	15	405	15	False	True	0.7722	0.0533	423.09	43.11096	-115.63967	1.0	99.0	236.0	944.0	1.0	99.0	236.0	944.0	5.0	446.0	583.0	2332.0	1087	405	0.5762	543.94	False	1087	405	0.5762	543.94	False	2685	405	0.2935	684.42	False
639	207	633	138	137	548	137	548	748	703	793	631	15	631	15	True	True	0.9002	0.0533	512.33	43.11096	-115.63967	1.0	99.0	236.0	944.0	1.0	99.0	236.0	944.0	5.0	446.0	583.0	2332.0	1087	748	0.7952	750.64	False	1087	748	0.7952	750.64	False	2685	748	0.4736	1104.38	False
640	207	634	138	137	548	137	548	101	56	147	631	15	101	15	False	True	0.3085	0.0533	169.67	43.11096	-115.63967	1.0	99.0	236.0	944.0	1.0	99.0	236.0	944.0	5.0	446.0	583.0	2332.0	1087	101	0.1927	181.94	False	1087	101	0.1927	181.94	False	2685	101	0.083	193.54	False
641	207	635	138	137	548	137	548	265	220	311	631	15	265	15	False	True	0.6202	0.0533	340.11	43.11096	-115.63967	1.0	99.0	236.0	944.0	1.0	99.0	236.0	944.0	5.0	446.0	583.0	2332.0	1087	265	0.4298	405.72	False	1087	265	0.4298	405.72	False	2685	265	0.2033	474.18	False
642	207	636	138	137	548	137	548	873	828	919	631	15	631	15	True	True	0.9002	0.0533	525.43	43.11096	-115.63967	1.0	99.0	236.0	944.0	1.0	99.0	236.0	944.0	5.0	446.0	583.0	2332.0	1087	873	0.8429	795.65	False	1087	873	0.8429	795.65	False	2685	873	0.5271	1229.2	False
643	207	637	138	137	548	137	548	480	435	526	631	15	480	15	False	True	0.8268	0.0533	453.19	43.11096	-115.63967	1.0	99.0	236.0	944.0	1.0	99.0	236.0	944.0	5.0	446.0	583.0	2332.0	1087	480	0.6385	602.74	False	1087	480	0.6385	602.74	False	2685	480	0.3375	787.08	False
644	207	638	138	137	548	137	548	193	148	238	631	15	193	15	False	True	0.5059	0.0533	277.14	43.11096	-115.63967	1.0	99.0	236.0	944.0	1.0	99.0	236.0	944.0	5.0	446.0	583.0	2332.0	1087	193	0.3358	316.96	False	1087	193	0.3358	316.96	False	2685	193	0.1526	355.82	False
645	207	639	138	137	548	137	548	248	203	293	631	15	248	15	False	True	0.5958	0.0533	326.66	43.11096	-115.63967	1.0	99.0	236.0	944.0	1.0	99.0	236.0	944.0	5.0	446.0	583.0	2332.0	1087	248	0.4089	385.96	False	1087	248	0.4089	385.96	False	2685	248	0.1916	446.89	False
627	210	616	142	141	564	141	564	375	329	420	649	15	375	15	False	True	0.7358	0.0518	414.81	43.11061	-115.63949	1.0	167.0	308.0	1232.0	3.0	205.0	346.0	1384.0	5.0	442.0	583.0	2332.0	1418	375	0.4561	561.93	False	1593	375	0.4185	579.17	False	2685	375	0.2751	641.47	False
628	210	617	142	141	564	141	564	354	309	400	649	15	354	15	False	True	0.7153	0.0518	403.57	43.11061	-115.63949	1.0	167.0	308.0	1232.0	3.0	205.0	346.0	1384.0	5.0	442.0	583.0	2332.0	1418	354	0.4372	538.68	False	1593	354	0.4006	554.36	False	2685	354	0.2619	610.74	False
629	210	618	142	141	564	141	564	300	254	345	649	15	300	15	False	True	0.6552	0.0518	369.3	43.11061	-115.63949	1.0	167.0	308.0	1232.0	3.0	205.0	346.0	1384.0	5.0	442.0	583.0	2332.0	1418	300	0.3857	475.14	False	1593	300	0.3519	487.0	False	2685	300	0.2269	529.13	False
630	210	619	142	141	564	141	564	180	134	225	649	15	180	15	False	True	0.4721	0.0518	265.74	43.11061	-115.63949	1.0	167.0	308.0	1232.0	3.0	205.0	346.0	1384.0	5.0	442.0	583.0	2332.0	1418	180	0.2535	312.28	False	1593	180	0.2291	317.09	False	2685	180	0.1431	333.66	False
631	210	620	142	141	564	141	564	196	150	241	649	15	196	15	False	True	0.5013	0.0518	282.44	43.11061	-115.63949	1.0	167.0	308.0	1232.0	3.0	205.0	346.0	1384.0	5.0	442.0	583.0	2332.0	1418	196	0.2726	335.87	False	1593	196	0.2467	341.48	False	2685	196	0.1548	360.9	False
632	210	621	142	141	564	141	564	140	94	185	649	15	140	15	False	True	0.3916	0.0518	220.27	43.11061	-115.63949	1.0	167.0	308.0	1232.0	3.0	205.0	346.0	1384.0	5.0	442.0	583.0	2332.0	1418	140	0.2034	250.55	False	1593	140	0.1832	253.58	False	2685	140	0.1132	263.9	False
743	232	722	147	146	584	146	584	421	376	467	672	15	421	15	False	True	0.7638	0.0501	446.16	43.00164	-115.58983	0.0	0.0	146.0	584.0	3.0	63.0	209.0	836.0	5.0	157.0	303.0	1212.0	672	421	0.7638	446.05	False	962	421	0.635	530.84	False	1395	421	0.5009	607.13	False
744	232	723	147	146	584	146	584	397	352	443	672	15	397	15	False	True	0.7435	0.0501	434.47	43.00164	-115.58983	0.0	0.0	146.0	584.0	3.0	63.0	209.0	836.0	5.0	157.0	303.0	1212.0	672	397	0.7435	434.22	False	962	397	0.6134	512.79	False	1395	397	0.4808	582.68	False
745	232	724	147	146	584	146	584	835	790	880	672	15	672	15	True	True	0.9001	0.0501	550.61	43.00164	-115.58983	0.0	0.0	146.0	584.0	3.0	63.0	209.0	836.0	5.0	157.0	303.0	1212.0	672	672	0.9001	550.62	True	962	835	0.8645	722.72	False	1395	835	0.748	906.62	False
746	232	725	147	146	584	146	584	413	367	458	672	15	413	15	False	True	0.7572	0.0501	442.11	43.00164	-115.58983	0.0	0.0	146.0	584.0	3.0	63.0	209.0	836.0	5.0	157.0	303.0	1212.0	672	413	0.7572	442.22	False	962	413	0.6279	524.94	False	1395	413	0.4943	599.08	False
747	232	726	147	146	584	146	584	280	235	325	672	15	280	15	False	True	0.617	0.0501	360.44	43.00164	-115.58983	0.0	0.0	146.0	584.0	3.0	63.0	209.0	836.0	5.0	157.0	303.0	1212.0	672	280	0.617	360.33	False	962	280	0.4884	408.32	False	1395	280	0.3701	448.59	False
748	232	727	147	146	584	146	584	633	587	678	672	15	633	15	False	True	0.8858	0.0501	517.22	43.00164	-115.58983	0.0	0.0	146.0	584.0	3.0	63.0	209.0	836.0	5.0	157.0	303.0	1212.0	672	633	0.8858	517.3	False	962	633	0.7802	652.29	False	1395	633	0.6483	785.74	False
346	76	296	150	149	596	149	596	109	63	154	686	15	109	15	False	True	0.3066	0.0491	182.32	43.38641	-116.47958	1.0	5.0	154.0	616.0	2.0	5.0	154.0	616.0	5.0	32.0	181.0	724.0	709	109	0.2983	183.72	False	709	109	0.2983	183.72	False	833	109	0.2602	188.35	False
347	76	297	150	149	596	149	596	99	54	144	686	15	99	15	False	True	0.2829	0.0491	168.7	43.38641	-116.47958	1.0	5.0	154.0	616.0	2.0	5.0	154.0	616.0	5.0	32.0	181.0	724.0	709	99	0.2751	169.45	False	709	99	0.2751	169.45	False	833	99	0.2394	173.34	False
348	76	298	150	149	596	149	596	158	113	203	686	15	158	15	False	True	0.4118	0.0491	245.27	43.38641	-116.47958	1.0	5.0	154.0	616.0	2.0	5.0	154.0	616.0	5.0	32.0	181.0	724.0	709	158	0.4015	247.35	False	709	158	0.4015	247.35	False	833	158	0.3539	256.21	False
349	76	299	150	149	596	149	596	178	133	223	686	15	178	15	False	True	0.45	0.0491	268.03	43.38641	-116.47958	1.0	5.0	154.0	616.0	2.0	5.0	154.0	616.0	5.0	32.0	181.0	724.0	709	178	0.4392	270.55	False	709	178	0.4392	270.55	False	833	178	0.3886	281.37	False
350	76	300	150	149	596	149	596	127	82	172	686	15	127	15	False	True	0.3472	0.0491	206.73	43.38641	-116.47958	1.0	5.0	154.0	616.0	2.0	5.0	154.0	616.0	5.0	32.0	181.0	724.0	709	127	0.3381	208.28	False	709	127	0.3381	208.28	False	833	127	0.2961	214.35	False
231	60	138	173	172	688	172	688	78	32	123	792	15	78	15	False	True	0.203	0.0427	139.16	43.304	-116.1712	0.0	0.0	172.0	688.0	0.0	0.0	172.0	688.0	0.0	0.0	172.0	688.0	792	78	0.203	139.67	False	792	78	0.203	139.67	False	792	78	0.203	139.67	False
232	60	139	173	172	688	172	688	67	22	112	792	15	67	15	False	True	0.1771	0.0427	122.0	43.304	-116.1712	0.0	0.0	172.0	688.0	0.0	0.0	172.0	688.0	0.0	0.0	172.0	688.0	792	67	0.1771	121.84	False	792	67	0.1771	121.84	False	792	67	0.1771	121.84	False
233	60	140	173	172	688	172	688	115	70	160	792	15	115	15	False	True	0.2843	0.0427	195.38	43.304	-116.1712	0.0	0.0	172.0	688.0	0.0	0.0	172.0	688.0	0.0	0.0	172.0	688.0	792	115	0.2843	195.62	False	792	115	0.2843	195.62	False	792	115	0.2843	195.62	False
234	60	141	173	172	688	172	688	29	-17	74	792	15	29	15	False	True	0.0809	0.0427	54.8	43.304	-116.1712	0.0	0.0	172.0	688.0	0.0	0.0	172.0	688.0	0.0	0.0	172.0	688.0	792	29	0.0809	55.66	False	792	29	0.0809	55.66	False	792	29	0.0809	55.66	False
235	60	142	173	172	688	172	688	172	127	217	792	15	172	15	False	True	0.3937	0.0427	270.83	43.304	-116.1712	0.0	0.0	172.0	688.0	0.0	0.0	172.0	688.0	0.0	0.0	172.0	688.0	792	172	0.3937	270.86	False	792	172	0.3937	270.86	False	792	172	0.3937	270.86	False
62	23	93	200	199	796	199	796	1567	1522	1612	916	15	916	15	True	True	0.9	0.037	780.51	43.7366	-116.4404	1.0	3.0	202.0	808.0	6.0	46.0	245.0	980.0	14.0	192.0	391.0	1564.0	930	930	0.9001	791.33	True	1128	1128	0.9001	940.04	True	1801	1567	0.8653	1353.28	False
63	23	94	200	199	796	199	796	3339	3294	3385	916	15	916	15	True	True	0.9	0.037	795.82	43.7366	-116.4404	1.0	3.0	202.0	808.0	6.0	46.0	245.0	980.0	14.0	192.0	391.0	1564.0	930	930	0.9001	807.79	True	1128	1128	0.9001	978.93	True	1801	1801	0.9001	1542.16	True
64	23	95	200	199	796	199	796	1502	1457	1547	916	15	916	15	True	True	0.9	0.037	777.77	43.7366	-116.4404	1.0	3.0	202.0	808.0	6.0	46.0	245.0	980.0	14.0	192.0	391.0	1564.0	930	930	0.9001	788.42	True	1128	1128	0.9001	934.36	True	1801	1502	0.8536	1335.01	False
65	23	96	200	199	796	199	796	156	110	201	916	15	156	15	False	True	0.3244	0.037	257.59	43.7366	-116.4404	1.0	3.0	202.0	808.0	6.0	46.0	245.0	980.0	14.0	192.0	391.0	1564.0	930	156	0.3205	258.95	False	1128	156	0.2728	267.33	False	1801	156	0.1809	282.93	False
66	23	97	200	199	796	199	796	1010	965	1055	916	15	916	15	True	True	0.9	0.037	733.19	43.7366	-116.4404	1.0	3.0	202.0	808.0	6.0	46.0	245.0	980.0	14.0	192.0	391.0	1564.0	930	930	0.9001	741.78	True	1128	1010	0.8728	855.38	False	1801	1010	0.7253	1134.33	False
67	23	98	200	199	796	199	796	41	-5	86	916	15	41	15	False	True	0.0979	0.037	77.53	43.7366	-116.4404	1.0	3.0	202.0	808.0	6.0	46.0	245.0	980.0	14.0	192.0	391.0	1564.0	930	41	0.0966	78.02	False	1128	41	0.0803	78.7	False	1801	41	0.0511	79.91	False
68	23	99	200	199	796	199	796	882	837	927	916	15	882	15	False	True	0.8911	0.037	709.36	43.7366	-116.4404	1.0	3.0	202.0	808.0	6.0	46.0	245.0	980.0	14.0	192.0	391.0	1564.0	930	882	0.8875	717.07	False	1128	882	0.8349	818.16	False	1801	882	0.6764	1057.88	False
69	23	100	200	199	796	199	796	1668	1623	1713	916	15	916	15	True	True	0.9	0.037	783.98	43.7366	-116.4404	1.0	3.0	202.0	808.0	6.0	46.0	245.0	980.0	14.0	192.0	391.0	1564.0	930	930	0.9001	795.02	True	1128	1128	0.9001	947.48	True	1801	1668	0.8816	1378.82	False
70	23	101	200	199	796	199	796	229	183	274	916	15	229	15	False	True	0.4377	0.037	348.02	43.7366	-116.4404	1.0	3.0	202.0	808.0	6.0	46.0	245.0	980.0	14.0	192.0	391.0	1564.0	930	229	0.4329	349.77	False	1128	229	0.3735	366.02	False	1801	229	0.2539	397.14	False
71	23	102	200	199	796	199	796	1302	1256	1347	916	15	916	15	True	True	0.9	0.037	765.83	43.7366	-116.4404	1.0	3.0	202.0	808.0	6.0	46.0	245.0	980.0	14.0	192.0	391.0	1564.0	930	930	0.9001	775.87	True	1128	1128	0.9001	911.35	True	1801	1302	0.8109	1268.25	False
132	36	155	200	199	796	199	796	62	17	107	916	15	62	15	False	True	0.1443	0.037	115.16	43.3284	-115.924	0.0	0.0	199.0	796.0	2.0	278.0	477.0	1908.0	3.0	374.0	573.0	2292.0	916	62	0.1443	114.89	False	2197	62	0.0629	120.09	False	2639	62	0.0527	120.73	False
133	36	156	200	199	796	199	796	103	57	148	916	15	103	15	False	True	0.2281	0.037	180.98	43.3284	-115.924	0.0	0.0	199.0	796.0	2.0	278.0	477.0	1908.0	3.0	374.0	573.0	2292.0	916	103	0.2281	181.6	False	2197	103	0.1024	195.32	False	2639	103	0.086	197.05	False
134	36	157	200	199	796	199	796	154	109	199	916	15	154	15	False	True	0.321	0.037	255.36	43.3284	-115.924	0.0	0.0	199.0	796.0	2.0	278.0	477.0	1908.0	3.0	374.0	573.0	2292.0	916	154	0.321	255.54	False	2197	154	0.1491	284.49	False	2639	154	0.1258	288.26	False
135	36	158	200	199	796	199	796	113	68	159	916	15	113	15	False	True	0.2473	0.037	197.49	43.3284	-115.924	0.0	0.0	199.0	796.0	2.0	278.0	477.0	1908.0	3.0	374.0	573.0	2292.0	916	113	0.2473	196.86	False	2197	113	0.1117	213.18	False	2639	113	0.0939	215.26	False
136	36	159	200	199	796	199	796	31	-14	76	916	15	31	15	False	True	0.075	0.037	59.91	43.3284	-115.924	0.0	0.0	199.0	796.0	2.0	278.0	477.0	1908.0	3.0	374.0	573.0	2292.0	916	31	0.075	59.68	False	2197	31	0.032	61.02	False	2639	31	0.0267	61.18	False
122	35	160	220	219	876	219	876	73	28	119	1008	15	73	15	False	True	0.1536	0.0337	135.3	43.3282	-115.9239	0.0	0.0	219.0	876.0	1.0	200.0	419.0	1676.0	2.0	258.0	477.0	1908.0	1008	73	0.1536	134.55	False	1929	73	0.0834	139.86	False	2197	73	0.0737	140.59	False
123	35	161	220	219	876	219	876	206	161	251	1008	15	206	15	False	True	0.3754	0.0337	328.91	43.3282	-115.9239	0.0	0.0	219.0	876.0	1.0	200.0	419.0	1676.0	2.0	258.0	477.0	1908.0	1008	206	0.3754	328.82	False	1929	206	0.218	365.36	False	2197	206	0.1943	370.64	False
124	35	162	220	219	876	219	876	214	169	260	1008	15	214	15	False	True	0.3867	0.0337	339.1	43.3282	-115.9239	0.0	0.0	219.0	876.0	1.0	200.0	419.0	1676.0	2.0	258.0	477.0	1908.0	1008	214	0.3867	338.73	False	1929	214	0.2254	377.82	False	2197	214	0.201	383.48	False
125	35	163	220	219	876	219	876	40	-5	85	1008	15	40	15	False	True	0.0873	0.0337	76.59	43.3282	-115.9239	0.0	0.0	219.0	876.0	1.0	200.0	419.0	1676.0	2.0	258.0	477.0	1908.0	1008	40	0.0873	76.5	False	1929	40	0.0466	78.14	False	2197	40	0.0411	78.37	False
126	35	165	220	219	876	219	876	100	55	145	1008	15	100	15	False	True	0.2042	0.0337	178.93	43.3282	-115.9239	0.0	0.0	219.0	876.0	1.0	200.0	419.0	1676.0	2.0	258.0	477.0	1908.0	1008	100	0.2042	178.9	False	1929	100	0.1125	188.58	False	2197	100	0.0995	189.92	False
127	35	164	220	219	876	219	876	76	30	121	1008	15	76	15	False	True	0.1594	0.0337	139.28	43.3282	-115.9239	0.0	0.0	219.0	876.0	1.0	200.0	419.0	1676.0	2.0	258.0	477.0	1908.0	1008	76	0.1594	139.62	False	1929	76	0.0867	145.35	False	2197	76	0.0766	146.14	False
128	35	166	220	219	876	219	876	73	27	118	1008	15	73	15	False	True	0.1536	0.0337	134.11	43.3282	-115.9239	0.0	0.0	219.0	876.0	1.0	200.0	419.0	1676.0	2.0	258.0	477.0	1908.0	1008	73	0.1536	134.55	False	1929	73	0.0834	139.86	False	2197	73	0.0737	140.59	False
129	35	167	220	219	876	219	876	130	85	176	1008	15	130	15	False	True	0.2569	0.0337	225.6	43.3282	-115.9239	0.0	0.0	219.0	876.0	1.0	200.0	419.0	1676.0	2.0	258.0	477.0	1908.0	1008	130	0.2569	225.08	False	1929	130	0.1437	240.9	False	2197	130	0.1274	243.12	False
130	35	168	220	219	876	219	876	65	20	111	1008	15	65	15	False	True	0.138	0.0337	121.24	43.3282	-115.9239	0.0	0.0	219.0	876.0	1.0	200.0	419.0	1676.0	2.0	258.0	477.0	1908.0	1008	65	0.138	120.88	False	1929	65	0.0747	125.12	False	2197	65	0.0659	125.7	False
131	35	169	220	219	876	219	876	80	34	125	1008	15	80	15	False	True	0.167	0.0337	145.58	43.3282	-115.9239	0.0	0.0	219.0	876.0	1.0	200.0	419.0	1676.0	2.0	258.0	477.0	1908.0	1008	80	0.167	146.31	False	1929	80	0.0911	152.64	False	2197	80	0.0805	153.51	False
