sim_mother_id	mother_Fg_a	mother_Fg_b	homozygous	P_compat	fecundation_failure_rate
0	FG024	FG001	False	0.40918163672654695	0.590818363273453
1	FG024	FG002	False	0.7005988023952097	0.29940119760479034
2	FG031	FG012	False	0.9720558882235528	0.027944111776447178
3	FG024	FG001	False	0.40918163672654695	0.590818363273453
4	FG024	FG002	False	0.7005988023952097	0.29940119760479034
5	FG001	FG001	True	0.592814371257485	0.40718562874251496
6	FG015	FG001	False	0.5808383233532934	0.41916167664670656
7	FG001	FG001	True	0.592814371257485	0.40718562874251496
8	FG006	FG001	False	0.5229540918163673	0.4770459081836327
9	FG001	FG024	False	0.40918163672654695	0.590818363273453
10	FG001	FG023	False	0.5828343313373253	0.4171656686626747
11	FG001	FG001	True	0.592814371257485	0.40718562874251496
12	FG002	FG001	False	0.4770459081836328	0.5229540918163672
13	FG004	FG024	False	0.7984031936127745	0.20159680638722555
14	FG024	FG028	False	0.8143712574850299	0.18562874251497008
15	FG001	FG001	True	0.592814371257485	0.40718562874251496
16	FG001	FG018	False	0.5808383233532934	0.41916167664670656
17	FG024	FG001	False	0.40918163672654695	0.590818363273453
18	FG002	FG001	False	0.4770459081836328	0.5229540918163672
19	FG005	FG010	False	0.968063872255489	0.031936127744511045
20	FG024	FG001	False	0.40918163672654695	0.590818363273453
21	FG003	FG006	False	0.9041916167664671	0.09580838323353291
22	FG003	FG028	False	0.9720558882235528	0.027944111776447178
23	FG024	FG001	False	0.40918163672654695	0.590818363273453
24	FG024	FG001	False	0.40918163672654695	0.590818363273453
25	FG032	FG001	False	0.590818363273453	0.40918163672654695
26	FG001	FG014	False	0.5868263473053892	0.4131736526946108
27	FG001	FG001	True	0.592814371257485	0.40718562874251496
28	FG002	FG001	False	0.4770459081836328	0.5229540918163672
29	FG002	FG001	False	0.4770459081836328	0.5229540918163672
30	FG001	FG001	True	0.592814371257485	0.40718562874251496
31	FG001	FG002	False	0.47704590818363274	0.5229540918163673
32	FG012	FG001	False	0.5668662674650699	0.43313373253493015
33	FG001	FG028	False	0.590818363273453	0.40918163672654695
34	FG024	FG024	True	0.8163672654690619	0.1836327345309381
35	FG001	FG024	False	0.40918163672654695	0.590818363273453
36	FG024	FG001	False	0.40918163672654695	0.590818363273453
37	FG001	FG001	True	0.592814371257485	0.40718562874251496
38	FG012	FG006	False	0.9041916167664671	0.09580838323353291
39	FG024	FG006	False	0.7465069860279442	0.2534930139720558
40	FG002	FG002	True	0.8842315369261478	0.11576846307385225
41	FG002	FG024	False	0.7005988023952097	0.29940119760479034
42	FG001	FG012	False	0.5668662674650699	0.43313373253493015
43	FG005	FG024	False	0.8023952095808383	0.19760479041916168
44	FG001	FG003	False	0.5668662674650699	0.43313373253493015
45	FG005	FG002	False	0.870259481037924	0.12974051896207595
46	FG024	FG024	True	0.8163672654690619	0.1836327345309381
47	FG001	FG024	False	0.40918163672654695	0.590818363273453
48	FG024	FG024	True	0.8163672654690619	0.1836327345309381
49	FG001	FG001	True	0.592814371257485	0.40718562874251496
50	FG001	FG017	False	0.5788423153692615	0.42115768463073855
51	FG001	FG010	False	0.5748502994011976	0.4251497005988024
52	FG012	FG001	False	0.5668662674650699	0.43313373253493015
53	FG006	FG003	False	0.9041916167664671	0.09580838323353291
54	FG001	FG023	False	0.5828343313373253	0.4171656686626747
55	FG002	FG024	False	0.7005988023952097	0.29940119760479034
56	FG024	FG024	True	0.8163672654690619	0.1836327345309381
57	FG024	FG006	False	0.7465069860279442	0.2534930139720558
58	FG017	FG024	False	0.8023952095808383	0.19760479041916168
59	FG002	FG024	False	0.7005988023952097	0.29940119760479034
60	FG010	FG001	False	0.5748502994011976	0.4251497005988024
61	FG024	FG001	False	0.40918163672654695	0.590818363273453
62	FG015	FG024	False	0.8043912175648703	0.1956087824351297
63	FG001	FG002	False	0.47704590818363274	0.5229540918163673
64	FG001	FG001	True	0.592814371257485	0.40718562874251496
65	FG018	FG002	False	0.872255489021956	0.12774451097804396
66	FG001	FG001	True	0.592814371257485	0.40718562874251496
67	FG002	FG001	False	0.4770459081836328	0.5229540918163672
68	FG001	FG017	False	0.5788423153692615	0.42115768463073855
69	FG001	FG018	False	0.5808383233532934	0.41916167664670656
70	FG002	FG001	False	0.4770459081836328	0.5229540918163672
71	FG002	FG001	False	0.4770459081836328	0.5229540918163672
72	FG001	FG024	False	0.40918163672654695	0.590818363273453
73	FG008	FG024	False	0.812375249500998	0.18762475049900196
74	FG013	FG003	False	0.9720558882235528	0.027944111776447178
75	FG001	FG021	False	0.5788423153692615	0.42115768463073855
76	FG006	FG001	False	0.5229540918163673	0.4770459081836327
77	FG006	FG021	False	0.9161676646706587	0.08383233532934131
78	FG024	FG002	False	0.7005988023952097	0.29940119760479034
79	FG012	FG001	False	0.5668662674650699	0.43313373253493015
80	FG019	FG024	False	0.8023952095808383	0.19760479041916168
81	FG001	FG001	True	0.592814371257485	0.40718562874251496
82	FG002	FG001	False	0.4770459081836328	0.5229540918163672
83	FG024	FG001	False	0.40918163672654695	0.590818363273453
84	FG001	FG001	True	0.592814371257485	0.40718562874251496
85	FG002	FG001	False	0.4770459081836328	0.5229540918163672
86	FG005	FG025	False	0.9840319361277444	0.015968063872255578
87	FG003	FG024	False	0.7904191616766467	0.20958083832335328
88	FG024	FG001	False	0.40918163672654695	0.590818363273453
89	FG012	FG001	False	0.5668662674650699	0.43313373253493015
90	FG001	FG024	False	0.40918163672654695	0.590818363273453
91	FG005	FG001	False	0.5788423153692615	0.42115768463073855
92	FG001	FG001	True	0.592814371257485	0.40718562874251496
93	FG007	FG005	False	0.9820359281437125	0.017964071856287456
94	FG001	FG012	False	0.5668662674650699	0.43313373253493015
95	FG002	FG001	False	0.4770459081836328	0.5229540918163672
96	FG001	FG001	True	0.592814371257485	0.40718562874251496
97	FG019	FG001	False	0.5788423153692615	0.42115768463073855
98	FG009	FG001	False	0.5888223552894212	0.4111776447105788
99	FG001	FG001	True	0.592814371257485	0.40718562874251496
100	FG001	FG006	False	0.5229540918163673	0.4770459081836327
101	FG001	FG024	False	0.40918163672654695	0.590818363273453
102	FG001	FG017	False	0.5788423153692615	0.42115768463073855
103	FG001	FG001	True	0.592814371257485	0.40718562874251496
104	FG005	FG015	False	0.9740518962075848	0.02594810379241519
105	FG002	FG015	False	0.8722554890219562	0.12774451097804385
106	FG001	FG006	False	0.5229540918163673	0.4770459081836327
107	FG024	FG001	False	0.40918163672654695	0.590818363273453
108	FG001	FG024	False	0.40918163672654695	0.590818363273453
109	FG024	FG003	False	0.7904191616766467	0.20958083832335328
110	FG002	FG001	False	0.4770459081836328	0.5229540918163672
111	FG001	FG001	True	0.592814371257485	0.40718562874251496
112	FG024	FG005	False	0.8023952095808383	0.19760479041916168
113	FG006	FG002	False	0.8143712574850299	0.18562874251497008
114	FG005	FG001	False	0.5788423153692615	0.42115768463073855
115	FG003	FG001	False	0.5668662674650699	0.43313373253493015
116	FG001	FG001	True	0.592814371257485	0.40718562874251496
117	FG001	FG013	False	0.590818363273453	0.40918163672654695
118	FG001	FG024	False	0.40918163672654695	0.590818363273453
119	FG003	FG001	False	0.5668662674650699	0.43313373253493015
120	FG001	FG024	False	0.40918163672654695	0.590818363273453
121	FG001	FG024	False	0.40918163672654695	0.590818363273453
122	FG030	FG024	False	0.812375249500998	0.18762475049900196
123	FG001	FG014	False	0.5868263473053892	0.4131736526946108
124	FG006	FG001	False	0.5229540918163673	0.4770459081836327
125	FG017	FG024	False	0.8023952095808383	0.19760479041916168
126	FG004	FG024	False	0.7984031936127745	0.20159680638722555
127	FG024	FG002	False	0.7005988023952097	0.29940119760479034
128	FG015	FG012	False	0.9620758483033932	0.03792415169660679
129	FG001	FG001	True	0.592814371257485	0.40718562874251496
130	FG001	FG001	True	0.592814371257485	0.40718562874251496
131	FG024	FG024	True	0.8163672654690619	0.1836327345309381
132	FG002	FG024	False	0.7005988023952097	0.29940119760479034
133	FG006	FG006	True	0.9301397205588823	0.06986027944111772
134	FG024	FG024	True	0.8163672654690619	0.1836327345309381
135	FG001	FG006	False	0.5229540918163673	0.4770459081836327
136	FG004	FG001	False	0.5748502994011976	0.4251497005988024
137	FG001	FG017	False	0.5788423153692615	0.42115768463073855
138	FG002	FG001	False	0.4770459081836328	0.5229540918163672
139	FG024	FG024	True	0.8163672654690619	0.1836327345309381
140	FG001	FG001	True	0.592814371257485	0.40718562874251496
141	FG024	FG017	False	0.8023952095808383	0.19760479041916168
142	FG003	FG009	False	0.9700598802395209	0.029940119760479056
143	FG002	FG005	False	0.8702594810379242	0.12974051896207583
144	FG001	FG001	True	0.592814371257485	0.40718562874251496
145	FG001	FG017	False	0.5788423153692615	0.42115768463073855
146	FG012	FG001	False	0.5668662674650699	0.43313373253493015
147	FG002	FG001	False	0.4770459081836328	0.5229540918163672
148	FG018	FG001	False	0.5808383233532934	0.41916167664670656
149	FG001	FG015	False	0.5808383233532934	0.41916167664670656
150	FG001	FG001	True	0.592814371257485	0.40718562874251496
151	FG024	FG002	False	0.7005988023952097	0.29940119760479034
152	FG024	FG002	False	0.7005988023952097	0.29940119760479034
153	FG023	FG023	True	0.9900199600798403	0.009980039920159722
154	FG024	FG006	False	0.7465069860279442	0.2534930139720558
155	FG027	FG001	False	0.590818363273453	0.40918163672654695
156	FG001	FG003	False	0.5668662674650699	0.43313373253493015
157	FG001	FG017	False	0.5788423153692615	0.42115768463073855
158	FG001	FG001	True	0.592814371257485	0.40718562874251496
159	FG001	FG001	True	0.592814371257485	0.40718562874251496
160	FG001	FG024	False	0.40918163672654695	0.590818363273453
161	FG024	FG001	False	0.40918163672654695	0.590818363273453
162	FG001	FG001	True	0.592814371257485	0.40718562874251496
163	FG024	FG001	False	0.40918163672654695	0.590818363273453
164	FG006	FG001	False	0.5229540918163673	0.4770459081836327
165	FG006	FG002	False	0.8143712574850299	0.18562874251497008
166	FG003	FG001	False	0.5668662674650699	0.43313373253493015
167	FG024	FG001	False	0.40918163672654695	0.590818363273453
168	FG001	FG001	True	0.592814371257485	0.40718562874251496
169	FG023	FG006	False	0.9201596806387226	0.07984031936127745
170	FG008	FG002	False	0.8802395209580838	0.11976047904191622
171	FG024	FG002	False	0.7005988023952097	0.29940119760479034
172	FG006	FG001	False	0.5229540918163673	0.4770459081836327
173	FG003	FG024	False	0.7904191616766467	0.20958083832335328
174	FG024	FG024	True	0.8163672654690619	0.1836327345309381
175	FG024	FG019	False	0.8023952095808383	0.19760479041916168
176	FG006	FG001	False	0.5229540918163673	0.4770459081836327
177	FG024	FG001	False	0.40918163672654695	0.590818363273453
178	FG004	FG013	False	0.9800399201596806	0.019960079840319445
179	FG024	FG024	True	0.8163672654690619	0.1836327345309381
180	FG002	FG006	False	0.81437125748503	0.18562874251496997
181	FG003	FG002	False	0.8582834331337326	0.14171656686626743
182	FG018	FG001	False	0.5808383233532934	0.41916167664670656
183	FG002	FG024	False	0.7005988023952097	0.29940119760479034
184	FG001	FG021	False	0.5788423153692615	0.42115768463073855
185	FG024	FG002	False	0.7005988023952097	0.29940119760479034
186	FG002	FG001	False	0.4770459081836328	0.5229540918163672
187	FG002	FG024	False	0.7005988023952097	0.29940119760479034
188	FG001	FG010	False	0.5748502994011976	0.4251497005988024
189	FG001	FG023	False	0.5828343313373253	0.4171656686626747
190	FG001	FG001	True	0.592814371257485	0.40718562874251496
191	FG024	FG024	True	0.8163672654690619	0.1836327345309381
192	FG001	FG001	True	0.592814371257485	0.40718562874251496
193	FG001	FG024	False	0.40918163672654695	0.590818363273453
194	FG002	FG002	True	0.8842315369261478	0.11576846307385225
195	FG003	FG006	False	0.9041916167664671	0.09580838323353291
196	FG018	FG001	False	0.5808383233532934	0.41916167664670656
197	FG001	FG001	True	0.592814371257485	0.40718562874251496
198	FG012	FG006	False	0.9041916167664671	0.09580838323353291
199	FG012	FG024	False	0.7904191616766467	0.20958083832335328
200	FG006	FG001	False	0.5229540918163673	0.4770459081836327
201	FG021	FG001	False	0.5788423153692615	0.42115768463073855
202	FG021	FG002	False	0.870259481037924	0.12974051896207595
203	FG002	FG017	False	0.8702594810379242	0.12974051896207583
204	FG024	FG001	False	0.40918163672654695	0.590818363273453
205	FG025	FG002	False	0.8822355289421158	0.11776447105788423
206	FG005	FG024	False	0.8023952095808383	0.19760479041916168
207	FG009	FG001	False	0.5888223552894212	0.4111776447105788
208	FG002	FG030	False	0.8802395209580839	0.11976047904191611
209	FG002	FG024	False	0.7005988023952097	0.29940119760479034
210	FG006	FG002	False	0.8143712574850299	0.18562874251497008
211	FG001	FG015	False	0.5808383233532934	0.41916167664670656
212	FG024	FG003	False	0.7904191616766467	0.20958083832335328
213	FG030	FG024	False	0.812375249500998	0.18762475049900196
214	FG002	FG001	False	0.4770459081836328	0.5229540918163672
215	FG001	FG024	False	0.40918163672654695	0.590818363273453
216	FG001	FG001	True	0.592814371257485	0.40718562874251496
217	FG001	FG001	True	0.592814371257485	0.40718562874251496
218	FG002	FG005	False	0.8702594810379242	0.12974051896207583
219	FG010	FG001	False	0.5748502994011976	0.4251497005988024
220	FG024	FG024	True	0.8163672654690619	0.1836327345309381
221	FG024	FG024	True	0.8163672654690619	0.1836327345309381
222	FG001	FG001	True	0.592814371257485	0.40718562874251496
223	FG001	FG023	False	0.5828343313373253	0.4171656686626747
224	FG006	FG001	False	0.5229540918163673	0.4770459081836327
225	FG005	FG019	False	0.9720558882235528	0.027944111776447178
226	FG001	FG001	True	0.592814371257485	0.40718562874251496
227	FG002	FG016	False	0.8822355289421158	0.11776447105788423
228	FG001	FG010	False	0.5748502994011976	0.4251497005988024
229	FG018	FG001	False	0.5808383233532934	0.41916167664670656
230	FG010	FG004	False	0.9640718562874251	0.03592814371257491
231	FG003	FG002	False	0.8582834331337326	0.14171656686626743
232	FG001	FG018	False	0.5808383233532934	0.41916167664670656
233	FG018	FG018	True	0.9880239520958084	0.0119760479041916
234	FG024	FG006	False	0.7465069860279442	0.2534930139720558
235	FG001	FG021	False	0.5788423153692615	0.42115768463073855
236	FG014	FG002	False	0.8782435129740518	0.12175648702594821
237	FG006	FG001	False	0.5229540918163673	0.4770459081836327
238	FG001	FG002	False	0.47704590818363274	0.5229540918163673
239	FG001	FG003	False	0.5668662674650699	0.43313373253493015
240	FG002	FG006	False	0.81437125748503	0.18562874251496997
241	FG006	FG001	False	0.5229540918163673	0.4770459081836327
242	FG012	FG001	False	0.5668662674650699	0.43313373253493015
243	FG001	FG024	False	0.40918163672654695	0.590818363273453
244	FG001	FG001	True	0.592814371257485	0.40718562874251496
245	FG021	FG024	False	0.8023952095808383	0.19760479041916168
246	FG024	FG024	True	0.8163672654690619	0.1836327345309381
247	FG024	FG019	False	0.8023952095808383	0.19760479041916168
248	FG006	FG001	False	0.5229540918163673	0.4770459081836327
249	FG001	FG025	False	0.590818363273453	0.40918163672654695
250	FG001	FG001	True	0.592814371257485	0.40718562874251496
251	FG001	FG001	True	0.592814371257485	0.40718562874251496
252	FG001	FG001	True	0.592814371257485	0.40718562874251496
253	FG006	FG012	False	0.9041916167664671	0.09580838323353291
254	FG024	FG024	True	0.8163672654690619	0.1836327345309381
255	FG019	FG024	False	0.8023952095808383	0.19760479041916168
256	FG002	FG001	False	0.4770459081836328	0.5229540918163672
257	FG001	FG017	False	0.5788423153692615	0.42115768463073855
258	FG001	FG015	False	0.5808383233532934	0.41916167664670656
259	FG012	FG001	False	0.5668662674650699	0.43313373253493015
260	FG010	FG001	False	0.5748502994011976	0.4251497005988024
261	FG030	FG001	False	0.5888223552894212	0.4111776447105788
262	FG024	FG024	True	0.8163672654690619	0.1836327345309381
263	FG024	FG010	False	0.7984031936127745	0.20159680638722555
264	FG006	FG024	False	0.7465069860279442	0.2534930139720558
265	FG002	FG001	False	0.4770459081836328	0.5229540918163672
266	FG002	FG021	False	0.8702594810379242	0.12974051896207583
267	FG018	FG001	False	0.5808383233532934	0.41916167664670656
268	FG001	FG001	True	0.592814371257485	0.40718562874251496
269	FG001	FG001	True	0.592814371257485	0.40718562874251496
270	FG024	FG012	False	0.7904191616766467	0.20958083832335328
271	FG001	FG001	True	0.592814371257485	0.40718562874251496
272	FG015	FG001	False	0.5808383233532934	0.41916167664670656
273	FG001	FG002	False	0.47704590818363274	0.5229540918163673
274	FG001	FG001	True	0.592814371257485	0.40718562874251496
275	FG001	FG002	False	0.47704590818363274	0.5229540918163673
276	FG001	FG024	False	0.40918163672654695	0.590818363273453
277	FG024	FG010	False	0.7984031936127745	0.20159680638722555
278	FG001	FG002	False	0.47704590818363274	0.5229540918163673
279	FG001	FG003	False	0.5668662674650699	0.43313373253493015
280	FG015	FG002	False	0.872255489021956	0.12774451097804396
281	FG021	FG024	False	0.8023952095808383	0.19760479041916168
282	FG006	FG001	False	0.5229540918163673	0.4770459081836327
283	FG012	FG001	False	0.5668662674650699	0.43313373253493015
284	FG001	FG001	True	0.592814371257485	0.40718562874251496
285	FG006	FG001	False	0.5229540918163673	0.4770459081836327
286	FG024	FG007	False	0.812375249500998	0.18762475049900196
287	FG002	FG002	True	0.8842315369261478	0.11576846307385225
288	FG001	FG001	True	0.592814371257485	0.40718562874251496
289	FG001	FG001	True	0.592814371257485	0.40718562874251496
290	FG002	FG024	False	0.7005988023952097	0.29940119760479034
291	FG012	FG024	False	0.7904191616766467	0.20958083832335328
292	FG001	FG001	True	0.592814371257485	0.40718562874251496
293	FG024	FG009	False	0.812375249500998	0.18762475049900196
294	FG001	FG001	True	0.592814371257485	0.40718562874251496
295	FG001	FG024	False	0.40918163672654695	0.590818363273453
296	FG017	FG001	False	0.5788423153692615	0.42115768463073855
297	FG015	FG001	False	0.5808383233532934	0.41916167664670656
298	FG001	FG001	True	0.592814371257485	0.40718562874251496
299	FG024	FG001	False	0.40918163672654695	0.590818363273453
300	FG001	FG003	False	0.5668662674650699	0.43313373253493015
301	FG024	FG001	False	0.40918163672654695	0.590818363273453
302	FG002	FG006	False	0.81437125748503	0.18562874251496997
303	FG024	FG006	False	0.7465069860279442	0.2534930139720558
304	FG001	FG001	True	0.592814371257485	0.40718562874251496
305	FG002	FG005	False	0.8702594810379242	0.12974051896207583
306	FG003	FG001	False	0.5668662674650699	0.43313373253493015
307	FG012	FG006	False	0.9041916167664671	0.09580838323353291
308	FG015	FG006	False	0.9181636726546907	0.08183632734530932
309	FG001	FG001	True	0.592814371257485	0.40718562874251496
310	FG001	FG001	True	0.592814371257485	0.40718562874251496
311	FG001	FG012	False	0.5668662674650699	0.43313373253493015
312	FG001	FG024	False	0.40918163672654695	0.590818363273453
313	FG007	FG024	False	0.812375249500998	0.18762475049900196
314	FG005	FG002	False	0.870259481037924	0.12974051896207595
315	FG026	FG003	False	0.9720558882235528	0.027944111776447178
316	FG024	FG006	False	0.7465069860279442	0.2534930139720558
317	FG001	FG024	False	0.40918163672654695	0.590818363273453
318	FG001	FG006	False	0.5229540918163673	0.4770459081836327
319	FG029	FG024	False	0.8143712574850299	0.18562874251497008
320	FG005	FG001	False	0.5788423153692615	0.42115768463073855
321	FG012	FG001	False	0.5668662674650699	0.43313373253493015
322	FG001	FG001	True	0.592814371257485	0.40718562874251496
323	FG024	FG024	True	0.8163672654690619	0.1836327345309381
324	FG021	FG003	False	0.9600798403193612	0.03992015968063878
325	FG001	FG005	False	0.5788423153692615	0.42115768463073855
326	FG001	FG006	False	0.5229540918163673	0.4770459081836327
327	FG006	FG001	False	0.5229540918163673	0.4770459081836327
328	FG001	FG002	False	0.47704590818363274	0.5229540918163673
329	FG024	FG011	False	0.8143712574850299	0.18562874251497008
330	FG001	FG024	False	0.40918163672654695	0.590818363273453
331	FG001	FG004	False	0.5748502994011976	0.4251497005988024
332	FG024	FG001	False	0.40918163672654695	0.590818363273453
333	FG001	FG023	False	0.5828343313373253	0.4171656686626747
334	FG002	FG024	False	0.7005988023952097	0.29940119760479034
335	FG001	FG024	False	0.40918163672654695	0.590818363273453
336	FG006	FG024	False	0.7465069860279442	0.2534930139720558
337	FG002	FG024	False	0.7005988023952097	0.29940119760479034
338	FG024	FG001	False	0.40918163672654695	0.590818363273453
339	FG003	FG024	False	0.7904191616766467	0.20958083832335328
340	FG001	FG001	True	0.592814371257485	0.40718562874251496
341	FG001	FG024	False	0.40918163672654695	0.590818363273453
342	FG001	FG001	True	0.592814371257485	0.40718562874251496
343	FG002	FG024	False	0.7005988023952097	0.29940119760479034
344	FG002	FG024	False	0.7005988023952097	0.29940119760479034
345	FG024	FG001	False	0.40918163672654695	0.590818363273453
346	FG004	FG001	False	0.5748502994011976	0.4251497005988024
347	FG001	FG001	True	0.592814371257485	0.40718562874251496
348	FG012	FG004	False	0.9560878243512974	0.043912175648702645
349	FG001	FG002	False	0.47704590818363274	0.5229540918163673
350	FG001	FG001	True	0.592814371257485	0.40718562874251496
351	FG002	FG015	False	0.8722554890219562	0.12774451097804385
352	FG001	FG006	False	0.5229540918163673	0.4770459081836327
353	FG001	FG001	True	0.592814371257485	0.40718562874251496
354	FG004	FG001	False	0.5748502994011976	0.4251497005988024
355	FG001	FG006	False	0.5229540918163673	0.4770459081836327
356	FG002	FG002	True	0.8842315369261478	0.11576846307385225
357	FG001	FG002	False	0.47704590818363274	0.5229540918163673
358	FG021	FG024	False	0.8023952095808383	0.19760479041916168
359	FG025	FG024	False	0.8143712574850299	0.18562874251497008
360	FG001	FG001	True	0.592814371257485	0.40718562874251496
361	FG001	FG024	False	0.40918163672654695	0.590818363273453
362	FG001	FG002	False	0.47704590818363274	0.5229540918163673
363	FG007	FG024	False	0.812375249500998	0.18762475049900196
364	FG024	FG003	False	0.7904191616766467	0.20958083832335328
365	FG001	FG024	False	0.40918163672654695	0.590818363273453
366	FG001	FG001	True	0.592814371257485	0.40718562874251496
367	FG001	FG002	False	0.47704590818363274	0.5229540918163673
368	FG019	FG024	False	0.8023952095808383	0.19760479041916168
369	FG002	FG024	False	0.7005988023952097	0.29940119760479034
370	FG012	FG002	False	0.8582834331337326	0.14171656686626743
371	FG024	FG006	False	0.7465069860279442	0.2534930139720558
372	FG024	FG019	False	0.8023952095808383	0.19760479041916168
373	FG001	FG021	False	0.5788423153692615	0.42115768463073855
374	FG002	FG001	False	0.4770459081836328	0.5229540918163672
375	FG024	FG001	False	0.40918163672654695	0.590818363273453
376	FG006	FG017	False	0.9161676646706587	0.08383233532934131
377	FG001	FG001	True	0.592814371257485	0.40718562874251496
378	FG001	FG001	True	0.592814371257485	0.40718562874251496
379	FG003	FG012	False	0.9481037924151696	0.05189620758483038
380	FG001	FG002	False	0.47704590818363274	0.5229540918163673
381	FG024	FG001	False	0.40918163672654695	0.590818363273453
382	FG004	FG001	False	0.5748502994011976	0.4251497005988024
383	FG001	FG001	True	0.592814371257485	0.40718562874251496
384	FG002	FG024	False	0.7005988023952097	0.29940119760479034
385	FG001	FG024	False	0.40918163672654695	0.590818363273453
386	FG024	FG002	False	0.7005988023952097	0.29940119760479034
387	FG006	FG001	False	0.5229540918163673	0.4770459081836327
388	FG001	FG001	True	0.592814371257485	0.40718562874251496
389	FG001	FG012	False	0.5668662674650699	0.43313373253493015
390	FG024	FG001	False	0.40918163672654695	0.590818363273453
391	FG007	FG004	False	0.9780439121756487	0.021956087824351322
392	FG024	FG001	False	0.40918163672654695	0.590818363273453
393	FG001	FG024	False	0.40918163672654695	0.590818363273453
394	FG024	FG024	True	0.8163672654690619	0.1836327345309381
395	FG012	FG002	False	0.8582834331337326	0.14171656686626743
396	FG002	FG001	False	0.4770459081836328	0.5229540918163672
397	FG012	FG007	False	0.9700598802395209	0.029940119760479056
398	FG006	FG001	False	0.5229540918163673	0.4770459081836327
399	FG012	FG002	False	0.8582834331337326	0.14171656686626743
400	FG001	FG024	False	0.40918163672654695	0.590818363273453
401	FG001	FG002	False	0.47704590818363274	0.5229540918163673
402	FG010	FG001	False	0.5748502994011976	0.4251497005988024
403	FG001	FG024	False	0.40918163672654695	0.590818363273453
404	FG006	FG029	False	0.9281437125748503	0.07185628742514971
405	FG002	FG007	False	0.8802395209580839	0.11976047904191611
406	FG001	FG001	True	0.592814371257485	0.40718562874251496
407	FG002	FG001	False	0.4770459081836328	0.5229540918163672
408	FG012	FG024	False	0.7904191616766467	0.20958083832335328
409	FG003	FG001	False	0.5668662674650699	0.43313373253493015
410	FG024	FG001	False	0.40918163672654695	0.590818363273453
411	FG015	FG001	False	0.5808383233532934	0.41916167664670656
412	FG015	FG015	True	0.9880239520958084	0.0119760479041916
413	FG001	FG024	False	0.40918163672654695	0.590818363273453
414	FG024	FG001	False	0.40918163672654695	0.590818363273453
415	FG001	FG012	False	0.5668662674650699	0.43313373253493015
416	FG024	FG004	False	0.7984031936127745	0.20159680638722555
417	FG021	FG023	False	0.9760479041916167	0.02395209580838331
418	FG001	FG024	False	0.40918163672654695	0.590818363273453
419	FG001	FG003	False	0.5668662674650699	0.43313373253493015
420	FG006	FG003	False	0.9041916167664671	0.09580838323353291
421	FG024	FG024	True	0.8163672654690619	0.1836327345309381
422	FG015	FG006	False	0.9181636726546907	0.08183632734530932
423	FG003	FG024	False	0.7904191616766467	0.20958083832335328
424	FG015	FG001	False	0.5808383233532934	0.41916167664670656
425	FG017	FG024	False	0.8023952095808383	0.19760479041916168
426	FG001	FG001	True	0.592814371257485	0.40718562874251496
427	FG001	FG001	True	0.592814371257485	0.40718562874251496
428	FG001	FG014	False	0.5868263473053892	0.4131736526946108
429	FG001	FG002	False	0.47704590818363274	0.5229540918163673
430	FG024	FG001	False	0.40918163672654695	0.590818363273453
431	FG017	FG002	False	0.870259481037924	0.12974051896207595
432	FG001	FG024	False	0.40918163672654695	0.590818363273453
433	FG001	FG001	True	0.592814371257485	0.40718562874251496
434	FG001	FG015	False	0.5808383233532934	0.41916167664670656
435	FG003	FG006	False	0.9041916167664671	0.09580838323353291
436	FG007	FG024	False	0.812375249500998	0.18762475049900196
437	FG001	FG002	False	0.47704590818363274	0.5229540918163673
438	FG002	FG002	True	0.8842315369261478	0.11576846307385225
439	FG001	FG024	False	0.40918163672654695	0.590818363273453
440	FG002	FG001	False	0.4770459081836328	0.5229540918163672
441	FG001	FG001	True	0.592814371257485	0.40718562874251496
442	FG001	FG001	True	0.592814371257485	0.40718562874251496
443	FG001	FG003	False	0.5668662674650699	0.43313373253493015
444	FG001	FG023	False	0.5828343313373253	0.4171656686626747
445	FG002	FG003	False	0.8582834331337326	0.14171656686626743
446	FG003	FG001	False	0.5668662674650699	0.43313373253493015
447	FG028	FG001	False	0.590818363273453	0.40918163672654695
448	FG024	FG006	False	0.7465069860279442	0.2534930139720558
449	FG001	FG024	False	0.40918163672654695	0.590818363273453
450	FG003	FG016	False	0.9720558882235528	0.027944111776447178
451	FG002	FG001	False	0.4770459081836328	0.5229540918163672
452	FG024	FG006	False	0.7465069860279442	0.2534930139720558
453	FG019	FG024	False	0.8023952095808383	0.19760479041916168
454	FG001	FG006	False	0.5229540918163673	0.4770459081836327
455	FG024	FG001	False	0.40918163672654695	0.590818363273453
456	FG001	FG001	True	0.592814371257485	0.40718562874251496
457	FG001	FG001	True	0.592814371257485	0.40718562874251496
458	FG001	FG001	True	0.592814371257485	0.40718562874251496
459	FG015	FG001	False	0.5808383233532934	0.41916167664670656
460	FG001	FG002	False	0.47704590818363274	0.5229540918163673
461	FG001	FG001	True	0.592814371257485	0.40718562874251496
462	FG001	FG001	True	0.592814371257485	0.40718562874251496
463	FG012	FG004	False	0.9560878243512974	0.043912175648702645
464	FG001	FG001	True	0.592814371257485	0.40718562874251496
465	FG026	FG004	False	0.9800399201596806	0.019960079840319445
466	FG003	FG005	False	0.9600798403193612	0.03992015968063878
467	FG006	FG004	False	0.9121756487025948	0.08782435129740518
468	FG019	FG023	False	0.9760479041916167	0.02395209580838331
469	FG002	FG001	False	0.4770459081836328	0.5229540918163672
470	FG024	FG006	False	0.7465069860279442	0.2534930139720558
471	FG024	FG006	False	0.7465069860279442	0.2534930139720558
472	FG001	FG001	True	0.592814371257485	0.40718562874251496
473	FG001	FG001	True	0.592814371257485	0.40718562874251496
474	FG002	FG001	False	0.4770459081836328	0.5229540918163672
475	FG001	FG002	False	0.47704590818363274	0.5229540918163673
476	FG006	FG001	False	0.5229540918163673	0.4770459081836327
477	FG001	FG001	True	0.592814371257485	0.40718562874251496
478	FG002	FG001	False	0.4770459081836328	0.5229540918163672
479	FG011	FG001	False	0.590818363273453	0.40918163672654695
480	FG006	FG001	False	0.5229540918163673	0.4770459081836327
481	FG001	FG005	False	0.5788423153692615	0.42115768463073855
482	FG006	FG001	False	0.5229540918163673	0.4770459081836327
483	FG001	FG002	False	0.47704590818363274	0.5229540918163673
484	FG019	FG001	False	0.5788423153692615	0.42115768463073855
485	FG002	FG021	False	0.8702594810379242	0.12974051896207583
486	FG024	FG024	True	0.8163672654690619	0.1836327345309381
487	FG001	FG024	False	0.40918163672654695	0.590818363273453
488	FG002	FG001	False	0.4770459081836328	0.5229540918163672
489	FG002	FG024	False	0.7005988023952097	0.29940119760479034
490	FG013	FG004	False	0.9800399201596806	0.019960079840319445
491	FG012	FG009	False	0.9700598802395209	0.029940119760479056
492	FG001	FG001	True	0.592814371257485	0.40718562874251496
493	FG004	FG001	False	0.5748502994011976	0.4251497005988024
494	FG001	FG002	False	0.47704590818363274	0.5229540918163673
495	FG001	FG024	False	0.40918163672654695	0.590818363273453
496	FG019	FG024	False	0.8023952095808383	0.19760479041916168
497	FG006	FG006	True	0.9301397205588823	0.06986027944111772
498	FG018	FG001	False	0.5808383233532934	0.41916167664670656
499	FG001	FG024	False	0.40918163672654695	0.590818363273453
500	FG024	FG001	False	0.40918163672654695	0.590818363273453
501	FG024	FG002	False	0.7005988023952097	0.29940119760479034
502	FG001	FG006	False	0.5229540918163673	0.4770459081836327
503	FG002	FG024	False	0.7005988023952097	0.29940119760479034
504	FG011	FG001	False	0.590818363273453	0.40918163672654695
505	FG001	FG019	False	0.5788423153692615	0.42115768463073855
506	FG002	FG001	False	0.4770459081836328	0.5229540918163672
507	FG024	FG001	False	0.40918163672654695	0.590818363273453
508	FG001	FG019	False	0.5788423153692615	0.42115768463073855
509	FG030	FG002	False	0.8802395209580838	0.11976047904191622
510	FG001	FG024	False	0.40918163672654695	0.590818363273453
511	FG001	FG006	False	0.5229540918163673	0.4770459081836327
512	FG001	FG006	False	0.5229540918163673	0.4770459081836327
513	FG003	FG024	False	0.7904191616766467	0.20958083832335328
514	FG001	FG001	True	0.592814371257485	0.40718562874251496
515	FG001	FG002	False	0.47704590818363274	0.5229540918163673
516	FG024	FG001	False	0.40918163672654695	0.590818363273453
517	FG001	FG001	True	0.592814371257485	0.40718562874251496
518	FG001	FG015	False	0.5808383233532934	0.41916167664670656
519	FG001	FG002	False	0.47704590818363274	0.5229540918163673
520	FG001	FG001	True	0.592814371257485	0.40718562874251496
521	FG012	FG001	False	0.5668662674650699	0.43313373253493015
522	FG024	FG002	False	0.7005988023952097	0.29940119760479034
523	FG024	FG001	False	0.40918163672654695	0.590818363273453
524	FG019	FG003	False	0.9600798403193612	0.03992015968063878
525	FG008	FG011	False	0.9940119760479041	0.005988023952095856
526	FG001	FG005	False	0.5788423153692615	0.42115768463073855
527	FG001	FG024	False	0.40918163672654695	0.590818363273453
528	FG001	FG024	False	0.40918163672654695	0.590818363273453
529	FG024	FG002	False	0.7005988023952097	0.29940119760479034
530	FG024	FG024	True	0.8163672654690619	0.1836327345309381
531	FG001	FG017	False	0.5788423153692615	0.42115768463073855
532	FG001	FG001	True	0.592814371257485	0.40718562874251496
533	FG001	FG001	True	0.592814371257485	0.40718562874251496
534	FG002	FG001	False	0.4770459081836328	0.5229540918163672
535	FG024	FG001	False	0.40918163672654695	0.590818363273453
536	FG002	FG001	False	0.4770459081836328	0.5229540918163672
537	FG002	FG001	False	0.4770459081836328	0.5229540918163672
538	FG001	FG024	False	0.40918163672654695	0.590818363273453
539	FG006	FG024	False	0.7465069860279442	0.2534930139720558
540	FG001	FG001	True	0.592814371257485	0.40718562874251496
541	FG001	FG001	True	0.592814371257485	0.40718562874251496
542	FG001	FG001	True	0.592814371257485	0.40718562874251496
543	FG005	FG005	True	0.9860279441117764	0.013972055888223589
544	FG023	FG001	False	0.5828343313373253	0.4171656686626747
545	FG024	FG001	False	0.40918163672654695	0.590818363273453
546	FG001	FG001	True	0.592814371257485	0.40718562874251496
547	FG001	FG006	False	0.5229540918163673	0.4770459081836327
548	FG001	FG001	True	0.592814371257485	0.40718562874251496
549	FG001	FG002	False	0.47704590818363274	0.5229540918163673
550	FG001	FG024	False	0.40918163672654695	0.590818363273453
551	FG002	FG024	False	0.7005988023952097	0.29940119760479034
552	FG001	FG002	False	0.47704590818363274	0.5229540918163673
553	FG024	FG001	False	0.40918163672654695	0.590818363273453
554	FG001	FG001	True	0.592814371257485	0.40718562874251496
555	FG001	FG001	True	0.592814371257485	0.40718562874251496
556	FG024	FG002	False	0.7005988023952097	0.29940119760479034
557	FG006	FG019	False	0.9161676646706587	0.08383233532934131
558	FG001	FG002	False	0.47704590818363274	0.5229540918163673
559	FG001	FG001	True	0.592814371257485	0.40718562874251496
560	FG001	FG005	False	0.5788423153692615	0.42115768463073855
561	FG024	FG001	False	0.40918163672654695	0.590818363273453
562	FG024	FG001	False	0.40918163672654695	0.590818363273453
563	FG001	FG010	False	0.5748502994011976	0.4251497005988024
564	FG001	FG001	True	0.592814371257485	0.40718562874251496
565	FG018	FG006	False	0.9181636726546907	0.08183632734530932
566	FG024	FG002	False	0.7005988023952097	0.29940119760479034
567	FG024	FG024	True	0.8163672654690619	0.1836327345309381
568	FG021	FG001	False	0.5788423153692615	0.42115768463073855
569	FG001	FG024	False	0.40918163672654695	0.590818363273453
570	FG032	FG002	False	0.8822355289421158	0.11776447105788423
571	FG017	FG002	False	0.870259481037924	0.12974051896207595
572	FG002	FG002	True	0.8842315369261478	0.11576846307385225
573	FG001	FG001	True	0.592814371257485	0.40718562874251496
574	FG002	FG003	False	0.8582834331337326	0.14171656686626743
575	FG003	FG006	False	0.9041916167664671	0.09580838323353291
576	FG024	FG003	False	0.7904191616766467	0.20958083832335328
577	FG001	FG006	False	0.5229540918163673	0.4770459081836327
578	FG024	FG024	True	0.8163672654690619	0.1836327345309381
579	FG006	FG001	False	0.5229540918163673	0.4770459081836327
580	FG001	FG001	True	0.592814371257485	0.40718562874251496
581	FG010	FG004	False	0.9640718562874251	0.03592814371257491
582	FG004	FG001	False	0.5748502994011976	0.4251497005988024
583	FG001	FG001	True	0.592814371257485	0.40718562874251496
584	FG001	FG002	False	0.47704590818363274	0.5229540918163673
585	FG001	FG001	True	0.592814371257485	0.40718562874251496
586	FG024	FG001	False	0.40918163672654695	0.590818363273453
587	FG021	FG001	False	0.5788423153692615	0.42115768463073855
588	FG018	FG002	False	0.872255489021956	0.12774451097804396
589	FG024	FG001	False	0.40918163672654695	0.590818363273453
590	FG002	FG001	False	0.4770459081836328	0.5229540918163672
591	FG002	FG002	True	0.8842315369261478	0.11576846307385225
592	FG027	FG004	False	0.9800399201596806	0.019960079840319445
593	FG024	FG001	False	0.40918163672654695	0.590818363273453
594	FG001	FG001	True	0.592814371257485	0.40718562874251496
595	FG024	FG024	True	0.8163672654690619	0.1836327345309381
596	FG012	FG004	False	0.9560878243512974	0.043912175648702645
597	FG001	FG001	True	0.592814371257485	0.40718562874251496
598	FG001	FG002	False	0.47704590818363274	0.5229540918163673
599	FG001	FG001	True	0.592814371257485	0.40718562874251496
600	FG006	FG006	True	0.9301397205588823	0.06986027944111772
601	FG023	FG001	False	0.5828343313373253	0.4171656686626747
602	FG001	FG001	True	0.592814371257485	0.40718562874251496
603	FG001	FG009	False	0.5888223552894212	0.4111776447105788
604	FG001	FG024	False	0.40918163672654695	0.590818363273453
605	FG002	FG024	False	0.7005988023952097	0.29940119760479034
606	FG001	FG021	False	0.5788423153692615	0.42115768463073855
607	FG024	FG001	False	0.40918163672654695	0.590818363273453
608	FG015	FG001	False	0.5808383233532934	0.41916167664670656
609	FG001	FG024	False	0.40918163672654695	0.590818363273453
610	FG024	FG024	True	0.8163672654690619	0.1836327345309381
611	FG002	FG001	False	0.4770459081836328	0.5229540918163672
612	FG001	FG001	True	0.592814371257485	0.40718562874251496
613	FG017	FG001	False	0.5788423153692615	0.42115768463073855
614	FG024	FG021	False	0.8023952095808383	0.19760479041916168
615	FG024	FG001	False	0.40918163672654695	0.590818363273453
616	FG019	FG003	False	0.9600798403193612	0.03992015968063878
617	FG006	FG001	False	0.5229540918163673	0.4770459081836327
618	FG001	FG001	True	0.592814371257485	0.40718562874251496
619	FG002	FG004	False	0.8662674650698603	0.1337325349301397
620	FG001	FG024	False	0.40918163672654695	0.590818363273453
621	FG024	FG024	True	0.8163672654690619	0.1836327345309381
622	FG001	FG024	False	0.40918163672654695	0.590818363273453
623	FG001	FG024	False	0.40918163672654695	0.590818363273453
624	FG006	FG017	False	0.9161676646706587	0.08383233532934131
625	FG008	FG002	False	0.8802395209580838	0.11976047904191622
626	FG024	FG002	False	0.7005988023952097	0.29940119760479034
627	FG001	FG001	True	0.592814371257485	0.40718562874251496
628	FG001	FG024	False	0.40918163672654695	0.590818363273453
629	FG001	FG001	True	0.592814371257485	0.40718562874251496
630	FG004	FG001	False	0.5748502994011976	0.4251497005988024
631	FG002	FG024	False	0.7005988023952097	0.29940119760479034
632	FG024	FG024	True	0.8163672654690619	0.1836327345309381
633	FG001	FG018	False	0.5808383233532934	0.41916167664670656
634	FG001	FG001	True	0.592814371257485	0.40718562874251496
635	FG002	FG001	False	0.4770459081836328	0.5229540918163672
636	FG001	FG024	False	0.40918163672654695	0.590818363273453
637	FG005	FG002	False	0.870259481037924	0.12974051896207595
638	FG001	FG010	False	0.5748502994011976	0.4251497005988024
639	FG024	FG001	False	0.40918163672654695	0.590818363273453
640	FG006	FG018	False	0.9181636726546907	0.08183632734530932
641	FG010	FG015	False	0.9700598802395209	0.029940119760479056
642	FG018	FG001	False	0.5808383233532934	0.41916167664670656
643	FG006	FG001	False	0.5229540918163673	0.4770459081836327
644	FG024	FG001	False	0.40918163672654695	0.590818363273453
645	FG001	FG001	True	0.592814371257485	0.40718562874251496
646	FG004	FG002	False	0.8662674650698603	0.1337325349301397
647	FG002	FG001	False	0.4770459081836328	0.5229540918163672
648	FG002	FG006	False	0.81437125748503	0.18562874251496997
649	FG001	FG002	False	0.47704590818363274	0.5229540918163673
650	FG001	FG001	True	0.592814371257485	0.40718562874251496
651	FG001	FG001	True	0.592814371257485	0.40718562874251496
652	FG019	FG001	False	0.5788423153692615	0.42115768463073855
653	FG001	FG003	False	0.5668662674650699	0.43313373253493015
654	FG021	FG026	False	0.9840319361277444	0.015968063872255578
655	FG001	FG001	True	0.592814371257485	0.40718562874251496
656	FG006	FG017	False	0.9161676646706587	0.08383233532934131
657	FG024	FG020	False	0.8143712574850299	0.18562874251497008
658	FG004	FG001	False	0.5748502994011976	0.4251497005988024
659	FG024	FG024	True	0.8163672654690619	0.1836327345309381
660	FG001	FG024	False	0.40918163672654695	0.590818363273453
661	FG006	FG024	False	0.7465069860279442	0.2534930139720558
662	FG010	FG001	False	0.5748502994011976	0.4251497005988024
663	FG006	FG024	False	0.7465069860279442	0.2534930139720558
664	FG002	FG021	False	0.8702594810379242	0.12974051896207583
665	FG006	FG006	True	0.9301397205588823	0.06986027944111772
666	FG006	FG004	False	0.9121756487025948	0.08782435129740518
667	FG018	FG024	False	0.8043912175648703	0.1956087824351297
668	FG001	FG001	True	0.592814371257485	0.40718562874251496
669	FG002	FG024	False	0.7005988023952097	0.29940119760479034
670	FG001	FG024	False	0.40918163672654695	0.590818363273453
671	FG023	FG021	False	0.9760479041916167	0.02395209580838331
672	FG001	FG010	False	0.5748502994011976	0.4251497005988024
673	FG001	FG017	False	0.5788423153692615	0.42115768463073855
674	FG024	FG001	False	0.40918163672654695	0.590818363273453
675	FG002	FG024	False	0.7005988023952097	0.29940119760479034
676	FG001	FG016	False	0.590818363273453	0.40918163672654695
677	FG024	FG001	False	0.40918163672654695	0.590818363273453
678	FG024	FG021	False	0.8023952095808383	0.19760479041916168
679	FG017	FG001	False	0.5788423153692615	0.42115768463073855
680	FG001	FG001	True	0.592814371257485	0.40718562874251496
681	FG024	FG001	False	0.40918163672654695	0.590818363273453
682	FG001	FG002	False	0.47704590818363274	0.5229540918163673
683	FG024	FG006	False	0.7465069860279442	0.2534930139720558
684	FG003	FG001	False	0.5668662674650699	0.43313373253493015
685	FG001	FG001	True	0.592814371257485	0.40718562874251496
686	FG003	FG001	False	0.5668662674650699	0.43313373253493015
687	FG019	FG002	False	0.870259481037924	0.12974051896207595
688	FG027	FG024	False	0.8143712574850299	0.18562874251497008
689	FG010	FG001	False	0.5748502994011976	0.4251497005988024
690	FG001	FG001	True	0.592814371257485	0.40718562874251496
691	FG024	FG019	False	0.8023952095808383	0.19760479041916168
692	FG001	FG001	True	0.592814371257485	0.40718562874251496
693	FG001	FG024	False	0.40918163672654695	0.590818363273453
694	FG001	FG001	True	0.592814371257485	0.40718562874251496
695	FG004	FG001	False	0.5748502994011976	0.4251497005988024
696	FG024	FG001	False	0.40918163672654695	0.590818363273453
697	FG017	FG001	False	0.5788423153692615	0.42115768463073855
698	FG001	FG006	False	0.5229540918163673	0.4770459081836327
699	FG017	FG001	False	0.5788423153692615	0.42115768463073855
700	FG001	FG024	False	0.40918163672654695	0.590818363273453
701	FG002	FG006	False	0.81437125748503	0.18562874251496997
702	FG001	FG024	False	0.40918163672654695	0.590818363273453
703	FG001	FG006	False	0.5229540918163673	0.4770459081836327
704	FG002	FG003	False	0.8582834331337326	0.14171656686626743
705	FG001	FG010	False	0.5748502994011976	0.4251497005988024
706	FG024	FG001	False	0.40918163672654695	0.590818363273453
707	FG001	FG001	True	0.592814371257485	0.40718562874251496
708	FG023	FG002	False	0.874251497005988	0.12574850299401197
709	FG012	FG006	False	0.9041916167664671	0.09580838323353291
710	FG023	FG012	False	0.9640718562874251	0.03592814371257491
711	FG006	FG001	False	0.5229540918163673	0.4770459081836327
712	FG001	FG001	True	0.592814371257485	0.40718562874251496
713	FG001	FG001	True	0.592814371257485	0.40718562874251496
714	FG001	FG004	False	0.5748502994011976	0.4251497005988024
715	FG006	FG001	False	0.5229540918163673	0.4770459081836327
716	FG001	FG001	True	0.592814371257485	0.40718562874251496
717	FG001	FG012	False	0.5668662674650699	0.43313373253493015
718	FG001	FG001	True	0.592814371257485	0.40718562874251496
719	FG027	FG005	False	0.9840319361277444	0.015968063872255578
720	FG001	FG019	False	0.5788423153692615	0.42115768463073855
721	FG010	FG001	False	0.5748502994011976	0.4251497005988024
722	FG001	FG024	False	0.40918163672654695	0.590818363273453
723	FG018	FG024	False	0.8043912175648703	0.1956087824351297
724	FG002	FG023	False	0.874251497005988	0.12574850299401197
725	FG001	FG005	False	0.5788423153692615	0.42115768463073855
726	FG001	FG006	False	0.5229540918163673	0.4770459081836327
727	FG008	FG017	False	0.9820359281437125	0.017964071856287456
728	FG015	FG024	False	0.8043912175648703	0.1956087824351297
729	FG004	FG001	False	0.5748502994011976	0.4251497005988024
730	FG001	FG012	False	0.5668662674650699	0.43313373253493015
731	FG001	FG024	False	0.40918163672654695	0.590818363273453
732	FG001	FG006	False	0.5229540918163673	0.4770459081836327
733	FG002	FG024	False	0.7005988023952097	0.29940119760479034
734	FG002	FG019	False	0.8702594810379242	0.12974051896207583
735	FG024	FG002	False	0.7005988023952097	0.29940119760479034
736	FG002	FG024	False	0.7005988023952097	0.29940119760479034
737	FG004	FG002	False	0.8662674650698603	0.1337325349301397
738	FG024	FG001	False	0.40918163672654695	0.590818363273453
739	FG024	FG006	False	0.7465069860279442	0.2534930139720558
740	FG001	FG006	False	0.5229540918163673	0.4770459081836327
741	FG002	FG024	False	0.7005988023952097	0.29940119760479034
742	FG024	FG001	False	0.40918163672654695	0.590818363273453
743	FG002	FG001	False	0.4770459081836328	0.5229540918163672
744	FG022	FG006	False	0.9281437125748503	0.07185628742514971
745	FG001	FG006	False	0.5229540918163673	0.4770459081836327
746	FG001	FG001	True	0.592814371257485	0.40718562874251496
747	FG002	FG001	False	0.4770459081836328	0.5229540918163672
748	FG001	FG001	True	0.592814371257485	0.40718562874251496
749	FG006	FG001	False	0.5229540918163673	0.4770459081836327
750	FG001	FG023	False	0.5828343313373253	0.4171656686626747
751	FG002	FG001	False	0.4770459081836328	0.5229540918163672
752	FG004	FG024	False	0.7984031936127745	0.20159680638722555
753	FG006	FG001	False	0.5229540918163673	0.4770459081836327
754	FG024	FG002	False	0.7005988023952097	0.29940119760479034
755	FG004	FG001	False	0.5748502994011976	0.4251497005988024
756	FG024	FG002	False	0.7005988023952097	0.29940119760479034
757	FG024	FG001	False	0.40918163672654695	0.590818363273453
758	FG001	FG002	False	0.47704590818363274	0.5229540918163673
759	FG001	FG001	True	0.592814371257485	0.40718562874251496
760	FG024	FG001	False	0.40918163672654695	0.590818363273453
761	FG024	FG012	False	0.7904191616766467	0.20958083832335328
762	FG024	FG001	False	0.40918163672654695	0.590818363273453
763	FG001	FG001	True	0.592814371257485	0.40718562874251496
764	FG001	FG001	True	0.592814371257485	0.40718562874251496
765	FG001	FG001	True	0.592814371257485	0.40718562874251496
766	FG001	FG002	False	0.47704590818363274	0.5229540918163673
767	FG006	FG009	False	0.9261477045908184	0.07385229540918159
768	FG001	FG002	False	0.47704590818363274	0.5229540918163673
769	FG001	FG019	False	0.5788423153692615	0.42115768463073855
770	FG024	FG002	False	0.7005988023952097	0.29940119760479034
771	FG001	FG014	False	0.5868263473053892	0.4131736526946108
772	FG024	FG024	True	0.8163672654690619	0.1836327345309381
773	FG003	FG001	False	0.5668662674650699	0.43313373253493015
774	FG002	FG001	False	0.4770459081836328	0.5229540918163672
775	FG001	FG024	False	0.40918163672654695	0.590818363273453
776	FG019	FG002	False	0.870259481037924	0.12974051896207595
777	FG001	FG006	False	0.5229540918163673	0.4770459081836327
778	FG024	FG001	False	0.40918163672654695	0.590818363273453
779	FG001	FG001	True	0.592814371257485	0.40718562874251496
780	FG001	FG010	False	0.5748502994011976	0.4251497005988024
781	FG024	FG024	True	0.8163672654690619	0.1836327345309381
782	FG024	FG001	False	0.40918163672654695	0.590818363273453
783	FG001	FG019	False	0.5788423153692615	0.42115768463073855
784	FG002	FG001	False	0.4770459081836328	0.5229540918163672
785	FG001	FG003	False	0.5668662674650699	0.43313373253493015
786	FG024	FG005	False	0.8023952095808383	0.19760479041916168
787	FG001	FG002	False	0.47704590818363274	0.5229540918163673
788	FG001	FG019	False	0.5788423153692615	0.42115768463073855
789	FG006	FG001	False	0.5229540918163673	0.4770459081836327
790	FG024	FG027	False	0.8143712574850299	0.18562874251497008
791	FG024	FG002	False	0.7005988023952097	0.29940119760479034
792	FG031	FG006	False	0.9281437125748503	0.07185628742514971
793	FG024	FG012	False	0.7904191616766467	0.20958083832335328
794	FG001	FG004	False	0.5748502994011976	0.4251497005988024
795	FG010	FG004	False	0.9640718562874251	0.03592814371257491
796	FG018	FG002	False	0.872255489021956	0.12774451097804396
797	FG001	FG002	False	0.47704590818363274	0.5229540918163673
798	FG024	FG001	False	0.40918163672654695	0.590818363273453
799	FG002	FG001	False	0.4770459081836328	0.5229540918163672
800	FG024	FG024	True	0.8163672654690619	0.1836327345309381
801	FG001	FG003	False	0.5668662674650699	0.43313373253493015
802	FG028	FG006	False	0.9281437125748503	0.07185628742514971
803	FG001	FG002	False	0.47704590818363274	0.5229540918163673
804	FG005	FG001	False	0.5788423153692615	0.42115768463073855
805	FG002	FG001	False	0.4770459081836328	0.5229540918163672
806	FG001	FG006	False	0.5229540918163673	0.4770459081836327
807	FG024	FG012	False	0.7904191616766467	0.20958083832335328
808	FG001	FG002	False	0.47704590818363274	0.5229540918163673
809	FG001	FG001	True	0.592814371257485	0.40718562874251496
810	FG001	FG001	True	0.592814371257485	0.40718562874251496
811	FG012	FG001	False	0.5668662674650699	0.43313373253493015
812	FG001	FG002	False	0.47704590818363274	0.5229540918163673
813	FG021	FG021	True	0.9860279441117764	0.013972055888223589
814	FG001	FG001	True	0.592814371257485	0.40718562874251496
815	FG006	FG005	False	0.9161676646706587	0.08383233532934131
816	FG001	FG006	False	0.5229540918163673	0.4770459081836327
817	FG018	FG001	False	0.5808383233532934	0.41916167664670656
818	FG002	FG001	False	0.4770459081836328	0.5229540918163672
819	FG018	FG024	False	0.8043912175648703	0.1956087824351297
820	FG017	FG001	False	0.5788423153692615	0.42115768463073855
821	FG002	FG001	False	0.4770459081836328	0.5229540918163672
822	FG001	FG001	True	0.592814371257485	0.40718562874251496
823	FG001	FG001	True	0.592814371257485	0.40718562874251496
824	FG012	FG001	False	0.5668662674650699	0.43313373253493015
825	FG001	FG024	False	0.40918163672654695	0.590818363273453
826	FG006	FG006	True	0.9301397205588823	0.06986027944111772
827	FG001	FG001	True	0.592814371257485	0.40718562874251496
828	FG002	FG002	True	0.8842315369261478	0.11576846307385225
829	FG001	FG001	True	0.592814371257485	0.40718562874251496
830	FG001	FG024	False	0.40918163672654695	0.590818363273453
831	FG018	FG024	False	0.8043912175648703	0.1956087824351297
832	FG001	FG001	True	0.592814371257485	0.40718562874251496
833	FG021	FG001	False	0.5788423153692615	0.42115768463073855
834	FG001	FG001	True	0.592814371257485	0.40718562874251496
835	FG006	FG001	False	0.5229540918163673	0.4770459081836327
836	FG006	FG002	False	0.8143712574850299	0.18562874251497008
837	FG001	FG001	True	0.592814371257485	0.40718562874251496
838	FG024	FG024	True	0.8163672654690619	0.1836327345309381
839	FG001	FG018	False	0.5808383233532934	0.41916167664670656
840	FG003	FG010	False	0.9560878243512974	0.043912175648702645
841	FG012	FG031	False	0.9720558882235528	0.027944111776447178
842	FG024	FG001	False	0.40918163672654695	0.590818363273453
843	FG001	FG006	False	0.5229540918163673	0.4770459081836327
844	FG006	FG001	False	0.5229540918163673	0.4770459081836327
845	FG002	FG002	True	0.8842315369261478	0.11576846307385225
846	FG010	FG003	False	0.9560878243512974	0.043912175648702645
847	FG030	FG001	False	0.5888223552894212	0.4111776447105788
848	FG004	FG024	False	0.7984031936127745	0.20159680638722555
849	FG001	FG024	False	0.40918163672654695	0.590818363273453
850	FG020	FG001	False	0.590818363273453	0.40918163672654695
851	FG024	FG001	False	0.40918163672654695	0.590818363273453
852	FG001	FG001	True	0.592814371257485	0.40718562874251496
853	FG017	FG001	False	0.5788423153692615	0.42115768463073855
854	FG026	FG001	False	0.590818363273453	0.40918163672654695
855	FG024	FG024	True	0.8163672654690619	0.1836327345309381
856	FG024	FG002	False	0.7005988023952097	0.29940119760479034
857	FG001	FG001	True	0.592814371257485	0.40718562874251496
858	FG001	FG001	True	0.592814371257485	0.40718562874251496
859	FG001	FG004	False	0.5748502994011976	0.4251497005988024
860	FG024	FG004	False	0.7984031936127745	0.20159680638722555
861	FG006	FG010	False	0.9121756487025948	0.08782435129740518
862	FG001	FG001	True	0.592814371257485	0.40718562874251496
863	FG001	FG001	True	0.592814371257485	0.40718562874251496
864	FG024	FG001	False	0.40918163672654695	0.590818363273453
865	FG001	FG010	False	0.5748502994011976	0.4251497005988024
866	FG012	FG001	False	0.5668662674650699	0.43313373253493015
867	FG017	FG024	False	0.8023952095808383	0.19760479041916168
868	FG006	FG001	False	0.5229540918163673	0.4770459081836327
869	FG024	FG007	False	0.812375249500998	0.18762475049900196
870	FG024	FG001	False	0.40918163672654695	0.590818363273453
871	FG024	FG001	False	0.40918163672654695	0.590818363273453
872	FG001	FG001	True	0.592814371257485	0.40718562874251496
873	FG001	FG001	True	0.592814371257485	0.40718562874251496
874	FG002	FG001	False	0.4770459081836328	0.5229540918163672
875	FG001	FG001	True	0.592814371257485	0.40718562874251496
876	FG001	FG002	False	0.47704590818363274	0.5229540918163673
877	FG001	FG024	False	0.40918163672654695	0.590818363273453
878	FG001	FG024	False	0.40918163672654695	0.590818363273453
879	FG010	FG024	False	0.7984031936127745	0.20159680638722555
880	FG001	FG004	False	0.5748502994011976	0.4251497005988024
881	FG001	FG001	True	0.592814371257485	0.40718562874251496
882	FG001	FG012	False	0.5668662674650699	0.43313373253493015
883	FG003	FG024	False	0.7904191616766467	0.20958083832335328
884	FG002	FG024	False	0.7005988023952097	0.29940119760479034
885	FG001	FG001	True	0.592814371257485	0.40718562874251496
886	FG002	FG001	False	0.4770459081836328	0.5229540918163672
887	FG024	FG001	False	0.40918163672654695	0.590818363273453
888	FG017	FG001	False	0.5788423153692615	0.42115768463073855
889	FG003	FG001	False	0.5668662674650699	0.43313373253493015
890	FG024	FG024	True	0.8163672654690619	0.1836327345309381
891	FG002	FG017	False	0.8702594810379242	0.12974051896207583
892	FG019	FG021	False	0.9720558882235528	0.027944111776447178
893	FG024	FG024	True	0.8163672654690619	0.1836327345309381
894	FG001	FG017	False	0.5788423153692615	0.42115768463073855
895	FG003	FG009	False	0.9700598802395209	0.029940119760479056
896	FG002	FG001	False	0.4770459081836328	0.5229540918163672
897	FG024	FG001	False	0.40918163672654695	0.590818363273453
898	FG001	FG001	True	0.592814371257485	0.40718562874251496
899	FG001	FG001	True	0.592814371257485	0.40718562874251496
900	FG024	FG001	False	0.40918163672654695	0.590818363273453
901	FG001	FG021	False	0.5788423153692615	0.42115768463073855
902	FG024	FG001	False	0.40918163672654695	0.590818363273453
903	FG001	FG024	False	0.40918163672654695	0.590818363273453
904	FG001	FG001	True	0.592814371257485	0.40718562874251496
905	FG001	FG001	True	0.592814371257485	0.40718562874251496
906	FG010	FG024	False	0.7984031936127745	0.20159680638722555
907	FG006	FG006	True	0.9301397205588823	0.06986027944111772
908	FG024	FG012	False	0.7904191616766467	0.20958083832335328
909	FG001	FG006	False	0.5229540918163673	0.4770459081836327
910	FG018	FG024	False	0.8043912175648703	0.1956087824351297
911	FG006	FG006	True	0.9301397205588823	0.06986027944111772
912	FG001	FG001	True	0.592814371257485	0.40718562874251496
913	FG003	FG015	False	0.9620758483033932	0.03792415169660679
914	FG001	FG001	True	0.592814371257485	0.40718562874251496
915	FG001	FG001	True	0.592814371257485	0.40718562874251496
916	FG001	FG001	True	0.592814371257485	0.40718562874251496
917	FG024	FG024	True	0.8163672654690619	0.1836327345309381
918	FG003	FG001	False	0.5668662674650699	0.43313373253493015
919	FG002	FG001	False	0.4770459081836328	0.5229540918163672
920	FG024	FG015	False	0.8043912175648703	0.1956087824351297
921	FG003	FG004	False	0.9560878243512974	0.043912175648702645
922	FG024	FG001	False	0.40918163672654695	0.590818363273453
923	FG001	FG002	False	0.47704590818363274	0.5229540918163673
924	FG006	FG001	False	0.5229540918163673	0.4770459081836327
925	FG002	FG001	False	0.4770459081836328	0.5229540918163672
926	FG020	FG024	False	0.8143712574850299	0.18562874251497008
927	FG024	FG001	False	0.40918163672654695	0.590818363273453
928	FG001	FG003	False	0.5668662674650699	0.43313373253493015
929	FG006	FG024	False	0.7465069860279442	0.2534930139720558
930	FG017	FG001	False	0.5788423153692615	0.42115768463073855
931	FG017	FG001	False	0.5788423153692615	0.42115768463073855
932	FG001	FG006	False	0.5229540918163673	0.4770459081836327
933	FG001	FG001	True	0.592814371257485	0.40718562874251496
934	FG001	FG006	False	0.5229540918163673	0.4770459081836327
935	FG002	FG024	False	0.7005988023952097	0.29940119760479034
936	FG006	FG003	False	0.9041916167664671	0.09580838323353291
937	FG024	FG002	False	0.7005988023952097	0.29940119760479034
938	FG001	FG001	True	0.592814371257485	0.40718562874251496
939	FG024	FG010	False	0.7984031936127745	0.20159680638722555
940	FG002	FG002	True	0.8842315369261478	0.11576846307385225
941	FG001	FG024	False	0.40918163672654695	0.590818363273453
942	FG024	FG006	False	0.7465069860279442	0.2534930139720558
943	FG001	FG001	True	0.592814371257485	0.40718562874251496
944	FG001	FG006	False	0.5229540918163673	0.4770459081836327
945	FG001	FG002	False	0.47704590818363274	0.5229540918163673
946	FG001	FG024	False	0.40918163672654695	0.590818363273453
947	FG001	FG001	True	0.592814371257485	0.40718562874251496
948	FG012	FG015	False	0.9620758483033932	0.03792415169660679
949	FG012	FG002	False	0.8582834331337326	0.14171656686626743
950	FG002	FG001	False	0.4770459081836328	0.5229540918163672
951	FG001	FG024	False	0.40918163672654695	0.590818363273453
952	FG026	FG005	False	0.9840319361277444	0.015968063872255578
953	FG002	FG024	False	0.7005988023952097	0.29940119760479034
954	FG001	FG008	False	0.5888223552894212	0.4111776447105788
955	FG001	FG001	True	0.592814371257485	0.40718562874251496
956	FG001	FG005	False	0.5788423153692615	0.42115768463073855
957	FG001	FG002	False	0.47704590818363274	0.5229540918163673
958	FG015	FG019	False	0.9740518962075848	0.02594810379241519
959	FG026	FG006	False	0.9281437125748503	0.07185628742514971
960	FG006	FG001	False	0.5229540918163673	0.4770459081836327
961	FG002	FG002	True	0.8842315369261478	0.11576846307385225
962	FG001	FG001	True	0.592814371257485	0.40718562874251496
963	FG008	FG001	False	0.5888223552894212	0.4111776447105788
964	FG001	FG017	False	0.5788423153692615	0.42115768463073855
965	FG001	FG002	False	0.47704590818363274	0.5229540918163673
966	FG003	FG001	False	0.5668662674650699	0.43313373253493015
967	FG003	FG002	False	0.8582834331337326	0.14171656686626743
968	FG024	FG002	False	0.7005988023952097	0.29940119760479034
969	FG001	FG024	False	0.40918163672654695	0.590818363273453
970	FG001	FG001	True	0.592814371257485	0.40718562874251496
971	FG001	FG001	True	0.592814371257485	0.40718562874251496
972	FG024	FG023	False	0.8063872255489022	0.1936127744510978
973	FG001	FG001	True	0.592814371257485	0.40718562874251496
974	FG024	FG001	False	0.40918163672654695	0.590818363273453
975	FG006	FG024	False	0.7465069860279442	0.2534930139720558
976	FG024	FG002	False	0.7005988023952097	0.29940119760479034
977	FG024	FG005	False	0.8023952095808383	0.19760479041916168
978	FG005	FG001	False	0.5788423153692615	0.42115768463073855
979	FG024	FG006	False	0.7465069860279442	0.2534930139720558
980	FG015	FG001	False	0.5808383233532934	0.41916167664670656
981	FG024	FG001	False	0.40918163672654695	0.590818363273453
982	FG002	FG004	False	0.8662674650698603	0.1337325349301397
983	FG001	FG001	True	0.592814371257485	0.40718562874251496
984	FG024	FG001	False	0.40918163672654695	0.590818363273453
985	FG001	FG024	False	0.40918163672654695	0.590818363273453
986	FG001	FG024	False	0.40918163672654695	0.590818363273453
987	FG024	FG024	True	0.8163672654690619	0.1836327345309381
988	FG002	FG001	False	0.4770459081836328	0.5229540918163672
989	FG010	FG001	False	0.5748502994011976	0.4251497005988024
990	FG015	FG012	False	0.9620758483033932	0.03792415169660679
991	FG001	FG011	False	0.590818363273453	0.40918163672654695
992	FG012	FG001	False	0.5668662674650699	0.43313373253493015
993	FG013	FG015	False	0.9860279441117764	0.013972055888223589
994	FG018	FG001	False	0.5808383233532934	0.41916167664670656
995	FG005	FG019	False	0.9720558882235528	0.027944111776447178
996	FG002	FG001	False	0.4770459081836328	0.5229540918163672
997	FG003	FG001	False	0.5668662674650699	0.43313373253493015
998	FG001	FG001	True	0.592814371257485	0.40718562874251496
999	FG003	FG017	False	0.9600798403193612	0.03992015968063878
1000	FG001	FG004	False	0.5748502994011976	0.4251497005988024
1001	FG004	FG001	False	0.5748502994011976	0.4251497005988024
1002	FG024	FG001	False	0.40918163672654695	0.590818363273453
1003	FG001	FG012	False	0.5668662674650699	0.43313373253493015
1004	FG001	FG001	True	0.592814371257485	0.40718562874251496
1005	FG001	FG001	True	0.592814371257485	0.40718562874251496
1006	FG001	FG004	False	0.5748502994011976	0.4251497005988024
1007	FG024	FG001	False	0.40918163672654695	0.590818363273453
1008	FG024	FG024	True	0.8163672654690619	0.1836327345309381
1009	FG001	FG003	False	0.5668662674650699	0.43313373253493015
1010	FG001	FG024	False	0.40918163672654695	0.590818363273453
1011	FG002	FG001	False	0.4770459081836328	0.5229540918163672
1012	FG003	FG024	False	0.7904191616766467	0.20958083832335328
1013	FG001	FG001	True	0.592814371257485	0.40718562874251496
1014	FG002	FG021	False	0.8702594810379242	0.12974051896207583
1015	FG024	FG001	False	0.40918163672654695	0.590818363273453
1016	FG001	FG002	False	0.47704590818363274	0.5229540918163673
1017	FG002	FG002	True	0.8842315369261478	0.11576846307385225
1018	FG015	FG001	False	0.5808383233532934	0.41916167664670656
1019	FG030	FG024	False	0.812375249500998	0.18762475049900196
1020	FG002	FG001	False	0.4770459081836328	0.5229540918163672
1021	FG002	FG006	False	0.81437125748503	0.18562874251496997
1022	FG024	FG006	False	0.7465069860279442	0.2534930139720558
1023	FG001	FG006	False	0.5229540918163673	0.4770459081836327
1024	FG009	FG001	False	0.5888223552894212	0.4111776447105788
1025	FG001	FG001	True	0.592814371257485	0.40718562874251496
1026	FG024	FG001	False	0.40918163672654695	0.590818363273453
1027	FG001	FG001	True	0.592814371257485	0.40718562874251496
1028	FG001	FG003	False	0.5668662674650699	0.43313373253493015
1029	FG021	FG024	False	0.8023952095808383	0.19760479041916168
1030	FG002	FG024	False	0.7005988023952097	0.29940119760479034
1031	FG010	FG014	False	0.9760479041916167	0.02395209580838331
1032	FG001	FG012	False	0.5668662674650699	0.43313373253493015
1033	FG012	FG001	False	0.5668662674650699	0.43313373253493015
1034	FG024	FG001	False	0.40918163672654695	0.590818363273453
1035	FG004	FG024	False	0.7984031936127745	0.20159680638722555
1036	FG015	FG001	False	0.5808383233532934	0.41916167664670656
1037	FG018	FG001	False	0.5808383233532934	0.41916167664670656
1038	FG021	FG024	False	0.8023952095808383	0.19760479041916168
1039	FG006	FG021	False	0.9161676646706587	0.08383233532934131
1040	FG002	FG010	False	0.8662674650698603	0.1337325349301397
1041	FG024	FG001	False	0.40918163672654695	0.590818363273453
1042	FG001	FG006	False	0.5229540918163673	0.4770459081836327
1043	FG024	FG024	True	0.8163672654690619	0.1836327345309381
1044	FG012	FG024	False	0.7904191616766467	0.20958083832335328
1045	FG001	FG012	False	0.5668662674650699	0.43313373253493015
1046	FG001	FG015	False	0.5808383233532934	0.41916167664670656
1047	FG002	FG002	True	0.8842315369261478	0.11576846307385225
1048	FG002	FG030	False	0.8802395209580839	0.11976047904191611
1049	FG024	FG010	False	0.7984031936127745	0.20159680638722555
1050	FG022	FG024	False	0.8143712574850299	0.18562874251497008
1051	FG006	FG001	False	0.5229540918163673	0.4770459081836327
1052	FG001	FG002	False	0.47704590818363274	0.5229540918163673
1053	FG001	FG024	False	0.40918163672654695	0.590818363273453
1054	FG014	FG001	False	0.5868263473053892	0.4131736526946108
1055	FG010	FG024	False	0.7984031936127745	0.20159680638722555
1056	FG024	FG002	False	0.7005988023952097	0.29940119760479034
1057	FG001	FG006	False	0.5229540918163673	0.4770459081836327
1058	FG003	FG001	False	0.5668662674650699	0.43313373253493015
1059	FG006	FG024	False	0.7465069860279442	0.2534930139720558
1060	FG019	FG001	False	0.5788423153692615	0.42115768463073855
1061	FG002	FG024	False	0.7005988023952097	0.29940119760479034
1062	FG001	FG001	True	0.592814371257485	0.40718562874251496
1063	FG004	FG001	False	0.5748502994011976	0.4251497005988024
1064	FG023	FG027	False	0.9880239520958083	0.011976047904191711
1065	FG001	FG006	False	0.5229540918163673	0.4770459081836327
1066	FG001	FG006	False	0.5229540918163673	0.4770459081836327
1067	FG001	FG024	False	0.40918163672654695	0.590818363273453
1068	FG024	FG004	False	0.7984031936127745	0.20159680638722555
1069	FG001	FG001	True	0.592814371257485	0.40718562874251496
1070	FG001	FG001	True	0.592814371257485	0.40718562874251496
1071	FG002	FG024	False	0.7005988023952097	0.29940119760479034
1072	FG001	FG006	False	0.5229540918163673	0.4770459081836327
1073	FG019	FG018	False	0.9740518962075848	0.02594810379241519
1074	FG023	FG023	True	0.9900199600798403	0.009980039920159722
1075	FG005	FG024	False	0.8023952095808383	0.19760479041916168
1076	FG003	FG024	False	0.7904191616766467	0.20958083832335328
1077	FG001	FG001	True	0.592814371257485	0.40718562874251496
1078	FG001	FG010	False	0.5748502994011976	0.4251497005988024
1079	FG001	FG001	True	0.592814371257485	0.40718562874251496
1080	FG003	FG015	False	0.9620758483033932	0.03792415169660679
1081	FG024	FG001	False	0.40918163672654695	0.590818363273453
1082	FG024	FG010	False	0.7984031936127745	0.20159680638722555
1083	FG001	FG001	True	0.592814371257485	0.40718562874251496
1084	FG031	FG002	False	0.8822355289421158	0.11776447105788423
1085	FG001	FG001	True	0.592814371257485	0.40718562874251496
1086	FG001	FG003	False	0.5668662674650699	0.43313373253493015
1087	FG024	FG024	True	0.8163672654690619	0.1836327345309381
1088	FG024	FG006	False	0.7465069860279442	0.2534930139720558
1089	FG001	FG014	False	0.5868263473053892	0.4131736526946108
1090	FG002	FG024	False	0.7005988023952097	0.29940119760479034
1091	FG002	FG002	True	0.8842315369261478	0.11576846307385225
1092	FG018	FG001	False	0.5808383233532934	0.41916167664670656
1093	FG024	FG024	True	0.8163672654690619	0.1836327345309381
1094	FG001	FG001	True	0.592814371257485	0.40718562874251496
1095	FG001	FG010	False	0.5748502994011976	0.4251497005988024
1096	FG006	FG001	False	0.5229540918163673	0.4770459081836327
1097	FG002	FG002	True	0.8842315369261478	0.11576846307385225
1098	FG001	FG001	True	0.592814371257485	0.40718562874251496
1099	FG017	FG006	False	0.9161676646706587	0.08383233532934131
1100	FG001	FG010	False	0.5748502994011976	0.4251497005988024
1101	FG024	FG009	False	0.812375249500998	0.18762475049900196
1102	FG001	FG024	False	0.40918163672654695	0.590818363273453
1103	FG024	FG002	False	0.7005988023952097	0.29940119760479034
1104	FG001	FG001	True	0.592814371257485	0.40718562874251496
1105	FG001	FG003	False	0.5668662674650699	0.43313373253493015
1106	FG001	FG001	True	0.592814371257485	0.40718562874251496
1107	FG006	FG003	False	0.9041916167664671	0.09580838323353291
1108	FG024	FG001	False	0.40918163672654695	0.590818363273453
1109	FG002	FG001	False	0.4770459081836328	0.5229540918163672
1110	FG002	FG001	False	0.4770459081836328	0.5229540918163672
1111	FG002	FG001	False	0.4770459081836328	0.5229540918163672
1112	FG006	FG006	True	0.9301397205588823	0.06986027944111772
1113	FG001	FG024	False	0.40918163672654695	0.590818363273453
1114	FG002	FG008	False	0.8802395209580839	0.11976047904191611
1115	FG018	FG002	False	0.872255489021956	0.12774451097804396
1116	FG001	FG006	False	0.5229540918163673	0.4770459081836327
1117	FG021	FG003	False	0.9600798403193612	0.03992015968063878
1118	FG001	FG001	True	0.592814371257485	0.40718562874251496
1119	FG001	FG006	False	0.5229540918163673	0.4770459081836327
1120	FG002	FG010	False	0.8662674650698603	0.1337325349301397
1121	FG001	FG002	False	0.47704590818363274	0.5229540918163673
1122	FG001	FG002	False	0.47704590818363274	0.5229540918163673
1123	FG002	FG024	False	0.7005988023952097	0.29940119760479034
1124	FG001	FG001	True	0.592814371257485	0.40718562874251496
1125	FG001	FG007	False	0.5888223552894212	0.4111776447105788
1126	FG019	FG024	False	0.8023952095808383	0.19760479041916168
1127	FG002	FG001	False	0.4770459081836328	0.5229540918163672
1128	FG024	FG001	False	0.40918163672654695	0.590818363273453
1129	FG006	FG024	False	0.7465069860279442	0.2534930139720558
1130	FG001	FG001	True	0.592814371257485	0.40718562874251496
1131	FG001	FG005	False	0.5788423153692615	0.42115768463073855
1132	FG024	FG001	False	0.40918163672654695	0.590818363273453
1133	FG002	FG006	False	0.81437125748503	0.18562874251496997
1134	FG001	FG001	True	0.592814371257485	0.40718562874251496
1135	FG001	FG001	True	0.592814371257485	0.40718562874251496
1136	FG001	FG001	True	0.592814371257485	0.40718562874251496
1137	FG001	FG001	True	0.592814371257485	0.40718562874251496
1138	FG004	FG024	False	0.7984031936127745	0.20159680638722555
1139	FG001	FG006	False	0.5229540918163673	0.4770459081836327
1140	FG001	FG012	False	0.5668662674650699	0.43313373253493015
1141	FG001	FG001	True	0.592814371257485	0.40718562874251496
1142	FG024	FG001	False	0.40918163672654695	0.590818363273453
1143	FG001	FG001	True	0.592814371257485	0.40718562874251496
1144	FG024	FG024	True	0.8163672654690619	0.1836327345309381
1145	FG001	FG001	True	0.592814371257485	0.40718562874251496
1146	FG002	FG003	False	0.8582834331337326	0.14171656686626743
1147	FG024	FG002	False	0.7005988023952097	0.29940119760479034
1148	FG024	FG010	False	0.7984031936127745	0.20159680638722555
1149	FG001	FG001	True	0.592814371257485	0.40718562874251496
1150	FG024	FG001	False	0.40918163672654695	0.590818363273453
1151	FG005	FG010	False	0.968063872255489	0.031936127744511045
1152	FG002	FG024	False	0.7005988023952097	0.29940119760479034
1153	FG001	FG009	False	0.5888223552894212	0.4111776447105788
1154	FG024	FG003	False	0.7904191616766467	0.20958083832335328
1155	FG001	FG005	False	0.5788423153692615	0.42115768463073855
1156	FG024	FG003	False	0.7904191616766467	0.20958083832335328
1157	FG001	FG001	True	0.592814371257485	0.40718562874251496
1158	FG001	FG001	True	0.592814371257485	0.40718562874251496
1159	FG024	FG001	False	0.40918163672654695	0.590818363273453
1160	FG001	FG024	False	0.40918163672654695	0.590818363273453
1161	FG001	FG001	True	0.592814371257485	0.40718562874251496
1162	FG010	FG024	False	0.7984031936127745	0.20159680638722555
1163	FG024	FG001	False	0.40918163672654695	0.590818363273453
1164	FG002	FG001	False	0.4770459081836328	0.5229540918163672
1165	FG005	FG002	False	0.870259481037924	0.12974051896207595
1166	FG024	FG014	False	0.810379241516966	0.18962075848303395
1167	FG023	FG024	False	0.8063872255489022	0.1936127744510978
1168	FG018	FG024	False	0.8043912175648703	0.1956087824351297
1169	FG001	FG019	False	0.5788423153692615	0.42115768463073855
1170	FG012	FG001	False	0.5668662674650699	0.43313373253493015
1171	FG001	FG024	False	0.40918163672654695	0.590818363273453
1172	FG001	FG001	True	0.592814371257485	0.40718562874251496
1173	FG026	FG001	False	0.590818363273453	0.40918163672654695
1174	FG015	FG001	False	0.5808383233532934	0.41916167664670656
1175	FG012	FG006	False	0.9041916167664671	0.09580838323353291
1176	FG024	FG002	False	0.7005988023952097	0.29940119760479034
1177	FG001	FG023	False	0.5828343313373253	0.4171656686626747
1178	FG010	FG006	False	0.9121756487025948	0.08782435129740518
1179	FG001	FG001	True	0.592814371257485	0.40718562874251496
1180	FG018	FG024	False	0.8043912175648703	0.1956087824351297
1181	FG001	FG001	True	0.592814371257485	0.40718562874251496
1182	FG002	FG001	False	0.4770459081836328	0.5229540918163672
1183	FG002	FG024	False	0.7005988023952097	0.29940119760479034
1184	FG001	FG001	True	0.592814371257485	0.40718562874251496
1185	FG012	FG001	False	0.5668662674650699	0.43313373253493015
1186	FG006	FG006	True	0.9301397205588823	0.06986027944111772
1187	FG006	FG024	False	0.7465069860279442	0.2534930139720558
1188	FG001	FG017	False	0.5788423153692615	0.42115768463073855
1189	FG024	FG024	True	0.8163672654690619	0.1836327345309381
1190	FG002	FG006	False	0.81437125748503	0.18562874251496997
1191	FG006	FG016	False	0.9281437125748503	0.07185628742514971
1192	FG024	FG024	True	0.8163672654690619	0.1836327345309381
1193	FG012	FG001	False	0.5668662674650699	0.43313373253493015
1194	FG006	FG001	False	0.5229540918163673	0.4770459081836327
1195	FG017	FG001	False	0.5788423153692615	0.42115768463073855
1196	FG024	FG001	False	0.40918163672654695	0.590818363273453
1197	FG018	FG002	False	0.872255489021956	0.12774451097804396
1198	FG018	FG001	False	0.5808383233532934	0.41916167664670656
1199	FG001	FG024	False	0.40918163672654695	0.590818363273453
1200	FG007	FG024	False	0.812375249500998	0.18762475049900196
1201	FG001	FG024	False	0.40918163672654695	0.590818363273453
1202	FG001	FG001	True	0.592814371257485	0.40718562874251496
1203	FG024	FG005	False	0.8023952095808383	0.19760479041916168
1204	FG002	FG001	False	0.4770459081836328	0.5229540918163672
1205	FG014	FG006	False	0.9241516966067864	0.07584830339321358
1206	FG018	FG021	False	0.9740518962075848	0.02594810379241519
1207	FG008	FG001	False	0.5888223552894212	0.4111776447105788
1208	FG010	FG001	False	0.5748502994011976	0.4251497005988024
1209	FG001	FG001	True	0.592814371257485	0.40718562874251496
1210	FG012	FG001	False	0.5668662674650699	0.43313373253493015
1211	FG024	FG021	False	0.8023952095808383	0.19760479041916168
1212	FG024	FG001	False	0.40918163672654695	0.590818363273453
1213	FG002	FG024	False	0.7005988023952097	0.29940119760479034
1214	FG001	FG001	True	0.592814371257485	0.40718562874251496
1215	FG001	FG006	False	0.5229540918163673	0.4770459081836327
1216	FG001	FG006	False	0.5229540918163673	0.4770459081836327
1217	FG024	FG012	False	0.7904191616766467	0.20958083832335328
1218	FG024	FG011	False	0.8143712574850299	0.18562874251497008
1219	FG001	FG021	False	0.5788423153692615	0.42115768463073855
1220	FG001	FG001	True	0.592814371257485	0.40718562874251496
1221	FG001	FG010	False	0.5748502994011976	0.4251497005988024
1222	FG001	FG001	True	0.592814371257485	0.40718562874251496
1223	FG023	FG001	False	0.5828343313373253	0.4171656686626747
1224	FG024	FG002	False	0.7005988023952097	0.29940119760479034
1225	FG024	FG001	False	0.40918163672654695	0.590818363273453
1226	FG005	FG001	False	0.5788423153692615	0.42115768463073855
1227	FG024	FG001	False	0.40918163672654695	0.590818363273453
1228	FG006	FG001	False	0.5229540918163673	0.4770459081836327
1229	FG019	FG001	False	0.5788423153692615	0.42115768463073855
1230	FG001	FG024	False	0.40918163672654695	0.590818363273453
1231	FG001	FG001	True	0.592814371257485	0.40718562874251496
1232	FG006	FG001	False	0.5229540918163673	0.4770459081836327
1233	FG001	FG024	False	0.40918163672654695	0.590818363273453
1234	FG001	FG001	True	0.592814371257485	0.40718562874251496
1235	FG015	FG001	False	0.5808383233532934	0.41916167664670656
1236	FG024	FG006	False	0.7465069860279442	0.2534930139720558
1237	FG024	FG001	False	0.40918163672654695	0.590818363273453
1238	FG024	FG017	False	0.8023952095808383	0.19760479041916168
1239	FG001	FG021	False	0.5788423153692615	0.42115768463073855
1240	FG012	FG024	False	0.7904191616766467	0.20958083832335328
1241	FG003	FG001	False	0.5668662674650699	0.43313373253493015
1242	FG024	FG001	False	0.40918163672654695	0.590818363273453
1243	FG024	FG001	False	0.40918163672654695	0.590818363273453
1244	FG015	FG012	False	0.9620758483033932	0.03792415169660679
1245	FG001	FG019	False	0.5788423153692615	0.42115768463073855
1246	FG001	FG002	False	0.47704590818363274	0.5229540918163673
1247	FG025	FG001	False	0.590818363273453	0.40918163672654695
1248	FG024	FG001	False	0.40918163672654695	0.590818363273453
1249	FG001	FG001	True	0.592814371257485	0.40718562874251496
1250	FG004	FG006	False	0.9121756487025948	0.08782435129740518
1251	FG001	FG024	False	0.40918163672654695	0.590818363273453
1252	FG001	FG022	False	0.590818363273453	0.40918163672654695
1253	FG001	FG030	False	0.5888223552894212	0.4111776447105788
1254	FG006	FG001	False	0.5229540918163673	0.4770459081836327
1255	FG024	FG024	True	0.8163672654690619	0.1836327345309381
1256	FG001	FG024	False	0.40918163672654695	0.590818363273453
1257	FG001	FG024	False	0.40918163672654695	0.590818363273453
1258	FG001	FG004	False	0.5748502994011976	0.4251497005988024
1259	FG001	FG001	True	0.592814371257485	0.40718562874251496
1260	FG015	FG001	False	0.5808383233532934	0.41916167664670656
1261	FG001	FG001	True	0.592814371257485	0.40718562874251496
1262	FG012	FG025	False	0.9720558882235528	0.027944111776447178
1263	FG001	FG024	False	0.40918163672654695	0.590818363273453
1264	FG001	FG001	True	0.592814371257485	0.40718562874251496
1265	FG024	FG001	False	0.40918163672654695	0.590818363273453
1266	FG002	FG001	False	0.4770459081836328	0.5229540918163672
1267	FG001	FG024	False	0.40918163672654695	0.590818363273453
1268	FG001	FG024	False	0.40918163672654695	0.590818363273453
1269	FG024	FG005	False	0.8023952095808383	0.19760479041916168
1270	FG004	FG024	False	0.7984031936127745	0.20159680638722555
1271	FG001	FG015	False	0.5808383233532934	0.41916167664670656
1272	FG001	FG024	False	0.40918163672654695	0.590818363273453
1273	FG001	FG001	True	0.592814371257485	0.40718562874251496
1274	FG012	FG024	False	0.7904191616766467	0.20958083832335328
1275	FG001	FG006	False	0.5229540918163673	0.4770459081836327
1276	FG001	FG001	True	0.592814371257485	0.40718562874251496
1277	FG002	FG010	False	0.8662674650698603	0.1337325349301397
1278	FG021	FG001	False	0.5788423153692615	0.42115768463073855
1279	FG001	FG024	False	0.40918163672654695	0.590818363273453
1280	FG012	FG001	False	0.5668662674650699	0.43313373253493015
1281	FG001	FG001	True	0.592814371257485	0.40718562874251496
1282	FG001	FG024	False	0.40918163672654695	0.590818363273453
1283	FG001	FG002	False	0.47704590818363274	0.5229540918163673
1284	FG024	FG001	False	0.40918163672654695	0.590818363273453
1285	FG001	FG004	False	0.5748502994011976	0.4251497005988024
1286	FG001	FG012	False	0.5668662674650699	0.43313373253493015
1287	FG001	FG010	False	0.5748502994011976	0.4251497005988024
1288	FG001	FG024	False	0.40918163672654695	0.590818363273453
1289	FG020	FG001	False	0.590818363273453	0.40918163672654695
1290	FG024	FG024	True	0.8163672654690619	0.1836327345309381
1291	FG024	FG024	True	0.8163672654690619	0.1836327345309381
1292	FG024	FG001	False	0.40918163672654695	0.590818363273453
1293	FG001	FG001	True	0.592814371257485	0.40718562874251496
1294	FG006	FG001	False	0.5229540918163673	0.4770459081836327
1295	FG024	FG001	False	0.40918163672654695	0.590818363273453
1296	FG001	FG024	False	0.40918163672654695	0.590818363273453
1297	FG001	FG024	False	0.40918163672654695	0.590818363273453
1298	FG002	FG003	False	0.8582834331337326	0.14171656686626743
1299	FG001	FG023	False	0.5828343313373253	0.4171656686626747
1300	FG006	FG024	False	0.7465069860279442	0.2534930139720558
1301	FG001	FG024	False	0.40918163672654695	0.590818363273453
1302	FG024	FG024	True	0.8163672654690619	0.1836327345309381
1303	FG001	FG022	False	0.590818363273453	0.40918163672654695
1304	FG012	FG001	False	0.5668662674650699	0.43313373253493015
1305	FG001	FG021	False	0.5788423153692615	0.42115768463073855
1306	FG001	FG002	False	0.47704590818363274	0.5229540918163673
1307	FG024	FG002	False	0.7005988023952097	0.29940119760479034
1308	FG001	FG024	False	0.40918163672654695	0.590818363273453
1309	FG024	FG001	False	0.40918163672654695	0.590818363273453
1310	FG015	FG015	True	0.9880239520958084	0.0119760479041916
1311	FG024	FG001	False	0.40918163672654695	0.590818363273453
1312	FG024	FG004	False	0.7984031936127745	0.20159680638722555
1313	FG005	FG001	False	0.5788423153692615	0.42115768463073855
1314	FG006	FG001	False	0.5229540918163673	0.4770459081836327
1315	FG024	FG010	False	0.7984031936127745	0.20159680638722555
1316	FG020	FG002	False	0.8822355289421158	0.11776447105788423
1317	FG006	FG002	False	0.8143712574850299	0.18562874251497008
1318	FG001	FG001	True	0.592814371257485	0.40718562874251496
1319	FG002	FG001	False	0.4770459081836328	0.5229540918163672
1320	FG001	FG002	False	0.47704590818363274	0.5229540918163673
1321	FG015	FG001	False	0.5808383233532934	0.41916167664670656
1322	FG001	FG001	True	0.592814371257485	0.40718562874251496
1323	FG002	FG001	False	0.4770459081836328	0.5229540918163672
1324	FG001	FG009	False	0.5888223552894212	0.4111776447105788
1325	FG006	FG007	False	0.9261477045908184	0.07385229540918159
1326	FG024	FG024	True	0.8163672654690619	0.1836327345309381
1327	FG001	FG003	False	0.5668662674650699	0.43313373253493015
1328	FG006	FG022	False	0.9281437125748503	0.07185628742514971
1329	FG001	FG001	True	0.592814371257485	0.40718562874251496
1330	FG001	FG001	True	0.592814371257485	0.40718562874251496
1331	FG006	FG006	True	0.9301397205588823	0.06986027944111772
1332	FG015	FG003	False	0.9620758483033932	0.03792415169660679
1333	FG024	FG001	False	0.40918163672654695	0.590818363273453
1334	FG001	FG024	False	0.40918163672654695	0.590818363273453
1335	FG001	FG001	True	0.592814371257485	0.40718562874251496
1336	FG006	FG024	False	0.7465069860279442	0.2534930139720558
1337	FG024	FG024	True	0.8163672654690619	0.1836327345309381
1338	FG001	FG001	True	0.592814371257485	0.40718562874251496
1339	FG002	FG001	False	0.4770459081836328	0.5229540918163672
1340	FG001	FG001	True	0.592814371257485	0.40718562874251496
1341	FG001	FG001	True	0.592814371257485	0.40718562874251496
1342	FG002	FG001	False	0.4770459081836328	0.5229540918163672
1343	FG003	FG001	False	0.5668662674650699	0.43313373253493015
1344	FG001	FG001	True	0.592814371257485	0.40718562874251496
1345	FG005	FG018	False	0.9740518962075848	0.02594810379241519
1346	FG001	FG001	True	0.592814371257485	0.40718562874251496
1347	FG001	FG011	False	0.590818363273453	0.40918163672654695
1348	FG001	FG006	False	0.5229540918163673	0.4770459081836327
1349	FG001	FG006	False	0.5229540918163673	0.4770459081836327
1350	FG017	FG017	True	0.9860279441117764	0.013972055888223589
1351	FG024	FG002	False	0.7005988023952097	0.29940119760479034
1352	FG021	FG002	False	0.870259481037924	0.12974051896207595
1353	FG010	FG001	False	0.5748502994011976	0.4251497005988024
1354	FG002	FG024	False	0.7005988023952097	0.29940119760479034
1355	FG024	FG002	False	0.7005988023952097	0.29940119760479034
1356	FG024	FG001	False	0.40918163672654695	0.590818363273453
1357	FG002	FG016	False	0.8822355289421158	0.11776447105788423
1358	FG002	FG024	False	0.7005988023952097	0.29940119760479034
1359	FG002	FG024	False	0.7005988023952097	0.29940119760479034
1360	FG012	FG013	False	0.9720558882235528	0.027944111776447178
1361	FG001	FG004	False	0.5748502994011976	0.4251497005988024
1362	FG002	FG002	True	0.8842315369261478	0.11576846307385225
1363	FG001	FG001	True	0.592814371257485	0.40718562874251496
1364	FG002	FG001	False	0.4770459081836328	0.5229540918163672
1365	FG001	FG004	False	0.5748502994011976	0.4251497005988024
1366	FG024	FG024	True	0.8163672654690619	0.1836327345309381
1367	FG001	FG004	False	0.5748502994011976	0.4251497005988024
1368	FG003	FG018	False	0.9620758483033932	0.03792415169660679
1369	FG024	FG002	False	0.7005988023952097	0.29940119760479034
1370	FG002	FG002	True	0.8842315369261478	0.11576846307385225
1371	FG001	FG002	False	0.47704590818363274	0.5229540918163673
1372	FG001	FG001	True	0.592814371257485	0.40718562874251496
1373	FG002	FG010	False	0.8662674650698603	0.1337325349301397
1374	FG001	FG006	False	0.5229540918163673	0.4770459081836327
1375	FG001	FG003	False	0.5668662674650699	0.43313373253493015
1376	FG024	FG024	True	0.8163672654690619	0.1836327345309381
1377	FG001	FG001	True	0.592814371257485	0.40718562874251496
1378	FG001	FG006	False	0.5229540918163673	0.4770459081836327
1379	FG005	FG002	False	0.870259481037924	0.12974051896207595
1380	FG001	FG012	False	0.5668662674650699	0.43313373253493015
1381	FG006	FG001	False	0.5229540918163673	0.4770459081836327
1382	FG006	FG024	False	0.7465069860279442	0.2534930139720558
1383	FG001	FG001	True	0.592814371257485	0.40718562874251496
1384	FG002	FG001	False	0.4770459081836328	0.5229540918163672
1385	FG001	FG001	True	0.592814371257485	0.40718562874251496
1386	FG001	FG010	False	0.5748502994011976	0.4251497005988024
1387	FG006	FG023	False	0.9201596806387226	0.07984031936127745
1388	FG001	FG001	True	0.592814371257485	0.40718562874251496
1389	FG001	FG001	True	0.592814371257485	0.40718562874251496
1390	FG018	FG001	False	0.5808383233532934	0.41916167664670656
1391	FG003	FG024	False	0.7904191616766467	0.20958083832335328
1392	FG002	FG001	False	0.4770459081836328	0.5229540918163672
1393	FG024	FG001	False	0.40918163672654695	0.590818363273453
1394	FG005	FG006	False	0.9161676646706587	0.08383233532934131
1395	FG001	FG010	False	0.5748502994011976	0.4251497005988024
1396	FG012	FG001	False	0.5668662674650699	0.43313373253493015
1397	FG001	FG031	False	0.590818363273453	0.40918163672654695
1398	FG019	FG001	False	0.5788423153692615	0.42115768463073855
1399	FG001	FG024	False	0.40918163672654695	0.590818363273453
1400	FG001	FG001	True	0.592814371257485	0.40718562874251496
1401	FG003	FG004	False	0.9560878243512974	0.043912175648702645
1402	FG024	FG001	False	0.40918163672654695	0.590818363273453
1403	FG024	FG001	False	0.40918163672654695	0.590818363273453
1404	FG001	FG002	False	0.47704590818363274	0.5229540918163673
1405	FG001	FG002	False	0.47704590818363274	0.5229540918163673
1406	FG024	FG006	False	0.7465069860279442	0.2534930139720558
1407	FG001	FG024	False	0.40918163672654695	0.590818363273453
1408	FG002	FG006	False	0.81437125748503	0.18562874251496997
1409	FG024	FG001	False	0.40918163672654695	0.590818363273453
1410	FG015	FG001	False	0.5808383233532934	0.41916167664670656
1411	FG024	FG004	False	0.7984031936127745	0.20159680638722555
1412	FG024	FG001	False	0.40918163672654695	0.590818363273453
1413	FG003	FG024	False	0.7904191616766467	0.20958083832335328
1414	FG024	FG024	True	0.8163672654690619	0.1836327345309381
1415	FG001	FG006	False	0.5229540918163673	0.4770459081836327
1416	FG001	FG002	False	0.47704590818363274	0.5229540918163673
1417	FG001	FG017	False	0.5788423153692615	0.42115768463073855
1418	FG001	FG001	True	0.592814371257485	0.40718562874251496
1419	FG024	FG001	False	0.40918163672654695	0.590818363273453
1420	FG001	FG002	False	0.47704590818363274	0.5229540918163673
1421	FG001	FG024	False	0.40918163672654695	0.590818363273453
1422	FG024	FG024	True	0.8163672654690619	0.1836327345309381
1423	FG002	FG001	False	0.4770459081836328	0.5229540918163672
1424	FG001	FG012	False	0.5668662674650699	0.43313373253493015
1425	FG024	FG001	False	0.40918163672654695	0.590818363273453
1426	FG024	FG005	False	0.8023952095808383	0.19760479041916168
1427	FG001	FG001	True	0.592814371257485	0.40718562874251496
1428	FG001	FG001	True	0.592814371257485	0.40718562874251496
1429	FG001	FG001	True	0.592814371257485	0.40718562874251496
1430	FG024	FG001	False	0.40918163672654695	0.590818363273453
1431	FG001	FG002	False	0.47704590818363274	0.5229540918163673
1432	FG001	FG002	False	0.47704590818363274	0.5229540918163673
1433	FG002	FG006	False	0.81437125748503	0.18562874251496997
1434	FG024	FG021	False	0.8023952095808383	0.19760479041916168
1435	FG001	FG001	True	0.592814371257485	0.40718562874251496
1436	FG002	FG011	False	0.8822355289421158	0.11776447105788423
1437	FG024	FG024	True	0.8163672654690619	0.1836327345309381
1438	FG010	FG008	False	0.9780439121756487	0.021956087824351322
1439	FG001	FG001	True	0.592814371257485	0.40718562874251496
1440	FG001	FG012	False	0.5668662674650699	0.43313373253493015
1441	FG001	FG001	True	0.592814371257485	0.40718562874251496
1442	FG018	FG022	False	0.9860279441117764	0.013972055888223589
1443	FG001	FG001	True	0.592814371257485	0.40718562874251496
1444	FG003	FG001	False	0.5668662674650699	0.43313373253493015
1445	FG001	FG002	False	0.47704590818363274	0.5229540918163673
1446	FG030	FG002	False	0.8802395209580838	0.11976047904191622
1447	FG006	FG003	False	0.9041916167664671	0.09580838323353291
1448	FG012	FG024	False	0.7904191616766467	0.20958083832335328
1449	FG024	FG002	False	0.7005988023952097	0.29940119760479034
1450	FG024	FG019	False	0.8023952095808383	0.19760479041916168
1451	FG010	FG001	False	0.5748502994011976	0.4251497005988024
1452	FG001	FG001	True	0.592814371257485	0.40718562874251496
1453	FG023	FG024	False	0.8063872255489022	0.1936127744510978
1454	FG018	FG002	False	0.872255489021956	0.12774451097804396
1455	FG001	FG002	False	0.47704590818363274	0.5229540918163673
1456	FG010	FG024	False	0.7984031936127745	0.20159680638722555
1457	FG031	FG006	False	0.9281437125748503	0.07185628742514971
1458	FG019	FG001	False	0.5788423153692615	0.42115768463073855
1459	FG001	FG001	True	0.592814371257485	0.40718562874251496
1460	FG024	FG002	False	0.7005988023952097	0.29940119760479034
1461	FG001	FG010	False	0.5748502994011976	0.4251497005988024
1462	FG014	FG001	False	0.5868263473053892	0.4131736526946108
1463	FG001	FG001	True	0.592814371257485	0.40718562874251496
1464	FG001	FG001	True	0.592814371257485	0.40718562874251496
1465	FG024	FG006	False	0.7465069860279442	0.2534930139720558
1466	FG024	FG001	False	0.40918163672654695	0.590818363273453
1467	FG002	FG008	False	0.8802395209580839	0.11976047904191611
1468	FG002	FG001	False	0.4770459081836328	0.5229540918163672
1469	FG006	FG024	False	0.7465069860279442	0.2534930139720558
1470	FG001	FG001	True	0.592814371257485	0.40718562874251496
1471	FG002	FG010	False	0.8662674650698603	0.1337325349301397
1472	FG001	FG002	False	0.47704590818363274	0.5229540918163673
1473	FG001	FG001	True	0.592814371257485	0.40718562874251496
1474	FG001	FG003	False	0.5668662674650699	0.43313373253493015
1475	FG002	FG015	False	0.8722554890219562	0.12774451097804385
1476	FG002	FG001	False	0.4770459081836328	0.5229540918163672
1477	FG024	FG024	True	0.8163672654690619	0.1836327345309381
1478	FG024	FG002	False	0.7005988023952097	0.29940119760479034
1479	FG001	FG024	False	0.40918163672654695	0.590818363273453
1480	FG001	FG001	True	0.592814371257485	0.40718562874251496
1481	FG004	FG001	False	0.5748502994011976	0.4251497005988024
1482	FG006	FG001	False	0.5229540918163673	0.4770459081836327
1483	FG003	FG001	False	0.5668662674650699	0.43313373253493015
1484	FG001	FG001	True	0.592814371257485	0.40718562874251496
1485	FG001	FG001	True	0.592814371257485	0.40718562874251496
1486	FG003	FG002	False	0.8582834331337326	0.14171656686626743
1487	FG012	FG001	False	0.5668662674650699	0.43313373253493015
1488	FG001	FG017	False	0.5788423153692615	0.42115768463073855
1489	FG002	FG001	False	0.4770459081836328	0.5229540918163672
1490	FG001	FG006	False	0.5229540918163673	0.4770459081836327
1491	FG002	FG006	False	0.81437125748503	0.18562874251496997
1492	FG001	FG024	False	0.40918163672654695	0.590818363273453
1493	FG002	FG006	False	0.81437125748503	0.18562874251496997
1494	FG001	FG002	False	0.47704590818363274	0.5229540918163673
1495	FG014	FG001	False	0.5868263473053892	0.4131736526946108
1496	FG001	FG024	False	0.40918163672654695	0.590818363273453
1497	FG012	FG002	False	0.8582834331337326	0.14171656686626743
1498	FG019	FG024	False	0.8023952095808383	0.19760479041916168
1499	FG024	FG001	False	0.40918163672654695	0.590818363273453
1500	FG001	FG027	False	0.590818363273453	0.40918163672654695
1501	FG002	FG001	False	0.4770459081836328	0.5229540918163672
1502	FG004	FG002	False	0.8662674650698603	0.1337325349301397
1503	FG001	FG005	False	0.5788423153692615	0.42115768463073855
1504	FG001	FG001	True	0.592814371257485	0.40718562874251496
1505	FG001	FG001	True	0.592814371257485	0.40718562874251496
1506	FG017	FG002	False	0.870259481037924	0.12974051896207595
1507	FG002	FG006	False	0.81437125748503	0.18562874251496997
1508	FG024	FG024	True	0.8163672654690619	0.1836327345309381
1509	FG001	FG001	True	0.592814371257485	0.40718562874251496
1510	FG006	FG001	False	0.5229540918163673	0.4770459081836327
1511	FG001	FG001	True	0.592814371257485	0.40718562874251496
1512	FG002	FG001	False	0.4770459081836328	0.5229540918163672
1513	FG001	FG001	True	0.592814371257485	0.40718562874251496
1514	FG001	FG001	True	0.592814371257485	0.40718562874251496
1515	FG001	FG001	True	0.592814371257485	0.40718562874251496
1516	FG001	FG001	True	0.592814371257485	0.40718562874251496
1517	FG002	FG017	False	0.8702594810379242	0.12974051896207583
1518	FG001	FG012	False	0.5668662674650699	0.43313373253493015
1519	FG001	FG001	True	0.592814371257485	0.40718562874251496
1520	FG026	FG022	False	0.996007984031936	0.003992015968063978
1521	FG024	FG023	False	0.8063872255489022	0.1936127744510978
1522	FG001	FG001	True	0.592814371257485	0.40718562874251496
1523	FG001	FG024	False	0.40918163672654695	0.590818363273453
1524	FG001	FG024	False	0.40918163672654695	0.590818363273453
1525	FG001	FG012	False	0.5668662674650699	0.43313373253493015
1526	FG001	FG001	True	0.592814371257485	0.40718562874251496
1527	FG021	FG024	False	0.8023952095808383	0.19760479041916168
1528	FG001	FG002	False	0.47704590818363274	0.5229540918163673
1529	FG006	FG024	False	0.7465069860279442	0.2534930139720558
1530	FG001	FG024	False	0.40918163672654695	0.590818363273453
1531	FG001	FG010	False	0.5748502994011976	0.4251497005988024
1532	FG006	FG023	False	0.9201596806387226	0.07984031936127745
1533	FG001	FG002	False	0.47704590818363274	0.5229540918163673
1534	FG001	FG001	True	0.592814371257485	0.40718562874251496
1535	FG024	FG002	False	0.7005988023952097	0.29940119760479034
1536	FG001	FG004	False	0.5748502994011976	0.4251497005988024
1537	FG001	FG001	True	0.592814371257485	0.40718562874251496
1538	FG024	FG006	False	0.7465069860279442	0.2534930139720558
1539	FG001	FG024	False	0.40918163672654695	0.590818363273453
1540	FG024	FG024	True	0.8163672654690619	0.1836327345309381
1541	FG026	FG024	False	0.8143712574850299	0.18562874251497008
1542	FG001	FG001	True	0.592814371257485	0.40718562874251496
1543	FG003	FG001	False	0.5668662674650699	0.43313373253493015
1544	FG002	FG001	False	0.4770459081836328	0.5229540918163672
1545	FG017	FG001	False	0.5788423153692615	0.42115768463073855
1546	FG006	FG027	False	0.9281437125748503	0.07185628742514971
1547	FG001	FG024	False	0.40918163672654695	0.590818363273453
1548	FG001	FG001	True	0.592814371257485	0.40718562874251496
1549	FG001	FG024	False	0.40918163672654695	0.590818363273453
1550	FG012	FG002	False	0.8582834331337326	0.14171656686626743
1551	FG023	FG024	False	0.8063872255489022	0.1936127744510978
1552	FG024	FG001	False	0.40918163672654695	0.590818363273453
1553	FG002	FG024	False	0.7005988023952097	0.29940119760479034
1554	FG002	FG002	True	0.8842315369261478	0.11576846307385225
1555	FG024	FG006	False	0.7465069860279442	0.2534930139720558
1556	FG019	FG001	False	0.5788423153692615	0.42115768463073855
1557	FG024	FG024	True	0.8163672654690619	0.1836327345309381
1558	FG024	FG024	True	0.8163672654690619	0.1836327345309381
1559	FG002	FG024	False	0.7005988023952097	0.29940119760479034
1560	FG002	FG023	False	0.874251497005988	0.12574850299401197
1561	FG012	FG024	False	0.7904191616766467	0.20958083832335328
1562	FG001	FG001	True	0.592814371257485	0.40718562874251496
1563	FG024	FG001	False	0.40918163672654695	0.590818363273453
1564	FG001	FG024	False	0.40918163672654695	0.590818363273453
1565	FG001	FG005	False	0.5788423153692615	0.42115768463073855
1566	FG001	FG003	False	0.5668662674650699	0.43313373253493015
1567	FG001	FG001	True	0.592814371257485	0.40718562874251496
1568	FG001	FG001	True	0.592814371257485	0.40718562874251496
1569	FG001	FG001	True	0.592814371257485	0.40718562874251496
1570	FG001	FG001	True	0.592814371257485	0.40718562874251496
1571	FG001	FG024	False	0.40918163672654695	0.590818363273453
1572	FG001	FG001	True	0.592814371257485	0.40718562874251496
1573	FG001	FG001	True	0.592814371257485	0.40718562874251496
1574	FG006	FG024	False	0.7465069860279442	0.2534930139720558
1575	FG002	FG021	False	0.8702594810379242	0.12974051896207583
1576	FG024	FG002	False	0.7005988023952097	0.29940119760479034
1577	FG017	FG024	False	0.8023952095808383	0.19760479041916168
1578	FG001	FG001	True	0.592814371257485	0.40718562874251496
1579	FG001	FG001	True	0.592814371257485	0.40718562874251496
1580	FG001	FG001	True	0.592814371257485	0.40718562874251496
1581	FG002	FG001	False	0.4770459081836328	0.5229540918163672
1582	FG017	FG024	False	0.8023952095808383	0.19760479041916168
1583	FG010	FG024	False	0.7984031936127745	0.20159680638722555
1584	FG001	FG001	True	0.592814371257485	0.40718562874251496
1585	FG024	FG001	False	0.40918163672654695	0.590818363273453
1586	FG001	FG006	False	0.5229540918163673	0.4770459081836327
1587	FG001	FG001	True	0.592814371257485	0.40718562874251496
1588	FG001	FG001	True	0.592814371257485	0.40718562874251496
1589	FG024	FG004	False	0.7984031936127745	0.20159680638722555
1590	FG019	FG012	False	0.9600798403193612	0.03992015968063878
1591	FG001	FG001	True	0.592814371257485	0.40718562874251496
1592	FG002	FG002	True	0.8842315369261478	0.11576846307385225
1593	FG023	FG012	False	0.9640718562874251	0.03592814371257491
1594	FG001	FG024	False	0.40918163672654695	0.590818363273453
1595	FG001	FG001	True	0.592814371257485	0.40718562874251496
1596	FG001	FG004	False	0.5748502994011976	0.4251497005988024
1597	FG012	FG024	False	0.7904191616766467	0.20958083832335328
1598	FG001	FG002	False	0.47704590818363274	0.5229540918163673
1599	FG001	FG006	False	0.5229540918163673	0.4770459081836327
1600	FG001	FG001	True	0.592814371257485	0.40718562874251496
1601	FG024	FG006	False	0.7465069860279442	0.2534930139720558
1602	FG004	FG017	False	0.968063872255489	0.031936127744511045
1603	FG001	FG003	False	0.5668662674650699	0.43313373253493015
1604	FG001	FG002	False	0.47704590818363274	0.5229540918163673
1605	FG004	FG009	False	0.9780439121756487	0.021956087824351322
1606	FG024	FG006	False	0.7465069860279442	0.2534930139720558
1607	FG002	FG024	False	0.7005988023952097	0.29940119760479034
1608	FG001	FG001	True	0.592814371257485	0.40718562874251496
1609	FG002	FG001	False	0.4770459081836328	0.5229540918163672
1610	FG002	FG012	False	0.8582834331337326	0.14171656686626743
1611	FG001	FG002	False	0.47704590818363274	0.5229540918163673
1612	FG006	FG006	True	0.9301397205588823	0.06986027944111772
1613	FG024	FG002	False	0.7005988023952097	0.29940119760479034
1614	FG003	FG003	True	0.9740518962075848	0.02594810379241519
1615	FG002	FG001	False	0.4770459081836328	0.5229540918163672
1616	FG006	FG001	False	0.5229540918163673	0.4770459081836327
1617	FG001	FG010	False	0.5748502994011976	0.4251497005988024
1618	FG001	FG006	False	0.5229540918163673	0.4770459081836327
1619	FG001	FG001	True	0.592814371257485	0.40718562874251496
1620	FG010	FG006	False	0.9121756487025948	0.08782435129740518
1621	FG001	FG002	False	0.47704590818363274	0.5229540918163673
1622	FG003	FG002	False	0.8582834331337326	0.14171656686626743
1623	FG012	FG015	False	0.9620758483033932	0.03792415169660679
1624	FG001	FG006	False	0.5229540918163673	0.4770459081836327
1625	FG002	FG001	False	0.4770459081836328	0.5229540918163672
1626	FG024	FG003	False	0.7904191616766467	0.20958083832335328
1627	FG024	FG001	False	0.40918163672654695	0.590818363273453
1628	FG001	FG004	False	0.5748502994011976	0.4251497005988024
1629	FG002	FG006	False	0.81437125748503	0.18562874251496997
1630	FG024	FG006	False	0.7465069860279442	0.2534930139720558
1631	FG001	FG003	False	0.5668662674650699	0.43313373253493015
1632	FG018	FG024	False	0.8043912175648703	0.1956087824351297
1633	FG026	FG002	False	0.8822355289421158	0.11776447105788423
1634	FG021	FG005	False	0.9720558882235528	0.027944111776447178
1635	FG002	FG001	False	0.4770459081836328	0.5229540918163672
1636	FG001	FG024	False	0.40918163672654695	0.590818363273453
1637	FG024	FG018	False	0.8043912175648703	0.1956087824351297
1638	FG006	FG006	True	0.9301397205588823	0.06986027944111772
1639	FG024	FG001	False	0.40918163672654695	0.590818363273453
1640	FG001	FG024	False	0.40918163672654695	0.590818363273453
1641	FG012	FG001	False	0.5668662674650699	0.43313373253493015
1642	FG001	FG001	True	0.592814371257485	0.40718562874251496
1643	FG001	FG023	False	0.5828343313373253	0.4171656686626747
1644	FG017	FG017	True	0.9860279441117764	0.013972055888223589
1645	FG001	FG023	False	0.5828343313373253	0.4171656686626747
1646	FG012	FG001	False	0.5668662674650699	0.43313373253493015
1647	FG001	FG001	True	0.592814371257485	0.40718562874251496
1648	FG002	FG001	False	0.4770459081836328	0.5229540918163672
1649	FG030	FG001	False	0.5888223552894212	0.4111776447105788
1650	FG001	FG002	False	0.47704590818363274	0.5229540918163673
1651	FG010	FG024	False	0.7984031936127745	0.20159680638722555
1652	FG001	FG001	True	0.592814371257485	0.40718562874251496
1653	FG020	FG001	False	0.590818363273453	0.40918163672654695
1654	FG001	FG001	True	0.592814371257485	0.40718562874251496
1655	FG001	FG010	False	0.5748502994011976	0.4251497005988024
1656	FG001	FG001	True	0.592814371257485	0.40718562874251496
1657	FG028	FG024	False	0.8143712574850299	0.18562874251497008
1658	FG002	FG024	False	0.7005988023952097	0.29940119760479034
1659	FG001	FG001	True	0.592814371257485	0.40718562874251496
1660	FG027	FG006	False	0.9281437125748503	0.07185628742514971
1661	FG002	FG006	False	0.81437125748503	0.18562874251496997
1662	FG019	FG001	False	0.5788423153692615	0.42115768463073855
1663	FG001	FG001	True	0.592814371257485	0.40718562874251496
1664	FG024	FG003	False	0.7904191616766467	0.20958083832335328
1665	FG001	FG002	False	0.47704590818363274	0.5229540918163673
1666	FG010	FG003	False	0.9560878243512974	0.043912175648702645
1667	FG010	FG002	False	0.8662674650698603	0.1337325349301397
1668	FG001	FG002	False	0.47704590818363274	0.5229540918163673
1669	FG001	FG024	False	0.40918163672654695	0.590818363273453
1670	FG003	FG013	False	0.9720558882235528	0.027944111776447178
1671	FG030	FG006	False	0.9261477045908184	0.07385229540918159
1672	FG002	FG010	False	0.8662674650698603	0.1337325349301397
1673	FG015	FG001	False	0.5808383233532934	0.41916167664670656
1674	FG001	FG002	False	0.47704590818363274	0.5229540918163673
1675	FG006	FG001	False	0.5229540918163673	0.4770459081836327
1676	FG024	FG001	False	0.40918163672654695	0.590818363273453
1677	FG001	FG001	True	0.592814371257485	0.40718562874251496
1678	FG001	FG001	True	0.592814371257485	0.40718562874251496
1679	FG001	FG024	False	0.40918163672654695	0.590818363273453
1680	FG001	FG001	True	0.592814371257485	0.40718562874251496
1681	FG012	FG001	False	0.5668662674650699	0.43313373253493015
1682	FG015	FG012	False	0.9620758483033932	0.03792415169660679
1683	FG001	FG001	True	0.592814371257485	0.40718562874251496
1684	FG001	FG024	False	0.40918163672654695	0.590818363273453
1685	FG006	FG001	False	0.5229540918163673	0.4770459081836327
1686	FG024	FG024	True	0.8163672654690619	0.1836327345309381
1687	FG024	FG001	False	0.40918163672654695	0.590818363273453
1688	FG012	FG001	False	0.5668662674650699	0.43313373253493015
1689	FG006	FG024	False	0.7465069860279442	0.2534930139720558
1690	FG012	FG002	False	0.8582834331337326	0.14171656686626743
1691	FG001	FG005	False	0.5788423153692615	0.42115768463073855
1692	FG024	FG002	False	0.7005988023952097	0.29940119760479034
1693	FG004	FG001	False	0.5748502994011976	0.4251497005988024
1694	FG024	FG001	False	0.40918163672654695	0.590818363273453
1695	FG001	FG024	False	0.40918163672654695	0.590818363273453
1696	FG024	FG002	False	0.7005988023952097	0.29940119760479034
1697	FG006	FG001	False	0.5229540918163673	0.4770459081836327
1698	FG030	FG001	False	0.5888223552894212	0.4111776447105788
1699	FG002	FG001	False	0.4770459081836328	0.5229540918163672
1700	FG023	FG006	False	0.9201596806387226	0.07984031936127745
1701	FG001	FG002	False	0.47704590818363274	0.5229540918163673
1702	FG001	FG002	False	0.47704590818363274	0.5229540918163673
1703	FG013	FG001	False	0.590818363273453	0.40918163672654695
1704	FG024	FG001	False	0.40918163672654695	0.590818363273453
1705	FG010	FG024	False	0.7984031936127745	0.20159680638722555
1706	FG022	FG002	False	0.8822355289421158	0.11776447105788423
1707	FG024	FG001	False	0.40918163672654695	0.590818363273453
1708	FG001	FG019	False	0.5788423153692615	0.42115768463073855
1709	FG018	FG001	False	0.5808383233532934	0.41916167664670656
1710	FG001	FG024	False	0.40918163672654695	0.590818363273453
1711	FG024	FG009	False	0.812375249500998	0.18762475049900196
1712	FG024	FG001	False	0.40918163672654695	0.590818363273453
1713	FG004	FG003	False	0.9560878243512974	0.043912175648702645
1714	FG024	FG002	False	0.7005988023952097	0.29940119760479034
1715	FG002	FG006	False	0.81437125748503	0.18562874251496997
1716	FG002	FG001	False	0.4770459081836328	0.5229540918163672
1717	FG001	FG014	False	0.5868263473053892	0.4131736526946108
1718	FG001	FG001	True	0.592814371257485	0.40718562874251496
1719	FG002	FG024	False	0.7005988023952097	0.29940119760479034
1720	FG006	FG001	False	0.5229540918163673	0.4770459081836327
1721	FG001	FG001	True	0.592814371257485	0.40718562874251496
1722	FG001	FG024	False	0.40918163672654695	0.590818363273453
1723	FG024	FG002	False	0.7005988023952097	0.29940119760479034
1724	FG004	FG001	False	0.5748502994011976	0.4251497005988024
1725	FG024	FG001	False	0.40918163672654695	0.590818363273453
1726	FG024	FG024	True	0.8163672654690619	0.1836327345309381
1727	FG001	FG002	False	0.47704590818363274	0.5229540918163673
1728	FG006	FG024	False	0.7465069860279442	0.2534930139720558
1729	FG012	FG001	False	0.5668662674650699	0.43313373253493015
1730	FG012	FG024	False	0.7904191616766467	0.20958083832335328
1731	FG024	FG001	False	0.40918163672654695	0.590818363273453
1732	FG001	FG001	True	0.592814371257485	0.40718562874251496
1733	FG006	FG015	False	0.9181636726546907	0.08183632734530932
1734	FG018	FG025	False	0.9860279441117764	0.013972055888223589
1735	FG004	FG002	False	0.8662674650698603	0.1337325349301397
1736	FG001	FG006	False	0.5229540918163673	0.4770459081836327
1737	FG001	FG001	True	0.592814371257485	0.40718562874251496
1738	FG024	FG024	True	0.8163672654690619	0.1836327345309381
1739	FG003	FG023	False	0.9640718562874251	0.03592814371257491
1740	FG001	FG024	False	0.40918163672654695	0.590818363273453
1741	FG001	FG001	True	0.592814371257485	0.40718562874251496
1742	FG002	FG002	True	0.8842315369261478	0.11576846307385225
1743	FG018	FG024	False	0.8043912175648703	0.1956087824351297
1744	FG017	FG024	False	0.8023952095808383	0.19760479041916168
1745	FG001	FG001	True	0.592814371257485	0.40718562874251496
1746	FG024	FG002	False	0.7005988023952097	0.29940119760479034
1747	FG024	FG024	True	0.8163672654690619	0.1836327345309381
1748	FG024	FG002	False	0.7005988023952097	0.29940119760479034
1749	FG001	FG008	False	0.5888223552894212	0.4111776447105788
1750	FG001	FG001	True	0.592814371257485	0.40718562874251496
1751	FG024	FG001	False	0.40918163672654695	0.590818363273453
1752	FG002	FG014	False	0.8782435129740519	0.1217564870259481
1753	FG019	FG021	False	0.9720558882235528	0.027944111776447178
1754	FG001	FG021	False	0.5788423153692615	0.42115768463073855
1755	FG022	FG001	False	0.590818363273453	0.40918163672654695
1756	FG001	FG001	True	0.592814371257485	0.40718562874251496
1757	FG001	FG001	True	0.592814371257485	0.40718562874251496
1758	FG006	FG024	False	0.7465069860279442	0.2534930139720558
1759	FG001	FG012	False	0.5668662674650699	0.43313373253493015
1760	FG001	FG001	True	0.592814371257485	0.40718562874251496
1761	FG003	FG001	False	0.5668662674650699	0.43313373253493015
1762	FG001	FG017	False	0.5788423153692615	0.42115768463073855
1763	FG002	FG001	False	0.4770459081836328	0.5229540918163672
1764	FG024	FG004	False	0.7984031936127745	0.20159680638722555
1765	FG001	FG001	True	0.592814371257485	0.40718562874251496
1766	FG024	FG001	False	0.40918163672654695	0.590818363273453
1767	FG001	FG001	True	0.592814371257485	0.40718562874251496
1768	FG012	FG024	False	0.7904191616766467	0.20958083832335328
1769	FG001	FG001	True	0.592814371257485	0.40718562874251496
1770	FG001	FG001	True	0.592814371257485	0.40718562874251496
1771	FG006	FG001	False	0.5229540918163673	0.4770459081836327
1772	FG024	FG024	True	0.8163672654690619	0.1836327345309381
1773	FG018	FG024	False	0.8043912175648703	0.1956087824351297
1774	FG002	FG012	False	0.8582834331337326	0.14171656686626743
1775	FG024	FG013	False	0.8143712574850299	0.18562874251497008
1776	FG001	FG002	False	0.47704590818363274	0.5229540918163673
1777	FG001	FG001	True	0.592814371257485	0.40718562874251496
1778	FG024	FG001	False	0.40918163672654695	0.590818363273453
1779	FG001	FG024	False	0.40918163672654695	0.590818363273453
1780	FG001	FG001	True	0.592814371257485	0.40718562874251496
1781	FG002	FG001	False	0.4770459081836328	0.5229540918163672
1782	FG003	FG021	False	0.9600798403193612	0.03992015968063878
1783	FG024	FG002	False	0.7005988023952097	0.29940119760479034
1784	FG024	FG001	False	0.40918163672654695	0.590818363273453
1785	FG002	FG001	False	0.4770459081836328	0.5229540918163672
1786	FG023	FG024	False	0.8063872255489022	0.1936127744510978
1787	FG001	FG024	False	0.40918163672654695	0.590818363273453
1788	FG001	FG026	False	0.590818363273453	0.40918163672654695
1789	FG001	FG001	True	0.592814371257485	0.40718562874251496
1790	FG018	FG024	False	0.8043912175648703	0.1956087824351297
1791	FG001	FG004	False	0.5748502994011976	0.4251497005988024
1792	FG010	FG001	False	0.5748502994011976	0.4251497005988024
1793	FG006	FG031	False	0.9281437125748503	0.07185628742514971
1794	FG012	FG024	False	0.7904191616766467	0.20958083832335328
1795	FG001	FG023	False	0.5828343313373253	0.4171656686626747
1796	FG002	FG018	False	0.8722554890219562	0.12774451097804385
1797	FG006	FG006	True	0.9301397205588823	0.06986027944111772
1798	FG012	FG030	False	0.9700598802395209	0.029940119760479056
1799	FG001	FG003	False	0.5668662674650699	0.43313373253493015
1800	FG012	FG001	False	0.5668662674650699	0.43313373253493015
1801	FG001	FG024	False	0.40918163672654695	0.590818363273453
1802	FG002	FG001	False	0.4770459081836328	0.5229540918163672
1803	FG001	FG001	True	0.592814371257485	0.40718562874251496
1804	FG001	FG024	False	0.40918163672654695	0.590818363273453
1805	FG024	FG002	False	0.7005988023952097	0.29940119760479034
1806	FG002	FG024	False	0.7005988023952097	0.29940119760479034
1807	FG001	FG004	False	0.5748502994011976	0.4251497005988024
1808	FG002	FG001	False	0.4770459081836328	0.5229540918163672
1809	FG006	FG006	True	0.9301397205588823	0.06986027944111772
1810	FG001	FG010	False	0.5748502994011976	0.4251497005988024
1811	FG024	FG024	True	0.8163672654690619	0.1836327345309381
1812	FG001	FG004	False	0.5748502994011976	0.4251497005988024
1813	FG024	FG001	False	0.40918163672654695	0.590818363273453
1814	FG024	FG002	False	0.7005988023952097	0.29940119760479034
1815	FG001	FG024	False	0.40918163672654695	0.590818363273453
1816	FG002	FG001	False	0.4770459081836328	0.5229540918163672
1817	FG003	FG001	False	0.5668662674650699	0.43313373253493015
1818	FG006	FG001	False	0.5229540918163673	0.4770459081836327
1819	FG001	FG001	True	0.592814371257485	0.40718562874251496
1820	FG006	FG001	False	0.5229540918163673	0.4770459081836327
1821	FG024	FG003	False	0.7904191616766467	0.20958083832335328
1822	FG024	FG006	False	0.7465069860279442	0.2534930139720558
1823	FG003	FG001	False	0.5668662674650699	0.43313373253493015
1824	FG001	FG024	False	0.40918163672654695	0.590818363273453
1825	FG016	FG001	False	0.590818363273453	0.40918163672654695
1826	FG003	FG006	False	0.9041916167664671	0.09580838323353291
1827	FG012	FG031	False	0.9720558882235528	0.027944111776447178
1828	FG011	FG001	False	0.590818363273453	0.40918163672654695
1829	FG024	FG024	True	0.8163672654690619	0.1836327345309381
1830	FG018	FG001	False	0.5808383233532934	0.41916167664670656
1831	FG001	FG001	True	0.592814371257485	0.40718562874251496
1832	FG024	FG001	False	0.40918163672654695	0.590818363273453
1833	FG024	FG006	False	0.7465069860279442	0.2534930139720558
1834	FG021	FG001	False	0.5788423153692615	0.42115768463073855
1835	FG020	FG002	False	0.8822355289421158	0.11776447105788423
1836	FG014	FG001	False	0.5868263473053892	0.4131736526946108
1837	FG007	FG002	False	0.8802395209580838	0.11976047904191622
1838	FG007	FG001	False	0.5888223552894212	0.4111776447105788
1839	FG006	FG001	False	0.5229540918163673	0.4770459081836327
1840	FG001	FG001	True	0.592814371257485	0.40718562874251496
1841	FG015	FG021	False	0.9740518962075848	0.02594810379241519
1842	FG024	FG001	False	0.40918163672654695	0.590818363273453
1843	FG005	FG002	False	0.870259481037924	0.12974051896207595
1844	FG001	FG024	False	0.40918163672654695	0.590818363273453
1845	FG001	FG012	False	0.5668662674650699	0.43313373253493015
1846	FG001	FG001	True	0.592814371257485	0.40718562874251496
1847	FG001	FG001	True	0.592814371257485	0.40718562874251496
1848	FG024	FG004	False	0.7984031936127745	0.20159680638722555
1849	FG001	FG017	False	0.5788423153692615	0.42115768463073855
1850	FG012	FG005	False	0.9600798403193612	0.03992015968063878
1851	FG024	FG006	False	0.7465069860279442	0.2534930139720558
1852	FG002	FG017	False	0.8702594810379242	0.12974051896207583
1853	FG024	FG024	True	0.8163672654690619	0.1836327345309381
1854	FG024	FG012	False	0.7904191616766467	0.20958083832335328
1855	FG024	FG001	False	0.40918163672654695	0.590818363273453
1856	FG028	FG004	False	0.9800399201596806	0.019960079840319445
1857	FG012	FG001	False	0.5668662674650699	0.43313373253493015
1858	FG001	FG001	True	0.592814371257485	0.40718562874251496
1859	FG001	FG006	False	0.5229540918163673	0.4770459081836327
1860	FG001	FG001	True	0.592814371257485	0.40718562874251496
1861	FG001	FG002	False	0.47704590818363274	0.5229540918163673
1862	FG024	FG002	False	0.7005988023952097	0.29940119760479034
1863	FG023	FG006	False	0.9201596806387226	0.07984031936127745
1864	FG024	FG024	True	0.8163672654690619	0.1836327345309381
1865	FG001	FG021	False	0.5788423153692615	0.42115768463073855
1866	FG006	FG006	True	0.9301397205588823	0.06986027944111772
1867	FG001	FG024	False	0.40918163672654695	0.590818363273453
1868	FG024	FG002	False	0.7005988023952097	0.29940119760479034
1869	FG019	FG001	False	0.5788423153692615	0.42115768463073855
1870	FG024	FG001	False	0.40918163672654695	0.590818363273453
1871	FG001	FG002	False	0.47704590818363274	0.5229540918163673
1872	FG024	FG001	False	0.40918163672654695	0.590818363273453
1873	FG024	FG006	False	0.7465069860279442	0.2534930139720558
1874	FG003	FG002	False	0.8582834331337326	0.14171656686626743
1875	FG002	FG001	False	0.4770459081836328	0.5229540918163672
1876	FG001	FG001	True	0.592814371257485	0.40718562874251496
1877	FG024	FG002	False	0.7005988023952097	0.29940119760479034
1878	FG001	FG024	False	0.40918163672654695	0.590818363273453
1879	FG001	FG018	False	0.5808383233532934	0.41916167664670656
1880	FG006	FG014	False	0.9241516966067864	0.07584830339321358
1881	FG001	FG024	False	0.40918163672654695	0.590818363273453
1882	FG024	FG012	False	0.7904191616766467	0.20958083832335328
1883	FG001	FG019	False	0.5788423153692615	0.42115768463073855
1884	FG002	FG006	False	0.81437125748503	0.18562874251496997
1885	FG001	FG024	False	0.40918163672654695	0.590818363273453
1886	FG002	FG002	True	0.8842315369261478	0.11576846307385225
1887	FG024	FG024	True	0.8163672654690619	0.1836327345309381
1888	FG004	FG015	False	0.9700598802395209	0.029940119760479056
1889	FG024	FG001	False	0.40918163672654695	0.590818363273453
1890	FG001	FG006	False	0.5229540918163673	0.4770459081836327
1891	FG016	FG002	False	0.8822355289421158	0.11776447105788423
1892	FG006	FG002	False	0.8143712574850299	0.18562874251497008
1893	FG024	FG001	False	0.40918163672654695	0.590818363273453
1894	FG001	FG001	True	0.592814371257485	0.40718562874251496
1895	FG024	FG015	False	0.8043912175648703	0.1956087824351297
1896	FG001	FG024	False	0.40918163672654695	0.590818363273453
1897	FG028	FG017	False	0.9840319361277444	0.015968063872255578
1898	FG006	FG006	True	0.9301397205588823	0.06986027944111772
1899	FG024	FG001	False	0.40918163672654695	0.590818363273453
1900	FG014	FG001	False	0.5868263473053892	0.4131736526946108
1901	FG024	FG001	False	0.40918163672654695	0.590818363273453
1902	FG001	FG012	False	0.5668662674650699	0.43313373253493015
1903	FG003	FG002	False	0.8582834331337326	0.14171656686626743
1904	FG024	FG006	False	0.7465069860279442	0.2534930139720558
1905	FG006	FG024	False	0.7465069860279442	0.2534930139720558
1906	FG001	FG024	False	0.40918163672654695	0.590818363273453
1907	FG002	FG002	True	0.8842315369261478	0.11576846307385225
1908	FG005	FG021	False	0.9720558882235528	0.027944111776447178
1909	FG006	FG006	True	0.9301397205588823	0.06986027944111772
1910	FG001	FG001	True	0.592814371257485	0.40718562874251496
1911	FG001	FG001	True	0.592814371257485	0.40718562874251496
1912	FG001	FG001	True	0.592814371257485	0.40718562874251496
1913	FG001	FG010	False	0.5748502994011976	0.4251497005988024
1914	FG006	FG002	False	0.8143712574850299	0.18562874251497008
1915	FG001	FG006	False	0.5229540918163673	0.4770459081836327
1916	FG001	FG002	False	0.47704590818363274	0.5229540918163673
1917	FG024	FG001	False	0.40918163672654695	0.590818363273453
1918	FG001	FG001	True	0.592814371257485	0.40718562874251496
1919	FG002	FG001	False	0.4770459081836328	0.5229540918163672
1920	FG001	FG001	True	0.592814371257485	0.40718562874251496
1921	FG001	FG024	False	0.40918163672654695	0.590818363273453
1922	FG026	FG003	False	0.9720558882235528	0.027944111776447178
1923	FG012	FG023	False	0.9640718562874251	0.03592814371257491
1924	FG018	FG002	False	0.872255489021956	0.12774451097804396
1925	FG001	FG001	True	0.592814371257485	0.40718562874251496
1926	FG002	FG015	False	0.8722554890219562	0.12774451097804385
1927	FG001	FG024	False	0.40918163672654695	0.590818363273453
1928	FG024	FG001	False	0.40918163672654695	0.590818363273453
1929	FG024	FG023	False	0.8063872255489022	0.1936127744510978
1930	FG001	FG001	True	0.592814371257485	0.40718562874251496
1931	FG001	FG024	False	0.40918163672654695	0.590818363273453
1932	FG001	FG024	False	0.40918163672654695	0.590818363273453
1933	FG024	FG012	False	0.7904191616766467	0.20958083832335328
1934	FG002	FG001	False	0.4770459081836328	0.5229540918163672
1935	FG024	FG024	True	0.8163672654690619	0.1836327345309381
1936	FG024	FG012	False	0.7904191616766467	0.20958083832335328
1937	FG024	FG024	True	0.8163672654690619	0.1836327345309381
1938	FG006	FG025	False	0.9281437125748503	0.07185628742514971
1939	FG001	FG024	False	0.40918163672654695	0.590818363273453
1940	FG001	FG001	True	0.592814371257485	0.40718562874251496
1941	FG002	FG024	False	0.7005988023952097	0.29940119760479034
1942	FG002	FG003	False	0.8582834331337326	0.14171656686626743
1943	FG001	FG002	False	0.47704590818363274	0.5229540918163673
1944	FG024	FG001	False	0.40918163672654695	0.590818363273453
1945	FG001	FG002	False	0.47704590818363274	0.5229540918163673
1946	FG023	FG001	False	0.5828343313373253	0.4171656686626747
1947	FG012	FG001	False	0.5668662674650699	0.43313373253493015
1948	FG002	FG001	False	0.4770459081836328	0.5229540918163672
1949	FG024	FG006	False	0.7465069860279442	0.2534930139720558
1950	FG024	FG006	False	0.7465069860279442	0.2534930139720558
1951	FG021	FG006	False	0.9161676646706587	0.08383233532934131
1952	FG024	FG018	False	0.8043912175648703	0.1956087824351297
1953	FG001	FG002	False	0.47704590818363274	0.5229540918163673
1954	FG001	FG006	False	0.5229540918163673	0.4770459081836327
1955	FG024	FG024	True	0.8163672654690619	0.1836327345309381
1956	FG001	FG001	True	0.592814371257485	0.40718562874251496
1957	FG019	FG017	False	0.9720558882235528	0.027944111776447178
1958	FG024	FG001	False	0.40918163672654695	0.590818363273453
1959	FG010	FG001	False	0.5748502994011976	0.4251497005988024
1960	FG026	FG024	False	0.8143712574850299	0.18562874251497008
1961	FG006	FG006	True	0.9301397205588823	0.06986027944111772
1962	FG008	FG006	False	0.9261477045908184	0.07385229540918159
1963	FG024	FG001	False	0.40918163672654695	0.590818363273453
1964	FG001	FG024	False	0.40918163672654695	0.590818363273453
1965	FG022	FG001	False	0.590818363273453	0.40918163672654695
1966	FG014	FG014	True	0.9940119760479041	0.005988023952095856
1967	FG002	FG001	False	0.4770459081836328	0.5229540918163672
1968	FG024	FG006	False	0.7465069860279442	0.2534930139720558
1969	FG021	FG004	False	0.968063872255489	0.031936127744511045
1970	FG001	FG006	False	0.5229540918163673	0.4770459081836327
1971	FG024	FG002	False	0.7005988023952097	0.29940119760479034
1972	FG001	FG001	True	0.592814371257485	0.40718562874251496
1973	FG006	FG024	False	0.7465069860279442	0.2534930139720558
1974	FG023	FG001	False	0.5828343313373253	0.4171656686626747
1975	FG003	FG001	False	0.5668662674650699	0.43313373253493015
1976	FG001	FG001	True	0.592814371257485	0.40718562874251496
1977	FG001	FG003	False	0.5668662674650699	0.43313373253493015
1978	FG006	FG021	False	0.9161676646706587	0.08383233532934131
1979	FG021	FG016	False	0.9840319361277444	0.015968063872255578
1980	FG001	FG001	True	0.592814371257485	0.40718562874251496
1981	FG001	FG021	False	0.5788423153692615	0.42115768463073855
1982	FG001	FG032	False	0.590818363273453	0.40918163672654695
1983	FG024	FG001	False	0.40918163672654695	0.590818363273453
1984	FG001	FG001	True	0.592814371257485	0.40718562874251496
1985	FG005	FG002	False	0.870259481037924	0.12974051896207595
1986	FG001	FG003	False	0.5668662674650699	0.43313373253493015
1987	FG021	FG001	False	0.5788423153692615	0.42115768463073855
1988	FG015	FG019	False	0.9740518962075848	0.02594810379241519
1989	FG001	FG024	False	0.40918163672654695	0.590818363273453
1990	FG001	FG005	False	0.5788423153692615	0.42115768463073855
1991	FG002	FG002	True	0.8842315369261478	0.11576846307385225
1992	FG018	FG012	False	0.9620758483033932	0.03792415169660679
1993	FG008	FG002	False	0.8802395209580838	0.11976047904191622
1994	FG024	FG005	False	0.8023952095808383	0.19760479041916168
1995	FG001	FG017	False	0.5788423153692615	0.42115768463073855
1996	FG024	FG001	False	0.40918163672654695	0.590818363273453
1997	FG024	FG024	True	0.8163672654690619	0.1836327345309381
1998	FG001	FG001	True	0.592814371257485	0.40718562874251496
1999	FG024	FG001	False	0.40918163672654695	0.590818363273453
2000	FG001	FG001	True	0.592814371257485	0.40718562874251496
2001	FG001	FG007	False	0.5888223552894212	0.4111776447105788
2002	FG024	FG001	False	0.40918163672654695	0.590818363273453
2003	FG002	FG001	False	0.4770459081836328	0.5229540918163672
2004	FG001	FG003	False	0.5668662674650699	0.43313373253493015
2005	FG024	FG012	False	0.7904191616766467	0.20958083832335328
2006	FG002	FG021	False	0.8702594810379242	0.12974051896207583
2007	FG024	FG001	False	0.40918163672654695	0.590818363273453
2008	FG001	FG024	False	0.40918163672654695	0.590818363273453
2009	FG006	FG001	False	0.5229540918163673	0.4770459081836327
2010	FG018	FG012	False	0.9620758483033932	0.03792415169660679
2011	FG002	FG006	False	0.81437125748503	0.18562874251496997
2012	FG001	FG006	False	0.5229540918163673	0.4770459081836327
2013	FG001	FG024	False	0.40918163672654695	0.590818363273453
2014	FG024	FG002	False	0.7005988023952097	0.29940119760479034
2015	FG001	FG006	False	0.5229540918163673	0.4770459081836327
2016	FG024	FG001	False	0.40918163672654695	0.590818363273453
2017	FG001	FG024	False	0.40918163672654695	0.590818363273453
2018	FG002	FG006	False	0.81437125748503	0.18562874251496997
2019	FG001	FG024	False	0.40918163672654695	0.590818363273453
2020	FG023	FG024	False	0.8063872255489022	0.1936127744510978
2021	FG001	FG001	True	0.592814371257485	0.40718562874251496
2022	FG024	FG001	False	0.40918163672654695	0.590818363273453
2023	FG012	FG006	False	0.9041916167664671	0.09580838323353291
2024	FG024	FG027	False	0.8143712574850299	0.18562874251497008
2025	FG010	FG002	False	0.8662674650698603	0.1337325349301397
2026	FG001	FG006	False	0.5229540918163673	0.4770459081836327
2027	FG002	FG024	False	0.7005988023952097	0.29940119760479034
2028	FG001	FG022	False	0.590818363273453	0.40918163672654695
2029	FG003	FG001	False	0.5668662674650699	0.43313373253493015
2030	FG002	FG018	False	0.8722554890219562	0.12774451097804385
2031	FG030	FG002	False	0.8802395209580838	0.11976047904191622
2032	FG001	FG024	False	0.40918163672654695	0.590818363273453
2033	FG002	FG001	False	0.4770459081836328	0.5229540918163672
2034	FG024	FG001	False	0.40918163672654695	0.590818363273453
2035	FG007	FG017	False	0.9820359281437125	0.017964071856287456
2036	FG024	FG012	False	0.7904191616766467	0.20958083832335328
2037	FG001	FG001	True	0.592814371257485	0.40718562874251496
2038	FG006	FG001	False	0.5229540918163673	0.4770459081836327
2039	FG002	FG002	True	0.8842315369261478	0.11576846307385225
2040	FG024	FG024	True	0.8163672654690619	0.1836327345309381
2041	FG001	FG024	False	0.40918163672654695	0.590818363273453
2042	FG004	FG014	False	0.9760479041916167	0.02395209580838331
2043	FG024	FG001	False	0.40918163672654695	0.590818363273453
2044	FG001	FG001	True	0.592814371257485	0.40718562874251496
2045	FG001	FG015	False	0.5808383233532934	0.41916167664670656
2046	FG002	FG001	False	0.4770459081836328	0.5229540918163672
2047	FG001	FG002	False	0.47704590818363274	0.5229540918163673
2048	FG002	FG024	False	0.7005988023952097	0.29940119760479034
2049	FG002	FG024	False	0.7005988023952097	0.29940119760479034
2050	FG002	FG001	False	0.4770459081836328	0.5229540918163672
2051	FG006	FG024	False	0.7465069860279442	0.2534930139720558
2052	FG001	FG004	False	0.5748502994011976	0.4251497005988024
2053	FG001	FG001	True	0.592814371257485	0.40718562874251496
2054	FG001	FG001	True	0.592814371257485	0.40718562874251496
2055	FG001	FG015	False	0.5808383233532934	0.41916167664670656
2056	FG001	FG001	True	0.592814371257485	0.40718562874251496
2057	FG002	FG001	False	0.4770459081836328	0.5229540918163672
2058	FG028	FG024	False	0.8143712574850299	0.18562874251497008
2059	FG001	FG002	False	0.47704590818363274	0.5229540918163673
2060	FG001	FG010	False	0.5748502994011976	0.4251497005988024
2061	FG002	FG001	False	0.4770459081836328	0.5229540918163672
2062	FG001	FG005	False	0.5788423153692615	0.42115768463073855
2063	FG002	FG001	False	0.4770459081836328	0.5229540918163672
2064	FG003	FG001	False	0.5668662674650699	0.43313373253493015
2065	FG001	FG007	False	0.5888223552894212	0.4111776447105788
2066	FG024	FG016	False	0.8143712574850299	0.18562874251497008
2067	FG002	FG024	False	0.7005988023952097	0.29940119760479034
2068	FG024	FG001	False	0.40918163672654695	0.590818363273453
2069	FG001	FG001	True	0.592814371257485	0.40718562874251496
2070	FG001	FG018	False	0.5808383233532934	0.41916167664670656
2071	FG024	FG006	False	0.7465069860279442	0.2534930139720558
2072	FG024	FG001	False	0.40918163672654695	0.590818363273453
2073	FG001	FG024	False	0.40918163672654695	0.590818363273453
2074	FG024	FG001	False	0.40918163672654695	0.590818363273453
2075	FG031	FG018	False	0.9860279441117764	0.013972055888223589
2076	FG009	FG018	False	0.9840319361277445	0.015968063872255467
2077	FG021	FG017	False	0.9720558882235528	0.027944111776447178
2078	FG001	FG001	True	0.592814371257485	0.40718562874251496
2079	FG024	FG001	False	0.40918163672654695	0.590818363273453
2080	FG001	FG001	True	0.592814371257485	0.40718562874251496
2081	FG002	FG003	False	0.8582834331337326	0.14171656686626743
2082	FG001	FG024	False	0.40918163672654695	0.590818363273453
2083	FG003	FG001	False	0.5668662674650699	0.43313373253493015
2084	FG014	FG006	False	0.9241516966067864	0.07584830339321358
2085	FG024	FG012	False	0.7904191616766467	0.20958083832335328
2086	FG006	FG006	True	0.9301397205588823	0.06986027944111772
2087	FG002	FG002	True	0.8842315369261478	0.11576846307385225
2088	FG001	FG001	True	0.592814371257485	0.40718562874251496
2089	FG006	FG001	False	0.5229540918163673	0.4770459081836327
2090	FG012	FG006	False	0.9041916167664671	0.09580838323353291
2091	FG001	FG002	False	0.47704590818363274	0.5229540918163673
2092	FG021	FG001	False	0.5788423153692615	0.42115768463073855
2093	FG001	FG002	False	0.47704590818363274	0.5229540918163673
2094	FG001	FG001	True	0.592814371257485	0.40718562874251496
2095	FG001	FG001	True	0.592814371257485	0.40718562874251496
2096	FG012	FG004	False	0.9560878243512974	0.043912175648702645
2097	FG006	FG024	False	0.7465069860279442	0.2534930139720558
2098	FG024	FG024	True	0.8163672654690619	0.1836327345309381
2099	FG003	FG001	False	0.5668662674650699	0.43313373253493015
2100	FG001	FG024	False	0.40918163672654695	0.590818363273453
2101	FG007	FG018	False	0.9840319361277445	0.015968063872255467
2102	FG002	FG002	True	0.8842315369261478	0.11576846307385225
2103	FG001	FG001	True	0.592814371257485	0.40718562874251496
2104	FG005	FG002	False	0.870259481037924	0.12974051896207595
2105	FG002	FG001	False	0.4770459081836328	0.5229540918163672
2106	FG004	FG001	False	0.5748502994011976	0.4251497005988024
2107	FG001	FG024	False	0.40918163672654695	0.590818363273453
2108	FG002	FG001	False	0.4770459081836328	0.5229540918163672
2109	FG024	FG024	True	0.8163672654690619	0.1836327345309381
2110	FG024	FG001	False	0.40918163672654695	0.590818363273453
2111	FG018	FG022	False	0.9860279441117764	0.013972055888223589
2112	FG001	FG024	False	0.40918163672654695	0.590818363273453
2113	FG024	FG006	False	0.7465069860279442	0.2534930139720558
2114	FG001	FG021	False	0.5788423153692615	0.42115768463073855
2115	FG024	FG006	False	0.7465069860279442	0.2534930139720558
2116	FG001	FG024	False	0.40918163672654695	0.590818363273453
2117	FG001	FG002	False	0.47704590818363274	0.5229540918163673
2118	FG001	FG024	False	0.40918163672654695	0.590818363273453
2119	FG021	FG001	False	0.5788423153692615	0.42115768463073855
2120	FG003	FG001	False	0.5668662674650699	0.43313373253493015
2121	FG001	FG001	True	0.592814371257485	0.40718562874251496
2122	FG024	FG006	False	0.7465069860279442	0.2534930139720558
2123	FG019	FG001	False	0.5788423153692615	0.42115768463073855
2124	FG001	FG024	False	0.40918163672654695	0.590818363273453
2125	FG001	FG017	False	0.5788423153692615	0.42115768463073855
2126	FG002	FG012	False	0.8582834331337326	0.14171656686626743
2127	FG024	FG024	True	0.8163672654690619	0.1836327345309381
2128	FG026	FG024	False	0.8143712574850299	0.18562874251497008
2129	FG001	FG006	False	0.5229540918163673	0.4770459081836327
2130	FG024	FG020	False	0.8143712574850299	0.18562874251497008
2131	FG001	FG001	True	0.592814371257485	0.40718562874251496
2132	FG024	FG002	False	0.7005988023952097	0.29940119760479034
2133	FG001	FG001	True	0.592814371257485	0.40718562874251496
2134	FG006	FG030	False	0.9261477045908184	0.07385229540918159
2135	FG026	FG018	False	0.9860279441117764	0.013972055888223589
2136	FG006	FG002	False	0.8143712574850299	0.18562874251497008
2137	FG001	FG024	False	0.40918163672654695	0.590818363273453
2138	FG002	FG001	False	0.4770459081836328	0.5229540918163672
2139	FG001	FG001	True	0.592814371257485	0.40718562874251496
2140	FG002	FG001	False	0.4770459081836328	0.5229540918163672
2141	FG001	FG001	True	0.592814371257485	0.40718562874251496
2142	FG003	FG003	True	0.9740518962075848	0.02594810379241519
2143	FG001	FG001	True	0.592814371257485	0.40718562874251496
2144	FG024	FG001	False	0.40918163672654695	0.590818363273453
2145	FG024	FG006	False	0.7465069860279442	0.2534930139720558
2146	FG024	FG001	False	0.40918163672654695	0.590818363273453
2147	FG024	FG001	False	0.40918163672654695	0.590818363273453
2148	FG024	FG001	False	0.40918163672654695	0.590818363273453
2149	FG012	FG012	True	0.9740518962075848	0.02594810379241519
2150	FG001	FG024	False	0.40918163672654695	0.590818363273453
2151	FG001	FG024	False	0.40918163672654695	0.590818363273453
2152	FG021	FG003	False	0.9600798403193612	0.03992015968063878
2153	FG024	FG024	True	0.8163672654690619	0.1836327345309381
2154	FG024	FG024	True	0.8163672654690619	0.1836327345309381
2155	FG002	FG001	False	0.4770459081836328	0.5229540918163672
2156	FG001	FG016	False	0.590818363273453	0.40918163672654695
2157	FG024	FG006	False	0.7465069860279442	0.2534930139720558
2158	FG002	FG001	False	0.4770459081836328	0.5229540918163672
2159	FG001	FG018	False	0.5808383233532934	0.41916167664670656
2160	FG001	FG019	False	0.5788423153692615	0.42115768463073855
2161	FG001	FG001	True	0.592814371257485	0.40718562874251496
2162	FG002	FG001	False	0.4770459081836328	0.5229540918163672
2163	FG001	FG005	False	0.5788423153692615	0.42115768463073855
2164	FG024	FG024	True	0.8163672654690619	0.1836327345309381
2165	FG002	FG024	False	0.7005988023952097	0.29940119760479034
2166	FG012	FG001	False	0.5668662674650699	0.43313373253493015
2167	FG024	FG002	False	0.7005988023952097	0.29940119760479034
2168	FG008	FG002	False	0.8802395209580838	0.11976047904191622
2169	FG001	FG001	True	0.592814371257485	0.40718562874251496
2170	FG001	FG015	False	0.5808383233532934	0.41916167664670656
2171	FG001	FG002	False	0.47704590818363274	0.5229540918163673
2172	FG001	FG002	False	0.47704590818363274	0.5229540918163673
2173	FG001	FG024	False	0.40918163672654695	0.590818363273453
2174	FG001	FG024	False	0.40918163672654695	0.590818363273453
2175	FG001	FG005	False	0.5788423153692615	0.42115768463073855
2176	FG002	FG021	False	0.8702594810379242	0.12974051896207583
2177	FG001	FG001	True	0.592814371257485	0.40718562874251496
2178	FG001	FG008	False	0.5888223552894212	0.4111776447105788
2179	FG001	FG001	True	0.592814371257485	0.40718562874251496
2180	FG001	FG002	False	0.47704590818363274	0.5229540918163673
2181	FG001	FG024	False	0.40918163672654695	0.590818363273453
2182	FG001	FG002	False	0.47704590818363274	0.5229540918163673
2183	FG024	FG024	True	0.8163672654690619	0.1836327345309381
2184	FG001	FG024	False	0.40918163672654695	0.590818363273453
2185	FG006	FG012	False	0.9041916167664671	0.09580838323353291
2186	FG001	FG001	True	0.592814371257485	0.40718562874251496
2187	FG024	FG001	False	0.40918163672654695	0.590818363273453
2188	FG024	FG001	False	0.40918163672654695	0.590818363273453
2189	FG015	FG012	False	0.9620758483033932	0.03792415169660679
2190	FG001	FG001	True	0.592814371257485	0.40718562874251496
2191	FG001	FG001	True	0.592814371257485	0.40718562874251496
2192	FG018	FG002	False	0.872255489021956	0.12774451097804396
2193	FG004	FG001	False	0.5748502994011976	0.4251497005988024
2194	FG002	FG001	False	0.4770459081836328	0.5229540918163672
2195	FG002	FG001	False	0.4770459081836328	0.5229540918163672
2196	FG010	FG001	False	0.5748502994011976	0.4251497005988024
2197	FG024	FG004	False	0.7984031936127745	0.20159680638722555
2198	FG015	FG010	False	0.9700598802395209	0.029940119760479056
2199	FG001	FG001	True	0.592814371257485	0.40718562874251496
2200	FG001	FG001	True	0.592814371257485	0.40718562874251496
2201	FG004	FG002	False	0.8662674650698603	0.1337325349301397
2202	FG024	FG006	False	0.7465069860279442	0.2534930139720558
2203	FG024	FG024	True	0.8163672654690619	0.1836327345309381
2204	FG017	FG004	False	0.968063872255489	0.031936127744511045
2205	FG006	FG001	False	0.5229540918163673	0.4770459081836327
2206	FG001	FG001	True	0.592814371257485	0.40718562874251496
2207	FG002	FG001	False	0.4770459081836328	0.5229540918163672
2208	FG030	FG017	False	0.9820359281437125	0.017964071856287456
2209	FG024	FG003	False	0.7904191616766467	0.20958083832335328
2210	FG001	FG024	False	0.40918163672654695	0.590818363273453
2211	FG001	FG002	False	0.47704590818363274	0.5229540918163673
2212	FG010	FG001	False	0.5748502994011976	0.4251497005988024
2213	FG015	FG024	False	0.8043912175648703	0.1956087824351297
2214	FG001	FG001	True	0.592814371257485	0.40718562874251496
2215	FG018	FG004	False	0.9700598802395209	0.029940119760479056
2216	FG001	FG006	False	0.5229540918163673	0.4770459081836327
2217	FG001	FG001	True	0.592814371257485	0.40718562874251496
2218	FG024	FG001	False	0.40918163672654695	0.590818363273453
2219	FG002	FG019	False	0.8702594810379242	0.12974051896207583
2220	FG002	FG001	False	0.4770459081836328	0.5229540918163672
2221	FG001	FG019	False	0.5788423153692615	0.42115768463073855
2222	FG018	FG006	False	0.9181636726546907	0.08183632734530932
2223	FG024	FG019	False	0.8023952095808383	0.19760479041916168
2224	FG001	FG001	True	0.592814371257485	0.40718562874251496
2225	FG001	FG001	True	0.592814371257485	0.40718562874251496
2226	FG001	FG024	False	0.40918163672654695	0.590818363273453
2227	FG024	FG001	False	0.40918163672654695	0.590818363273453
2228	FG001	FG006	False	0.5229540918163673	0.4770459081836327
2229	FG024	FG009	False	0.812375249500998	0.18762475049900196
2230	FG001	FG002	False	0.47704590818363274	0.5229540918163673
2231	FG002	FG001	False	0.4770459081836328	0.5229540918163672
2232	FG001	FG001	True	0.592814371257485	0.40718562874251496
2233	FG024	FG001	False	0.40918163672654695	0.590818363273453
2234	FG009	FG002	False	0.8802395209580838	0.11976047904191622
2235	FG001	FG006	False	0.5229540918163673	0.4770459081836327
2236	FG024	FG002	False	0.7005988023952097	0.29940119760479034
2237	FG001	FG010	False	0.5748502994011976	0.4251497005988024
2238	FG023	FG001	False	0.5828343313373253	0.4171656686626747
2239	FG003	FG001	False	0.5668662674650699	0.43313373253493015
2240	FG002	FG002	True	0.8842315369261478	0.11576846307385225
2241	FG001	FG024	False	0.40918163672654695	0.590818363273453
2242	FG006	FG019	False	0.9161676646706587	0.08383233532934131
2243	FG001	FG001	True	0.592814371257485	0.40718562874251496
2244	FG024	FG001	False	0.40918163672654695	0.590818363273453
2245	FG024	FG001	False	0.40918163672654695	0.590818363273453
2246	FG001	FG024	False	0.40918163672654695	0.590818363273453
2247	FG006	FG001	False	0.5229540918163673	0.4770459081836327
2248	FG001	FG024	False	0.40918163672654695	0.590818363273453
2249	FG021	FG001	False	0.5788423153692615	0.42115768463073855
2250	FG012	FG001	False	0.5668662674650699	0.43313373253493015
2251	FG001	FG006	False	0.5229540918163673	0.4770459081836327
2252	FG005	FG001	False	0.5788423153692615	0.42115768463073855
2253	FG001	FG017	False	0.5788423153692615	0.42115768463073855
2254	FG001	FG018	False	0.5808383233532934	0.41916167664670656
2255	FG020	FG002	False	0.8822355289421158	0.11776447105788423
2256	FG018	FG006	False	0.9181636726546907	0.08183632734530932
2257	FG018	FG024	False	0.8043912175648703	0.1956087824351297
2258	FG012	FG031	False	0.9720558882235528	0.027944111776447178
2259	FG002	FG001	False	0.4770459081836328	0.5229540918163672
2260	FG024	FG001	False	0.40918163672654695	0.590818363273453
2261	FG004	FG006	False	0.9121756487025948	0.08782435129740518
2262	FG002	FG024	False	0.7005988023952097	0.29940119760479034
2263	FG002	FG022	False	0.8822355289421158	0.11776447105788423
2264	FG024	FG014	False	0.810379241516966	0.18962075848303395
2265	FG001	FG001	True	0.592814371257485	0.40718562874251496
2266	FG024	FG023	False	0.8063872255489022	0.1936127744510978
2267	FG001	FG001	True	0.592814371257485	0.40718562874251496
2268	FG002	FG024	False	0.7005988023952097	0.29940119760479034
2269	FG004	FG024	False	0.7984031936127745	0.20159680638722555
2270	FG001	FG019	False	0.5788423153692615	0.42115768463073855
2271	FG001	FG010	False	0.5748502994011976	0.4251497005988024
2272	FG012	FG017	False	0.9600798403193612	0.03992015968063878
2273	FG024	FG021	False	0.8023952095808383	0.19760479041916168
2274	FG024	FG002	False	0.7005988023952097	0.29940119760479034
2275	FG001	FG001	True	0.592814371257485	0.40718562874251496
2276	FG017	FG001	False	0.5788423153692615	0.42115768463073855
2277	FG001	FG006	False	0.5229540918163673	0.4770459081836327
2278	FG001	FG003	False	0.5668662674650699	0.43313373253493015
2279	FG024	FG002	False	0.7005988023952097	0.29940119760479034
2280	FG001	FG001	True	0.592814371257485	0.40718562874251496
2281	FG024	FG024	True	0.8163672654690619	0.1836327345309381
2282	FG001	FG024	False	0.40918163672654695	0.590818363273453
2283	FG002	FG023	False	0.874251497005988	0.12574850299401197
2284	FG001	FG024	False	0.40918163672654695	0.590818363273453
2285	FG024	FG002	False	0.7005988023952097	0.29940119760479034
2286	FG010	FG002	False	0.8662674650698603	0.1337325349301397
2287	FG001	FG002	False	0.47704590818363274	0.5229540918163673
2288	FG003	FG002	False	0.8582834331337326	0.14171656686626743
2289	FG001	FG001	True	0.592814371257485	0.40718562874251496
2290	FG001	FG003	False	0.5668662674650699	0.43313373253493015
2291	FG002	FG006	False	0.81437125748503	0.18562874251496997
2292	FG024	FG024	True	0.8163672654690619	0.1836327345309381
2293	FG001	FG006	False	0.5229540918163673	0.4770459081836327
2294	FG001	FG006	False	0.5229540918163673	0.4770459081836327
2295	FG018	FG019	False	0.9740518962075848	0.02594810379241519
2296	FG024	FG001	False	0.40918163672654695	0.590818363273453
2297	FG002	FG014	False	0.8782435129740519	0.1217564870259481
2298	FG006	FG006	True	0.9301397205588823	0.06986027944111772
2299	FG001	FG001	True	0.592814371257485	0.40718562874251496
2300	FG006	FG001	False	0.5229540918163673	0.4770459081836327
2301	FG024	FG015	False	0.8043912175648703	0.1956087824351297
2302	FG006	FG001	False	0.5229540918163673	0.4770459081836327
2303	FG001	FG006	False	0.5229540918163673	0.4770459081836327
2304	FG024	FG001	False	0.40918163672654695	0.590818363273453
2305	FG001	FG001	True	0.592814371257485	0.40718562874251496
2306	FG001	FG002	False	0.47704590818363274	0.5229540918163673
2307	FG024	FG006	False	0.7465069860279442	0.2534930139720558
2308	FG001	FG001	True	0.592814371257485	0.40718562874251496
2309	FG023	FG024	False	0.8063872255489022	0.1936127744510978
2310	FG005	FG021	False	0.9720558882235528	0.027944111776447178
2311	FG003	FG001	False	0.5668662674650699	0.43313373253493015
2312	FG006	FG002	False	0.8143712574850299	0.18562874251497008
2313	FG001	FG001	True	0.592814371257485	0.40718562874251496
2314	FG001	FG006	False	0.5229540918163673	0.4770459081836327
2315	FG030	FG001	False	0.5888223552894212	0.4111776447105788
2316	FG001	FG023	False	0.5828343313373253	0.4171656686626747
2317	FG001	FG024	False	0.40918163672654695	0.590818363273453
2318	FG014	FG024	False	0.810379241516966	0.18962075848303395
2319	FG002	FG004	False	0.8662674650698603	0.1337325349301397
2320	FG001	FG005	False	0.5788423153692615	0.42115768463073855
2321	FG010	FG002	False	0.8662674650698603	0.1337325349301397
2322	FG022	FG001	False	0.590818363273453	0.40918163672654695
2323	FG024	FG001	False	0.40918163672654695	0.590818363273453
2324	FG024	FG002	False	0.7005988023952097	0.29940119760479034
2325	FG024	FG019	False	0.8023952095808383	0.19760479041916168
2326	FG001	FG001	True	0.592814371257485	0.40718562874251496
2327	FG016	FG023	False	0.9880239520958083	0.011976047904191711
2328	FG024	FG001	False	0.40918163672654695	0.590818363273453
2329	FG001	FG006	False	0.5229540918163673	0.4770459081836327
2330	FG002	FG001	False	0.4770459081836328	0.5229540918163672
2331	FG001	FG001	True	0.592814371257485	0.40718562874251496
2332	FG019	FG001	False	0.5788423153692615	0.42115768463073855
2333	FG010	FG006	False	0.9121756487025948	0.08782435129740518
2334	FG001	FG028	False	0.590818363273453	0.40918163672654695
2335	FG024	FG001	False	0.40918163672654695	0.590818363273453
2336	FG024	FG003	False	0.7904191616766467	0.20958083832335328
2337	FG001	FG001	True	0.592814371257485	0.40718562874251496
2338	FG001	FG006	False	0.5229540918163673	0.4770459081836327
2339	FG001	FG003	False	0.5668662674650699	0.43313373253493015
2340	FG024	FG010	False	0.7984031936127745	0.20159680638722555
2341	FG001	FG001	True	0.592814371257485	0.40718562874251496
2342	FG017	FG024	False	0.8023952095808383	0.19760479041916168
2343	FG006	FG001	False	0.5229540918163673	0.4770459081836327
2344	FG009	FG001	False	0.5888223552894212	0.4111776447105788
2345	FG001	FG002	False	0.47704590818363274	0.5229540918163673
2346	FG002	FG001	False	0.4770459081836328	0.5229540918163672
2347	FG001	FG001	True	0.592814371257485	0.40718562874251496
2348	FG024	FG003	False	0.7904191616766467	0.20958083832335328
2349	FG001	FG001	True	0.592814371257485	0.40718562874251496
2350	FG001	FG001	True	0.592814371257485	0.40718562874251496
2351	FG001	FG017	False	0.5788423153692615	0.42115768463073855
2352	FG024	FG001	False	0.40918163672654695	0.590818363273453
2353	FG002	FG024	False	0.7005988023952097	0.29940119760479034
2354	FG001	FG024	False	0.40918163672654695	0.590818363273453
2355	FG002	FG001	False	0.4770459081836328	0.5229540918163672
2356	FG024	FG024	True	0.8163672654690619	0.1836327345309381
2357	FG001	FG001	True	0.592814371257485	0.40718562874251496
2358	FG024	FG024	True	0.8163672654690619	0.1836327345309381
2359	FG001	FG001	True	0.592814371257485	0.40718562874251496
2360	FG002	FG001	False	0.4770459081836328	0.5229540918163672
2361	FG017	FG006	False	0.9161676646706587	0.08383233532934131
2362	FG004	FG001	False	0.5748502994011976	0.4251497005988024
2363	FG001	FG003	False	0.5668662674650699	0.43313373253493015
2364	FG001	FG001	True	0.592814371257485	0.40718562874251496
2365	FG002	FG001	False	0.4770459081836328	0.5229540918163672
2366	FG024	FG001	False	0.40918163672654695	0.590818363273453
2367	FG001	FG001	True	0.592814371257485	0.40718562874251496
2368	FG024	FG008	False	0.812375249500998	0.18762475049900196
2369	FG024	FG001	False	0.40918163672654695	0.590818363273453
2370	FG001	FG001	True	0.592814371257485	0.40718562874251496
2371	FG001	FG002	False	0.47704590818363274	0.5229540918163673
2372	FG004	FG002	False	0.8662674650698603	0.1337325349301397
2373	FG006	FG001	False	0.5229540918163673	0.4770459081836327
2374	FG001	FG024	False	0.40918163672654695	0.590818363273453
2375	FG006	FG001	False	0.5229540918163673	0.4770459081836327
2376	FG001	FG024	False	0.40918163672654695	0.590818363273453
2377	FG012	FG001	False	0.5668662674650699	0.43313373253493015
2378	FG010	FG003	False	0.9560878243512974	0.043912175648702645
2379	FG030	FG001	False	0.5888223552894212	0.4111776447105788
2380	FG002	FG006	False	0.81437125748503	0.18562874251496997
2381	FG001	FG001	True	0.592814371257485	0.40718562874251496
2382	FG019	FG001	False	0.5788423153692615	0.42115768463073855
2383	FG021	FG006	False	0.9161676646706587	0.08383233532934131
2384	FG001	FG024	False	0.40918163672654695	0.590818363273453
2385	FG001	FG001	True	0.592814371257485	0.40718562874251496
2386	FG028	FG012	False	0.9720558882235528	0.027944111776447178
2387	FG024	FG024	True	0.8163672654690619	0.1836327345309381
2388	FG024	FG006	False	0.7465069860279442	0.2534930139720558
2389	FG001	FG001	True	0.592814371257485	0.40718562874251496
2390	FG021	FG002	False	0.870259481037924	0.12974051896207595
2391	FG024	FG001	False	0.40918163672654695	0.590818363273453
2392	FG024	FG002	False	0.7005988023952097	0.29940119760479034
2393	FG006	FG001	False	0.5229540918163673	0.4770459081836327
2394	FG005	FG024	False	0.8023952095808383	0.19760479041916168
2395	FG001	FG001	True	0.592814371257485	0.40718562874251496
2396	FG018	FG024	False	0.8043912175648703	0.1956087824351297
2397	FG014	FG005	False	0.9800399201596806	0.019960079840319445
2398	FG024	FG006	False	0.7465069860279442	0.2534930139720558
2399	FG001	FG001	True	0.592814371257485	0.40718562874251496
2400	FG001	FG001	True	0.592814371257485	0.40718562874251496
2401	FG002	FG002	True	0.8842315369261478	0.11576846307385225
2402	FG015	FG001	False	0.5808383233532934	0.41916167664670656
2403	FG002	FG001	False	0.4770459081836328	0.5229540918163672
2404	FG003	FG002	False	0.8582834331337326	0.14171656686626743
2405	FG029	FG015	False	0.9860279441117764	0.013972055888223589
2406	FG002	FG001	False	0.4770459081836328	0.5229540918163672
2407	FG001	FG001	True	0.592814371257485	0.40718562874251496
2408	FG006	FG024	False	0.7465069860279442	0.2534930139720558
2409	FG010	FG004	False	0.9640718562874251	0.03592814371257491
2410	FG001	FG001	True	0.592814371257485	0.40718562874251496
2411	FG001	FG012	False	0.5668662674650699	0.43313373253493015
2412	FG012	FG021	False	0.9600798403193612	0.03992015968063878
2413	FG021	FG018	False	0.9740518962075848	0.02594810379241519
2414	FG001	FG001	True	0.592814371257485	0.40718562874251496
2415	FG001	FG002	False	0.47704590818363274	0.5229540918163673
2416	FG017	FG004	False	0.968063872255489	0.031936127744511045
2417	FG024	FG024	True	0.8163672654690619	0.1836327345309381
2418	FG024	FG001	False	0.40918163672654695	0.590818363273453
2419	FG006	FG001	False	0.5229540918163673	0.4770459081836327
2420	FG002	FG001	False	0.4770459081836328	0.5229540918163672
2421	FG024	FG001	False	0.40918163672654695	0.590818363273453
2422	FG001	FG024	False	0.40918163672654695	0.590818363273453
2423	FG024	FG001	False	0.40918163672654695	0.590818363273453
2424	FG002	FG001	False	0.4770459081836328	0.5229540918163672
2425	FG006	FG024	False	0.7465069860279442	0.2534930139720558
2426	FG024	FG002	False	0.7005988023952097	0.29940119760479034
2427	FG015	FG003	False	0.9620758483033932	0.03792415169660679
2428	FG001	FG004	False	0.5748502994011976	0.4251497005988024
2429	FG001	FG024	False	0.40918163672654695	0.590818363273453
2430	FG010	FG001	False	0.5748502994011976	0.4251497005988024
2431	FG006	FG002	False	0.8143712574850299	0.18562874251497008
2432	FG001	FG006	False	0.5229540918163673	0.4770459081836327
2433	FG006	FG017	False	0.9161676646706587	0.08383233532934131
2434	FG001	FG017	False	0.5788423153692615	0.42115768463073855
2435	FG002	FG024	False	0.7005988023952097	0.29940119760479034
2436	FG001	FG024	False	0.40918163672654695	0.590818363273453
2437	FG024	FG001	False	0.40918163672654695	0.590818363273453
2438	FG001	FG001	True	0.592814371257485	0.40718562874251496
2439	FG001	FG002	False	0.47704590818363274	0.5229540918163673
2440	FG012	FG001	False	0.5668662674650699	0.43313373253493015
2441	FG002	FG001	False	0.4770459081836328	0.5229540918163672
2442	FG001	FG002	False	0.47704590818363274	0.5229540918163673
2443	FG001	FG001	True	0.592814371257485	0.40718562874251496
2444	FG001	FG007	False	0.5888223552894212	0.4111776447105788
2445	FG001	FG024	False	0.40918163672654695	0.590818363273453
2446	FG024	FG001	False	0.40918163672654695	0.590818363273453
2447	FG001	FG001	True	0.592814371257485	0.40718562874251496
2448	FG012	FG001	False	0.5668662674650699	0.43313373253493015
2449	FG001	FG017	False	0.5788423153692615	0.42115768463073855
2450	FG008	FG024	False	0.812375249500998	0.18762475049900196
2451	FG003	FG010	False	0.9560878243512974	0.043912175648702645
2452	FG024	FG001	False	0.40918163672654695	0.590818363273453
2453	FG009	FG024	False	0.812375249500998	0.18762475049900196
2454	FG001	FG019	False	0.5788423153692615	0.42115768463073855
2455	FG006	FG006	True	0.9301397205588823	0.06986027944111772
2456	FG006	FG001	False	0.5229540918163673	0.4770459081836327
2457	FG001	FG024	False	0.40918163672654695	0.590818363273453
2458	FG002	FG024	False	0.7005988023952097	0.29940119760479034
2459	FG002	FG003	False	0.8582834331337326	0.14171656686626743
2460	FG001	FG001	True	0.592814371257485	0.40718562874251496
2461	FG001	FG001	True	0.592814371257485	0.40718562874251496
2462	FG024	FG006	False	0.7465069860279442	0.2534930139720558
2463	FG024	FG017	False	0.8023952095808383	0.19760479041916168
2464	FG021	FG010	False	0.968063872255489	0.031936127744511045
2465	FG006	FG023	False	0.9201596806387226	0.07984031936127745
2466	FG006	FG001	False	0.5229540918163673	0.4770459081836327
2467	FG006	FG024	False	0.7465069860279442	0.2534930139720558
2468	FG005	FG024	False	0.8023952095808383	0.19760479041916168
2469	FG024	FG001	False	0.40918163672654695	0.590818363273453
2470	FG002	FG020	False	0.8822355289421158	0.11776447105788423
2471	FG002	FG015	False	0.8722554890219562	0.12774451097804385
2472	FG001	FG002	False	0.47704590818363274	0.5229540918163673
2473	FG002	FG001	False	0.4770459081836328	0.5229540918163672
2474	FG003	FG003	True	0.9740518962075848	0.02594810379241519
2475	FG006	FG006	True	0.9301397205588823	0.06986027944111772
2476	FG024	FG004	False	0.7984031936127745	0.20159680638722555
2477	FG001	FG001	True	0.592814371257485	0.40718562874251496
2478	FG002	FG015	False	0.8722554890219562	0.12774451097804385
2479	FG024	FG002	False	0.7005988023952097	0.29940119760479034
2480	FG024	FG015	False	0.8043912175648703	0.1956087824351297
2481	FG024	FG001	False	0.40918163672654695	0.590818363273453
2482	FG001	FG001	True	0.592814371257485	0.40718562874251496
2483	FG024	FG001	False	0.40918163672654695	0.590818363273453
2484	FG024	FG024	True	0.8163672654690619	0.1836327345309381
2485	FG001	FG006	False	0.5229540918163673	0.4770459081836327
2486	FG008	FG001	False	0.5888223552894212	0.4111776447105788
2487	FG024	FG006	False	0.7465069860279442	0.2534930139720558
2488	FG006	FG001	False	0.5229540918163673	0.4770459081836327
2489	FG002	FG002	True	0.8842315369261478	0.11576846307385225
2490	FG001	FG001	True	0.592814371257485	0.40718562874251496
2491	FG024	FG019	False	0.8023952095808383	0.19760479041916168
2492	FG001	FG001	True	0.592814371257485	0.40718562874251496
2493	FG021	FG001	False	0.5788423153692615	0.42115768463073855
2494	FG001	FG001	True	0.592814371257485	0.40718562874251496
2495	FG001	FG021	False	0.5788423153692615	0.42115768463073855
2496	FG001	FG022	False	0.590818363273453	0.40918163672654695
2497	FG018	FG024	False	0.8043912175648703	0.1956087824351297
2498	FG001	FG024	False	0.40918163672654695	0.590818363273453
2499	FG001	FG006	False	0.5229540918163673	0.4770459081836327
2500	FG001	FG002	False	0.47704590818363274	0.5229540918163673
2501	FG019	FG030	False	0.9820359281437125	0.017964071856287456
2502	FG005	FG004	False	0.968063872255489	0.031936127744511045
2503	FG002	FG001	False	0.4770459081836328	0.5229540918163672
2504	FG024	FG002	False	0.7005988023952097	0.29940119760479034
2505	FG012	FG012	True	0.9740518962075848	0.02594810379241519
2506	FG001	FG001	True	0.592814371257485	0.40718562874251496
2507	FG024	FG026	False	0.8143712574850299	0.18562874251497008
2508	FG002	FG001	False	0.4770459081836328	0.5229540918163672
2509	FG001	FG001	True	0.592814371257485	0.40718562874251496
2510	FG027	FG001	False	0.590818363273453	0.40918163672654695
2511	FG021	FG010	False	0.968063872255489	0.031936127744511045
2512	FG001	FG006	False	0.5229540918163673	0.4770459081836327
2513	FG001	FG001	True	0.592814371257485	0.40718562874251496
2514	FG024	FG024	True	0.8163672654690619	0.1836327345309381
2515	FG024	FG024	True	0.8163672654690619	0.1836327345309381
2516	FG001	FG001	True	0.592814371257485	0.40718562874251496
2517	FG030	FG021	False	0.9820359281437125	0.017964071856287456
2518	FG001	FG001	True	0.592814371257485	0.40718562874251496
2519	FG002	FG015	False	0.8722554890219562	0.12774451097804385
2520	FG024	FG008	False	0.812375249500998	0.18762475049900196
2521	FG002	FG009	False	0.8802395209580839	0.11976047904191611
2522	FG001	FG001	True	0.592814371257485	0.40718562874251496
2523	FG001	FG001	True	0.592814371257485	0.40718562874251496
2524	FG024	FG002	False	0.7005988023952097	0.29940119760479034
2525	FG002	FG024	False	0.7005988023952097	0.29940119760479034
2526	FG002	FG028	False	0.8822355289421158	0.11776447105788423
2527	FG001	FG012	False	0.5668662674650699	0.43313373253493015
2528	FG002	FG001	False	0.4770459081836328	0.5229540918163672
2529	FG006	FG003	False	0.9041916167664671	0.09580838323353291
2530	FG024	FG024	True	0.8163672654690619	0.1836327345309381
2531	FG001	FG002	False	0.47704590818363274	0.5229540918163673
2532	FG001	FG001	True	0.592814371257485	0.40718562874251496
2533	FG008	FG002	False	0.8802395209580838	0.11976047904191622
2534	FG024	FG001	False	0.40918163672654695	0.590818363273453
2535	FG024	FG024	True	0.8163672654690619	0.1836327345309381
2536	FG001	FG001	True	0.592814371257485	0.40718562874251496
2537	FG024	FG024	True	0.8163672654690619	0.1836327345309381
2538	FG001	FG009	False	0.5888223552894212	0.4111776447105788
2539	FG002	FG018	False	0.8722554890219562	0.12774451097804385
2540	FG019	FG001	False	0.5788423153692615	0.42115768463073855
2541	FG002	FG006	False	0.81437125748503	0.18562874251496997
2542	FG024	FG001	False	0.40918163672654695	0.590818363273453
2543	FG002	FG001	False	0.4770459081836328	0.5229540918163672
2544	FG001	FG001	True	0.592814371257485	0.40718562874251496
2545	FG024	FG012	False	0.7904191616766467	0.20958083832335328
2546	FG001	FG024	False	0.40918163672654695	0.590818363273453
2547	FG001	FG005	False	0.5788423153692615	0.42115768463073855
2548	FG024	FG011	False	0.8143712574850299	0.18562874251497008
2549	FG002	FG024	False	0.7005988023952097	0.29940119760479034
2550	FG001	FG002	False	0.47704590818363274	0.5229540918163673
2551	FG024	FG006	False	0.7465069860279442	0.2534930139720558
2552	FG001	FG002	False	0.47704590818363274	0.5229540918163673
2553	FG024	FG014	False	0.810379241516966	0.18962075848303395
2554	FG019	FG005	False	0.9720558882235528	0.027944111776447178
2555	FG001	FG001	True	0.592814371257485	0.40718562874251496
2556	FG001	FG002	False	0.47704590818363274	0.5229540918163673
2557	FG010	FG001	False	0.5748502994011976	0.4251497005988024
2558	FG001	FG001	True	0.592814371257485	0.40718562874251496
2559	FG002	FG001	False	0.4770459081836328	0.5229540918163672
2560	FG006	FG017	False	0.9161676646706587	0.08383233532934131
2561	FG002	FG024	False	0.7005988023952097	0.29940119760479034
2562	FG015	FG017	False	0.9740518962075848	0.02594810379241519
2563	FG001	FG002	False	0.47704590818363274	0.5229540918163673
2564	FG028	FG005	False	0.9840319361277444	0.015968063872255578
2565	FG001	FG002	False	0.47704590818363274	0.5229540918163673
2566	FG024	FG024	True	0.8163672654690619	0.1836327345309381
2567	FG024	FG006	False	0.7465069860279442	0.2534930139720558
2568	FG001	FG002	False	0.47704590818363274	0.5229540918163673
2569	FG023	FG001	False	0.5828343313373253	0.4171656686626747
2570	FG001	FG004	False	0.5748502994011976	0.4251497005988024
2571	FG002	FG001	False	0.4770459081836328	0.5229540918163672
2572	FG001	FG001	True	0.592814371257485	0.40718562874251496
2573	FG012	FG002	False	0.8582834331337326	0.14171656686626743
2574	FG001	FG001	True	0.592814371257485	0.40718562874251496
2575	FG001	FG008	False	0.5888223552894212	0.4111776447105788
2576	FG024	FG002	False	0.7005988023952097	0.29940119760479034
2577	FG002	FG001	False	0.4770459081836328	0.5229540918163672
2578	FG012	FG001	False	0.5668662674650699	0.43313373253493015
2579	FG024	FG017	False	0.8023952095808383	0.19760479041916168
2580	FG015	FG024	False	0.8043912175648703	0.1956087824351297
2581	FG024	FG001	False	0.40918163672654695	0.590818363273453
2582	FG001	FG002	False	0.47704590818363274	0.5229540918163673
2583	FG001	FG003	False	0.5668662674650699	0.43313373253493015
2584	FG024	FG007	False	0.812375249500998	0.18762475049900196
2585	FG014	FG001	False	0.5868263473053892	0.4131736526946108
2586	FG001	FG001	True	0.592814371257485	0.40718562874251496
2587	FG001	FG010	False	0.5748502994011976	0.4251497005988024
2588	FG018	FG023	False	0.9780439121756487	0.021956087824351322
2589	FG002	FG001	False	0.4770459081836328	0.5229540918163672
2590	FG024	FG024	True	0.8163672654690619	0.1836327345309381
2591	FG001	FG018	False	0.5808383233532934	0.41916167664670656
2592	FG001	FG001	True	0.592814371257485	0.40718562874251496
2593	FG024	FG001	False	0.40918163672654695	0.590818363273453
2594	FG006	FG024	False	0.7465069860279442	0.2534930139720558
2595	FG001	FG001	True	0.592814371257485	0.40718562874251496
2596	FG001	FG002	False	0.47704590818363274	0.5229540918163673
2597	FG024	FG027	False	0.8143712574850299	0.18562874251497008
2598	FG024	FG001	False	0.40918163672654695	0.590818363273453
2599	FG001	FG006	False	0.5229540918163673	0.4770459081836327
2600	FG012	FG008	False	0.9700598802395209	0.029940119760479056
2601	FG001	FG024	False	0.40918163672654695	0.590818363273453
2602	FG024	FG002	False	0.7005988023952097	0.29940119760479034
2603	FG006	FG002	False	0.8143712574850299	0.18562874251497008
2604	FG001	FG003	False	0.5668662674650699	0.43313373253493015
2605	FG012	FG001	False	0.5668662674650699	0.43313373253493015
2606	FG012	FG001	False	0.5668662674650699	0.43313373253493015
2607	FG024	FG001	False	0.40918163672654695	0.590818363273453
2608	FG003	FG001	False	0.5668662674650699	0.43313373253493015
2609	FG001	FG006	False	0.5229540918163673	0.4770459081836327
2610	FG001	FG001	True	0.592814371257485	0.40718562874251496
2611	FG030	FG010	False	0.9780439121756487	0.021956087824351322
2612	FG024	FG012	False	0.7904191616766467	0.20958083832335328
2613	FG001	FG001	True	0.592814371257485	0.40718562874251496
2614	FG001	FG013	False	0.590818363273453	0.40918163672654695
2615	FG001	FG002	False	0.47704590818363274	0.5229540918163673
2616	FG006	FG001	False	0.5229540918163673	0.4770459081836327
2617	FG001	FG010	False	0.5748502994011976	0.4251497005988024
2618	FG001	FG012	False	0.5668662674650699	0.43313373253493015
2619	FG017	FG002	False	0.870259481037924	0.12974051896207595
2620	FG004	FG001	False	0.5748502994011976	0.4251497005988024
2621	FG001	FG006	False	0.5229540918163673	0.4770459081836327
2622	FG024	FG027	False	0.8143712574850299	0.18562874251497008
2623	FG001	FG008	False	0.5888223552894212	0.4111776447105788
2624	FG024	FG004	False	0.7984031936127745	0.20159680638722555
2625	FG024	FG002	False	0.7005988023952097	0.29940119760479034
2626	FG024	FG003	False	0.7904191616766467	0.20958083832335328
2627	FG001	FG006	False	0.5229540918163673	0.4770459081836327
2628	FG005	FG001	False	0.5788423153692615	0.42115768463073855
2629	FG005	FG001	False	0.5788423153692615	0.42115768463073855
2630	FG024	FG012	False	0.7904191616766467	0.20958083832335328
2631	FG001	FG001	True	0.592814371257485	0.40718562874251496
2632	FG001	FG024	False	0.40918163672654695	0.590818363273453
2633	FG002	FG001	False	0.4770459081836328	0.5229540918163672
2634	FG016	FG002	False	0.8822355289421158	0.11776447105788423
2635	FG002	FG024	False	0.7005988023952097	0.29940119760479034
2636	FG006	FG012	False	0.9041916167664671	0.09580838323353291
2637	FG006	FG001	False	0.5229540918163673	0.4770459081836327
2638	FG001	FG002	False	0.47704590818363274	0.5229540918163673
2639	FG005	FG001	False	0.5788423153692615	0.42115768463073855
2640	FG001	FG024	False	0.40918163672654695	0.590818363273453
2641	FG001	FG014	False	0.5868263473053892	0.4131736526946108
2642	FG001	FG024	False	0.40918163672654695	0.590818363273453
2643	FG002	FG001	False	0.4770459081836328	0.5229540918163672
2644	FG024	FG001	False	0.40918163672654695	0.590818363273453
2645	FG001	FG001	True	0.592814371257485	0.40718562874251496
2646	FG024	FG001	False	0.40918163672654695	0.590818363273453
2647	FG006	FG015	False	0.9181636726546907	0.08183632734530932
2648	FG001	FG002	False	0.47704590818363274	0.5229540918163673
2649	FG001	FG002	False	0.47704590818363274	0.5229540918163673
2650	FG024	FG001	False	0.40918163672654695	0.590818363273453
2651	FG001	FG001	True	0.592814371257485	0.40718562874251496
2652	FG001	FG001	True	0.592814371257485	0.40718562874251496
2653	FG001	FG001	True	0.592814371257485	0.40718562874251496
2654	FG024	FG017	False	0.8023952095808383	0.19760479041916168
2655	FG001	FG001	True	0.592814371257485	0.40718562874251496
2656	FG001	FG013	False	0.590818363273453	0.40918163672654695
2657	FG024	FG006	False	0.7465069860279442	0.2534930139720558
2658	FG001	FG001	True	0.592814371257485	0.40718562874251496
2659	FG004	FG001	False	0.5748502994011976	0.4251497005988024
2660	FG001	FG001	True	0.592814371257485	0.40718562874251496
2661	FG010	FG003	False	0.9560878243512974	0.043912175648702645
2662	FG017	FG003	False	0.9600798403193612	0.03992015968063878
2663	FG001	FG004	False	0.5748502994011976	0.4251497005988024
2664	FG001	FG001	True	0.592814371257485	0.40718562874251496
2665	FG021	FG001	False	0.5788423153692615	0.42115768463073855
2666	FG004	FG012	False	0.9560878243512974	0.043912175648702645
2667	FG002	FG006	False	0.81437125748503	0.18562874251496997
2668	FG001	FG019	False	0.5788423153692615	0.42115768463073855
2669	FG001	FG001	True	0.592814371257485	0.40718562874251496
2670	FG024	FG002	False	0.7005988023952097	0.29940119760479034
2671	FG001	FG004	False	0.5748502994011976	0.4251497005988024
2672	FG001	FG001	True	0.592814371257485	0.40718562874251496
2673	FG014	FG001	False	0.5868263473053892	0.4131736526946108
2674	FG024	FG002	False	0.7005988023952097	0.29940119760479034
2675	FG024	FG013	False	0.8143712574850299	0.18562874251497008
2676	FG001	FG001	True	0.592814371257485	0.40718562874251496
2677	FG001	FG002	False	0.47704590818363274	0.5229540918163673
2678	FG024	FG002	False	0.7005988023952097	0.29940119760479034
2679	FG001	FG001	True	0.592814371257485	0.40718562874251496
2680	FG002	FG024	False	0.7005988023952097	0.29940119760479034
2681	FG001	FG006	False	0.5229540918163673	0.4770459081836327
2682	FG001	FG024	False	0.40918163672654695	0.590818363273453
2683	FG002	FG004	False	0.8662674650698603	0.1337325349301397
2684	FG022	FG001	False	0.590818363273453	0.40918163672654695
2685	FG001	FG012	False	0.5668662674650699	0.43313373253493015
2686	FG001	FG024	False	0.40918163672654695	0.590818363273453
2687	FG001	FG002	False	0.47704590818363274	0.5229540918163673
2688	FG011	FG023	False	0.9880239520958083	0.011976047904191711
2689	FG015	FG006	False	0.9181636726546907	0.08183632734530932
2690	FG001	FG006	False	0.5229540918163673	0.4770459081836327
2691	FG021	FG001	False	0.5788423153692615	0.42115768463073855
2692	FG019	FG017	False	0.9720558882235528	0.027944111776447178
2693	FG001	FG001	True	0.592814371257485	0.40718562874251496
2694	FG024	FG008	False	0.812375249500998	0.18762475049900196
2695	FG018	FG024	False	0.8043912175648703	0.1956087824351297
2696	FG024	FG001	False	0.40918163672654695	0.590818363273453
2697	FG012	FG001	False	0.5668662674650699	0.43313373253493015
2698	FG024	FG001	False	0.40918163672654695	0.590818363273453
2699	FG007	FG001	False	0.5888223552894212	0.4111776447105788
2700	FG002	FG001	False	0.4770459081836328	0.5229540918163672
2701	FG017	FG001	False	0.5788423153692615	0.42115768463073855
2702	FG019	FG001	False	0.5788423153692615	0.42115768463073855
2703	FG006	FG009	False	0.9261477045908184	0.07385229540918159
2704	FG001	FG001	True	0.592814371257485	0.40718562874251496
2705	FG006	FG001	False	0.5229540918163673	0.4770459081836327
2706	FG001	FG001	True	0.592814371257485	0.40718562874251496
2707	FG001	FG001	True	0.592814371257485	0.40718562874251496
2708	FG002	FG001	False	0.4770459081836328	0.5229540918163672
2709	FG014	FG001	False	0.5868263473053892	0.4131736526946108
2710	FG001	FG012	False	0.5668662674650699	0.43313373253493015
2711	FG010	FG006	False	0.9121756487025948	0.08782435129740518
2712	FG017	FG024	False	0.8023952095808383	0.19760479041916168
2713	FG001	FG001	True	0.592814371257485	0.40718562874251496
2714	FG024	FG001	False	0.40918163672654695	0.590818363273453
2715	FG017	FG001	False	0.5788423153692615	0.42115768463073855
2716	FG018	FG001	False	0.5808383233532934	0.41916167664670656
2717	FG001	FG002	False	0.47704590818363274	0.5229540918163673
2718	FG001	FG002	False	0.47704590818363274	0.5229540918163673
2719	FG002	FG001	False	0.4770459081836328	0.5229540918163672
2720	FG018	FG015	False	0.9760479041916168	0.0239520958083832
2721	FG001	FG001	True	0.592814371257485	0.40718562874251496
2722	FG024	FG001	False	0.40918163672654695	0.590818363273453
2723	FG002	FG006	False	0.81437125748503	0.18562874251496997
2724	FG012	FG024	False	0.7904191616766467	0.20958083832335328
2725	FG001	FG001	True	0.592814371257485	0.40718562874251496
2726	FG001	FG001	True	0.592814371257485	0.40718562874251496
2727	FG004	FG001	False	0.5748502994011976	0.4251497005988024
2728	FG001	FG024	False	0.40918163672654695	0.590818363273453
2729	FG024	FG024	True	0.8163672654690619	0.1836327345309381
2730	FG001	FG024	False	0.40918163672654695	0.590818363273453
2731	FG001	FG001	True	0.592814371257485	0.40718562874251496
2732	FG012	FG001	False	0.5668662674650699	0.43313373253493015
2733	FG001	FG001	True	0.592814371257485	0.40718562874251496
2734	FG001	FG001	True	0.592814371257485	0.40718562874251496
2735	FG024	FG017	False	0.8023952095808383	0.19760479041916168
2736	FG001	FG032	False	0.590818363273453	0.40918163672654695
2737	FG002	FG006	False	0.81437125748503	0.18562874251496997
2738	FG005	FG001	False	0.5788423153692615	0.42115768463073855
2739	FG024	FG001	False	0.40918163672654695	0.590818363273453
2740	FG001	FG002	False	0.47704590818363274	0.5229540918163673
2741	FG015	FG001	False	0.5808383233532934	0.41916167664670656
2742	FG001	FG012	False	0.5668662674650699	0.43313373253493015
2743	FG001	FG002	False	0.47704590818363274	0.5229540918163673
2744	FG004	FG001	False	0.5748502994011976	0.4251497005988024
2745	FG017	FG001	False	0.5788423153692615	0.42115768463073855
2746	FG024	FG001	False	0.40918163672654695	0.590818363273453
2747	FG001	FG002	False	0.47704590818363274	0.5229540918163673
2748	FG001	FG001	True	0.592814371257485	0.40718562874251496
2749	FG003	FG001	False	0.5668662674650699	0.43313373253493015
2750	FG024	FG001	False	0.40918163672654695	0.590818363273453
2751	FG024	FG002	False	0.7005988023952097	0.29940119760479034
2752	FG001	FG001	True	0.592814371257485	0.40718562874251496
2753	FG001	FG012	False	0.5668662674650699	0.43313373253493015
2754	FG002	FG001	False	0.4770459081836328	0.5229540918163672
2755	FG001	FG001	True	0.592814371257485	0.40718562874251496
2756	FG024	FG017	False	0.8023952095808383	0.19760479041916168
2757	FG003	FG001	False	0.5668662674650699	0.43313373253493015
2758	FG001	FG001	True	0.592814371257485	0.40718562874251496
2759	FG021	FG002	False	0.870259481037924	0.12974051896207595
2760	FG024	FG005	False	0.8023952095808383	0.19760479041916168
2761	FG006	FG024	False	0.7465069860279442	0.2534930139720558
2762	FG001	FG001	True	0.592814371257485	0.40718562874251496
2763	FG006	FG017	False	0.9161676646706587	0.08383233532934131
2764	FG006	FG001	False	0.5229540918163673	0.4770459081836327
2765	FG024	FG001	False	0.40918163672654695	0.590818363273453
2766	FG002	FG006	False	0.81437125748503	0.18562874251496997
2767	FG024	FG024	True	0.8163672654690619	0.1836327345309381
2768	FG024	FG012	False	0.7904191616766467	0.20958083832335328
2769	FG002	FG024	False	0.7005988023952097	0.29940119760479034
2770	FG002	FG001	False	0.4770459081836328	0.5229540918163672
2771	FG023	FG023	True	0.9900199600798403	0.009980039920159722
2772	FG001	FG030	False	0.5888223552894212	0.4111776447105788
2773	FG024	FG001	False	0.40918163672654695	0.590818363273453
2774	FG001	FG001	True	0.592814371257485	0.40718562874251496
2775	FG024	FG019	False	0.8023952095808383	0.19760479041916168
2776	FG001	FG001	True	0.592814371257485	0.40718562874251496
2777	FG002	FG021	False	0.8702594810379242	0.12974051896207583
2778	FG010	FG018	False	0.9700598802395209	0.029940119760479056
2779	FG001	FG001	True	0.592814371257485	0.40718562874251496
2780	FG024	FG010	False	0.7984031936127745	0.20159680638722555
2781	FG012	FG018	False	0.9620758483033932	0.03792415169660679
2782	FG002	FG001	False	0.4770459081836328	0.5229540918163672
2783	FG006	FG024	False	0.7465069860279442	0.2534930139720558
2784	FG024	FG001	False	0.40918163672654695	0.590818363273453
2785	FG001	FG001	True	0.592814371257485	0.40718562874251496
2786	FG012	FG024	False	0.7904191616766467	0.20958083832335328
2787	FG024	FG001	False	0.40918163672654695	0.590818363273453
2788	FG006	FG002	False	0.8143712574850299	0.18562874251497008
2789	FG001	FG001	True	0.592814371257485	0.40718562874251496
2790	FG004	FG001	False	0.5748502994011976	0.4251497005988024
2791	FG001	FG002	False	0.47704590818363274	0.5229540918163673
2792	FG007	FG024	False	0.812375249500998	0.18762475049900196
2793	FG002	FG012	False	0.8582834331337326	0.14171656686626743
2794	FG001	FG001	True	0.592814371257485	0.40718562874251496
2795	FG006	FG002	False	0.8143712574850299	0.18562874251497008
2796	FG001	FG001	True	0.592814371257485	0.40718562874251496
2797	FG001	FG024	False	0.40918163672654695	0.590818363273453
2798	FG002	FG021	False	0.8702594810379242	0.12974051896207583
2799	FG002	FG024	False	0.7005988023952097	0.29940119760479034
2800	FG010	FG019	False	0.968063872255489	0.031936127744511045
2801	FG024	FG025	False	0.8143712574850299	0.18562874251497008
2802	FG002	FG001	False	0.4770459081836328	0.5229540918163672
2803	FG024	FG002	False	0.7005988023952097	0.29940119760479034
2804	FG001	FG001	True	0.592814371257485	0.40718562874251496
2805	FG001	FG001	True	0.592814371257485	0.40718562874251496
2806	FG001	FG001	True	0.592814371257485	0.40718562874251496
2807	FG024	FG001	False	0.40918163672654695	0.590818363273453
2808	FG023	FG014	False	0.9840319361277444	0.015968063872255578
2809	FG001	FG001	True	0.592814371257485	0.40718562874251496
2810	FG001	FG004	False	0.5748502994011976	0.4251497005988024
2811	FG009	FG002	False	0.8802395209580838	0.11976047904191622
2812	FG002	FG001	False	0.4770459081836328	0.5229540918163672
2813	FG024	FG001	False	0.40918163672654695	0.590818363273453
2814	FG001	FG024	False	0.40918163672654695	0.590818363273453
2815	FG001	FG006	False	0.5229540918163673	0.4770459081836327
2816	FG012	FG024	False	0.7904191616766467	0.20958083832335328
2817	FG001	FG001	True	0.592814371257485	0.40718562874251496
2818	FG031	FG021	False	0.9840319361277444	0.015968063872255578
2819	FG001	FG001	True	0.592814371257485	0.40718562874251496
2820	FG001	FG002	False	0.47704590818363274	0.5229540918163673
2821	FG002	FG024	False	0.7005988023952097	0.29940119760479034
2822	FG001	FG003	False	0.5668662674650699	0.43313373253493015
2823	FG001	FG021	False	0.5788423153692615	0.42115768463073855
2824	FG006	FG001	False	0.5229540918163673	0.4770459081836327
2825	FG024	FG030	False	0.812375249500998	0.18762475049900196
2826	FG001	FG004	False	0.5748502994011976	0.4251497005988024
2827	FG001	FG001	True	0.592814371257485	0.40718562874251496
2828	FG001	FG024	False	0.40918163672654695	0.590818363273453
2829	FG002	FG024	False	0.7005988023952097	0.29940119760479034
2830	FG001	FG001	True	0.592814371257485	0.40718562874251496
2831	FG001	FG001	True	0.592814371257485	0.40718562874251496
2832	FG001	FG002	False	0.47704590818363274	0.5229540918163673
2833	FG024	FG001	False	0.40918163672654695	0.590818363273453
2834	FG006	FG001	False	0.5229540918163673	0.4770459081836327
2835	FG024	FG001	False	0.40918163672654695	0.590818363273453
2836	FG024	FG001	False	0.40918163672654695	0.590818363273453
2837	FG028	FG001	False	0.590818363273453	0.40918163672654695
2838	FG001	FG001	True	0.592814371257485	0.40718562874251496
2839	FG005	FG002	False	0.870259481037924	0.12974051896207595
2840	FG012	FG001	False	0.5668662674650699	0.43313373253493015
2841	FG001	FG023	False	0.5828343313373253	0.4171656686626747
2842	FG002	FG006	False	0.81437125748503	0.18562874251496997
2843	FG022	FG024	False	0.8143712574850299	0.18562874251497008
2844	FG024	FG006	False	0.7465069860279442	0.2534930139720558
2845	FG004	FG002	False	0.8662674650698603	0.1337325349301397
2846	FG001	FG001	True	0.592814371257485	0.40718562874251496
2847	FG001	FG001	True	0.592814371257485	0.40718562874251496
2848	FG021	FG010	False	0.968063872255489	0.031936127744511045
2849	FG024	FG001	False	0.40918163672654695	0.590818363273453
2850	FG001	FG024	False	0.40918163672654695	0.590818363273453
2851	FG005	FG010	False	0.968063872255489	0.031936127744511045
2852	FG006	FG001	False	0.5229540918163673	0.4770459081836327
2853	FG001	FG024	False	0.40918163672654695	0.590818363273453
2854	FG012	FG012	True	0.9740518962075848	0.02594810379241519
2855	FG002	FG013	False	0.8822355289421158	0.11776447105788423
2856	FG001	FG024	False	0.40918163672654695	0.590818363273453
2857	FG001	FG003	False	0.5668662674650699	0.43313373253493015
2858	FG024	FG005	False	0.8023952095808383	0.19760479041916168
2859	FG001	FG021	False	0.5788423153692615	0.42115768463073855
2860	FG001	FG032	False	0.590818363273453	0.40918163672654695
2861	FG012	FG006	False	0.9041916167664671	0.09580838323353291
2862	FG024	FG001	False	0.40918163672654695	0.590818363273453
2863	FG001	FG010	False	0.5748502994011976	0.4251497005988024
2864	FG024	FG024	True	0.8163672654690619	0.1836327345309381
2865	FG024	FG004	False	0.7984031936127745	0.20159680638722555
2866	FG001	FG017	False	0.5788423153692615	0.42115768463073855
2867	FG001	FG001	True	0.592814371257485	0.40718562874251496
2868	FG023	FG001	False	0.5828343313373253	0.4171656686626747
2869	FG032	FG024	False	0.8143712574850299	0.18562874251497008
2870	FG006	FG001	False	0.5229540918163673	0.4770459081836327
2871	FG001	FG001	True	0.592814371257485	0.40718562874251496
2872	FG024	FG001	False	0.40918163672654695	0.590818363273453
2873	FG001	FG001	True	0.592814371257485	0.40718562874251496
2874	FG001	FG017	False	0.5788423153692615	0.42115768463073855
2875	FG001	FG008	False	0.5888223552894212	0.4111776447105788
2876	FG001	FG024	False	0.40918163672654695	0.590818363273453
2877	FG001	FG022	False	0.590818363273453	0.40918163672654695
2878	FG024	FG001	False	0.40918163672654695	0.590818363273453
2879	FG001	FG002	False	0.47704590818363274	0.5229540918163673
2880	FG004	FG030	False	0.9780439121756487	0.021956087824351322
2881	FG001	FG012	False	0.5668662674650699	0.43313373253493015
2882	FG002	FG001	False	0.4770459081836328	0.5229540918163672
2883	FG001	FG001	True	0.592814371257485	0.40718562874251496
2884	FG024	FG024	True	0.8163672654690619	0.1836327345309381
2885	FG001	FG003	False	0.5668662674650699	0.43313373253493015
2886	FG017	FG024	False	0.8023952095808383	0.19760479041916168
2887	FG001	FG001	True	0.592814371257485	0.40718562874251496
2888	FG001	FG002	False	0.47704590818363274	0.5229540918163673
2889	FG024	FG002	False	0.7005988023952097	0.29940119760479034
2890	FG031	FG024	False	0.8143712574850299	0.18562874251497008
2891	FG001	FG018	False	0.5808383233532934	0.41916167664670656
2892	FG006	FG032	False	0.9281437125748503	0.07185628742514971
2893	FG001	FG024	False	0.40918163672654695	0.590818363273453
2894	FG004	FG001	False	0.5748502994011976	0.4251497005988024
2895	FG017	FG024	False	0.8023952095808383	0.19760479041916168
2896	FG001	FG001	True	0.592814371257485	0.40718562874251496
2897	FG024	FG024	True	0.8163672654690619	0.1836327345309381
2898	FG006	FG024	False	0.7465069860279442	0.2534930139720558
2899	FG010	FG024	False	0.7984031936127745	0.20159680638722555
2900	FG001	FG024	False	0.40918163672654695	0.590818363273453
2901	FG024	FG001	False	0.40918163672654695	0.590818363273453
2902	FG002	FG003	False	0.8582834331337326	0.14171656686626743
2903	FG001	FG001	True	0.592814371257485	0.40718562874251496
2904	FG001	FG019	False	0.5788423153692615	0.42115768463073855
2905	FG001	FG015	False	0.5808383233532934	0.41916167664670656
2906	FG024	FG010	False	0.7984031936127745	0.20159680638722555
2907	FG001	FG002	False	0.47704590818363274	0.5229540918163673
2908	FG001	FG001	True	0.592814371257485	0.40718562874251496
2909	FG002	FG002	True	0.8842315369261478	0.11576846307385225
2910	FG024	FG010	False	0.7984031936127745	0.20159680638722555
2911	FG001	FG001	True	0.592814371257485	0.40718562874251496
2912	FG015	FG006	False	0.9181636726546907	0.08183632734530932
2913	FG018	FG001	False	0.5808383233532934	0.41916167664670656
2914	FG006	FG001	False	0.5229540918163673	0.4770459081836327
2915	FG024	FG005	False	0.8023952095808383	0.19760479041916168
2916	FG006	FG024	False	0.7465069860279442	0.2534930139720558
2917	FG006	FG001	False	0.5229540918163673	0.4770459081836327
2918	FG001	FG002	False	0.47704590818363274	0.5229540918163673
2919	FG010	FG001	False	0.5748502994011976	0.4251497005988024
2920	FG001	FG001	True	0.592814371257485	0.40718562874251496
2921	FG004	FG024	False	0.7984031936127745	0.20159680638722555
2922	FG001	FG001	True	0.592814371257485	0.40718562874251496
2923	FG001	FG010	False	0.5748502994011976	0.4251497005988024
2924	FG003	FG006	False	0.9041916167664671	0.09580838323353291
2925	FG006	FG024	False	0.7465069860279442	0.2534930139720558
2926	FG024	FG006	False	0.7465069860279442	0.2534930139720558
2927	FG012	FG001	False	0.5668662674650699	0.43313373253493015
2928	FG006	FG017	False	0.9161676646706587	0.08383233532934131
2929	FG001	FG011	False	0.590818363273453	0.40918163672654695
2930	FG001	FG006	False	0.5229540918163673	0.4770459081836327
2931	FG001	FG021	False	0.5788423153692615	0.42115768463073855
2932	FG002	FG001	False	0.4770459081836328	0.5229540918163672
2933	FG001	FG001	True	0.592814371257485	0.40718562874251496
2934	FG001	FG001	True	0.592814371257485	0.40718562874251496
2935	FG001	FG024	False	0.40918163672654695	0.590818363273453
2936	FG024	FG007	False	0.812375249500998	0.18762475049900196
2937	FG001	FG024	False	0.40918163672654695	0.590818363273453
2938	FG024	FG024	True	0.8163672654690619	0.1836327345309381
2939	FG024	FG001	False	0.40918163672654695	0.590818363273453
2940	FG021	FG005	False	0.9720558882235528	0.027944111776447178
2941	FG016	FG024	False	0.8143712574850299	0.18562874251497008
2942	FG024	FG001	False	0.40918163672654695	0.590818363273453
2943	FG001	FG001	True	0.592814371257485	0.40718562874251496
2944	FG017	FG002	False	0.870259481037924	0.12974051896207595
2945	FG024	FG001	False	0.40918163672654695	0.590818363273453
2946	FG001	FG001	True	0.592814371257485	0.40718562874251496
2947	FG001	FG013	False	0.590818363273453	0.40918163672654695
2948	FG024	FG023	False	0.8063872255489022	0.1936127744510978
2949	FG024	FG012	False	0.7904191616766467	0.20958083832335328
2950	FG001	FG001	True	0.592814371257485	0.40718562874251496
2951	FG001	FG024	False	0.40918163672654695	0.590818363273453
2952	FG001	FG006	False	0.5229540918163673	0.4770459081836327
2953	FG006	FG024	False	0.7465069860279442	0.2534930139720558
2954	FG001	FG001	True	0.592814371257485	0.40718562874251496
2955	FG001	FG024	False	0.40918163672654695	0.590818363273453
2956	FG001	FG001	True	0.592814371257485	0.40718562874251496
2957	FG002	FG001	False	0.4770459081836328	0.5229540918163672
2958	FG030	FG017	False	0.9820359281437125	0.017964071856287456
2959	FG002	FG001	False	0.4770459081836328	0.5229540918163672
2960	FG001	FG001	True	0.592814371257485	0.40718562874251496
2961	FG019	FG028	False	0.9840319361277444	0.015968063872255578
2962	FG002	FG001	False	0.4770459081836328	0.5229540918163672
2963	FG006	FG024	False	0.7465069860279442	0.2534930139720558
2964	FG015	FG001	False	0.5808383233532934	0.41916167664670656
2965	FG001	FG001	True	0.592814371257485	0.40718562874251496
2966	FG006	FG001	False	0.5229540918163673	0.4770459081836327
2967	FG001	FG006	False	0.5229540918163673	0.4770459081836327
2968	FG021	FG024	False	0.8023952095808383	0.19760479041916168
2969	FG001	FG001	True	0.592814371257485	0.40718562874251496
2970	FG031	FG024	False	0.8143712574850299	0.18562874251497008
2971	FG006	FG002	False	0.8143712574850299	0.18562874251497008
2972	FG012	FG002	False	0.8582834331337326	0.14171656686626743
2973	FG010	FG024	False	0.7984031936127745	0.20159680638722555
2974	FG024	FG001	False	0.40918163672654695	0.590818363273453
2975	FG001	FG024	False	0.40918163672654695	0.590818363273453
2976	FG001	FG001	True	0.592814371257485	0.40718562874251496
2977	FG010	FG001	False	0.5748502994011976	0.4251497005988024
2978	FG001	FG002	False	0.47704590818363274	0.5229540918163673
2979	FG024	FG024	True	0.8163672654690619	0.1836327345309381
2980	FG001	FG001	True	0.592814371257485	0.40718562874251496
2981	FG001	FG002	False	0.47704590818363274	0.5229540918163673
2982	FG001	FG001	True	0.592814371257485	0.40718562874251496
2983	FG002	FG001	False	0.4770459081836328	0.5229540918163672
2984	FG024	FG024	True	0.8163672654690619	0.1836327345309381
2985	FG001	FG001	True	0.592814371257485	0.40718562874251496
2986	FG001	FG001	True	0.592814371257485	0.40718562874251496
2987	FG001	FG004	False	0.5748502994011976	0.4251497005988024
2988	FG023	FG001	False	0.5828343313373253	0.4171656686626747
2989	FG019	FG002	False	0.870259481037924	0.12974051896207595
2990	FG003	FG006	False	0.9041916167664671	0.09580838323353291
2991	FG019	FG024	False	0.8023952095808383	0.19760479041916168
2992	FG024	FG001	False	0.40918163672654695	0.590818363273453
2993	FG001	FG001	True	0.592814371257485	0.40718562874251496
2994	FG024	FG001	False	0.40918163672654695	0.590818363273453
2995	FG001	FG024	False	0.40918163672654695	0.590818363273453
2996	FG001	FG001	True	0.592814371257485	0.40718562874251496
2997	FG024	FG024	True	0.8163672654690619	0.1836327345309381
2998	FG001	FG024	False	0.40918163672654695	0.590818363273453
2999	FG004	FG018	False	0.9700598802395209	0.029940119760479056
3000	FG024	FG001	False	0.40918163672654695	0.590818363273453
3001	FG001	FG001	True	0.592814371257485	0.40718562874251496
3002	FG001	FG001	True	0.592814371257485	0.40718562874251496
3003	FG024	FG003	False	0.7904191616766467	0.20958083832335328
3004	FG006	FG017	False	0.9161676646706587	0.08383233532934131
3005	FG001	FG001	True	0.592814371257485	0.40718562874251496
3006	FG001	FG001	True	0.592814371257485	0.40718562874251496
3007	FG024	FG024	True	0.8163672654690619	0.1836327345309381
3008	FG002	FG012	False	0.8582834331337326	0.14171656686626743
3009	FG019	FG002	False	0.870259481037924	0.12974051896207595
3010	FG024	FG001	False	0.40918163672654695	0.590818363273453
3011	FG024	FG001	False	0.40918163672654695	0.590818363273453
3012	FG001	FG001	True	0.592814371257485	0.40718562874251496
3013	FG001	FG001	True	0.592814371257485	0.40718562874251496
3014	FG012	FG001	False	0.5668662674650699	0.43313373253493015
3015	FG002	FG029	False	0.8822355289421158	0.11776447105788423
3016	FG001	FG024	False	0.40918163672654695	0.590818363273453
3017	FG006	FG001	False	0.5229540918163673	0.4770459081836327
3018	FG020	FG006	False	0.9281437125748503	0.07185628742514971
3019	FG006	FG024	False	0.7465069860279442	0.2534930139720558
3020	FG001	FG001	True	0.592814371257485	0.40718562874251496
3021	FG017	FG012	False	0.9600798403193612	0.03992015968063878
3022	FG024	FG001	False	0.40918163672654695	0.590818363273453
3023	FG001	FG024	False	0.40918163672654695	0.590818363273453
3024	FG001	FG001	True	0.592814371257485	0.40718562874251496
3025	FG001	FG002	False	0.47704590818363274	0.5229540918163673
3026	FG001	FG006	False	0.5229540918163673	0.4770459081836327
3027	FG001	FG024	False	0.40918163672654695	0.590818363273453
3028	FG001	FG012	False	0.5668662674650699	0.43313373253493015
3029	FG024	FG023	False	0.8063872255489022	0.1936127744510978
3030	FG001	FG005	False	0.5788423153692615	0.42115768463073855
3031	FG001	FG001	True	0.592814371257485	0.40718562874251496
3032	FG001	FG005	False	0.5788423153692615	0.42115768463073855
3033	FG009	FG002	False	0.8802395209580838	0.11976047904191622
3034	FG024	FG001	False	0.40918163672654695	0.590818363273453
3035	FG010	FG001	False	0.5748502994011976	0.4251497005988024
3036	FG002	FG012	False	0.8582834331337326	0.14171656686626743
3037	FG024	FG001	False	0.40918163672654695	0.590818363273453
3038	FG006	FG001	False	0.5229540918163673	0.4770459081836327
3039	FG001	FG002	False	0.47704590818363274	0.5229540918163673
3040	FG002	FG002	True	0.8842315369261478	0.11576846307385225
3041	FG001	FG002	False	0.47704590818363274	0.5229540918163673
3042	FG012	FG010	False	0.9560878243512974	0.043912175648702645
3043	FG001	FG001	True	0.592814371257485	0.40718562874251496
3044	FG001	FG003	False	0.5668662674650699	0.43313373253493015
3045	FG024	FG001	False	0.40918163672654695	0.590818363273453
3046	FG002	FG001	False	0.4770459081836328	0.5229540918163672
3047	FG001	FG002	False	0.47704590818363274	0.5229540918163673
3048	FG024	FG001	False	0.40918163672654695	0.590818363273453
3049	FG001	FG001	True	0.592814371257485	0.40718562874251496
3050	FG018	FG003	False	0.9620758483033932	0.03792415169660679
3051	FG010	FG006	False	0.9121756487025948	0.08782435129740518
3052	FG014	FG001	False	0.5868263473053892	0.4131736526946108
3053	FG024	FG019	False	0.8023952095808383	0.19760479041916168
3054	FG012	FG001	False	0.5668662674650699	0.43313373253493015
3055	FG002	FG024	False	0.7005988023952097	0.29940119760479034
3056	FG024	FG012	False	0.7904191616766467	0.20958083832335328
3057	FG024	FG002	False	0.7005988023952097	0.29940119760479034
3058	FG019	FG002	False	0.870259481037924	0.12974051896207595
3059	FG024	FG006	False	0.7465069860279442	0.2534930139720558
3060	FG001	FG015	False	0.5808383233532934	0.41916167664670656
3061	FG024	FG001	False	0.40918163672654695	0.590818363273453
3062	FG001	FG002	False	0.47704590818363274	0.5229540918163673
3063	FG001	FG001	True	0.592814371257485	0.40718562874251496
3064	FG002	FG024	False	0.7005988023952097	0.29940119760479034
3065	FG001	FG001	True	0.592814371257485	0.40718562874251496
3066	FG006	FG002	False	0.8143712574850299	0.18562874251497008
3067	FG019	FG001	False	0.5788423153692615	0.42115768463073855
3068	FG027	FG017	False	0.9840319361277444	0.015968063872255578
3069	FG006	FG012	False	0.9041916167664671	0.09580838323353291
3070	FG001	FG013	False	0.590818363273453	0.40918163672654695
3071	FG010	FG002	False	0.8662674650698603	0.1337325349301397
3072	FG002	FG001	False	0.4770459081836328	0.5229540918163672
3073	FG001	FG001	True	0.592814371257485	0.40718562874251496
3074	FG001	FG024	False	0.40918163672654695	0.590818363273453
3075	FG015	FG024	False	0.8043912175648703	0.1956087824351297
3076	FG002	FG001	False	0.4770459081836328	0.5229540918163672
3077	FG015	FG024	False	0.8043912175648703	0.1956087824351297
3078	FG001	FG002	False	0.47704590818363274	0.5229540918163673
3079	FG001	FG001	True	0.592814371257485	0.40718562874251496
3080	FG001	FG001	True	0.592814371257485	0.40718562874251496
3081	FG024	FG024	True	0.8163672654690619	0.1836327345309381
3082	FG002	FG024	False	0.7005988023952097	0.29940119760479034
3083	FG001	FG002	False	0.47704590818363274	0.5229540918163673
3084	FG001	FG024	False	0.40918163672654695	0.590818363273453
3085	FG024	FG001	False	0.40918163672654695	0.590818363273453
3086	FG001	FG011	False	0.590818363273453	0.40918163672654695
3087	FG024	FG001	False	0.40918163672654695	0.590818363273453
3088	FG006	FG001	False	0.5229540918163673	0.4770459081836327
3089	FG001	FG024	False	0.40918163672654695	0.590818363273453
3090	FG002	FG004	False	0.8662674650698603	0.1337325349301397
3091	FG001	FG006	False	0.5229540918163673	0.4770459081836327
3092	FG001	FG001	True	0.592814371257485	0.40718562874251496
3093	FG001	FG005	False	0.5788423153692615	0.42115768463073855
3094	FG001	FG001	True	0.592814371257485	0.40718562874251496
3095	FG001	FG001	True	0.592814371257485	0.40718562874251496
3096	FG003	FG018	False	0.9620758483033932	0.03792415169660679
3097	FG001	FG001	True	0.592814371257485	0.40718562874251496
3098	FG001	FG001	True	0.592814371257485	0.40718562874251496
3099	FG010	FG024	False	0.7984031936127745	0.20159680638722555
3100	FG017	FG024	False	0.8023952095808383	0.19760479041916168
3101	FG001	FG027	False	0.590818363273453	0.40918163672654695
3102	FG006	FG001	False	0.5229540918163673	0.4770459081836327
3103	FG012	FG001	False	0.5668662674650699	0.43313373253493015
3104	FG012	FG001	False	0.5668662674650699	0.43313373253493015
3105	FG012	FG001	False	0.5668662674650699	0.43313373253493015
3106	FG001	FG001	True	0.592814371257485	0.40718562874251496
3107	FG001	FG024	False	0.40918163672654695	0.590818363273453
3108	FG024	FG001	False	0.40918163672654695	0.590818363273453
3109	FG001	FG024	False	0.40918163672654695	0.590818363273453
3110	FG017	FG024	False	0.8023952095808383	0.19760479041916168
3111	FG024	FG002	False	0.7005988023952097	0.29940119760479034
3112	FG001	FG002	False	0.47704590818363274	0.5229540918163673
3113	FG001	FG001	True	0.592814371257485	0.40718562874251496
3114	FG001	FG001	True	0.592814371257485	0.40718562874251496
3115	FG002	FG006	False	0.81437125748503	0.18562874251496997
3116	FG003	FG004	False	0.9560878243512974	0.043912175648702645
3117	FG001	FG001	True	0.592814371257485	0.40718562874251496
3118	FG001	FG032	False	0.590818363273453	0.40918163672654695
3119	FG002	FG006	False	0.81437125748503	0.18562874251496997
3120	FG001	FG005	False	0.5788423153692615	0.42115768463073855
3121	FG001	FG019	False	0.5788423153692615	0.42115768463073855
3122	FG004	FG001	False	0.5748502994011976	0.4251497005988024
3123	FG001	FG002	False	0.47704590818363274	0.5229540918163673
3124	FG002	FG024	False	0.7005988023952097	0.29940119760479034
3125	FG002	FG024	False	0.7005988023952097	0.29940119760479034
3126	FG001	FG002	False	0.47704590818363274	0.5229540918163673
3127	FG006	FG001	False	0.5229540918163673	0.4770459081836327
3128	FG001	FG001	True	0.592814371257485	0.40718562874251496
3129	FG001	FG001	True	0.592814371257485	0.40718562874251496
3130	FG001	FG001	True	0.592814371257485	0.40718562874251496
3131	FG001	FG002	False	0.47704590818363274	0.5229540918163673
3132	FG001	FG010	False	0.5748502994011976	0.4251497005988024
3133	FG001	FG024	False	0.40918163672654695	0.590818363273453
3134	FG024	FG001	False	0.40918163672654695	0.590818363273453
3135	FG001	FG001	True	0.592814371257485	0.40718562874251496
3136	FG001	FG015	False	0.5808383233532934	0.41916167664670656
3137	FG010	FG024	False	0.7984031936127745	0.20159680638722555
3138	FG002	FG024	False	0.7005988023952097	0.29940119760479034
3139	FG001	FG001	True	0.592814371257485	0.40718562874251496
3140	FG001	FG001	True	0.592814371257485	0.40718562874251496
3141	FG002	FG017	False	0.8702594810379242	0.12974051896207583
3142	FG001	FG003	False	0.5668662674650699	0.43313373253493015
3143	FG012	FG021	False	0.9600798403193612	0.03992015968063878
3144	FG024	FG024	True	0.8163672654690619	0.1836327345309381
3145	FG001	FG007	False	0.5888223552894212	0.4111776447105788
3146	FG006	FG019	False	0.9161676646706587	0.08383233532934131
3147	FG001	FG001	True	0.592814371257485	0.40718562874251496
3148	FG004	FG002	False	0.8662674650698603	0.1337325349301397
3149	FG024	FG001	False	0.40918163672654695	0.590818363273453
3150	FG001	FG024	False	0.40918163672654695	0.590818363273453
3151	FG001	FG024	False	0.40918163672654695	0.590818363273453
3152	FG006	FG001	False	0.5229540918163673	0.4770459081836327
3153	FG024	FG024	True	0.8163672654690619	0.1836327345309381
3154	FG001	FG001	True	0.592814371257485	0.40718562874251496
3155	FG005	FG004	False	0.968063872255489	0.031936127744511045
3156	FG019	FG024	False	0.8023952095808383	0.19760479041916168
3157	FG020	FG024	False	0.8143712574850299	0.18562874251497008
3158	FG021	FG006	False	0.9161676646706587	0.08383233532934131
3159	FG014	FG024	False	0.810379241516966	0.18962075848303395
3160	FG001	FG001	True	0.592814371257485	0.40718562874251496
3161	FG001	FG002	False	0.47704590818363274	0.5229540918163673
3162	FG001	FG001	True	0.592814371257485	0.40718562874251496
3163	FG001	FG021	False	0.5788423153692615	0.42115768463073855
3164	FG024	FG024	True	0.8163672654690619	0.1836327345309381
3165	FG012	FG004	False	0.9560878243512974	0.043912175648702645
3166	FG001	FG001	True	0.592814371257485	0.40718562874251496
3167	FG024	FG001	False	0.40918163672654695	0.590818363273453
3168	FG001	FG001	True	0.592814371257485	0.40718562874251496
3169	FG012	FG024	False	0.7904191616766467	0.20958083832335328
3170	FG002	FG028	False	0.8822355289421158	0.11776447105788423
3171	FG003	FG010	False	0.9560878243512974	0.043912175648702645
3172	FG006	FG002	False	0.8143712574850299	0.18562874251497008
3173	FG024	FG024	True	0.8163672654690619	0.1836327345309381
3174	FG006	FG001	False	0.5229540918163673	0.4770459081836327
3175	FG021	FG006	False	0.9161676646706587	0.08383233532934131
3176	FG001	FG006	False	0.5229540918163673	0.4770459081836327
3177	FG001	FG001	True	0.592814371257485	0.40718562874251496
3178	FG024	FG001	False	0.40918163672654695	0.590818363273453
3179	FG001	FG001	True	0.592814371257485	0.40718562874251496
3180	FG020	FG006	False	0.9281437125748503	0.07185628742514971
3181	FG004	FG004	True	0.9820359281437125	0.017964071856287456
3182	FG024	FG021	False	0.8023952095808383	0.19760479041916168
3183	FG024	FG001	False	0.40918163672654695	0.590818363273453
3184	FG001	FG001	True	0.592814371257485	0.40718562874251496
3185	FG006	FG024	False	0.7465069860279442	0.2534930139720558
3186	FG024	FG001	False	0.40918163672654695	0.590818363273453
3187	FG012	FG024	False	0.7904191616766467	0.20958083832335328
3188	FG002	FG001	False	0.4770459081836328	0.5229540918163672
3189	FG001	FG001	True	0.592814371257485	0.40718562874251496
3190	FG001	FG003	False	0.5668662674650699	0.43313373253493015
3191	FG024	FG006	False	0.7465069860279442	0.2534930139720558
3192	FG024	FG010	False	0.7984031936127745	0.20159680638722555
3193	FG001	FG010	False	0.5748502994011976	0.4251497005988024
3194	FG001	FG001	True	0.592814371257485	0.40718562874251496
3195	FG002	FG003	False	0.8582834331337326	0.14171656686626743
3196	FG024	FG006	False	0.7465069860279442	0.2534930139720558
3197	FG006	FG006	True	0.9301397205588823	0.06986027944111772
3198	FG001	FG024	False	0.40918163672654695	0.590818363273453
3199	FG001	FG002	False	0.47704590818363274	0.5229540918163673
3200	FG006	FG024	False	0.7465069860279442	0.2534930139720558
3201	FG003	FG006	False	0.9041916167664671	0.09580838323353291
3202	FG001	FG024	False	0.40918163672654695	0.590818363273453
3203	FG001	FG024	False	0.40918163672654695	0.590818363273453
3204	FG001	FG024	False	0.40918163672654695	0.590818363273453
3205	FG012	FG001	False	0.5668662674650699	0.43313373253493015
3206	FG001	FG002	False	0.47704590818363274	0.5229540918163673
3207	FG024	FG015	False	0.8043912175648703	0.1956087824351297
3208	FG001	FG024	False	0.40918163672654695	0.590818363273453
3209	FG001	FG001	True	0.592814371257485	0.40718562874251496
3210	FG002	FG001	False	0.4770459081836328	0.5229540918163672
3211	FG001	FG001	True	0.592814371257485	0.40718562874251496
3212	FG024	FG001	False	0.40918163672654695	0.590818363273453
3213	FG006	FG001	False	0.5229540918163673	0.4770459081836327
3214	FG001	FG024	False	0.40918163672654695	0.590818363273453
3215	FG005	FG002	False	0.870259481037924	0.12974051896207595
3216	FG002	FG024	False	0.7005988023952097	0.29940119760479034
3217	FG001	FG001	True	0.592814371257485	0.40718562874251496
3218	FG001	FG002	False	0.47704590818363274	0.5229540918163673
3219	FG001	FG001	True	0.592814371257485	0.40718562874251496
3220	FG024	FG024	True	0.8163672654690619	0.1836327345309381
3221	FG003	FG024	False	0.7904191616766467	0.20958083832335328
3222	FG018	FG017	False	0.9740518962075848	0.02594810379241519
3223	FG001	FG024	False	0.40918163672654695	0.590818363273453
3224	FG023	FG002	False	0.874251497005988	0.12574850299401197
3225	FG015	FG002	False	0.872255489021956	0.12774451097804396
3226	FG024	FG024	True	0.8163672654690619	0.1836327345309381
3227	FG001	FG024	False	0.40918163672654695	0.590818363273453
3228	FG001	FG006	False	0.5229540918163673	0.4770459081836327
3229	FG024	FG002	False	0.7005988023952097	0.29940119760479034
3230	FG001	FG001	True	0.592814371257485	0.40718562874251496
3231	FG001	FG001	True	0.592814371257485	0.40718562874251496
3232	FG024	FG006	False	0.7465069860279442	0.2534930139720558
3233	FG001	FG021	False	0.5788423153692615	0.42115768463073855
3234	FG001	FG002	False	0.47704590818363274	0.5229540918163673
3235	FG001	FG001	True	0.592814371257485	0.40718562874251496
3236	FG002	FG024	False	0.7005988023952097	0.29940119760479034
3237	FG001	FG001	True	0.592814371257485	0.40718562874251496
3238	FG001	FG002	False	0.47704590818363274	0.5229540918163673
3239	FG001	FG002	False	0.47704590818363274	0.5229540918163673
3240	FG001	FG004	False	0.5748502994011976	0.4251497005988024
3241	FG024	FG001	False	0.40918163672654695	0.590818363273453
3242	FG012	FG001	False	0.5668662674650699	0.43313373253493015
3243	FG001	FG028	False	0.590818363273453	0.40918163672654695
3244	FG001	FG001	True	0.592814371257485	0.40718562874251496
3245	FG012	FG024	False	0.7904191616766467	0.20958083832335328
3246	FG024	FG024	True	0.8163672654690619	0.1836327345309381
3247	FG001	FG024	False	0.40918163672654695	0.590818363273453
3248	FG024	FG021	False	0.8023952095808383	0.19760479041916168
3249	FG001	FG001	True	0.592814371257485	0.40718562874251496
3250	FG002	FG001	False	0.4770459081836328	0.5229540918163672
3251	FG024	FG006	False	0.7465069860279442	0.2534930139720558
3252	FG001	FG002	False	0.47704590818363274	0.5229540918163673
3253	FG001	FG001	True	0.592814371257485	0.40718562874251496
3254	FG024	FG007	False	0.812375249500998	0.18762475049900196
3255	FG001	FG006	False	0.5229540918163673	0.4770459081836327
3256	FG001	FG001	True	0.592814371257485	0.40718562874251496
3257	FG024	FG001	False	0.40918163672654695	0.590818363273453
3258	FG001	FG006	False	0.5229540918163673	0.4770459081836327
3259	FG019	FG006	False	0.9161676646706587	0.08383233532934131
3260	FG006	FG012	False	0.9041916167664671	0.09580838323353291
3261	FG001	FG019	False	0.5788423153692615	0.42115768463073855
3262	FG004	FG010	False	0.9640718562874251	0.03592814371257491
3263	FG024	FG001	False	0.40918163672654695	0.590818363273453
3264	FG001	FG001	True	0.592814371257485	0.40718562874251496
3265	FG001	FG002	False	0.47704590818363274	0.5229540918163673
3266	FG001	FG024	False	0.40918163672654695	0.590818363273453
3267	FG024	FG006	False	0.7465069860279442	0.2534930139720558
3268	FG002	FG001	False	0.4770459081836328	0.5229540918163672
3269	FG024	FG005	False	0.8023952095808383	0.19760479041916168
3270	FG006	FG001	False	0.5229540918163673	0.4770459081836327
3271	FG006	FG014	False	0.9241516966067864	0.07584830339321358
3272	FG001	FG001	True	0.592814371257485	0.40718562874251496
3273	FG005	FG001	False	0.5788423153692615	0.42115768463073855
3274	FG001	FG023	False	0.5828343313373253	0.4171656686626747
3275	FG001	FG009	False	0.5888223552894212	0.4111776447105788
3276	FG017	FG009	False	0.9820359281437125	0.017964071856287456
3277	FG024	FG024	True	0.8163672654690619	0.1836327345309381
3278	FG001	FG006	False	0.5229540918163673	0.4770459081836327
3279	FG004	FG024	False	0.7984031936127745	0.20159680638722555
3280	FG001	FG012	False	0.5668662674650699	0.43313373253493015
3281	FG001	FG001	True	0.592814371257485	0.40718562874251496
3282	FG024	FG006	False	0.7465069860279442	0.2534930139720558
3283	FG001	FG002	False	0.47704590818363274	0.5229540918163673
3284	FG024	FG001	False	0.40918163672654695	0.590818363273453
3285	FG001	FG003	False	0.5668662674650699	0.43313373253493015
3286	FG010	FG021	False	0.968063872255489	0.031936127744511045
3287	FG001	FG001	True	0.592814371257485	0.40718562874251496
3288	FG024	FG006	False	0.7465069860279442	0.2534930139720558
3289	FG003	FG024	False	0.7904191616766467	0.20958083832335328
3290	FG001	FG024	False	0.40918163672654695	0.590818363273453
3291	FG001	FG001	True	0.592814371257485	0.40718562874251496
3292	FG001	FG021	False	0.5788423153692615	0.42115768463073855
3293	FG006	FG006	True	0.9301397205588823	0.06986027944111772
3294	FG001	FG001	True	0.592814371257485	0.40718562874251496
3295	FG020	FG010	False	0.9800399201596806	0.019960079840319445
3296	FG002	FG024	False	0.7005988023952097	0.29940119760479034
3297	FG021	FG019	False	0.9720558882235528	0.027944111776447178
3298	FG001	FG006	False	0.5229540918163673	0.4770459081836327
3299	FG001	FG001	True	0.592814371257485	0.40718562874251496
3300	FG001	FG024	False	0.40918163672654695	0.590818363273453
3301	FG001	FG001	True	0.592814371257485	0.40718562874251496
3302	FG002	FG021	False	0.8702594810379242	0.12974051896207583
3303	FG013	FG001	False	0.590818363273453	0.40918163672654695
3304	FG003	FG001	False	0.5668662674650699	0.43313373253493015
3305	FG002	FG021	False	0.8702594810379242	0.12974051896207583
3306	FG001	FG002	False	0.47704590818363274	0.5229540918163673
3307	FG006	FG024	False	0.7465069860279442	0.2534930139720558
3308	FG001	FG030	False	0.5888223552894212	0.4111776447105788
3309	FG024	FG021	False	0.8023952095808383	0.19760479041916168
3310	FG001	FG024	False	0.40918163672654695	0.590818363273453
3311	FG001	FG001	True	0.592814371257485	0.40718562874251496
3312	FG024	FG001	False	0.40918163672654695	0.590818363273453
3313	FG001	FG002	False	0.47704590818363274	0.5229540918163673
3314	FG003	FG023	False	0.9640718562874251	0.03592814371257491
3315	FG001	FG001	True	0.592814371257485	0.40718562874251496
3316	FG001	FG001	True	0.592814371257485	0.40718562874251496
3317	FG017	FG002	False	0.870259481037924	0.12974051896207595
3318	FG017	FG005	False	0.9720558882235528	0.027944111776447178
3319	FG002	FG021	False	0.8702594810379242	0.12974051896207583
3320	FG006	FG001	False	0.5229540918163673	0.4770459081836327
3321	FG006	FG001	False	0.5229540918163673	0.4770459081836327
3322	FG024	FG024	True	0.8163672654690619	0.1836327345309381
3323	FG017	FG023	False	0.9760479041916167	0.02395209580838331
3324	FG001	FG001	True	0.592814371257485	0.40718562874251496
3325	FG002	FG007	False	0.8802395209580839	0.11976047904191611
3326	FG012	FG002	False	0.8582834331337326	0.14171656686626743
3327	FG005	FG005	True	0.9860279441117764	0.013972055888223589
3328	FG019	FG006	False	0.9161676646706587	0.08383233532934131
3329	FG010	FG001	False	0.5748502994011976	0.4251497005988024
3330	FG001	FG024	False	0.40918163672654695	0.590818363273453
3331	FG003	FG024	False	0.7904191616766467	0.20958083832335328
3332	FG021	FG024	False	0.8023952095808383	0.19760479041916168
3333	FG001	FG024	False	0.40918163672654695	0.590818363273453
3334	FG001	FG004	False	0.5748502994011976	0.4251497005988024
3335	FG003	FG006	False	0.9041916167664671	0.09580838323353291
3336	FG001	FG001	True	0.592814371257485	0.40718562874251496
3337	FG001	FG019	False	0.5788423153692615	0.42115768463073855
3338	FG024	FG001	False	0.40918163672654695	0.590818363273453
3339	FG003	FG012	False	0.9481037924151696	0.05189620758483038
3340	FG024	FG001	False	0.40918163672654695	0.590818363273453
3341	FG001	FG001	True	0.592814371257485	0.40718562874251496
3342	FG002	FG004	False	0.8662674650698603	0.1337325349301397
3343	FG001	FG002	False	0.47704590818363274	0.5229540918163673
3344	FG005	FG001	False	0.5788423153692615	0.42115768463073855
3345	FG003	FG006	False	0.9041916167664671	0.09580838323353291
3346	FG024	FG024	True	0.8163672654690619	0.1836327345309381
3347	FG001	FG004	False	0.5748502994011976	0.4251497005988024
3348	FG002	FG003	False	0.8582834331337326	0.14171656686626743
3349	FG001	FG001	True	0.592814371257485	0.40718562874251496
3350	FG001	FG001	True	0.592814371257485	0.40718562874251496
3351	FG010	FG024	False	0.7984031936127745	0.20159680638722555
3352	FG020	FG001	False	0.590818363273453	0.40918163672654695
3353	FG001	FG012	False	0.5668662674650699	0.43313373253493015
3354	FG002	FG001	False	0.4770459081836328	0.5229540918163672
3355	FG001	FG001	True	0.592814371257485	0.40718562874251496
3356	FG001	FG001	True	0.592814371257485	0.40718562874251496
3357	FG024	FG002	False	0.7005988023952097	0.29940119760479034
3358	FG010	FG003	False	0.9560878243512974	0.043912175648702645
3359	FG004	FG001	False	0.5748502994011976	0.4251497005988024
3360	FG017	FG001	False	0.5788423153692615	0.42115768463073855
3361	FG001	FG006	False	0.5229540918163673	0.4770459081836327
3362	FG017	FG001	False	0.5788423153692615	0.42115768463073855
3363	FG024	FG024	True	0.8163672654690619	0.1836327345309381
3364	FG002	FG024	False	0.7005988023952097	0.29940119760479034
3365	FG001	FG001	True	0.592814371257485	0.40718562874251496
3366	FG001	FG006	False	0.5229540918163673	0.4770459081836327
3367	FG001	FG001	True	0.592814371257485	0.40718562874251496
3368	FG018	FG001	False	0.5808383233532934	0.41916167664670656
3369	FG021	FG001	False	0.5788423153692615	0.42115768463073855
3370	FG012	FG001	False	0.5668662674650699	0.43313373253493015
3371	FG019	FG001	False	0.5788423153692615	0.42115768463073855
3372	FG017	FG010	False	0.968063872255489	0.031936127744511045
3373	FG017	FG001	False	0.5788423153692615	0.42115768463073855
3374	FG001	FG002	False	0.47704590818363274	0.5229540918163673
3375	FG010	FG001	False	0.5748502994011976	0.4251497005988024
3376	FG024	FG001	False	0.40918163672654695	0.590818363273453
3377	FG024	FG004	False	0.7984031936127745	0.20159680638722555
3378	FG005	FG024	False	0.8023952095808383	0.19760479041916168
3379	FG024	FG024	True	0.8163672654690619	0.1836327345309381
3380	FG002	FG024	False	0.7005988023952097	0.29940119760479034
3381	FG021	FG001	False	0.5788423153692615	0.42115768463073855
3382	FG024	FG002	False	0.7005988023952097	0.29940119760479034
3383	FG021	FG002	False	0.870259481037924	0.12974051896207595
3384	FG024	FG024	True	0.8163672654690619	0.1836327345309381
3385	FG006	FG002	False	0.8143712574850299	0.18562874251497008
3386	FG015	FG001	False	0.5808383233532934	0.41916167664670656
3387	FG001	FG001	True	0.592814371257485	0.40718562874251496
3388	FG024	FG021	False	0.8023952095808383	0.19760479041916168
3389	FG001	FG001	True	0.592814371257485	0.40718562874251496
3390	FG001	FG001	True	0.592814371257485	0.40718562874251496
3391	FG024	FG001	False	0.40918163672654695	0.590818363273453
3392	FG001	FG012	False	0.5668662674650699	0.43313373253493015
3393	FG012	FG024	False	0.7904191616766467	0.20958083832335328
3394	FG006	FG002	False	0.8143712574850299	0.18562874251497008
3395	FG024	FG024	True	0.8163672654690619	0.1836327345309381
3396	FG029	FG002	False	0.8822355289421158	0.11776447105788423
3397	FG001	FG001	True	0.592814371257485	0.40718562874251496
3398	FG001	FG001	True	0.592814371257485	0.40718562874251496
3399	FG002	FG006	False	0.81437125748503	0.18562874251496997
3400	FG001	FG024	False	0.40918163672654695	0.590818363273453
3401	FG024	FG001	False	0.40918163672654695	0.590818363273453
3402	FG001	FG028	False	0.590818363273453	0.40918163672654695
3403	FG001	FG002	False	0.47704590818363274	0.5229540918163673
3404	FG001	FG002	False	0.47704590818363274	0.5229540918163673
3405	FG001	FG001	True	0.592814371257485	0.40718562874251496
3406	FG003	FG001	False	0.5668662674650699	0.43313373253493015
3407	FG012	FG006	False	0.9041916167664671	0.09580838323353291
3408	FG012	FG012	True	0.9740518962075848	0.02594810379241519
3409	FG001	FG001	True	0.592814371257485	0.40718562874251496
3410	FG002	FG001	False	0.4770459081836328	0.5229540918163672
3411	FG024	FG001	False	0.40918163672654695	0.590818363273453
3412	FG002	FG001	False	0.4770459081836328	0.5229540918163672
3413	FG002	FG024	False	0.7005988023952097	0.29940119760479034
3414	FG001	FG015	False	0.5808383233532934	0.41916167664670656
3415	FG001	FG001	True	0.592814371257485	0.40718562874251496
3416	FG001	FG001	True	0.592814371257485	0.40718562874251496
3417	FG002	FG024	False	0.7005988023952097	0.29940119760479034
3418	FG001	FG001	True	0.592814371257485	0.40718562874251496
3419	FG024	FG001	False	0.40918163672654695	0.590818363273453
3420	FG024	FG001	False	0.40918163672654695	0.590818363273453
3421	FG001	FG012	False	0.5668662674650699	0.43313373253493015
3422	FG002	FG001	False	0.4770459081836328	0.5229540918163672
3423	FG010	FG005	False	0.968063872255489	0.031936127744511045
3424	FG003	FG001	False	0.5668662674650699	0.43313373253493015
3425	FG015	FG030	False	0.9840319361277445	0.015968063872255467
3426	FG001	FG001	True	0.592814371257485	0.40718562874251496
3427	FG001	FG024	False	0.40918163672654695	0.590818363273453
3428	FG001	FG001	True	0.592814371257485	0.40718562874251496
3429	FG010	FG008	False	0.9780439121756487	0.021956087824351322
3430	FG006	FG006	True	0.9301397205588823	0.06986027944111772
3431	FG001	FG012	False	0.5668662674650699	0.43313373253493015
3432	FG012	FG001	False	0.5668662674650699	0.43313373253493015
3433	FG001	FG001	True	0.592814371257485	0.40718562874251496
3434	FG001	FG001	True	0.592814371257485	0.40718562874251496
3435	FG001	FG001	True	0.592814371257485	0.40718562874251496
3436	FG024	FG024	True	0.8163672654690619	0.1836327345309381
3437	FG002	FG001	False	0.4770459081836328	0.5229540918163672
3438	FG016	FG001	False	0.590818363273453	0.40918163672654695
3439	FG002	FG017	False	0.8702594810379242	0.12974051896207583
3440	FG012	FG001	False	0.5668662674650699	0.43313373253493015
3441	FG021	FG001	False	0.5788423153692615	0.42115768463073855
3442	FG006	FG001	False	0.5229540918163673	0.4770459081836327
3443	FG012	FG024	False	0.7904191616766467	0.20958083832335328
3444	FG001	FG012	False	0.5668662674650699	0.43313373253493015
3445	FG001	FG001	True	0.592814371257485	0.40718562874251496
3446	FG001	FG024	False	0.40918163672654695	0.590818363273453
3447	FG024	FG001	False	0.40918163672654695	0.590818363273453
3448	FG002	FG003	False	0.8582834331337326	0.14171656686626743
3449	FG024	FG001	False	0.40918163672654695	0.590818363273453
3450	FG024	FG001	False	0.40918163672654695	0.590818363273453
3451	FG024	FG024	True	0.8163672654690619	0.1836327345309381
3452	FG024	FG002	False	0.7005988023952097	0.29940119760479034
3453	FG024	FG024	True	0.8163672654690619	0.1836327345309381
3454	FG002	FG006	False	0.81437125748503	0.18562874251496997
3455	FG031	FG005	False	0.9840319361277444	0.015968063872255578
3456	FG006	FG024	False	0.7465069860279442	0.2534930139720558
3457	FG001	FG024	False	0.40918163672654695	0.590818363273453
3458	FG001	FG001	True	0.592814371257485	0.40718562874251496
3459	FG001	FG001	True	0.592814371257485	0.40718562874251496
3460	FG017	FG002	False	0.870259481037924	0.12974051896207595
3461	FG002	FG002	True	0.8842315369261478	0.11576846307385225
3462	FG002	FG002	True	0.8842315369261478	0.11576846307385225
3463	FG001	FG002	False	0.47704590818363274	0.5229540918163673
3464	FG001	FG017	False	0.5788423153692615	0.42115768463073855
3465	FG005	FG002	False	0.870259481037924	0.12974051896207595
3466	FG001	FG003	False	0.5668662674650699	0.43313373253493015
3467	FG008	FG021	False	0.9820359281437125	0.017964071856287456
3468	FG002	FG001	False	0.4770459081836328	0.5229540918163672
3469	FG024	FG002	False	0.7005988023952097	0.29940119760479034
3470	FG001	FG001	True	0.592814371257485	0.40718562874251496
3471	FG012	FG001	False	0.5668662674650699	0.43313373253493015
3472	FG024	FG002	False	0.7005988023952097	0.29940119760479034
3473	FG014	FG001	False	0.5868263473053892	0.4131736526946108
3474	FG001	FG012	False	0.5668662674650699	0.43313373253493015
3475	FG021	FG002	False	0.870259481037924	0.12974051896207595
3476	FG001	FG002	False	0.47704590818363274	0.5229540918163673
3477	FG001	FG001	True	0.592814371257485	0.40718562874251496
3478	FG023	FG024	False	0.8063872255489022	0.1936127744510978
3479	FG024	FG023	False	0.8063872255489022	0.1936127744510978
3480	FG001	FG024	False	0.40918163672654695	0.590818363273453
3481	FG002	FG001	False	0.4770459081836328	0.5229540918163672
3482	FG001	FG018	False	0.5808383233532934	0.41916167664670656
3483	FG002	FG018	False	0.8722554890219562	0.12774451097804385
3484	FG024	FG001	False	0.40918163672654695	0.590818363273453
3485	FG006	FG024	False	0.7465069860279442	0.2534930139720558
3486	FG001	FG002	False	0.47704590818363274	0.5229540918163673
3487	FG002	FG017	False	0.8702594810379242	0.12974051896207583
3488	FG001	FG024	False	0.40918163672654695	0.590818363273453
3489	FG024	FG001	False	0.40918163672654695	0.590818363273453
3490	FG001	FG001	True	0.592814371257485	0.40718562874251496
3491	FG001	FG001	True	0.592814371257485	0.40718562874251496
3492	FG024	FG024	True	0.8163672654690619	0.1836327345309381
3493	FG001	FG001	True	0.592814371257485	0.40718562874251496
3494	FG002	FG028	False	0.8822355289421158	0.11776447105788423
3495	FG024	FG001	False	0.40918163672654695	0.590818363273453
3496	FG024	FG001	False	0.40918163672654695	0.590818363273453
3497	FG002	FG004	False	0.8662674650698603	0.1337325349301397
3498	FG004	FG024	False	0.7984031936127745	0.20159680638722555
3499	FG006	FG001	False	0.5229540918163673	0.4770459081836327
3500	FG001	FG024	False	0.40918163672654695	0.590818363273453
3501	FG031	FG002	False	0.8822355289421158	0.11776447105788423
3502	FG001	FG002	False	0.47704590818363274	0.5229540918163673
3503	FG005	FG002	False	0.870259481037924	0.12974051896207595
3504	FG012	FG006	False	0.9041916167664671	0.09580838323353291
3505	FG001	FG001	True	0.592814371257485	0.40718562874251496
3506	FG024	FG001	False	0.40918163672654695	0.590818363273453
3507	FG006	FG001	False	0.5229540918163673	0.4770459081836327
3508	FG024	FG024	True	0.8163672654690619	0.1836327345309381
3509	FG001	FG005	False	0.5788423153692615	0.42115768463073855
3510	FG002	FG024	False	0.7005988023952097	0.29940119760479034
3511	FG001	FG024	False	0.40918163672654695	0.590818363273453
3512	FG004	FG001	False	0.5748502994011976	0.4251497005988024
3513	FG010	FG001	False	0.5748502994011976	0.4251497005988024
3514	FG006	FG006	True	0.9301397205588823	0.06986027944111772
3515	FG001	FG001	True	0.592814371257485	0.40718562874251496
3516	FG010	FG002	False	0.8662674650698603	0.1337325349301397
3517	FG024	FG002	False	0.7005988023952097	0.29940119760479034
3518	FG024	FG001	False	0.40918163672654695	0.590818363273453
3519	FG024	FG010	False	0.7984031936127745	0.20159680638722555
3520	FG006	FG001	False	0.5229540918163673	0.4770459081836327
3521	FG024	FG003	False	0.7904191616766467	0.20958083832335328
3522	FG024	FG006	False	0.7465069860279442	0.2534930139720558
3523	FG024	FG017	False	0.8023952095808383	0.19760479041916168
3524	FG002	FG012	False	0.8582834331337326	0.14171656686626743
3525	FG001	FG010	False	0.5748502994011976	0.4251497005988024
3526	FG017	FG001	False	0.5788423153692615	0.42115768463073855
3527	FG012	FG001	False	0.5668662674650699	0.43313373253493015
3528	FG019	FG002	False	0.870259481037924	0.12974051896207595
3529	FG001	FG001	True	0.592814371257485	0.40718562874251496
3530	FG030	FG017	False	0.9820359281437125	0.017964071856287456
3531	FG001	FG006	False	0.5229540918163673	0.4770459081836327
3532	FG024	FG024	True	0.8163672654690619	0.1836327345309381
3533	FG001	FG005	False	0.5788423153692615	0.42115768463073855
3534	FG001	FG009	False	0.5888223552894212	0.4111776447105788
3535	FG017	FG017	True	0.9860279441117764	0.013972055888223589
3536	FG001	FG023	False	0.5828343313373253	0.4171656686626747
3537	FG002	FG023	False	0.874251497005988	0.12574850299401197
3538	FG024	FG001	False	0.40918163672654695	0.590818363273453
3539	FG015	FG024	False	0.8043912175648703	0.1956087824351297
3540	FG001	FG001	True	0.592814371257485	0.40718562874251496
3541	FG001	FG001	True	0.592814371257485	0.40718562874251496
3542	FG018	FG001	False	0.5808383233532934	0.41916167664670656
3543	FG001	FG002	False	0.47704590818363274	0.5229540918163673
3544	FG024	FG012	False	0.7904191616766467	0.20958083832335328
3545	FG002	FG001	False	0.4770459081836328	0.5229540918163672
3546	FG024	FG001	False	0.40918163672654695	0.590818363273453
3547	FG005	FG001	False	0.5788423153692615	0.42115768463073855
3548	FG001	FG024	False	0.40918163672654695	0.590818363273453
3549	FG002	FG002	True	0.8842315369261478	0.11576846307385225
3550	FG002	FG024	False	0.7005988023952097	0.29940119760479034
3551	FG001	FG024	False	0.40918163672654695	0.590818363273453
3552	FG023	FG024	False	0.8063872255489022	0.1936127744510978
3553	FG001	FG023	False	0.5828343313373253	0.4171656686626747
3554	FG002	FG011	False	0.8822355289421158	0.11776447105788423
3555	FG001	FG002	False	0.47704590818363274	0.5229540918163673
3556	FG001	FG006	False	0.5229540918163673	0.4770459081836327
3557	FG001	FG016	False	0.590818363273453	0.40918163672654695
3558	FG001	FG002	False	0.47704590818363274	0.5229540918163673
3559	FG001	FG024	False	0.40918163672654695	0.590818363273453
3560	FG001	FG001	True	0.592814371257485	0.40718562874251496
3561	FG024	FG006	False	0.7465069860279442	0.2534930139720558
3562	FG001	FG001	True	0.592814371257485	0.40718562874251496
3563	FG006	FG024	False	0.7465069860279442	0.2534930139720558
3564	FG024	FG001	False	0.40918163672654695	0.590818363273453
3565	FG006	FG024	False	0.7465069860279442	0.2534930139720558
3566	FG002	FG010	False	0.8662674650698603	0.1337325349301397
3567	FG012	FG002	False	0.8582834331337326	0.14171656686626743
3568	FG029	FG026	False	0.996007984031936	0.003992015968063978
3569	FG014	FG023	False	0.9840319361277444	0.015968063872255578
3570	FG006	FG024	False	0.7465069860279442	0.2534930139720558
3571	FG001	FG001	True	0.592814371257485	0.40718562874251496
3572	FG002	FG024	False	0.7005988023952097	0.29940119760479034
3573	FG002	FG001	False	0.4770459081836328	0.5229540918163672
3574	FG024	FG014	False	0.810379241516966	0.18962075848303395
3575	FG001	FG019	False	0.5788423153692615	0.42115768463073855
3576	FG001	FG006	False	0.5229540918163673	0.4770459081836327
3577	FG017	FG024	False	0.8023952095808383	0.19760479041916168
3578	FG010	FG024	False	0.7984031936127745	0.20159680638722555
3579	FG001	FG024	False	0.40918163672654695	0.590818363273453
3580	FG001	FG002	False	0.47704590818363274	0.5229540918163673
3581	FG001	FG006	False	0.5229540918163673	0.4770459081836327
3582	FG002	FG017	False	0.8702594810379242	0.12974051896207583
3583	FG001	FG021	False	0.5788423153692615	0.42115768463073855
3584	FG006	FG024	False	0.7465069860279442	0.2534930139720558
3585	FG023	FG001	False	0.5828343313373253	0.4171656686626747
3586	FG006	FG001	False	0.5229540918163673	0.4770459081836327
3587	FG002	FG019	False	0.8702594810379242	0.12974051896207583
3588	FG018	FG024	False	0.8043912175648703	0.1956087824351297
3589	FG006	FG002	False	0.8143712574850299	0.18562874251497008
3590	FG024	FG006	False	0.7465069860279442	0.2534930139720558
3591	FG001	FG024	False	0.40918163672654695	0.590818363273453
3592	FG001	FG001	True	0.592814371257485	0.40718562874251496
3593	FG001	FG001	True	0.592814371257485	0.40718562874251496
3594	FG005	FG002	False	0.870259481037924	0.12974051896207595
3595	FG006	FG001	False	0.5229540918163673	0.4770459081836327
3596	FG006	FG002	False	0.8143712574850299	0.18562874251497008
3597	FG017	FG024	False	0.8023952095808383	0.19760479041916168
3598	FG021	FG024	False	0.8023952095808383	0.19760479041916168
3599	FG006	FG002	False	0.8143712574850299	0.18562874251497008
3600	FG024	FG010	False	0.7984031936127745	0.20159680638722555
3601	FG030	FG002	False	0.8802395209580838	0.11976047904191622
3602	FG017	FG024	False	0.8023952095808383	0.19760479041916168
3603	FG024	FG012	False	0.7904191616766467	0.20958083832335328
3604	FG001	FG001	True	0.592814371257485	0.40718562874251496
3605	FG010	FG012	False	0.9560878243512974	0.043912175648702645
3606	FG002	FG024	False	0.7005988023952097	0.29940119760479034
3607	FG012	FG007	False	0.9700598802395209	0.029940119760479056
3608	FG024	FG004	False	0.7984031936127745	0.20159680638722555
3609	FG006	FG001	False	0.5229540918163673	0.4770459081836327
3610	FG006	FG024	False	0.7465069860279442	0.2534930139720558
3611	FG019	FG014	False	0.9800399201596806	0.019960079840319445
3612	FG002	FG001	False	0.4770459081836328	0.5229540918163672
3613	FG012	FG021	False	0.9600798403193612	0.03992015968063878
3614	FG006	FG024	False	0.7465069860279442	0.2534930139720558
3615	FG024	FG024	True	0.8163672654690619	0.1836327345309381
3616	FG006	FG001	False	0.5229540918163673	0.4770459081836327
3617	FG012	FG024	False	0.7904191616766467	0.20958083832335328
3618	FG001	FG012	False	0.5668662674650699	0.43313373253493015
3619	FG013	FG001	False	0.590818363273453	0.40918163672654695
3620	FG002	FG006	False	0.81437125748503	0.18562874251496997
3621	FG001	FG019	False	0.5788423153692615	0.42115768463073855
3622	FG002	FG024	False	0.7005988023952097	0.29940119760479034
3623	FG001	FG001	True	0.592814371257485	0.40718562874251496
3624	FG024	FG002	False	0.7005988023952097	0.29940119760479034
3625	FG003	FG001	False	0.5668662674650699	0.43313373253493015
3626	FG024	FG001	False	0.40918163672654695	0.590818363273453
3627	FG001	FG024	False	0.40918163672654695	0.590818363273453
3628	FG001	FG018	False	0.5808383233532934	0.41916167664670656
3629	FG002	FG001	False	0.4770459081836328	0.5229540918163672
3630	FG001	FG001	True	0.592814371257485	0.40718562874251496
3631	FG024	FG006	False	0.7465069860279442	0.2534930139720558
3632	FG001	FG006	False	0.5229540918163673	0.4770459081836327
3633	FG024	FG001	False	0.40918163672654695	0.590818363273453
3634	FG024	FG005	False	0.8023952095808383	0.19760479041916168
3635	FG012	FG001	False	0.5668662674650699	0.43313373253493015
3636	FG001	FG002	False	0.47704590818363274	0.5229540918163673
3637	FG002	FG001	False	0.4770459081836328	0.5229540918163672
3638	FG001	FG001	True	0.592814371257485	0.40718562874251496
3639	FG001	FG001	True	0.592814371257485	0.40718562874251496
3640	FG003	FG024	False	0.7904191616766467	0.20958083832335328
3641	FG012	FG024	False	0.7904191616766467	0.20958083832335328
3642	FG010	FG001	False	0.5748502994011976	0.4251497005988024
3643	FG001	FG001	True	0.592814371257485	0.40718562874251496
3644	FG001	FG002	False	0.47704590818363274	0.5229540918163673
3645	FG030	FG013	False	0.9940119760479041	0.005988023952095856
3646	FG024	FG001	False	0.40918163672654695	0.590818363273453
3647	FG002	FG002	True	0.8842315369261478	0.11576846307385225
3648	FG002	FG006	False	0.81437125748503	0.18562874251496997
3649	FG001	FG001	True	0.592814371257485	0.40718562874251496
3650	FG006	FG005	False	0.9161676646706587	0.08383233532934131
3651	FG010	FG006	False	0.9121756487025948	0.08782435129740518
3652	FG024	FG001	False	0.40918163672654695	0.590818363273453
3653	FG001	FG001	True	0.592814371257485	0.40718562874251496
3654	FG001	FG001	True	0.592814371257485	0.40718562874251496
3655	FG001	FG001	True	0.592814371257485	0.40718562874251496
3656	FG001	FG024	False	0.40918163672654695	0.590818363273453
3657	FG019	FG001	False	0.5788423153692615	0.42115768463073855
3658	FG001	FG001	True	0.592814371257485	0.40718562874251496
3659	FG001	FG024	False	0.40918163672654695	0.590818363273453
3660	FG018	FG001	False	0.5808383233532934	0.41916167664670656
3661	FG001	FG024	False	0.40918163672654695	0.590818363273453
3662	FG001	FG018	False	0.5808383233532934	0.41916167664670656
3663	FG012	FG009	False	0.9700598802395209	0.029940119760479056
3664	FG002	FG006	False	0.81437125748503	0.18562874251496997
3665	FG024	FG006	False	0.7465069860279442	0.2534930139720558
3666	FG018	FG024	False	0.8043912175648703	0.1956087824351297
3667	FG024	FG004	False	0.7984031936127745	0.20159680638722555
3668	FG024	FG001	False	0.40918163672654695	0.590818363273453
3669	FG024	FG024	True	0.8163672654690619	0.1836327345309381
3670	FG021	FG001	False	0.5788423153692615	0.42115768463073855
3671	FG015	FG001	False	0.5808383233532934	0.41916167664670656
3672	FG022	FG024	False	0.8143712574850299	0.18562874251497008
3673	FG012	FG001	False	0.5668662674650699	0.43313373253493015
3674	FG001	FG001	True	0.592814371257485	0.40718562874251496
3675	FG024	FG024	True	0.8163672654690619	0.1836327345309381
3676	FG006	FG002	False	0.8143712574850299	0.18562874251497008
3677	FG024	FG001	False	0.40918163672654695	0.590818363273453
3678	FG010	FG006	False	0.9121756487025948	0.08782435129740518
3679	FG001	FG010	False	0.5748502994011976	0.4251497005988024
3680	FG002	FG001	False	0.4770459081836328	0.5229540918163672
3681	FG001	FG002	False	0.47704590818363274	0.5229540918163673
3682	FG001	FG024	False	0.40918163672654695	0.590818363273453
3683	FG001	FG024	False	0.40918163672654695	0.590818363273453
3684	FG001	FG001	True	0.592814371257485	0.40718562874251496
3685	FG001	FG001	True	0.592814371257485	0.40718562874251496
3686	FG001	FG002	False	0.47704590818363274	0.5229540918163673
3687	FG001	FG007	False	0.5888223552894212	0.4111776447105788
3688	FG001	FG002	False	0.47704590818363274	0.5229540918163673
3689	FG024	FG006	False	0.7465069860279442	0.2534930139720558
3690	FG024	FG001	False	0.40918163672654695	0.590818363273453
3691	FG001	FG019	False	0.5788423153692615	0.42115768463073855
3692	FG001	FG024	False	0.40918163672654695	0.590818363273453
3693	FG024	FG006	False	0.7465069860279442	0.2534930139720558
3694	FG010	FG001	False	0.5748502994011976	0.4251497005988024
3695	FG024	FG024	True	0.8163672654690619	0.1836327345309381
3696	FG024	FG024	True	0.8163672654690619	0.1836327345309381
3697	FG014	FG006	False	0.9241516966067864	0.07584830339321358
3698	FG013	FG002	False	0.8822355289421158	0.11776447105788423
3699	FG008	FG001	False	0.5888223552894212	0.4111776447105788
3700	FG001	FG006	False	0.5229540918163673	0.4770459081836327
3701	FG001	FG001	True	0.592814371257485	0.40718562874251496
3702	FG001	FG001	True	0.592814371257485	0.40718562874251496
3703	FG001	FG006	False	0.5229540918163673	0.4770459081836327
3704	FG004	FG024	False	0.7984031936127745	0.20159680638722555
3705	FG024	FG006	False	0.7465069860279442	0.2534930139720558
3706	FG001	FG012	False	0.5668662674650699	0.43313373253493015
3707	FG024	FG002	False	0.7005988023952097	0.29940119760479034
3708	FG001	FG001	True	0.592814371257485	0.40718562874251496
3709	FG019	FG001	False	0.5788423153692615	0.42115768463073855
3710	FG001	FG001	True	0.592814371257485	0.40718562874251496
3711	FG015	FG001	False	0.5808383233532934	0.41916167664670656
3712	FG024	FG006	False	0.7465069860279442	0.2534930139720558
3713	FG017	FG001	False	0.5788423153692615	0.42115768463073855
3714	FG006	FG001	False	0.5229540918163673	0.4770459081836327
3715	FG024	FG024	True	0.8163672654690619	0.1836327345309381
3716	FG001	FG001	True	0.592814371257485	0.40718562874251496
3717	FG024	FG018	False	0.8043912175648703	0.1956087824351297
3718	FG012	FG002	False	0.8582834331337326	0.14171656686626743
3719	FG001	FG001	True	0.592814371257485	0.40718562874251496
3720	FG002	FG006	False	0.81437125748503	0.18562874251496997
3721	FG014	FG012	False	0.968063872255489	0.031936127744511045
3722	FG001	FG006	False	0.5229540918163673	0.4770459081836327
3723	FG002	FG001	False	0.4770459081836328	0.5229540918163672
3724	FG001	FG015	False	0.5808383233532934	0.41916167664670656
3725	FG006	FG001	False	0.5229540918163673	0.4770459081836327
3726	FG024	FG001	False	0.40918163672654695	0.590818363273453
3727	FG005	FG001	False	0.5788423153692615	0.42115768463073855
3728	FG002	FG002	True	0.8842315369261478	0.11576846307385225
3729	FG017	FG024	False	0.8023952095808383	0.19760479041916168
3730	FG024	FG004	False	0.7984031936127745	0.20159680638722555
3731	FG024	FG006	False	0.7465069860279442	0.2534930139720558
3732	FG002	FG002	True	0.8842315369261478	0.11576846307385225
3733	FG024	FG024	True	0.8163672654690619	0.1836327345309381
3734	FG001	FG001	True	0.592814371257485	0.40718562874251496
3735	FG024	FG001	False	0.40918163672654695	0.590818363273453
3736	FG001	FG010	False	0.5748502994011976	0.4251497005988024
3737	FG006	FG024	False	0.7465069860279442	0.2534930139720558
3738	FG005	FG001	False	0.5788423153692615	0.42115768463073855
3739	FG006	FG017	False	0.9161676646706587	0.08383233532934131
3740	FG001	FG012	False	0.5668662674650699	0.43313373253493015
3741	FG002	FG017	False	0.8702594810379242	0.12974051896207583
3742	FG006	FG001	False	0.5229540918163673	0.4770459081836327
3743	FG001	FG001	True	0.592814371257485	0.40718562874251496
3744	FG003	FG002	False	0.8582834331337326	0.14171656686626743
3745	FG006	FG014	False	0.9241516966067864	0.07584830339321358
3746	FG001	FG002	False	0.47704590818363274	0.5229540918163673
3747	FG004	FG006	False	0.9121756487025948	0.08782435129740518
3748	FG001	FG001	True	0.592814371257485	0.40718562874251496
3749	FG001	FG001	True	0.592814371257485	0.40718562874251496
3750	FG001	FG006	False	0.5229540918163673	0.4770459081836327
3751	FG001	FG006	False	0.5229540918163673	0.4770459081836327
3752	FG001	FG024	False	0.40918163672654695	0.590818363273453
3753	FG010	FG002	False	0.8662674650698603	0.1337325349301397
3754	FG024	FG024	True	0.8163672654690619	0.1836327345309381
3755	FG024	FG003	False	0.7904191616766467	0.20958083832335328
3756	FG001	FG001	True	0.592814371257485	0.40718562874251496
3757	FG005	FG027	False	0.9840319361277444	0.015968063872255578
3758	FG001	FG001	True	0.592814371257485	0.40718562874251496
3759	FG003	FG013	False	0.9720558882235528	0.027944111776447178
3760	FG004	FG002	False	0.8662674650698603	0.1337325349301397
3761	FG024	FG001	False	0.40918163672654695	0.590818363273453
3762	FG004	FG001	False	0.5748502994011976	0.4251497005988024
3763	FG006	FG019	False	0.9161676646706587	0.08383233532934131
3764	FG006	FG006	True	0.9301397205588823	0.06986027944111772
3765	FG019	FG001	False	0.5788423153692615	0.42115768463073855
3766	FG027	FG002	False	0.8822355289421158	0.11776447105788423
3767	FG012	FG024	False	0.7904191616766467	0.20958083832335328
3768	FG002	FG024	False	0.7005988023952097	0.29940119760479034
3769	FG024	FG001	False	0.40918163672654695	0.590818363273453
3770	FG021	FG026	False	0.9840319361277444	0.015968063872255578
3771	FG032	FG001	False	0.590818363273453	0.40918163672654695
3772	FG001	FG001	True	0.592814371257485	0.40718562874251496
3773	FG001	FG001	True	0.592814371257485	0.40718562874251496
3774	FG001	FG001	True	0.592814371257485	0.40718562874251496
3775	FG024	FG001	False	0.40918163672654695	0.590818363273453
3776	FG001	FG001	True	0.592814371257485	0.40718562874251496
3777	FG001	FG006	False	0.5229540918163673	0.4770459081836327
3778	FG004	FG006	False	0.9121756487025948	0.08782435129740518
3779	FG024	FG001	False	0.40918163672654695	0.590818363273453
3780	FG001	FG002	False	0.47704590818363274	0.5229540918163673
3781	FG006	FG001	False	0.5229540918163673	0.4770459081836327
3782	FG001	FG001	True	0.592814371257485	0.40718562874251496
3783	FG018	FG024	False	0.8043912175648703	0.1956087824351297
3784	FG001	FG001	True	0.592814371257485	0.40718562874251496
3785	FG001	FG024	False	0.40918163672654695	0.590818363273453
3786	FG002	FG002	True	0.8842315369261478	0.11576846307385225
3787	FG001	FG001	True	0.592814371257485	0.40718562874251496
3788	FG001	FG024	False	0.40918163672654695	0.590818363273453
3789	FG001	FG001	True	0.592814371257485	0.40718562874251496
3790	FG001	FG001	True	0.592814371257485	0.40718562874251496
3791	FG024	FG001	False	0.40918163672654695	0.590818363273453
3792	FG001	FG006	False	0.5229540918163673	0.4770459081836327
3793	FG024	FG001	False	0.40918163672654695	0.590818363273453
3794	FG031	FG001	False	0.590818363273453	0.40918163672654695
3795	FG006	FG024	False	0.7465069860279442	0.2534930139720558
3796	FG001	FG024	False	0.40918163672654695	0.590818363273453
3797	FG001	FG001	True	0.592814371257485	0.40718562874251496
3798	FG024	FG012	False	0.7904191616766467	0.20958083832335328
3799	FG014	FG001	False	0.5868263473053892	0.4131736526946108
3800	FG002	FG001	False	0.4770459081836328	0.5229540918163672
3801	FG018	FG005	False	0.9740518962075848	0.02594810379241519
3802	FG001	FG002	False	0.47704590818363274	0.5229540918163673
3803	FG001	FG024	False	0.40918163672654695	0.590818363273453
3804	FG024	FG005	False	0.8023952095808383	0.19760479041916168
3805	FG006	FG001	False	0.5229540918163673	0.4770459081836327
3806	FG001	FG005	False	0.5788423153692615	0.42115768463073855
3807	FG001	FG006	False	0.5229540918163673	0.4770459081836327
3808	FG017	FG024	False	0.8023952095808383	0.19760479041916168
3809	FG001	FG024	False	0.40918163672654695	0.590818363273453
3810	FG001	FG024	False	0.40918163672654695	0.590818363273453
3811	FG006	FG001	False	0.5229540918163673	0.4770459081836327
3812	FG003	FG024	False	0.7904191616766467	0.20958083832335328
3813	FG001	FG010	False	0.5748502994011976	0.4251497005988024
3814	FG002	FG005	False	0.8702594810379242	0.12974051896207583
3815	FG024	FG024	True	0.8163672654690619	0.1836327345309381
3816	FG001	FG003	False	0.5668662674650699	0.43313373253493015
3817	FG003	FG024	False	0.7904191616766467	0.20958083832335328
3818	FG017	FG024	False	0.8023952095808383	0.19760479041916168
3819	FG001	FG002	False	0.47704590818363274	0.5229540918163673
3820	FG005	FG023	False	0.9760479041916167	0.02395209580838331
3821	FG024	FG002	False	0.7005988023952097	0.29940119760479034
3822	FG001	FG002	False	0.47704590818363274	0.5229540918163673
3823	FG001	FG001	True	0.592814371257485	0.40718562874251496
3824	FG024	FG031	False	0.8143712574850299	0.18562874251497008
3825	FG001	FG001	True	0.592814371257485	0.40718562874251496
3826	FG003	FG016	False	0.9720558882235528	0.027944111776447178
3827	FG024	FG001	False	0.40918163672654695	0.590818363273453
3828	FG024	FG024	True	0.8163672654690619	0.1836327345309381
3829	FG019	FG024	False	0.8023952095808383	0.19760479041916168
3830	FG017	FG024	False	0.8023952095808383	0.19760479041916168
3831	FG001	FG002	False	0.47704590818363274	0.5229540918163673
3832	FG006	FG001	False	0.5229540918163673	0.4770459081836327
3833	FG004	FG007	False	0.9780439121756487	0.021956087824351322
3834	FG001	FG001	True	0.592814371257485	0.40718562874251496
3835	FG006	FG002	False	0.8143712574850299	0.18562874251497008
3836	FG001	FG001	True	0.592814371257485	0.40718562874251496
3837	FG024	FG005	False	0.8023952095808383	0.19760479041916168
3838	FG001	FG006	False	0.5229540918163673	0.4770459081836327
3839	FG016	FG006	False	0.9281437125748503	0.07185628742514971
3840	FG031	FG006	False	0.9281437125748503	0.07185628742514971
3841	FG018	FG006	False	0.9181636726546907	0.08183632734530932
3842	FG024	FG003	False	0.7904191616766467	0.20958083832335328
3843	FG001	FG001	True	0.592814371257485	0.40718562874251496
3844	FG002	FG017	False	0.8702594810379242	0.12974051896207583
3845	FG024	FG001	False	0.40918163672654695	0.590818363273453
3846	FG002	FG024	False	0.7005988023952097	0.29940119760479034
3847	FG001	FG001	True	0.592814371257485	0.40718562874251496
3848	FG012	FG024	False	0.7904191616766467	0.20958083832335328
3849	FG001	FG001	True	0.592814371257485	0.40718562874251496
3850	FG002	FG002	True	0.8842315369261478	0.11576846307385225
3851	FG002	FG006	False	0.81437125748503	0.18562874251496997
3852	FG001	FG001	True	0.592814371257485	0.40718562874251496
3853	FG001	FG032	False	0.590818363273453	0.40918163672654695
3854	FG015	FG024	False	0.8043912175648703	0.1956087824351297
3855	FG006	FG001	False	0.5229540918163673	0.4770459081836327
3856	FG001	FG001	True	0.592814371257485	0.40718562874251496
3857	FG002	FG001	False	0.4770459081836328	0.5229540918163672
3858	FG006	FG001	False	0.5229540918163673	0.4770459081836327
3859	FG001	FG001	True	0.592814371257485	0.40718562874251496
3860	FG023	FG002	False	0.874251497005988	0.12574850299401197
3861	FG002	FG001	False	0.4770459081836328	0.5229540918163672
3862	FG002	FG001	False	0.4770459081836328	0.5229540918163672
3863	FG002	FG003	False	0.8582834331337326	0.14171656686626743
3864	FG001	FG006	False	0.5229540918163673	0.4770459081836327
3865	FG002	FG004	False	0.8662674650698603	0.1337325349301397
3866	FG001	FG001	True	0.592814371257485	0.40718562874251496
3867	FG002	FG001	False	0.4770459081836328	0.5229540918163672
3868	FG001	FG001	True	0.592814371257485	0.40718562874251496
3869	FG017	FG001	False	0.5788423153692615	0.42115768463073855
3870	FG004	FG001	False	0.5748502994011976	0.4251497005988024
3871	FG024	FG001	False	0.40918163672654695	0.590818363273453
3872	FG024	FG024	True	0.8163672654690619	0.1836327345309381
3873	FG024	FG001	False	0.40918163672654695	0.590818363273453
3874	FG001	FG001	True	0.592814371257485	0.40718562874251496
3875	FG002	FG024	False	0.7005988023952097	0.29940119760479034
3876	FG001	FG001	True	0.592814371257485	0.40718562874251496
3877	FG024	FG024	True	0.8163672654690619	0.1836327345309381
3878	FG001	FG002	False	0.47704590818363274	0.5229540918163673
3879	FG001	FG001	True	0.592814371257485	0.40718562874251496
3880	FG001	FG024	False	0.40918163672654695	0.590818363273453
3881	FG001	FG001	True	0.592814371257485	0.40718562874251496
3882	FG001	FG024	False	0.40918163672654695	0.590818363273453
3883	FG024	FG019	False	0.8023952095808383	0.19760479041916168
3884	FG001	FG001	True	0.592814371257485	0.40718562874251496
3885	FG001	FG001	True	0.592814371257485	0.40718562874251496
3886	FG024	FG001	False	0.40918163672654695	0.590818363273453
3887	FG001	FG024	False	0.40918163672654695	0.590818363273453
3888	FG001	FG001	True	0.592814371257485	0.40718562874251496
3889	FG002	FG021	False	0.8702594810379242	0.12974051896207583
3890	FG002	FG024	False	0.7005988023952097	0.29940119760479034
3891	FG001	FG001	True	0.592814371257485	0.40718562874251496
3892	FG006	FG018	False	0.9181636726546907	0.08183632734530932
3893	FG001	FG001	True	0.592814371257485	0.40718562874251496
3894	FG010	FG001	False	0.5748502994011976	0.4251497005988024
3895	FG001	FG010	False	0.5748502994011976	0.4251497005988024
3896	FG002	FG002	True	0.8842315369261478	0.11576846307385225
3897	FG002	FG003	False	0.8582834331337326	0.14171656686626743
3898	FG002	FG001	False	0.4770459081836328	0.5229540918163672
3899	FG012	FG002	False	0.8582834331337326	0.14171656686626743
3900	FG001	FG001	True	0.592814371257485	0.40718562874251496
3901	FG001	FG001	True	0.592814371257485	0.40718562874251496
3902	FG024	FG001	False	0.40918163672654695	0.590818363273453
3903	FG024	FG004	False	0.7984031936127745	0.20159680638722555
3904	FG001	FG020	False	0.590818363273453	0.40918163672654695
3905	FG012	FG015	False	0.9620758483033932	0.03792415169660679
3906	FG008	FG008	True	0.9960079840319361	0.003992015968063867
3907	FG019	FG024	False	0.8023952095808383	0.19760479041916168
3908	FG024	FG001	False	0.40918163672654695	0.590818363273453
3909	FG006	FG024	False	0.7465069860279442	0.2534930139720558
3910	FG001	FG002	False	0.47704590818363274	0.5229540918163673
3911	FG017	FG006	False	0.9161676646706587	0.08383233532934131
3912	FG001	FG003	False	0.5668662674650699	0.43313373253493015
3913	FG002	FG024	False	0.7005988023952097	0.29940119760479034
3914	FG005	FG004	False	0.968063872255489	0.031936127744511045
3915	FG001	FG019	False	0.5788423153692615	0.42115768463073855
3916	FG001	FG001	True	0.592814371257485	0.40718562874251496
3917	FG012	FG024	False	0.7904191616766467	0.20958083832335328
3918	FG001	FG024	False	0.40918163672654695	0.590818363273453
3919	FG002	FG006	False	0.81437125748503	0.18562874251496997
3920	FG002	FG001	False	0.4770459081836328	0.5229540918163672
3921	FG003	FG024	False	0.7904191616766467	0.20958083832335328
3922	FG001	FG001	True	0.592814371257485	0.40718562874251496
3923	FG001	FG012	False	0.5668662674650699	0.43313373253493015
3924	FG006	FG002	False	0.8143712574850299	0.18562874251497008
3925	FG024	FG023	False	0.8063872255489022	0.1936127744510978
3926	FG001	FG015	False	0.5808383233532934	0.41916167664670656
3927	FG006	FG001	False	0.5229540918163673	0.4770459081836327
3928	FG001	FG014	False	0.5868263473053892	0.4131736526946108
3929	FG001	FG002	False	0.47704590818363274	0.5229540918163673
3930	FG001	FG001	True	0.592814371257485	0.40718562874251496
3931	FG001	FG024	False	0.40918163672654695	0.590818363273453
3932	FG001	FG001	True	0.592814371257485	0.40718562874251496
3933	FG001	FG021	False	0.5788423153692615	0.42115768463073855
3934	FG012	FG003	False	0.9481037924151696	0.05189620758483038
3935	FG006	FG024	False	0.7465069860279442	0.2534930139720558
3936	FG001	FG019	False	0.5788423153692615	0.42115768463073855
3937	FG001	FG001	True	0.592814371257485	0.40718562874251496
3938	FG028	FG001	False	0.590818363273453	0.40918163672654695
3939	FG001	FG022	False	0.590818363273453	0.40918163672654695
3940	FG024	FG001	False	0.40918163672654695	0.590818363273453
3941	FG001	FG006	False	0.5229540918163673	0.4770459081836327
3942	FG001	FG024	False	0.40918163672654695	0.590818363273453
3943	FG002	FG001	False	0.4770459081836328	0.5229540918163672
3944	FG004	FG004	True	0.9820359281437125	0.017964071856287456
3945	FG001	FG024	False	0.40918163672654695	0.590818363273453
3946	FG001	FG017	False	0.5788423153692615	0.42115768463073855
3947	FG001	FG019	False	0.5788423153692615	0.42115768463073855
3948	FG024	FG001	False	0.40918163672654695	0.590818363273453
3949	FG024	FG002	False	0.7005988023952097	0.29940119760479034
3950	FG002	FG024	False	0.7005988023952097	0.29940119760479034
3951	FG024	FG001	False	0.40918163672654695	0.590818363273453
3952	FG002	FG001	False	0.4770459081836328	0.5229540918163672
3953	FG012	FG024	False	0.7904191616766467	0.20958083832335328
3954	FG024	FG001	False	0.40918163672654695	0.590818363273453
3955	FG001	FG006	False	0.5229540918163673	0.4770459081836327
3956	FG021	FG024	False	0.8023952095808383	0.19760479041916168
3957	FG001	FG002	False	0.47704590818363274	0.5229540918163673
3958	FG024	FG004	False	0.7984031936127745	0.20159680638722555
3959	FG006	FG001	False	0.5229540918163673	0.4770459081836327
3960	FG001	FG001	True	0.592814371257485	0.40718562874251496
3961	FG001	FG024	False	0.40918163672654695	0.590818363273453
3962	FG002	FG024	False	0.7005988023952097	0.29940119760479034
3963	FG001	FG001	True	0.592814371257485	0.40718562874251496
3964	FG017	FG002	False	0.870259481037924	0.12974051896207595
3965	FG001	FG001	True	0.592814371257485	0.40718562874251496
3966	FG006	FG006	True	0.9301397205588823	0.06986027944111772
3967	FG001	FG017	False	0.5788423153692615	0.42115768463073855
3968	FG001	FG004	False	0.5748502994011976	0.4251497005988024
3969	FG001	FG024	False	0.40918163672654695	0.590818363273453
3970	FG001	FG001	True	0.592814371257485	0.40718562874251496
3971	FG006	FG003	False	0.9041916167664671	0.09580838323353291
3972	FG023	FG024	False	0.8063872255489022	0.1936127744510978
3973	FG018	FG024	False	0.8043912175648703	0.1956087824351297
3974	FG001	FG024	False	0.40918163672654695	0.590818363273453
3975	FG001	FG017	False	0.5788423153692615	0.42115768463073855
3976	FG001	FG006	False	0.5229540918163673	0.4770459081836327
3977	FG008	FG024	False	0.812375249500998	0.18762475049900196
3978	FG001	FG021	False	0.5788423153692615	0.42115768463073855
3979	FG024	FG001	False	0.40918163672654695	0.590818363273453
3980	FG003	FG001	False	0.5668662674650699	0.43313373253493015
3981	FG001	FG012	False	0.5668662674650699	0.43313373253493015
3982	FG024	FG001	False	0.40918163672654695	0.590818363273453
3983	FG001	FG015	False	0.5808383233532934	0.41916167664670656
3984	FG001	FG001	True	0.592814371257485	0.40718562874251496
3985	FG001	FG002	False	0.47704590818363274	0.5229540918163673
3986	FG002	FG024	False	0.7005988023952097	0.29940119760479034
3987	FG011	FG004	False	0.9800399201596806	0.019960079840319445
3988	FG024	FG001	False	0.40918163672654695	0.590818363273453
3989	FG001	FG001	True	0.592814371257485	0.40718562874251496
3990	FG024	FG001	False	0.40918163672654695	0.590818363273453
3991	FG024	FG024	True	0.8163672654690619	0.1836327345309381
3992	FG002	FG001	False	0.4770459081836328	0.5229540918163672
3993	FG001	FG024	False	0.40918163672654695	0.590818363273453
3994	FG001	FG004	False	0.5748502994011976	0.4251497005988024
3995	FG006	FG001	False	0.5229540918163673	0.4770459081836327
3996	FG001	FG023	False	0.5828343313373253	0.4171656686626747
3997	FG024	FG001	False	0.40918163672654695	0.590818363273453
3998	FG017	FG001	False	0.5788423153692615	0.42115768463073855
3999	FG001	FG001	True	0.592814371257485	0.40718562874251496
4000	FG001	FG001	True	0.592814371257485	0.40718562874251496
4001	FG031	FG001	False	0.590818363273453	0.40918163672654695
4002	FG001	FG006	False	0.5229540918163673	0.4770459081836327
4003	FG003	FG001	False	0.5668662674650699	0.43313373253493015
4004	FG019	FG024	False	0.8023952095808383	0.19760479041916168
4005	FG001	FG005	False	0.5788423153692615	0.42115768463073855
4006	FG005	FG001	False	0.5788423153692615	0.42115768463073855
4007	FG001	FG010	False	0.5748502994011976	0.4251497005988024
4008	FG001	FG024	False	0.40918163672654695	0.590818363273453
4009	FG001	FG001	True	0.592814371257485	0.40718562874251496
4010	FG024	FG001	False	0.40918163672654695	0.590818363273453
4011	FG024	FG024	True	0.8163672654690619	0.1836327345309381
4012	FG024	FG024	True	0.8163672654690619	0.1836327345309381
4013	FG002	FG001	False	0.4770459081836328	0.5229540918163672
4014	FG001	FG024	False	0.40918163672654695	0.590818363273453
4015	FG001	FG006	False	0.5229540918163673	0.4770459081836327
4016	FG024	FG001	False	0.40918163672654695	0.590818363273453
4017	FG002	FG026	False	0.8822355289421158	0.11776447105788423
4018	FG002	FG024	False	0.7005988023952097	0.29940119760479034
4019	FG001	FG006	False	0.5229540918163673	0.4770459081836327
4020	FG001	FG001	True	0.592814371257485	0.40718562874251496
4021	FG026	FG002	False	0.8822355289421158	0.11776447105788423
4022	FG006	FG002	False	0.8143712574850299	0.18562874251497008
4023	FG001	FG024	False	0.40918163672654695	0.590818363273453
4024	FG024	FG032	False	0.8143712574850299	0.18562874251497008
4025	FG023	FG001	False	0.5828343313373253	0.4171656686626747
4026	FG019	FG001	False	0.5788423153692615	0.42115768463073855
4027	FG006	FG001	False	0.5229540918163673	0.4770459081836327
4028	FG001	FG006	False	0.5229540918163673	0.4770459081836327
4029	FG001	FG010	False	0.5748502994011976	0.4251497005988024
4030	FG024	FG002	False	0.7005988023952097	0.29940119760479034
4031	FG001	FG024	False	0.40918163672654695	0.590818363273453
4032	FG001	FG006	False	0.5229540918163673	0.4770459081836327
4033	FG012	FG001	False	0.5668662674650699	0.43313373253493015
4034	FG017	FG019	False	0.9720558882235528	0.027944111776447178
4035	FG002	FG001	False	0.4770459081836328	0.5229540918163672
4036	FG002	FG017	False	0.8702594810379242	0.12974051896207583
4037	FG001	FG005	False	0.5788423153692615	0.42115768463073855
4038	FG001	FG002	False	0.47704590818363274	0.5229540918163673
4039	FG001	FG002	False	0.47704590818363274	0.5229540918163673
4040	FG007	FG002	False	0.8802395209580838	0.11976047904191622
4041	FG001	FG001	True	0.592814371257485	0.40718562874251496
4042	FG002	FG005	False	0.8702594810379242	0.12974051896207583
4043	FG006	FG001	False	0.5229540918163673	0.4770459081836327
4044	FG024	FG022	False	0.8143712574850299	0.18562874251497008
4045	FG021	FG003	False	0.9600798403193612	0.03992015968063878
4046	FG024	FG001	False	0.40918163672654695	0.590818363273453
4047	FG024	FG002	False	0.7005988023952097	0.29940119760479034
4048	FG002	FG004	False	0.8662674650698603	0.1337325349301397
4049	FG024	FG002	False	0.7005988023952097	0.29940119760479034
4050	FG005	FG024	False	0.8023952095808383	0.19760479041916168
4051	FG024	FG024	True	0.8163672654690619	0.1836327345309381
4052	FG024	FG001	False	0.40918163672654695	0.590818363273453
4053	FG006	FG006	True	0.9301397205588823	0.06986027944111772
4054	FG001	FG001	True	0.592814371257485	0.40718562874251496
4055	FG001	FG019	False	0.5788423153692615	0.42115768463073855
4056	FG001	FG001	True	0.592814371257485	0.40718562874251496
4057	FG001	FG001	True	0.592814371257485	0.40718562874251496
4058	FG001	FG001	True	0.592814371257485	0.40718562874251496
4059	FG006	FG001	False	0.5229540918163673	0.4770459081836327
4060	FG001	FG003	False	0.5668662674650699	0.43313373253493015
4061	FG006	FG001	False	0.5229540918163673	0.4770459081836327
4062	FG024	FG001	False	0.40918163672654695	0.590818363273453
4063	FG018	FG001	False	0.5808383233532934	0.41916167664670656
4064	FG012	FG001	False	0.5668662674650699	0.43313373253493015
4065	FG024	FG024	True	0.8163672654690619	0.1836327345309381
4066	FG006	FG001	False	0.5229540918163673	0.4770459081836327
4067	FG001	FG018	False	0.5808383233532934	0.41916167664670656
4068	FG003	FG023	False	0.9640718562874251	0.03592814371257491
4069	FG023	FG001	False	0.5828343313373253	0.4171656686626747
4070	FG001	FG001	True	0.592814371257485	0.40718562874251496
4071	FG018	FG006	False	0.9181636726546907	0.08183632734530932
4072	FG002	FG006	False	0.81437125748503	0.18562874251496997
4073	FG001	FG001	True	0.592814371257485	0.40718562874251496
4074	FG002	FG002	True	0.8842315369261478	0.11576846307385225
4075	FG024	FG001	False	0.40918163672654695	0.590818363273453
4076	FG001	FG017	False	0.5788423153692615	0.42115768463073855
4077	FG024	FG010	False	0.7984031936127745	0.20159680638722555
4078	FG001	FG001	True	0.592814371257485	0.40718562874251496
4079	FG027	FG024	False	0.8143712574850299	0.18562874251497008
4080	FG010	FG001	False	0.5748502994011976	0.4251497005988024
4081	FG001	FG001	True	0.592814371257485	0.40718562874251496
4082	FG004	FG001	False	0.5748502994011976	0.4251497005988024
4083	FG006	FG001	False	0.5229540918163673	0.4770459081836327
4084	FG017	FG006	False	0.9161676646706587	0.08383233532934131
4085	FG017	FG001	False	0.5788423153692615	0.42115768463073855
4086	FG021	FG003	False	0.9600798403193612	0.03992015968063878
4087	FG017	FG024	False	0.8023952095808383	0.19760479041916168
4088	FG023	FG001	False	0.5828343313373253	0.4171656686626747
4089	FG019	FG019	True	0.9860279441117764	0.013972055888223589
4090	FG024	FG001	False	0.40918163672654695	0.590818363273453
4091	FG012	FG001	False	0.5668662674650699	0.43313373253493015
4092	FG002	FG016	False	0.8822355289421158	0.11776447105788423
4093	FG001	FG001	True	0.592814371257485	0.40718562874251496
4094	FG006	FG001	False	0.5229540918163673	0.4770459081836327
4095	FG012	FG024	False	0.7904191616766467	0.20958083832335328
4096	FG001	FG024	False	0.40918163672654695	0.590818363273453
4097	FG006	FG019	False	0.9161676646706587	0.08383233532934131
4098	FG012	FG001	False	0.5668662674650699	0.43313373253493015
4099	FG001	FG001	True	0.592814371257485	0.40718562874251496
4100	FG015	FG005	False	0.9740518962075848	0.02594810379241519
4101	FG024	FG002	False	0.7005988023952097	0.29940119760479034
4102	FG024	FG014	False	0.810379241516966	0.18962075848303395
4103	FG001	FG017	False	0.5788423153692615	0.42115768463073855
4104	FG001	FG002	False	0.47704590818363274	0.5229540918163673
4105	FG001	FG024	False	0.40918163672654695	0.590818363273453
4106	FG001	FG001	True	0.592814371257485	0.40718562874251496
4107	FG024	FG001	False	0.40918163672654695	0.590818363273453
4108	FG001	FG024	False	0.40918163672654695	0.590818363273453
4109	FG003	FG002	False	0.8582834331337326	0.14171656686626743
4110	FG021	FG001	False	0.5788423153692615	0.42115768463073855
4111	FG001	FG001	True	0.592814371257485	0.40718562874251496
4112	FG002	FG001	False	0.4770459081836328	0.5229540918163672
4113	FG008	FG024	False	0.812375249500998	0.18762475049900196
4114	FG001	FG002	False	0.47704590818363274	0.5229540918163673
4115	FG005	FG003	False	0.9600798403193612	0.03992015968063878
4116	FG024	FG001	False	0.40918163672654695	0.590818363273453
4117	FG001	FG024	False	0.40918163672654695	0.590818363273453
4118	FG001	FG001	True	0.592814371257485	0.40718562874251496
4119	FG001	FG004	False	0.5748502994011976	0.4251497005988024
4120	FG001	FG001	True	0.592814371257485	0.40718562874251496
4121	FG001	FG002	False	0.47704590818363274	0.5229540918163673
4122	FG001	FG030	False	0.5888223552894212	0.4111776447105788
4123	FG001	FG005	False	0.5788423153692615	0.42115768463073855
4124	FG001	FG002	False	0.47704590818363274	0.5229540918163673
4125	FG024	FG001	False	0.40918163672654695	0.590818363273453
4126	FG001	FG018	False	0.5808383233532934	0.41916167664670656
4127	FG002	FG001	False	0.4770459081836328	0.5229540918163672
4128	FG001	FG012	False	0.5668662674650699	0.43313373253493015
4129	FG002	FG006	False	0.81437125748503	0.18562874251496997
4130	FG001	FG006	False	0.5229540918163673	0.4770459081836327
4131	FG001	FG004	False	0.5748502994011976	0.4251497005988024
4132	FG001	FG002	False	0.47704590818363274	0.5229540918163673
4133	FG002	FG004	False	0.8662674650698603	0.1337325349301397
4134	FG001	FG001	True	0.592814371257485	0.40718562874251496
4135	FG001	FG006	False	0.5229540918163673	0.4770459081836327
4136	FG003	FG001	False	0.5668662674650699	0.43313373253493015
4137	FG024	FG006	False	0.7465069860279442	0.2534930139720558
4138	FG024	FG002	False	0.7005988023952097	0.29940119760479034
4139	FG002	FG001	False	0.4770459081836328	0.5229540918163672
4140	FG002	FG002	True	0.8842315369261478	0.11576846307385225
4141	FG001	FG001	True	0.592814371257485	0.40718562874251496
4142	FG001	FG001	True	0.592814371257485	0.40718562874251496
4143	FG002	FG001	False	0.4770459081836328	0.5229540918163672
4144	FG021	FG001	False	0.5788423153692615	0.42115768463073855
4145	FG005	FG024	False	0.8023952095808383	0.19760479041916168
4146	FG031	FG002	False	0.8822355289421158	0.11776447105788423
4147	FG001	FG001	True	0.592814371257485	0.40718562874251496
4148	FG003	FG024	False	0.7904191616766467	0.20958083832335328
4149	FG018	FG024	False	0.8043912175648703	0.1956087824351297
4150	FG024	FG001	False	0.40918163672654695	0.590818363273453
4151	FG024	FG024	True	0.8163672654690619	0.1836327345309381
4152	FG001	FG006	False	0.5229540918163673	0.4770459081836327
4153	FG001	FG024	False	0.40918163672654695	0.590818363273453
4154	FG001	FG002	False	0.47704590818363274	0.5229540918163673
4155	FG015	FG006	False	0.9181636726546907	0.08183632734530932
4156	FG024	FG012	False	0.7904191616766467	0.20958083832335328
4157	FG001	FG024	False	0.40918163672654695	0.590818363273453
4158	FG001	FG024	False	0.40918163672654695	0.590818363273453
4159	FG024	FG001	False	0.40918163672654695	0.590818363273453
4160	FG010	FG001	False	0.5748502994011976	0.4251497005988024
4161	FG001	FG002	False	0.47704590818363274	0.5229540918163673
4162	FG021	FG001	False	0.5788423153692615	0.42115768463073855
4163	FG003	FG002	False	0.8582834331337326	0.14171656686626743
4164	FG001	FG001	True	0.592814371257485	0.40718562874251496
4165	FG001	FG012	False	0.5668662674650699	0.43313373253493015
4166	FG002	FG001	False	0.4770459081836328	0.5229540918163672
4167	FG001	FG002	False	0.47704590818363274	0.5229540918163673
4168	FG024	FG002	False	0.7005988023952097	0.29940119760479034
4169	FG003	FG024	False	0.7904191616766467	0.20958083832335328
4170	FG024	FG002	False	0.7005988023952097	0.29940119760479034
4171	FG001	FG002	False	0.47704590818363274	0.5229540918163673
4172	FG024	FG002	False	0.7005988023952097	0.29940119760479034
4173	FG001	FG002	False	0.47704590818363274	0.5229540918163673
4174	FG006	FG001	False	0.5229540918163673	0.4770459081836327
4175	FG001	FG001	True	0.592814371257485	0.40718562874251496
4176	FG001	FG024	False	0.40918163672654695	0.590818363273453
4177	FG001	FG001	True	0.592814371257485	0.40718562874251496
4178	FG001	FG001	True	0.592814371257485	0.40718562874251496
4179	FG002	FG012	False	0.8582834331337326	0.14171656686626743
4180	FG001	FG024	False	0.40918163672654695	0.590818363273453
4181	FG024	FG001	False	0.40918163672654695	0.590818363273453
4182	FG004	FG001	False	0.5748502994011976	0.4251497005988024
4183	FG003	FG001	False	0.5668662674650699	0.43313373253493015
4184	FG001	FG002	False	0.47704590818363274	0.5229540918163673
4185	FG001	FG002	False	0.47704590818363274	0.5229540918163673
4186	FG010	FG001	False	0.5748502994011976	0.4251497005988024
4187	FG002	FG001	False	0.4770459081836328	0.5229540918163672
4188	FG006	FG002	False	0.8143712574850299	0.18562874251497008
4189	FG024	FG001	False	0.40918163672654695	0.590818363273453
4190	FG001	FG001	True	0.592814371257485	0.40718562874251496
4191	FG001	FG024	False	0.40918163672654695	0.590818363273453
4192	FG001	FG024	False	0.40918163672654695	0.590818363273453
4193	FG001	FG023	False	0.5828343313373253	0.4171656686626747
4194	FG001	FG001	True	0.592814371257485	0.40718562874251496
4195	FG001	FG001	True	0.592814371257485	0.40718562874251496
4196	FG001	FG003	False	0.5668662674650699	0.43313373253493015
4197	FG001	FG003	False	0.5668662674650699	0.43313373253493015
4198	FG024	FG025	False	0.8143712574850299	0.18562874251497008
4199	FG024	FG001	False	0.40918163672654695	0.590818363273453
4200	FG001	FG002	False	0.47704590818363274	0.5229540918163673
4201	FG001	FG024	False	0.40918163672654695	0.590818363273453
4202	FG024	FG001	False	0.40918163672654695	0.590818363273453
4203	FG001	FG006	False	0.5229540918163673	0.4770459081836327
4204	FG001	FG001	True	0.592814371257485	0.40718562874251496
4205	FG024	FG031	False	0.8143712574850299	0.18562874251497008
4206	FG001	FG024	False	0.40918163672654695	0.590818363273453
4207	FG001	FG010	False	0.5748502994011976	0.4251497005988024
4208	FG001	FG017	False	0.5788423153692615	0.42115768463073855
4209	FG001	FG003	False	0.5668662674650699	0.43313373253493015
4210	FG024	FG001	False	0.40918163672654695	0.590818363273453
4211	FG001	FG024	False	0.40918163672654695	0.590818363273453
4212	FG001	FG024	False	0.40918163672654695	0.590818363273453
4213	FG014	FG006	False	0.9241516966067864	0.07584830339321358
4214	FG015	FG004	False	0.9700598802395209	0.029940119760479056
4215	FG002	FG012	False	0.8582834331337326	0.14171656686626743
4216	FG002	FG021	False	0.8702594810379242	0.12974051896207583
4217	FG001	FG019	False	0.5788423153692615	0.42115768463073855
4218	FG002	FG002	True	0.8842315369261478	0.11576846307385225
4219	FG024	FG024	True	0.8163672654690619	0.1836327345309381
4220	FG024	FG001	False	0.40918163672654695	0.590818363273453
4221	FG006	FG001	False	0.5229540918163673	0.4770459081836327
4222	FG012	FG005	False	0.9600798403193612	0.03992015968063878
4223	FG001	FG001	True	0.592814371257485	0.40718562874251496
4224	FG006	FG024	False	0.7465069860279442	0.2534930139720558
4225	FG002	FG001	False	0.4770459081836328	0.5229540918163672
4226	FG001	FG001	True	0.592814371257485	0.40718562874251496
4227	FG014	FG001	False	0.5868263473053892	0.4131736526946108
4228	FG001	FG001	True	0.592814371257485	0.40718562874251496
4229	FG001	FG001	True	0.592814371257485	0.40718562874251496
4230	FG017	FG005	False	0.9720558882235528	0.027944111776447178
4231	FG006	FG001	False	0.5229540918163673	0.4770459081836327
4232	FG002	FG002	True	0.8842315369261478	0.11576846307385225
4233	FG001	FG002	False	0.47704590818363274	0.5229540918163673
4234	FG006	FG001	False	0.5229540918163673	0.4770459081836327
4235	FG024	FG001	False	0.40918163672654695	0.590818363273453
4236	FG024	FG001	False	0.40918163672654695	0.590818363273453
4237	FG001	FG001	True	0.592814371257485	0.40718562874251496
4238	FG001	FG024	False	0.40918163672654695	0.590818363273453
4239	FG001	FG024	False	0.40918163672654695	0.590818363273453
4240	FG001	FG002	False	0.47704590818363274	0.5229540918163673
4241	FG001	FG006	False	0.5229540918163673	0.4770459081836327
4242	FG004	FG024	False	0.7984031936127745	0.20159680638722555
4243	FG006	FG003	False	0.9041916167664671	0.09580838323353291
4244	FG008	FG006	False	0.9261477045908184	0.07385229540918159
4245	FG024	FG001	False	0.40918163672654695	0.590818363273453
4246	FG001	FG001	True	0.592814371257485	0.40718562874251496
4247	FG001	FG001	True	0.592814371257485	0.40718562874251496
4248	FG001	FG002	False	0.47704590818363274	0.5229540918163673
4249	FG010	FG001	False	0.5748502994011976	0.4251497005988024
4250	FG001	FG018	False	0.5808383233532934	0.41916167664670656
4251	FG024	FG001	False	0.40918163672654695	0.590818363273453
4252	FG001	FG002	False	0.47704590818363274	0.5229540918163673
4253	FG012	FG002	False	0.8582834331337326	0.14171656686626743
4254	FG024	FG001	False	0.40918163672654695	0.590818363273453
4255	FG006	FG001	False	0.5229540918163673	0.4770459081836327
4256	FG006	FG012	False	0.9041916167664671	0.09580838323353291
4257	FG001	FG002	False	0.47704590818363274	0.5229540918163673
4258	FG001	FG025	False	0.590818363273453	0.40918163672654695
4259	FG012	FG005	False	0.9600798403193612	0.03992015968063878
4260	FG001	FG001	True	0.592814371257485	0.40718562874251496
4261	FG001	FG006	False	0.5229540918163673	0.4770459081836327
4262	FG005	FG024	False	0.8023952095808383	0.19760479041916168
4263	FG001	FG007	False	0.5888223552894212	0.4111776447105788
4264	FG001	FG002	False	0.47704590818363274	0.5229540918163673
4265	FG004	FG024	False	0.7984031936127745	0.20159680638722555
4266	FG001	FG002	False	0.47704590818363274	0.5229540918163673
4267	FG001	FG006	False	0.5229540918163673	0.4770459081836327
4268	FG012	FG006	False	0.9041916167664671	0.09580838323353291
4269	FG001	FG001	True	0.592814371257485	0.40718562874251496
4270	FG024	FG024	True	0.8163672654690619	0.1836327345309381
4271	FG024	FG024	True	0.8163672654690619	0.1836327345309381
4272	FG024	FG017	False	0.8023952095808383	0.19760479041916168
4273	FG024	FG021	False	0.8023952095808383	0.19760479041916168
4274	FG002	FG001	False	0.4770459081836328	0.5229540918163672
4275	FG001	FG001	True	0.592814371257485	0.40718562874251496
4276	FG001	FG024	False	0.40918163672654695	0.590818363273453
4277	FG024	FG001	False	0.40918163672654695	0.590818363273453
4278	FG001	FG001	True	0.592814371257485	0.40718562874251496
4279	FG012	FG005	False	0.9600798403193612	0.03992015968063878
4280	FG002	FG019	False	0.8702594810379242	0.12974051896207583
4281	FG024	FG001	False	0.40918163672654695	0.590818363273453
4282	FG006	FG001	False	0.5229540918163673	0.4770459081836327
4283	FG024	FG003	False	0.7904191616766467	0.20958083832335328
4284	FG001	FG012	False	0.5668662674650699	0.43313373253493015
4285	FG017	FG001	False	0.5788423153692615	0.42115768463073855
4286	FG006	FG024	False	0.7465069860279442	0.2534930139720558
4287	FG024	FG001	False	0.40918163672654695	0.590818363273453
4288	FG002	FG024	False	0.7005988023952097	0.29940119760479034
4289	FG024	FG024	True	0.8163672654690619	0.1836327345309381
4290	FG022	FG001	False	0.590818363273453	0.40918163672654695
4291	FG002	FG009	False	0.8802395209580839	0.11976047904191611
4292	FG001	FG002	False	0.47704590818363274	0.5229540918163673
4293	FG006	FG021	False	0.9161676646706587	0.08383233532934131
4294	FG018	FG008	False	0.9840319361277445	0.015968063872255467
4295	FG002	FG001	False	0.4770459081836328	0.5229540918163672
4296	FG010	FG024	False	0.7984031936127745	0.20159680638722555
4297	FG001	FG001	True	0.592814371257485	0.40718562874251496
4298	FG003	FG001	False	0.5668662674650699	0.43313373253493015
4299	FG002	FG001	False	0.4770459081836328	0.5229540918163672
4300	FG001	FG001	True	0.592814371257485	0.40718562874251496
4301	FG002	FG001	False	0.4770459081836328	0.5229540918163672
4302	FG024	FG001	False	0.40918163672654695	0.590818363273453
4303	FG001	FG024	False	0.40918163672654695	0.590818363273453
4304	FG006	FG024	False	0.7465069860279442	0.2534930139720558
4305	FG001	FG001	True	0.592814371257485	0.40718562874251496
4306	FG024	FG001	False	0.40918163672654695	0.590818363273453
4307	FG001	FG024	False	0.40918163672654695	0.590818363273453
4308	FG024	FG001	False	0.40918163672654695	0.590818363273453
4309	FG024	FG001	False	0.40918163672654695	0.590818363273453
4310	FG024	FG024	True	0.8163672654690619	0.1836327345309381
4311	FG021	FG024	False	0.8023952095808383	0.19760479041916168
4312	FG001	FG024	False	0.40918163672654695	0.590818363273453
4313	FG021	FG023	False	0.9760479041916167	0.02395209580838331
4314	FG001	FG001	True	0.592814371257485	0.40718562874251496
4315	FG018	FG002	False	0.872255489021956	0.12774451097804396
4316	FG024	FG001	False	0.40918163672654695	0.590818363273453
4317	FG012	FG006	False	0.9041916167664671	0.09580838323353291
4318	FG024	FG024	True	0.8163672654690619	0.1836327345309381
4319	FG001	FG024	False	0.40918163672654695	0.590818363273453
4320	FG024	FG024	True	0.8163672654690619	0.1836327345309381
4321	FG024	FG001	False	0.40918163672654695	0.590818363273453
4322	FG024	FG001	False	0.40918163672654695	0.590818363273453
4323	FG024	FG024	True	0.8163672654690619	0.1836327345309381
4324	FG001	FG001	True	0.592814371257485	0.40718562874251496
4325	FG004	FG002	False	0.8662674650698603	0.1337325349301397
4326	FG002	FG001	False	0.4770459081836328	0.5229540918163672
4327	FG017	FG001	False	0.5788423153692615	0.42115768463073855
4328	FG006	FG001	False	0.5229540918163673	0.4770459081836327
4329	FG001	FG024	False	0.40918163672654695	0.590818363273453
4330	FG001	FG012	False	0.5668662674650699	0.43313373253493015
4331	FG017	FG024	False	0.8023952095808383	0.19760479041916168
4332	FG001	FG002	False	0.47704590818363274	0.5229540918163673
4333	FG001	FG002	False	0.47704590818363274	0.5229540918163673
4334	FG011	FG002	False	0.8822355289421158	0.11776447105788423
4335	FG001	FG001	True	0.592814371257485	0.40718562874251496
4336	FG001	FG001	True	0.592814371257485	0.40718562874251496
4337	FG002	FG002	True	0.8842315369261478	0.11576846307385225
4338	FG001	FG017	False	0.5788423153692615	0.42115768463073855
4339	FG006	FG015	False	0.9181636726546907	0.08183632734530932
4340	FG024	FG001	False	0.40918163672654695	0.590818363273453
4341	FG001	FG001	True	0.592814371257485	0.40718562874251496
4342	FG001	FG024	False	0.40918163672654695	0.590818363273453
4343	FG002	FG001	False	0.4770459081836328	0.5229540918163672
4344	FG018	FG001	False	0.5808383233532934	0.41916167664670656
4345	FG024	FG001	False	0.40918163672654695	0.590818363273453
4346	FG004	FG001	False	0.5748502994011976	0.4251497005988024
4347	FG012	FG006	False	0.9041916167664671	0.09580838323353291
4348	FG001	FG002	False	0.47704590818363274	0.5229540918163673
4349	FG001	FG017	False	0.5788423153692615	0.42115768463073855
4350	FG017	FG024	False	0.8023952095808383	0.19760479041916168
4351	FG001	FG024	False	0.40918163672654695	0.590818363273453
4352	FG006	FG024	False	0.7465069860279442	0.2534930139720558
4353	FG002	FG002	True	0.8842315369261478	0.11576846307385225
4354	FG001	FG001	True	0.592814371257485	0.40718562874251496
4355	FG002	FG002	True	0.8842315369261478	0.11576846307385225
4356	FG024	FG024	True	0.8163672654690619	0.1836327345309381
4357	FG001	FG001	True	0.592814371257485	0.40718562874251496
4358	FG001	FG006	False	0.5229540918163673	0.4770459081836327
4359	FG005	FG001	False	0.5788423153692615	0.42115768463073855
4360	FG018	FG001	False	0.5808383233532934	0.41916167664670656
4361	FG001	FG003	False	0.5668662674650699	0.43313373253493015
4362	FG002	FG012	False	0.8582834331337326	0.14171656686626743
4363	FG024	FG001	False	0.40918163672654695	0.590818363273453
4364	FG001	FG001	True	0.592814371257485	0.40718562874251496
4365	FG004	FG001	False	0.5748502994011976	0.4251497005988024
4366	FG015	FG015	True	0.9880239520958084	0.0119760479041916
4367	FG006	FG001	False	0.5229540918163673	0.4770459081836327
4368	FG008	FG019	False	0.9820359281437125	0.017964071856287456
4369	FG001	FG019	False	0.5788423153692615	0.42115768463073855
4370	FG001	FG001	True	0.592814371257485	0.40718562874251496
4371	FG002	FG024	False	0.7005988023952097	0.29940119760479034
4372	FG001	FG001	True	0.592814371257485	0.40718562874251496
4373	FG001	FG001	True	0.592814371257485	0.40718562874251496
4374	FG001	FG024	False	0.40918163672654695	0.590818363273453
4375	FG024	FG006	False	0.7465069860279442	0.2534930139720558
4376	FG001	FG024	False	0.40918163672654695	0.590818363273453
4377	FG002	FG001	False	0.4770459081836328	0.5229540918163672
4378	FG024	FG002	False	0.7005988023952097	0.29940119760479034
4379	FG012	FG006	False	0.9041916167664671	0.09580838323353291
4380	FG001	FG024	False	0.40918163672654695	0.590818363273453
4381	FG001	FG001	True	0.592814371257485	0.40718562874251496
4382	FG001	FG019	False	0.5788423153692615	0.42115768463073855
4383	FG001	FG024	False	0.40918163672654695	0.590818363273453
4384	FG001	FG002	False	0.47704590818363274	0.5229540918163673
4385	FG003	FG012	False	0.9481037924151696	0.05189620758483038
4386	FG024	FG001	False	0.40918163672654695	0.590818363273453
4387	FG006	FG006	True	0.9301397205588823	0.06986027944111772
4388	FG001	FG001	True	0.592814371257485	0.40718562874251496
4389	FG002	FG001	False	0.4770459081836328	0.5229540918163672
4390	FG024	FG024	True	0.8163672654690619	0.1836327345309381
4391	FG019	FG001	False	0.5788423153692615	0.42115768463073855
4392	FG021	FG024	False	0.8023952095808383	0.19760479041916168
4393	FG002	FG010	False	0.8662674650698603	0.1337325349301397
4394	FG001	FG024	False	0.40918163672654695	0.590818363273453
4395	FG024	FG001	False	0.40918163672654695	0.590818363273453
4396	FG001	FG002	False	0.47704590818363274	0.5229540918163673
4397	FG018	FG001	False	0.5808383233532934	0.41916167664670656
4398	FG024	FG002	False	0.7005988023952097	0.29940119760479034
4399	FG001	FG024	False	0.40918163672654695	0.590818363273453
4400	FG024	FG001	False	0.40918163672654695	0.590818363273453
4401	FG024	FG002	False	0.7005988023952097	0.29940119760479034
4402	FG017	FG024	False	0.8023952095808383	0.19760479041916168
4403	FG018	FG002	False	0.872255489021956	0.12774451097804396
4404	FG001	FG001	True	0.592814371257485	0.40718562874251496
4405	FG001	FG001	True	0.592814371257485	0.40718562874251496
4406	FG001	FG003	False	0.5668662674650699	0.43313373253493015
4407	FG024	FG001	False	0.40918163672654695	0.590818363273453
4408	FG001	FG002	False	0.47704590818363274	0.5229540918163673
4409	FG001	FG004	False	0.5748502994011976	0.4251497005988024
4410	FG006	FG012	False	0.9041916167664671	0.09580838323353291
4411	FG004	FG001	False	0.5748502994011976	0.4251497005988024
4412	FG001	FG024	False	0.40918163672654695	0.590818363273453
4413	FG002	FG001	False	0.4770459081836328	0.5229540918163672
4414	FG002	FG006	False	0.81437125748503	0.18562874251496997
4415	FG001	FG021	False	0.5788423153692615	0.42115768463073855
4416	FG012	FG001	False	0.5668662674650699	0.43313373253493015
4417	FG001	FG001	True	0.592814371257485	0.40718562874251496
4418	FG002	FG003	False	0.8582834331337326	0.14171656686626743
4419	FG002	FG017	False	0.8702594810379242	0.12974051896207583
4420	FG024	FG002	False	0.7005988023952097	0.29940119760479034
4421	FG006	FG024	False	0.7465069860279442	0.2534930139720558
4422	FG002	FG024	False	0.7005988023952097	0.29940119760479034
4423	FG001	FG001	True	0.592814371257485	0.40718562874251496
4424	FG021	FG001	False	0.5788423153692615	0.42115768463073855
4425	FG024	FG001	False	0.40918163672654695	0.590818363273453
4426	FG024	FG024	True	0.8163672654690619	0.1836327345309381
4427	FG007	FG024	False	0.812375249500998	0.18762475049900196
4428	FG001	FG001	True	0.592814371257485	0.40718562874251496
4429	FG001	FG012	False	0.5668662674650699	0.43313373253493015
4430	FG002	FG029	False	0.8822355289421158	0.11776447105788423
4431	FG012	FG027	False	0.9720558882235528	0.027944111776447178
4432	FG001	FG001	True	0.592814371257485	0.40718562874251496
4433	FG024	FG001	False	0.40918163672654695	0.590818363273453
4434	FG024	FG010	False	0.7984031936127745	0.20159680638722555
4435	FG018	FG001	False	0.5808383233532934	0.41916167664670656
4436	FG029	FG006	False	0.9281437125748503	0.07185628742514971
4437	FG024	FG024	True	0.8163672654690619	0.1836327345309381
4438	FG020	FG005	False	0.9840319361277444	0.015968063872255578
4439	FG012	FG002	False	0.8582834331337326	0.14171656686626743
4440	FG017	FG021	False	0.9720558882235528	0.027944111776447178
4441	FG024	FG001	False	0.40918163672654695	0.590818363273453
4442	FG001	FG024	False	0.40918163672654695	0.590818363273453
4443	FG005	FG015	False	0.9740518962075848	0.02594810379241519
4444	FG021	FG024	False	0.8023952095808383	0.19760479041916168
4445	FG001	FG024	False	0.40918163672654695	0.590818363273453
4446	FG024	FG001	False	0.40918163672654695	0.590818363273453
4447	FG006	FG006	True	0.9301397205588823	0.06986027944111772
4448	FG024	FG010	False	0.7984031936127745	0.20159680638722555
4449	FG001	FG002	False	0.47704590818363274	0.5229540918163673
4450	FG001	FG001	True	0.592814371257485	0.40718562874251496
4451	FG001	FG024	False	0.40918163672654695	0.590818363273453
4452	FG027	FG002	False	0.8822355289421158	0.11776447105788423
4453	FG001	FG024	False	0.40918163672654695	0.590818363273453
4454	FG001	FG002	False	0.47704590818363274	0.5229540918163673
4455	FG024	FG001	False	0.40918163672654695	0.590818363273453
4456	FG006	FG001	False	0.5229540918163673	0.4770459081836327
4457	FG001	FG002	False	0.47704590818363274	0.5229540918163673
4458	FG001	FG024	False	0.40918163672654695	0.590818363273453
4459	FG001	FG006	False	0.5229540918163673	0.4770459081836327
4460	FG001	FG001	True	0.592814371257485	0.40718562874251496
4461	FG001	FG003	False	0.5668662674650699	0.43313373253493015
4462	FG024	FG001	False	0.40918163672654695	0.590818363273453
4463	FG001	FG002	False	0.47704590818363274	0.5229540918163673
4464	FG001	FG001	True	0.592814371257485	0.40718562874251496
4465	FG017	FG001	False	0.5788423153692615	0.42115768463073855
4466	FG024	FG001	False	0.40918163672654695	0.590818363273453
4467	FG001	FG001	True	0.592814371257485	0.40718562874251496
4468	FG024	FG002	False	0.7005988023952097	0.29940119760479034
4469	FG001	FG010	False	0.5748502994011976	0.4251497005988024
4470	FG001	FG010	False	0.5748502994011976	0.4251497005988024
4471	FG002	FG003	False	0.8582834331337326	0.14171656686626743
4472	FG012	FG002	False	0.8582834331337326	0.14171656686626743
4473	FG006	FG001	False	0.5229540918163673	0.4770459081836327
4474	FG002	FG017	False	0.8702594810379242	0.12974051896207583
4475	FG001	FG001	True	0.592814371257485	0.40718562874251496
4476	FG015	FG003	False	0.9620758483033932	0.03792415169660679
4477	FG001	FG006	False	0.5229540918163673	0.4770459081836327
4478	FG019	FG001	False	0.5788423153692615	0.42115768463073855
4479	FG001	FG001	True	0.592814371257485	0.40718562874251496
4480	FG001	FG002	False	0.47704590818363274	0.5229540918163673
4481	FG001	FG006	False	0.5229540918163673	0.4770459081836327
4482	FG006	FG024	False	0.7465069860279442	0.2534930139720558
4483	FG012	FG001	False	0.5668662674650699	0.43313373253493015
4484	FG024	FG015	False	0.8043912175648703	0.1956087824351297
4485	FG001	FG002	False	0.47704590818363274	0.5229540918163673
4486	FG024	FG018	False	0.8043912175648703	0.1956087824351297
4487	FG006	FG002	False	0.8143712574850299	0.18562874251497008
4488	FG024	FG017	False	0.8023952095808383	0.19760479041916168
4489	FG024	FG004	False	0.7984031936127745	0.20159680638722555
4490	FG024	FG001	False	0.40918163672654695	0.590818363273453
4491	FG001	FG001	True	0.592814371257485	0.40718562874251496
4492	FG001	FG018	False	0.5808383233532934	0.41916167664670656
4493	FG018	FG001	False	0.5808383233532934	0.41916167664670656
4494	FG024	FG001	False	0.40918163672654695	0.590818363273453
4495	FG024	FG006	False	0.7465069860279442	0.2534930139720558
4496	FG006	FG001	False	0.5229540918163673	0.4770459081836327
4497	FG001	FG002	False	0.47704590818363274	0.5229540918163673
4498	FG024	FG001	False	0.40918163672654695	0.590818363273453
4499	FG001	FG006	False	0.5229540918163673	0.4770459081836327
4500	FG001	FG002	False	0.47704590818363274	0.5229540918163673
4501	FG024	FG001	False	0.40918163672654695	0.590818363273453
4502	FG023	FG001	False	0.5828343313373253	0.4171656686626747
4503	FG024	FG001	False	0.40918163672654695	0.590818363273453
4504	FG019	FG005	False	0.9720558882235528	0.027944111776447178
4505	FG024	FG017	False	0.8023952095808383	0.19760479041916168
4506	FG024	FG001	False	0.40918163672654695	0.590818363273453
4507	FG001	FG001	True	0.592814371257485	0.40718562874251496
4508	FG001	FG001	True	0.592814371257485	0.40718562874251496
4509	FG024	FG003	False	0.7904191616766467	0.20958083832335328
4510	FG001	FG032	False	0.590818363273453	0.40918163672654695
4511	FG024	FG006	False	0.7465069860279442	0.2534930139720558
4512	FG002	FG002	True	0.8842315369261478	0.11576846307385225
4513	FG019	FG015	False	0.9740518962075848	0.02594810379241519
4514	FG006	FG001	False	0.5229540918163673	0.4770459081836327
4515	FG001	FG001	True	0.592814371257485	0.40718562874251496
4516	FG001	FG024	False	0.40918163672654695	0.590818363273453
4517	FG001	FG024	False	0.40918163672654695	0.590818363273453
4518	FG001	FG001	True	0.592814371257485	0.40718562874251496
4519	FG001	FG001	True	0.592814371257485	0.40718562874251496
4520	FG001	FG001	True	0.592814371257485	0.40718562874251496
4521	FG002	FG002	True	0.8842315369261478	0.11576846307385225
4522	FG024	FG005	False	0.8023952095808383	0.19760479041916168
4523	FG002	FG006	False	0.81437125748503	0.18562874251496997
4524	FG006	FG002	False	0.8143712574850299	0.18562874251497008
4525	FG001	FG001	True	0.592814371257485	0.40718562874251496
4526	FG003	FG002	False	0.8582834331337326	0.14171656686626743
4527	FG024	FG003	False	0.7904191616766467	0.20958083832335328
4528	FG001	FG001	True	0.592814371257485	0.40718562874251496
4529	FG001	FG001	True	0.592814371257485	0.40718562874251496
4530	FG001	FG006	False	0.5229540918163673	0.4770459081836327
4531	FG001	FG015	False	0.5808383233532934	0.41916167664670656
4532	FG002	FG024	False	0.7005988023952097	0.29940119760479034
4533	FG002	FG012	False	0.8582834331337326	0.14171656686626743
4534	FG001	FG001	True	0.592814371257485	0.40718562874251496
4535	FG001	FG017	False	0.5788423153692615	0.42115768463073855
4536	FG002	FG002	True	0.8842315369261478	0.11576846307385225
4537	FG001	FG001	True	0.592814371257485	0.40718562874251496
4538	FG001	FG001	True	0.592814371257485	0.40718562874251496
4539	FG024	FG001	False	0.40918163672654695	0.590818363273453
4540	FG024	FG001	False	0.40918163672654695	0.590818363273453
4541	FG024	FG024	True	0.8163672654690619	0.1836327345309381
4542	FG024	FG024	True	0.8163672654690619	0.1836327345309381
4543	FG002	FG001	False	0.4770459081836328	0.5229540918163672
4544	FG002	FG001	False	0.4770459081836328	0.5229540918163672
4545	FG002	FG024	False	0.7005988023952097	0.29940119760479034
4546	FG001	FG021	False	0.5788423153692615	0.42115768463073855
4547	FG006	FG001	False	0.5229540918163673	0.4770459081836327
4548	FG024	FG001	False	0.40918163672654695	0.590818363273453
4549	FG002	FG006	False	0.81437125748503	0.18562874251496997
4550	FG002	FG001	False	0.4770459081836328	0.5229540918163672
4551	FG001	FG023	False	0.5828343313373253	0.4171656686626747
4552	FG024	FG019	False	0.8023952095808383	0.19760479041916168
4553	FG001	FG024	False	0.40918163672654695	0.590818363273453
4554	FG003	FG003	True	0.9740518962075848	0.02594810379241519
4555	FG001	FG001	True	0.592814371257485	0.40718562874251496
4556	FG001	FG001	True	0.592814371257485	0.40718562874251496
4557	FG001	FG004	False	0.5748502994011976	0.4251497005988024
4558	FG012	FG001	False	0.5668662674650699	0.43313373253493015
4559	FG001	FG001	True	0.592814371257485	0.40718562874251496
4560	FG027	FG001	False	0.590818363273453	0.40918163672654695
4561	FG024	FG001	False	0.40918163672654695	0.590818363273453
4562	FG019	FG002	False	0.870259481037924	0.12974051896207595
4563	FG024	FG001	False	0.40918163672654695	0.590818363273453
4564	FG001	FG001	True	0.592814371257485	0.40718562874251496
4565	FG017	FG001	False	0.5788423153692615	0.42115768463073855
4566	FG001	FG001	True	0.592814371257485	0.40718562874251496
4567	FG011	FG007	False	0.9940119760479041	0.005988023952095856
4568	FG001	FG024	False	0.40918163672654695	0.590818363273453
4569	FG017	FG002	False	0.870259481037924	0.12974051896207595
4570	FG006	FG001	False	0.5229540918163673	0.4770459081836327
4571	FG001	FG024	False	0.40918163672654695	0.590818363273453
4572	FG014	FG021	False	0.9800399201596806	0.019960079840319445
4573	FG001	FG002	False	0.47704590818363274	0.5229540918163673
4574	FG001	FG006	False	0.5229540918163673	0.4770459081836327
4575	FG002	FG001	False	0.4770459081836328	0.5229540918163672
4576	FG019	FG014	False	0.9800399201596806	0.019960079840319445
4577	FG004	FG002	False	0.8662674650698603	0.1337325349301397
4578	FG019	FG007	False	0.9820359281437125	0.017964071856287456
4579	FG001	FG006	False	0.5229540918163673	0.4770459081836327
4580	FG024	FG018	False	0.8043912175648703	0.1956087824351297
4581	FG002	FG002	True	0.8842315369261478	0.11576846307385225
4582	FG001	FG014	False	0.5868263473053892	0.4131736526946108
4583	FG001	FG024	False	0.40918163672654695	0.590818363273453
4584	FG001	FG024	False	0.40918163672654695	0.590818363273453
4585	FG010	FG009	False	0.9780439121756487	0.021956087824351322
4586	FG006	FG006	True	0.9301397205588823	0.06986027944111772
4587	FG004	FG002	False	0.8662674650698603	0.1337325349301397
4588	FG005	FG030	False	0.9820359281437125	0.017964071856287456
4589	FG001	FG002	False	0.47704590818363274	0.5229540918163673
4590	FG001	FG006	False	0.5229540918163673	0.4770459081836327
4591	FG001	FG003	False	0.5668662674650699	0.43313373253493015
4592	FG001	FG024	False	0.40918163672654695	0.590818363273453
4593	FG001	FG001	True	0.592814371257485	0.40718562874251496
4594	FG001	FG002	False	0.47704590818363274	0.5229540918163673
4595	FG002	FG003	False	0.8582834331337326	0.14171656686626743
4596	FG012	FG024	False	0.7904191616766467	0.20958083832335328
4597	FG001	FG018	False	0.5808383233532934	0.41916167664670656
4598	FG006	FG001	False	0.5229540918163673	0.4770459081836327
4599	FG024	FG002	False	0.7005988023952097	0.29940119760479034
4600	FG024	FG024	True	0.8163672654690619	0.1836327345309381
4601	FG007	FG010	False	0.9780439121756487	0.021956087824351322
4602	FG002	FG001	False	0.4770459081836328	0.5229540918163672
4603	FG024	FG001	False	0.40918163672654695	0.590818363273453
4604	FG002	FG001	False	0.4770459081836328	0.5229540918163672
4605	FG003	FG001	False	0.5668662674650699	0.43313373253493015
4606	FG006	FG024	False	0.7465069860279442	0.2534930139720558
4607	FG024	FG024	True	0.8163672654690619	0.1836327345309381
4608	FG001	FG002	False	0.47704590818363274	0.5229540918163673
4609	FG001	FG001	True	0.592814371257485	0.40718562874251496
4610	FG021	FG002	False	0.870259481037924	0.12974051896207595
4611	FG001	FG003	False	0.5668662674650699	0.43313373253493015
4612	FG015	FG002	False	0.872255489021956	0.12774451097804396
4613	FG024	FG001	False	0.40918163672654695	0.590818363273453
4614	FG024	FG001	False	0.40918163672654695	0.590818363273453
4615	FG024	FG002	False	0.7005988023952097	0.29940119760479034
4616	FG012	FG003	False	0.9481037924151696	0.05189620758483038
4617	FG024	FG006	False	0.7465069860279442	0.2534930139720558
4618	FG001	FG001	True	0.592814371257485	0.40718562874251496
4619	FG012	FG001	False	0.5668662674650699	0.43313373253493015
4620	FG001	FG029	False	0.590818363273453	0.40918163672654695
4621	FG001	FG023	False	0.5828343313373253	0.4171656686626747
4622	FG024	FG001	False	0.40918163672654695	0.590818363273453
4623	FG006	FG001	False	0.5229540918163673	0.4770459081836327
4624	FG001	FG024	False	0.40918163672654695	0.590818363273453
4625	FG001	FG001	True	0.592814371257485	0.40718562874251496
4626	FG024	FG002	False	0.7005988023952097	0.29940119760479034
4627	FG021	FG001	False	0.5788423153692615	0.42115768463073855
4628	FG006	FG001	False	0.5229540918163673	0.4770459081836327
4629	FG024	FG001	False	0.40918163672654695	0.590818363273453
4630	FG002	FG002	True	0.8842315369261478	0.11576846307385225
4631	FG002	FG024	False	0.7005988023952097	0.29940119760479034
4632	FG001	FG010	False	0.5748502994011976	0.4251497005988024
4633	FG024	FG002	False	0.7005988023952097	0.29940119760479034
4634	FG024	FG024	True	0.8163672654690619	0.1836327345309381
4635	FG002	FG012	False	0.8582834331337326	0.14171656686626743
4636	FG024	FG001	False	0.40918163672654695	0.590818363273453
4637	FG002	FG006	False	0.81437125748503	0.18562874251496997
4638	FG005	FG001	False	0.5788423153692615	0.42115768463073855
4639	FG001	FG001	True	0.592814371257485	0.40718562874251496
4640	FG021	FG002	False	0.870259481037924	0.12974051896207595
4641	FG001	FG003	False	0.5668662674650699	0.43313373253493015
4642	FG023	FG001	False	0.5828343313373253	0.4171656686626747
4643	FG024	FG024	True	0.8163672654690619	0.1836327345309381
4644	FG002	FG001	False	0.4770459081836328	0.5229540918163672
4645	FG002	FG024	False	0.7005988023952097	0.29940119760479034
4646	FG020	FG003	False	0.9720558882235528	0.027944111776447178
4647	FG018	FG001	False	0.5808383233532934	0.41916167664670656
4648	FG003	FG001	False	0.5668662674650699	0.43313373253493015
4649	FG001	FG006	False	0.5229540918163673	0.4770459081836327
4650	FG024	FG006	False	0.7465069860279442	0.2534930139720558
4651	FG001	FG024	False	0.40918163672654695	0.590818363273453
4652	FG002	FG010	False	0.8662674650698603	0.1337325349301397
4653	FG002	FG001	False	0.4770459081836328	0.5229540918163672
4654	FG019	FG004	False	0.968063872255489	0.031936127744511045
4655	FG019	FG001	False	0.5788423153692615	0.42115768463073855
4656	FG022	FG002	False	0.8822355289421158	0.11776447105788423
4657	FG024	FG001	False	0.40918163672654695	0.590818363273453
4658	FG001	FG019	False	0.5788423153692615	0.42115768463073855
4659	FG006	FG001	False	0.5229540918163673	0.4770459081836327
4660	FG019	FG001	False	0.5788423153692615	0.42115768463073855
4661	FG001	FG026	False	0.590818363273453	0.40918163672654695
4662	FG001	FG029	False	0.590818363273453	0.40918163672654695
4663	FG022	FG002	False	0.8822355289421158	0.11776447105788423
4664	FG001	FG003	False	0.5668662674650699	0.43313373253493015
4665	FG001	FG011	False	0.590818363273453	0.40918163672654695
4666	FG001	FG024	False	0.40918163672654695	0.590818363273453
4667	FG024	FG001	False	0.40918163672654695	0.590818363273453
4668	FG024	FG006	False	0.7465069860279442	0.2534930139720558
4669	FG015	FG004	False	0.9700598802395209	0.029940119760479056
4670	FG001	FG001	True	0.592814371257485	0.40718562874251496
4671	FG001	FG001	True	0.592814371257485	0.40718562874251496
4672	FG010	FG002	False	0.8662674650698603	0.1337325349301397
4673	FG001	FG002	False	0.47704590818363274	0.5229540918163673
4674	FG024	FG003	False	0.7904191616766467	0.20958083832335328
4675	FG006	FG001	False	0.5229540918163673	0.4770459081836327
4676	FG001	FG001	True	0.592814371257485	0.40718562874251496
4677	FG024	FG024	True	0.8163672654690619	0.1836327345309381
4678	FG001	FG014	False	0.5868263473053892	0.4131736526946108
4679	FG001	FG002	False	0.47704590818363274	0.5229540918163673
4680	FG001	FG002	False	0.47704590818363274	0.5229540918163673
4681	FG021	FG018	False	0.9740518962075848	0.02594810379241519
4682	FG002	FG002	True	0.8842315369261478	0.11576846307385225
4683	FG024	FG006	False	0.7465069860279442	0.2534930139720558
4684	FG001	FG024	False	0.40918163672654695	0.590818363273453
4685	FG001	FG002	False	0.47704590818363274	0.5229540918163673
4686	FG001	FG001	True	0.592814371257485	0.40718562874251496
4687	FG024	FG001	False	0.40918163672654695	0.590818363273453
4688	FG003	FG010	False	0.9560878243512974	0.043912175648702645
4689	FG003	FG014	False	0.968063872255489	0.031936127744511045
4690	FG001	FG001	True	0.592814371257485	0.40718562874251496
4691	FG006	FG024	False	0.7465069860279442	0.2534930139720558
4692	FG019	FG001	False	0.5788423153692615	0.42115768463073855
4693	FG006	FG001	False	0.5229540918163673	0.4770459081836327
4694	FG001	FG001	True	0.592814371257485	0.40718562874251496
4695	FG003	FG012	False	0.9481037924151696	0.05189620758483038
4696	FG001	FG024	False	0.40918163672654695	0.590818363273453
4697	FG002	FG015	False	0.8722554890219562	0.12774451097804385
4698	FG006	FG012	False	0.9041916167664671	0.09580838323353291
4699	FG002	FG002	True	0.8842315369261478	0.11576846307385225
4700	FG024	FG024	True	0.8163672654690619	0.1836327345309381
4701	FG001	FG024	False	0.40918163672654695	0.590818363273453
4702	FG017	FG002	False	0.870259481037924	0.12974051896207595
4703	FG001	FG024	False	0.40918163672654695	0.590818363273453
4704	FG024	FG024	True	0.8163672654690619	0.1836327345309381
4705	FG001	FG018	False	0.5808383233532934	0.41916167664670656
4706	FG024	FG001	False	0.40918163672654695	0.590818363273453
4707	FG024	FG002	False	0.7005988023952097	0.29940119760479034
4708	FG001	FG019	False	0.5788423153692615	0.42115768463073855
4709	FG006	FG024	False	0.7465069860279442	0.2534930139720558
4710	FG024	FG004	False	0.7984031936127745	0.20159680638722555
4711	FG024	FG001	False	0.40918163672654695	0.590818363273453
4712	FG028	FG002	False	0.8822355289421158	0.11776447105788423
4713	FG001	FG024	False	0.40918163672654695	0.590818363273453
4714	FG001	FG017	False	0.5788423153692615	0.42115768463073855
4715	FG001	FG017	False	0.5788423153692615	0.42115768463073855
4716	FG001	FG006	False	0.5229540918163673	0.4770459081836327
4717	FG001	FG001	True	0.592814371257485	0.40718562874251496
4718	FG002	FG002	True	0.8842315369261478	0.11576846307385225
4719	FG012	FG001	False	0.5668662674650699	0.43313373253493015
4720	FG001	FG023	False	0.5828343313373253	0.4171656686626747
4721	FG001	FG001	True	0.592814371257485	0.40718562874251496
4722	FG002	FG001	False	0.4770459081836328	0.5229540918163672
4723	FG005	FG010	False	0.968063872255489	0.031936127744511045
4724	FG004	FG002	False	0.8662674650698603	0.1337325349301397
4725	FG024	FG002	False	0.7005988023952097	0.29940119760479034
4726	FG024	FG021	False	0.8023952095808383	0.19760479041916168
4727	FG001	FG012	False	0.5668662674650699	0.43313373253493015
4728	FG023	FG004	False	0.9720558882235528	0.027944111776447178
4729	FG010	FG004	False	0.9640718562874251	0.03592814371257491
4730	FG024	FG003	False	0.7904191616766467	0.20958083832335328
4731	FG001	FG021	False	0.5788423153692615	0.42115768463073855
4732	FG001	FG001	True	0.592814371257485	0.40718562874251496
4733	FG001	FG007	False	0.5888223552894212	0.4111776447105788
4734	FG024	FG024	True	0.8163672654690619	0.1836327345309381
4735	FG024	FG001	False	0.40918163672654695	0.590818363273453
4736	FG001	FG001	True	0.592814371257485	0.40718562874251496
4737	FG001	FG001	True	0.592814371257485	0.40718562874251496
4738	FG001	FG002	False	0.47704590818363274	0.5229540918163673
4739	FG001	FG001	True	0.592814371257485	0.40718562874251496
4740	FG001	FG010	False	0.5748502994011976	0.4251497005988024
4741	FG001	FG002	False	0.47704590818363274	0.5229540918163673
4742	FG015	FG001	False	0.5808383233532934	0.41916167664670656
4743	FG024	FG024	True	0.8163672654690619	0.1836327345309381
4744	FG018	FG024	False	0.8043912175648703	0.1956087824351297
4745	FG002	FG001	False	0.4770459081836328	0.5229540918163672
4746	FG001	FG001	True	0.592814371257485	0.40718562874251496
4747	FG001	FG002	False	0.47704590818363274	0.5229540918163673
4748	FG002	FG002	True	0.8842315369261478	0.11576846307385225
4749	FG001	FG024	False	0.40918163672654695	0.590818363273453
4750	FG001	FG001	True	0.592814371257485	0.40718562874251496
4751	FG001	FG001	True	0.592814371257485	0.40718562874251496
4752	FG012	FG024	False	0.7904191616766467	0.20958083832335328
4753	FG001	FG001	True	0.592814371257485	0.40718562874251496
4754	FG032	FG012	False	0.9720558882235528	0.027944111776447178
4755	FG010	FG001	False	0.5748502994011976	0.4251497005988024
4756	FG024	FG010	False	0.7984031936127745	0.20159680638722555
4757	FG005	FG006	False	0.9161676646706587	0.08383233532934131
4758	FG010	FG001	False	0.5748502994011976	0.4251497005988024
4759	FG024	FG001	False	0.40918163672654695	0.590818363273453
4760	FG001	FG001	True	0.592814371257485	0.40718562874251496
4761	FG001	FG001	True	0.592814371257485	0.40718562874251496
4762	FG001	FG006	False	0.5229540918163673	0.4770459081836327
4763	FG001	FG017	False	0.5788423153692615	0.42115768463073855
4764	FG002	FG001	False	0.4770459081836328	0.5229540918163672
4765	FG001	FG002	False	0.47704590818363274	0.5229540918163673
4766	FG024	FG016	False	0.8143712574850299	0.18562874251497008
4767	FG002	FG001	False	0.4770459081836328	0.5229540918163672
4768	FG002	FG001	False	0.4770459081836328	0.5229540918163672
4769	FG024	FG002	False	0.7005988023952097	0.29940119760479034
4770	FG024	FG001	False	0.40918163672654695	0.590818363273453
4771	FG001	FG001	True	0.592814371257485	0.40718562874251496
4772	FG017	FG012	False	0.9600798403193612	0.03992015968063878
4773	FG001	FG028	False	0.590818363273453	0.40918163672654695
4774	FG022	FG024	False	0.8143712574850299	0.18562874251497008
4775	FG006	FG023	False	0.9201596806387226	0.07984031936127745
4776	FG024	FG024	True	0.8163672654690619	0.1836327345309381
4777	FG001	FG006	False	0.5229540918163673	0.4770459081836327
4778	FG001	FG001	True	0.592814371257485	0.40718562874251496
4779	FG001	FG006	False	0.5229540918163673	0.4770459081836327
4780	FG001	FG001	True	0.592814371257485	0.40718562874251496
4781	FG001	FG001	True	0.592814371257485	0.40718562874251496
4782	FG002	FG001	False	0.4770459081836328	0.5229540918163672
4783	FG024	FG002	False	0.7005988023952097	0.29940119760479034
4784	FG002	FG006	False	0.81437125748503	0.18562874251496997
4785	FG002	FG001	False	0.4770459081836328	0.5229540918163672
4786	FG002	FG024	False	0.7005988023952097	0.29940119760479034
4787	FG001	FG024	False	0.40918163672654695	0.590818363273453
4788	FG001	FG001	True	0.592814371257485	0.40718562874251496
4789	FG024	FG030	False	0.812375249500998	0.18762475049900196
4790	FG001	FG001	True	0.592814371257485	0.40718562874251496
4791	FG003	FG003	True	0.9740518962075848	0.02594810379241519
4792	FG001	FG002	False	0.47704590818363274	0.5229540918163673
4793	FG020	FG006	False	0.9281437125748503	0.07185628742514971
4794	FG001	FG003	False	0.5668662674650699	0.43313373253493015
4795	FG001	FG001	True	0.592814371257485	0.40718562874251496
4796	FG023	FG001	False	0.5828343313373253	0.4171656686626747
4797	FG010	FG001	False	0.5748502994011976	0.4251497005988024
4798	FG002	FG031	False	0.8822355289421158	0.11776447105788423
4799	FG001	FG001	True	0.592814371257485	0.40718562874251496
4800	FG020	FG002	False	0.8822355289421158	0.11776447105788423
4801	FG018	FG024	False	0.8043912175648703	0.1956087824351297
4802	FG001	FG001	True	0.592814371257485	0.40718562874251496
4803	FG024	FG024	True	0.8163672654690619	0.1836327345309381
4804	FG001	FG004	False	0.5748502994011976	0.4251497005988024
4805	FG024	FG002	False	0.7005988023952097	0.29940119760479034
4806	FG023	FG024	False	0.8063872255489022	0.1936127744510978
4807	FG001	FG015	False	0.5808383233532934	0.41916167664670656
4808	FG001	FG006	False	0.5229540918163673	0.4770459081836327
4809	FG024	FG006	False	0.7465069860279442	0.2534930139720558
4810	FG010	FG002	False	0.8662674650698603	0.1337325349301397
4811	FG001	FG029	False	0.590818363273453	0.40918163672654695
4812	FG012	FG001	False	0.5668662674650699	0.43313373253493015
4813	FG001	FG024	False	0.40918163672654695	0.590818363273453
4814	FG014	FG021	False	0.9800399201596806	0.019960079840319445
4815	FG024	FG015	False	0.8043912175648703	0.1956087824351297
4816	FG024	FG001	False	0.40918163672654695	0.590818363273453
4817	FG004	FG006	False	0.9121756487025948	0.08782435129740518
4818	FG002	FG006	False	0.81437125748503	0.18562874251496997
4819	FG001	FG017	False	0.5788423153692615	0.42115768463073855
4820	FG006	FG024	False	0.7465069860279442	0.2534930139720558
4821	FG001	FG006	False	0.5229540918163673	0.4770459081836327
4822	FG001	FG002	False	0.47704590818363274	0.5229540918163673
4823	FG024	FG001	False	0.40918163672654695	0.590818363273453
4824	FG001	FG023	False	0.5828343313373253	0.4171656686626747
4825	FG001	FG012	False	0.5668662674650699	0.43313373253493015
4826	FG001	FG024	False	0.40918163672654695	0.590818363273453
4827	FG001	FG001	True	0.592814371257485	0.40718562874251496
4828	FG016	FG023	False	0.9880239520958083	0.011976047904191711
4829	FG001	FG024	False	0.40918163672654695	0.590818363273453
4830	FG024	FG024	True	0.8163672654690619	0.1836327345309381
4831	FG001	FG013	False	0.590818363273453	0.40918163672654695
4832	FG001	FG002	False	0.47704590818363274	0.5229540918163673
4833	FG002	FG001	False	0.4770459081836328	0.5229540918163672
4834	FG001	FG006	False	0.5229540918163673	0.4770459081836327
4835	FG001	FG001	True	0.592814371257485	0.40718562874251496
4836	FG006	FG001	False	0.5229540918163673	0.4770459081836327
4837	FG024	FG001	False	0.40918163672654695	0.590818363273453
4838	FG001	FG001	True	0.592814371257485	0.40718562874251496
4839	FG024	FG004	False	0.7984031936127745	0.20159680638722555
4840	FG001	FG001	True	0.592814371257485	0.40718562874251496
4841	FG024	FG001	False	0.40918163672654695	0.590818363273453
4842	FG002	FG001	False	0.4770459081836328	0.5229540918163672
4843	FG001	FG001	True	0.592814371257485	0.40718562874251496
4844	FG001	FG001	True	0.592814371257485	0.40718562874251496
4845	FG001	FG002	False	0.47704590818363274	0.5229540918163673
4846	FG001	FG001	True	0.592814371257485	0.40718562874251496
4847	FG006	FG006	True	0.9301397205588823	0.06986027944111772
4848	FG001	FG012	False	0.5668662674650699	0.43313373253493015
4849	FG002	FG001	False	0.4770459081836328	0.5229540918163672
4850	FG024	FG001	False	0.40918163672654695	0.590818363273453
4851	FG024	FG006	False	0.7465069860279442	0.2534930139720558
4852	FG003	FG002	False	0.8582834331337326	0.14171656686626743
4853	FG006	FG001	False	0.5229540918163673	0.4770459081836327
4854	FG001	FG004	False	0.5748502994011976	0.4251497005988024
4855	FG024	FG024	True	0.8163672654690619	0.1836327345309381
4856	FG024	FG001	False	0.40918163672654695	0.590818363273453
4857	FG006	FG009	False	0.9261477045908184	0.07385229540918159
4858	FG001	FG024	False	0.40918163672654695	0.590818363273453
4859	FG024	FG024	True	0.8163672654690619	0.1836327345309381
4860	FG002	FG006	False	0.81437125748503	0.18562874251496997
4861	FG024	FG003	False	0.7904191616766467	0.20958083832335328
4862	FG021	FG001	False	0.5788423153692615	0.42115768463073855
4863	FG017	FG001	False	0.5788423153692615	0.42115768463073855
4864	FG002	FG001	False	0.4770459081836328	0.5229540918163672
4865	FG001	FG006	False	0.5229540918163673	0.4770459081836327
4866	FG024	FG006	False	0.7465069860279442	0.2534930139720558
4867	FG002	FG001	False	0.4770459081836328	0.5229540918163672
4868	FG003	FG024	False	0.7904191616766467	0.20958083832335328
4869	FG024	FG002	False	0.7005988023952097	0.29940119760479034
4870	FG024	FG001	False	0.40918163672654695	0.590818363273453
4871	FG001	FG001	True	0.592814371257485	0.40718562874251496
4872	FG024	FG001	False	0.40918163672654695	0.590818363273453
4873	FG001	FG005	False	0.5788423153692615	0.42115768463073855
4874	FG006	FG001	False	0.5229540918163673	0.4770459081836327
4875	FG001	FG024	False	0.40918163672654695	0.590818363273453
4876	FG002	FG001	False	0.4770459081836328	0.5229540918163672
4877	FG003	FG008	False	0.9700598802395209	0.029940119760479056
4878	FG001	FG024	False	0.40918163672654695	0.590818363273453
4879	FG001	FG024	False	0.40918163672654695	0.590818363273453
4880	FG002	FG002	True	0.8842315369261478	0.11576846307385225
4881	FG001	FG001	True	0.592814371257485	0.40718562874251496
4882	FG001	FG002	False	0.47704590818363274	0.5229540918163673
4883	FG001	FG017	False	0.5788423153692615	0.42115768463073855
4884	FG024	FG002	False	0.7005988023952097	0.29940119760479034
4885	FG001	FG003	False	0.5668662674650699	0.43313373253493015
4886	FG001	FG006	False	0.5229540918163673	0.4770459081836327
4887	FG017	FG001	False	0.5788423153692615	0.42115768463073855
4888	FG001	FG001	True	0.592814371257485	0.40718562874251496
4889	FG006	FG024	False	0.7465069860279442	0.2534930139720558
4890	FG003	FG001	False	0.5668662674650699	0.43313373253493015
4891	FG001	FG015	False	0.5808383233532934	0.41916167664670656
4892	FG024	FG024	True	0.8163672654690619	0.1836327345309381
4893	FG024	FG010	False	0.7984031936127745	0.20159680638722555
4894	FG001	FG025	False	0.590818363273453	0.40918163672654695
4895	FG024	FG006	False	0.7465069860279442	0.2534930139720558
4896	FG006	FG001	False	0.5229540918163673	0.4770459081836327
4897	FG006	FG001	False	0.5229540918163673	0.4770459081836327
4898	FG001	FG012	False	0.5668662674650699	0.43313373253493015
4899	FG001	FG001	True	0.592814371257485	0.40718562874251496
4900	FG007	FG024	False	0.812375249500998	0.18762475049900196
4901	FG001	FG024	False	0.40918163672654695	0.590818363273453
4902	FG001	FG001	True	0.592814371257485	0.40718562874251496
4903	FG001	FG010	False	0.5748502994011976	0.4251497005988024
4904	FG019	FG019	True	0.9860279441117764	0.013972055888223589
4905	FG028	FG006	False	0.9281437125748503	0.07185628742514971
4906	FG006	FG024	False	0.7465069860279442	0.2534930139720558
4907	FG012	FG001	False	0.5668662674650699	0.43313373253493015
4908	FG001	FG001	True	0.592814371257485	0.40718562874251496
4909	FG001	FG001	True	0.592814371257485	0.40718562874251496
4910	FG001	FG001	True	0.592814371257485	0.40718562874251496
4911	FG024	FG018	False	0.8043912175648703	0.1956087824351297
4912	FG001	FG024	False	0.40918163672654695	0.590818363273453
4913	FG001	FG001	True	0.592814371257485	0.40718562874251496
4914	FG001	FG001	True	0.592814371257485	0.40718562874251496
4915	FG021	FG001	False	0.5788423153692615	0.42115768463073855
4916	FG024	FG006	False	0.7465069860279442	0.2534930139720558
4917	FG001	FG013	False	0.590818363273453	0.40918163672654695
4918	FG003	FG001	False	0.5668662674650699	0.43313373253493015
4919	FG021	FG001	False	0.5788423153692615	0.42115768463073855
4920	FG022	FG024	False	0.8143712574850299	0.18562874251497008
4921	FG006	FG024	False	0.7465069860279442	0.2534930139720558
4922	FG018	FG018	True	0.9880239520958084	0.0119760479041916
4923	FG001	FG006	False	0.5229540918163673	0.4770459081836327
4924	FG001	FG006	False	0.5229540918163673	0.4770459081836327
4925	FG024	FG001	False	0.40918163672654695	0.590818363273453
4926	FG024	FG006	False	0.7465069860279442	0.2534930139720558
4927	FG001	FG024	False	0.40918163672654695	0.590818363273453
4928	FG001	FG001	True	0.592814371257485	0.40718562874251496
4929	FG001	FG001	True	0.592814371257485	0.40718562874251496
4930	FG024	FG024	True	0.8163672654690619	0.1836327345309381
4931	FG001	FG001	True	0.592814371257485	0.40718562874251496
4932	FG006	FG001	False	0.5229540918163673	0.4770459081836327
4933	FG031	FG001	False	0.590818363273453	0.40918163672654695
4934	FG001	FG024	False	0.40918163672654695	0.590818363273453
4935	FG024	FG005	False	0.8023952095808383	0.19760479041916168
4936	FG006	FG024	False	0.7465069860279442	0.2534930139720558
4937	FG001	FG024	False	0.40918163672654695	0.590818363273453
4938	FG006	FG001	False	0.5229540918163673	0.4770459081836327
4939	FG001	FG024	False	0.40918163672654695	0.590818363273453
4940	FG001	FG001	True	0.592814371257485	0.40718562874251496
4941	FG001	FG007	False	0.5888223552894212	0.4111776447105788
4942	FG001	FG001	True	0.592814371257485	0.40718562874251496
4943	FG023	FG024	False	0.8063872255489022	0.1936127744510978
4944	FG001	FG002	False	0.47704590818363274	0.5229540918163673
4945	FG001	FG006	False	0.5229540918163673	0.4770459081836327
4946	FG024	FG001	False	0.40918163672654695	0.590818363273453
4947	FG002	FG024	False	0.7005988023952097	0.29940119760479034
4948	FG002	FG001	False	0.4770459081836328	0.5229540918163672
4949	FG006	FG002	False	0.8143712574850299	0.18562874251497008
4950	FG002	FG001	False	0.4770459081836328	0.5229540918163672
4951	FG001	FG001	True	0.592814371257485	0.40718562874251496
4952	FG001	FG006	False	0.5229540918163673	0.4770459081836327
4953	FG002	FG001	False	0.4770459081836328	0.5229540918163672
4954	FG010	FG002	False	0.8662674650698603	0.1337325349301397
4955	FG001	FG001	True	0.592814371257485	0.40718562874251496
4956	FG001	FG015	False	0.5808383233532934	0.41916167664670656
4957	FG024	FG002	False	0.7005988023952097	0.29940119760479034
4958	FG001	FG024	False	0.40918163672654695	0.590818363273453
4959	FG001	FG001	True	0.592814371257485	0.40718562874251496
4960	FG024	FG001	False	0.40918163672654695	0.590818363273453
4961	FG002	FG024	False	0.7005988023952097	0.29940119760479034
4962	FG001	FG006	False	0.5229540918163673	0.4770459081836327
4963	FG024	FG002	False	0.7005988023952097	0.29940119760479034
4964	FG001	FG001	True	0.592814371257485	0.40718562874251496
4965	FG024	FG006	False	0.7465069860279442	0.2534930139720558
4966	FG002	FG001	False	0.4770459081836328	0.5229540918163672
4967	FG001	FG001	True	0.592814371257485	0.40718562874251496
4968	FG002	FG002	True	0.8842315369261478	0.11576846307385225
4969	FG001	FG018	False	0.5808383233532934	0.41916167664670656
4970	FG001	FG023	False	0.5828343313373253	0.4171656686626747
4971	FG001	FG024	False	0.40918163672654695	0.590818363273453
4972	FG021	FG024	False	0.8023952095808383	0.19760479041916168
4973	FG001	FG001	True	0.592814371257485	0.40718562874251496
4974	FG001	FG024	False	0.40918163672654695	0.590818363273453
4975	FG020	FG002	False	0.8822355289421158	0.11776447105788423
4976	FG002	FG001	False	0.4770459081836328	0.5229540918163672
4977	FG002	FG001	False	0.4770459081836328	0.5229540918163672
4978	FG024	FG024	True	0.8163672654690619	0.1836327345309381
4979	FG006	FG024	False	0.7465069860279442	0.2534930139720558
4980	FG002	FG002	True	0.8842315369261478	0.11576846307385225
4981	FG001	FG001	True	0.592814371257485	0.40718562874251496
4982	FG023	FG001	False	0.5828343313373253	0.4171656686626747
4983	FG001	FG001	True	0.592814371257485	0.40718562874251496
4984	FG006	FG001	False	0.5229540918163673	0.4770459081836327
4985	FG021	FG003	False	0.9600798403193612	0.03992015968063878
4986	FG003	FG001	False	0.5668662674650699	0.43313373253493015
4987	FG001	FG006	False	0.5229540918163673	0.4770459081836327
4988	FG001	FG001	True	0.592814371257485	0.40718562874251496
4989	FG001	FG001	True	0.592814371257485	0.40718562874251496
4990	FG001	FG001	True	0.592814371257485	0.40718562874251496
4991	FG001	FG002	False	0.47704590818363274	0.5229540918163673
4992	FG001	FG001	True	0.592814371257485	0.40718562874251496
4993	FG002	FG027	False	0.8822355289421158	0.11776447105788423
4994	FG001	FG001	True	0.592814371257485	0.40718562874251496
4995	FG004	FG024	False	0.7984031936127745	0.20159680638722555
4996	FG024	FG024	True	0.8163672654690619	0.1836327345309381
4997	FG001	FG003	False	0.5668662674650699	0.43313373253493015
4998	FG010	FG001	False	0.5748502994011976	0.4251497005988024
4999	FG024	FG024	True	0.8163672654690619	0.1836327345309381
