locationID	locationCode	germplasmID	seed_id	maternal_Fg	paternal_Fg
23	EO24-2	sim_L23_M0	0	FG001	FG024
23	EO24-2	sim_L23_M0	1	FG001	FG002
23	EO24-2	sim_L23_M0	2	FG001	FG024
23	EO24-2	sim_L23_M0	3	FG001	FG024
23	EO24-2	sim_L23_M0	4	FG001	FG001
23	EO24-2	sim_L23_M0	5	FG001	FG018
23	EO24-2	sim_L23_M0	6	FG001	FG015
23	EO24-2	sim_L23_M0	7	FG001	FG024
23	EO24-2	sim_L23_M0	8	FG001	FG002
23	EO24-2	sim_L23_M0	9	FG001	FG018
23	EO24-2	sim_L23_M0	10	FG001	FG025
23	EO24-2	sim_L23_M0	11	FG001	FG012
23	EO24-2	sim_L23_M0	12	FG001	FG018
23	EO24-2	sim_L23_M0	13	FG001	FG024
24	EO24	sim_L24_M0	14	FG005	FG023
24	EO24	sim_L24_M0	15	FG005	FG006
24	EO24	sim_L24_M0	16	FG001	FG006
24	EO24	sim_L24_M0	17	FG005	FG003
24	EO24	sim_L24_M0	18	FG001	FG002
24	EO24	sim_L24_M0	19	FG005	FG002
24	EO24	sim_L24_M0	20	FG001	FG024
24	EO24	sim_L24_M0	21	FG005	FG015
24	EO24	sim_L24_M0	22	FG005	FG003
24	EO24	sim_L24_M0	23	FG001	FG002
24	EO24	sim_L24_M0	24	FG005	FG006
24	EO24	sim_L24_M0	25	FG001	FG002
24	EO24	sim_L24_M0	26	FG005	FG003
24	EO24	sim_L24_M0	27	FG001	FG024
24	EO24	sim_L24_M0	28	FG005	FG024
24	EO24	sim_L24_M0	29	FG005	FG010
24	EO24	sim_L24_M0	30	FG005	FG010
24	EO24	sim_L24_M0	31	FG001	FG018
22	EO24-1	sim_L22_M0	32	FG024	FG015
22	EO24-1	sim_L22_M0	33	FG001	FG018
22	EO24-1	sim_L22_M0	34	FG024	FG021
22	EO24-1	sim_L22_M0	35	FG001	FG004
22	EO24-1	sim_L22_M0	36	FG001	FG003
22	EO24-1	sim_L22_M0	37	FG024	FG005
22	EO24-1	sim_L22_M0	38	FG024	FG020
22	EO24-1	sim_L22_M0	39	FG024	FG006
22	EO24-1	sim_L22_M0	40	FG001	FG002
22	EO24-1	sim_L22_M0	41	FG024	FG002
22	EO24-1	sim_L22_M0	42	FG001	FG002
22	EO24-1	sim_L22_M0	43	FG024	FG024
22	EO24-1	sim_L22_M1	44	FG001	FG005
22	EO24-1	sim_L22_M1	45	FG001	FG024
22	EO24-1	sim_L22_M1	46	FG001	FG001
22	EO24-1	sim_L22_M1	47	FG002	FG024
22	EO24-1	sim_L22_M1	48	FG002	FG001
22	EO24-1	sim_L22_M1	49	FG002	FG004
22	EO24-1	sim_L22_M1	50	FG002	FG004
22	EO24-1	sim_L22_M1	51	FG002	FG019
25	EO24-7	sim_L25_M0	52	FG024	FG001
25	EO24-7	sim_L25_M0	53	FG024	FG002
25	EO24-7	sim_L25_M0	54	FG001	FG006
25	EO24-7	sim_L25_M0	55	FG001	FG003
25	EO24-7	sim_L25_M0	56	FG024	FG006
25	EO24-7	sim_L25_M0	57	FG024	FG012
25	EO24-7	sim_L25_M0	58	FG001	FG010
25	EO24-7	sim_L25_M0	59	FG024	FG006
25	EO24-7	sim_L25_M0	60	FG024	FG002
25	EO24-7	sim_L25_M0	61	FG001	FG010
25	EO24-7	sim_L25_M0	62	FG024	FG025
25	EO24-7	sim_L25_M0	63	FG001	FG002
25	EO24-7	sim_L25_M0	64	FG001	FG003
25	EO24-7	sim_L25_M0	65	FG001	FG010
25	EO24-7	sim_L25_M0	66	FG024	FG006
25	EO24-7	sim_L25_M0	67	FG024	FG002
25	EO24-7	sim_L25_M1	68	FG001	FG024
25	EO24-7	sim_L25_M1	69	FG001	FG032
25	EO24-7	sim_L25_M1	70	FG001	FG024
25	EO24-7	sim_L25_M1	71	FG001	FG003
25	EO24-7	sim_L25_M1	72	FG001	FG012
25	EO24-7	sim_L25_M1	73	FG001	FG003
25	EO24-7	sim_L25_M1	74	FG001	FG004
25	EO24-7	sim_L25_M1	75	FG001	FG021
25	EO24-7	sim_L25_M1	76	FG001	FG024
25	EO24-7	sim_L25_M1	77	FG001	FG018
25	EO24-7	sim_L25_M1	78	FG001	FG003
25	EO24-7	sim_L25_M1	79	FG001	FG017
25	EO24-7	sim_L25_M1	80	FG001	FG024
25	EO24-7	sim_L25_M1	81	FG001	FG002
25	EO24-7	sim_L25_M1	82	FG001	FG003
25	EO24-7	sim_L25_M1	83	FG001	FG024
25	EO24-7	sim_L25_M1	84	FG001	FG002
25	EO24-7	sim_L25_M1	85	FG001	FG024
25	EO24-7	sim_L25_M1	86	FG001	FG024
25	EO24-7	sim_L25_M1	87	FG001	FG024
25	EO24-7	sim_L25_M1	88	FG001	FG017
25	EO24-7	sim_L25_M1	89	FG001	FG003
25	EO24-7	sim_L25_M1	90	FG001	FG012
25	EO24-7	sim_L25_M1	91	FG001	FG002
25	EO24-7	sim_L25_M1	92	FG001	FG017
25	EO24-7	sim_L25_M2	93	FG001	FG006
25	EO24-7	sim_L25_M2	94	FG001	FG024
25	EO24-7	sim_L25_M2	95	FG001	FG024
25	EO24-7	sim_L25_M2	96	FG001	FG002
25	EO24-7	sim_L25_M2	97	FG001	FG010
25	EO24-7	sim_L25_M2	98	FG001	FG012
25	EO24-7	sim_L25_M2	99	FG001	FG032
25	EO24-7	sim_L25_M2	100	FG001	FG006
25	EO24-7	sim_L25_M2	101	FG001	FG024
25	EO24-7	sim_L25_M2	102	FG001	FG001
25	EO24-7	sim_L25_M2	103	FG001	FG024
25	EO24-7	sim_L25_M2	104	FG001	FG014
25	EO24-7	sim_L25_M2	105	FG001	FG002
25	EO24-7	sim_L25_M2	106	FG001	FG002
25	EO24-7	sim_L25_M2	107	FG001	FG021
25	EO24-7	sim_L25_M2	108	FG001	FG024
25	EO24-7	sim_L25_M2	109	FG001	FG006
33	EO26-3	sim_L33_M0	110	FG001	FG002
33	EO26-3	sim_L33_M0	111	FG001	FG001
33	EO26-3	sim_L33_M0	112	FG001	FG024
33	EO26-3	sim_L33_M0	113	FG001	FG002
33	EO26-3	sim_L33_M0	114	FG001	FG024
33	EO26-3	sim_L33_M0	115	FG001	FG019
33	EO26-3	sim_L33_M0	116	FG001	FG024
33	EO26-3	sim_L33_M0	117	FG001	FG001
33	EO26-3	sim_L33_M0	118	FG001	FG001
33	EO26-3	sim_L33_M0	119	FG001	FG002
33	EO26-3	sim_L33_M0	120	FG001	FG027
33	EO26-3	sim_L33_M0	121	FG001	FG024
33	EO26-3	sim_L33_M0	122	FG001	FG006
33	EO26-3	sim_L33_M0	123	FG001	FG024
33	EO26-3	sim_L33_M0	124	FG001	FG024
33	EO26-3	sim_L33_M0	125	FG001	FG029
33	EO26-3	sim_L33_M0	126	FG001	FG015
33	EO26-3	sim_L33_M0	127	FG001	FG024
33	EO26-3	sim_L33_M0	128	FG001	FG004
33	EO26-3	sim_L33_M1	129	FG001	FG003
33	EO26-3	sim_L33_M1	130	FG001	FG002
33	EO26-3	sim_L33_M1	131	FG001	FG002
33	EO26-3	sim_L33_M1	132	FG001	FG024
33	EO26-3	sim_L33_M1	133	FG001	FG010
33	EO26-3	sim_L33_M1	134	FG001	FG002
33	EO26-3	sim_L33_M1	135	FG001	FG001
33	EO26-3	sim_L33_M1	136	FG001	FG012
33	EO26-3	sim_L33_M1	137	FG001	FG002
33	EO26-3	sim_L33_M1	138	FG001	FG010
33	EO26-3	sim_L33_M1	139	FG001	FG024
33	EO26-3	sim_L33_M1	140	FG001	FG024
33	EO26-3	sim_L33_M1	141	FG001	FG015
33	EO26-3	sim_L33_M1	142	FG001	FG003
33	EO26-3	sim_L33_M1	143	FG001	FG002
33	EO26-3	sim_L33_M1	144	FG001	FG030
33	EO26-3	sim_L33_M1	145	FG001	FG017
33	EO26-3	sim_L33_M1	146	FG001	FG001
33	EO26-3	sim_L33_M2	147	FG018	FG024
33	EO26-3	sim_L33_M2	148	FG001	FG006
33	EO26-3	sim_L33_M2	149	FG001	FG024
33	EO26-3	sim_L33_M2	150	FG001	FG012
33	EO26-3	sim_L33_M2	151	FG018	FG002
33	EO26-3	sim_L33_M2	152	FG018	FG024
33	EO26-3	sim_L33_M2	153	FG018	FG024
33	EO26-3	sim_L33_M2	154	FG001	FG002
33	EO26-3	sim_L33_M2	155	FG018	FG004
33	EO26-3	sim_L33_M2	156	FG001	FG002
33	EO26-3	sim_L33_M2	157	FG001	FG024
33	EO26-3	sim_L33_M2	158	FG018	FG002
33	EO26-3	sim_L33_M2	159	FG001	FG002
33	EO26-3	sim_L33_M2	160	FG018	FG024
33	EO26-3	sim_L33_M2	161	FG018	FG002
33	EO26-3	sim_L33_M2	162	FG001	FG024
33	EO26-3	sim_L33_M3	163	FG012	FG001
33	EO26-3	sim_L33_M3	164	FG012	FG005
33	EO26-3	sim_L33_M3	165	FG006	FG019
33	EO26-3	sim_L33_M3	166	FG012	FG001
33	EO26-3	sim_L33_M3	167	FG012	FG001
33	EO26-3	sim_L33_M3	168	FG012	FG018
33	EO26-3	sim_L33_M3	169	FG006	FG002
33	EO26-3	sim_L33_M3	170	FG006	FG024
33	EO26-3	sim_L33_M3	171	FG006	FG002
33	EO26-3	sim_L33_M3	172	FG012	FG001
33	EO26-3	sim_L33_M3	173	FG012	FG001
33	EO26-3	sim_L33_M3	174	FG006	FG001
33	EO26-3	sim_L33_M3	175	FG012	FG002
33	EO26-3	sim_L33_M3	176	FG006	FG001
33	EO26-3	sim_L33_M3	177	FG012	FG001
33	EO26-3	sim_L33_M3	178	FG006	FG024
33	EO26-3	sim_L33_M3	179	FG012	FG001
33	EO26-3	sim_L33_M3	180	FG012	FG024
33	EO26-3	sim_L33_M3	181	FG012	FG001
33	EO26-3	sim_L33_M3	182	FG006	FG001
33	EO26-3	sim_L33_M3	183	FG006	FG024
33	EO26-3	sim_L33_M3	184	FG012	FG002
33	EO26-3	sim_L33_M3	185	FG006	FG001
33	EO26-3	sim_L33_M3	186	FG012	FG024
33	EO26-3	sim_L33_M3	187	FG006	FG001
33	EO26-3	sim_L33_M3	188	FG012	FG023
33	EO26-3	sim_L33_M3	189	FG012	FG001
33	EO26-3	sim_L33_M3	190	FG012	FG001
40	EO72-2	sim_L40_M0	191	FG024	FG001
40	EO72-2	sim_L40_M0	192	FG002	FG001
40	EO72-2	sim_L40_M0	193	FG002	FG001
40	EO72-2	sim_L40_M0	194	FG024	FG001
40	EO72-2	sim_L40_M0	195	FG024	FG001
40	EO72-2	sim_L40_M0	196	FG024	FG004
40	EO72-2	sim_L40_M0	197	FG002	FG001
40	EO72-2	sim_L40_M0	198	FG024	FG001
40	EO72-2	sim_L40_M0	199	FG002	FG001
40	EO72-2	sim_L40_M0	200	FG002	FG001
40	EO72-2	sim_L40_M0	201	FG024	FG001
40	EO72-2	sim_L40_M0	202	FG002	FG006
40	EO72-2	sim_L40_M0	203	FG024	FG006
40	EO72-2	sim_L40_M0	204	FG002	FG001
40	EO72-2	sim_L40_M0	205	FG002	FG015
40	EO72-2	sim_L40_M0	206	FG024	FG001
40	EO72-2	sim_L40_M0	207	FG002	FG021
40	EO72-2	sim_L40_M0	208	FG002	FG030
40	EO72-2	sim_L40_M0	209	FG024	FG001
40	EO72-2	sim_L40_M0	210	FG002	FG001
40	EO72-2	sim_L40_M1	211	FG001	FG006
40	EO72-2	sim_L40_M1	212	FG001	FG001
40	EO72-2	sim_L40_M1	213	FG001	FG002
40	EO72-2	sim_L40_M1	214	FG001	FG024
40	EO72-2	sim_L40_M1	215	FG001	FG002
40	EO72-2	sim_L40_M1	216	FG001	FG002
40	EO72-2	sim_L40_M1	217	FG001	FG018
40	EO72-2	sim_L40_M1	218	FG001	FG023
40	EO72-2	sim_L40_M1	219	FG001	FG010
40	EO72-2	sim_L40_M1	220	FG001	FG024
40	EO72-2	sim_L40_M1	221	FG001	FG009
40	EO72-2	sim_L40_M1	222	FG001	FG032
40	EO72-2	sim_L40_M1	223	FG001	FG002
40	EO72-2	sim_L40_M1	224	FG001	FG004
40	EO72-2	sim_L40_M1	225	FG001	FG001
40	EO72-2	sim_L40_M1	226	FG001	FG017
40	EO72-2	sim_L40_M1	227	FG001	FG018
40	EO72-2	sim_L40_M2	228	FG001	FG024
40	EO72-2	sim_L40_M2	229	FG001	FG002
40	EO72-2	sim_L40_M2	230	FG001	FG012
40	EO72-2	sim_L40_M2	231	FG001	FG010
40	EO72-2	sim_L40_M2	232	FG001	FG020
40	EO72-2	sim_L40_M2	233	FG001	FG003
40	EO72-2	sim_L40_M2	234	FG001	FG004
40	EO72-2	sim_L40_M2	235	FG001	FG006
40	EO72-2	sim_L40_M2	236	FG001	FG024
40	EO72-2	sim_L40_M2	237	FG001	FG024
40	EO72-2	sim_L40_M2	238	FG001	FG024
40	EO72-2	sim_L40_M2	239	FG001	FG015
40	EO72-2	sim_L40_M2	240	FG001	FG012
40	EO72-2	sim_L40_M2	241	FG001	FG024
40	EO72-2	sim_L40_M2	242	FG001	FG008
40	EO72-2	sim_L40_M2	243	FG001	FG024
40	EO72-2	sim_L40_M2	244	FG001	FG002
40	EO72-2	sim_L40_M2	245	FG001	FG002
40	EO72-2	sim_L40_M2	246	FG001	FG001
40	EO72-2	sim_L40_M2	247	FG001	FG002
40	EO72-2	sim_L40_M2	248	FG001	FG004
40	EO72-2	sim_L40_M2	249	FG001	FG002
40	EO72-2	sim_L40_M3	250	FG001	FG024
40	EO72-2	sim_L40_M3	251	FG001	FG018
40	EO72-2	sim_L40_M3	252	FG001	FG008
40	EO72-2	sim_L40_M3	253	FG001	FG024
40	EO72-2	sim_L40_M3	254	FG001	FG024
40	EO72-2	sim_L40_M3	255	FG001	FG024
40	EO72-2	sim_L40_M3	256	FG001	FG006
40	EO72-2	sim_L40_M3	257	FG001	FG024
40	EO72-2	sim_L40_M3	258	FG001	FG009
40	EO72-2	sim_L40_M3	259	FG001	FG006
40	EO72-2	sim_L40_M3	260	FG001	FG002
40	EO72-2	sim_L40_M3	261	FG001	FG019
40	EO72-2	sim_L40_M3	262	FG001	FG017
40	EO72-2	sim_L40_M3	263	FG001	FG002
40	EO72-2	sim_L40_M3	264	FG001	FG024
40	EO72-2	sim_L40_M3	265	FG001	FG002
40	EO72-2	sim_L40_M3	266	FG001	FG024
40	EO72-2	sim_L40_M3	267	FG001	FG024
40	EO72-2	sim_L40_M3	268	FG001	FG006
40	EO72-2	sim_L40_M3	269	FG001	FG010
40	EO72-2	sim_L40_M3	270	FG001	FG006
40	EO72-2	sim_L40_M3	271	FG001	FG002
40	EO72-2	sim_L40_M3	272	FG001	FG002
39	EO67	sim_L39_M0	273	FG006	FG002
39	EO67	sim_L39_M0	274	FG001	FG015
39	EO67	sim_L39_M0	275	FG006	FG012
39	EO67	sim_L39_M0	276	FG006	FG002
39	EO67	sim_L39_M0	277	FG001	FG015
39	EO67	sim_L39_M0	278	FG001	FG003
39	EO67	sim_L39_M0	279	FG001	FG016
39	EO67	sim_L39_M0	280	FG001	FG024
39	EO67	sim_L39_M0	281	FG006	FG004
39	EO67	sim_L39_M0	282	FG006	FG024
39	EO67	sim_L39_M0	283	FG001	FG018
39	EO67	sim_L39_M0	284	FG001	FG001
39	EO67	sim_L39_M0	285	FG001	FG017
39	EO67	sim_L39_M0	286	FG001	FG002
39	EO67	sim_L39_M0	287	FG006	FG006
39	EO67	sim_L39_M0	288	FG006	FG024
39	EO67	sim_L39_M0	289	FG001	FG024
39	EO67	sim_L39_M0	290	FG006	FG019
39	EO67	sim_L39_M0	291	FG006	FG024
39	EO67	sim_L39_M0	292	FG001	FG010
39	EO67	sim_L39_M1	293	FG006	FG018
39	EO67	sim_L39_M1	294	FG001	FG024
39	EO67	sim_L39_M1	295	FG001	FG024
39	EO67	sim_L39_M1	296	FG001	FG010
39	EO67	sim_L39_M1	297	FG006	FG002
39	EO67	sim_L39_M1	298	FG006	FG024
39	EO67	sim_L39_M1	299	FG006	FG032
39	EO67	sim_L39_M1	300	FG006	FG019
39	EO67	sim_L39_M1	301	FG001	FG024
39	EO67	sim_L39_M1	302	FG001	FG005
39	EO67	sim_L39_M1	303	FG001	FG002
39	EO67	sim_L39_M1	304	FG006	FG031
39	EO67	sim_L39_M1	305	FG001	FG001
39	EO67	sim_L39_M1	306	FG006	FG024
39	EO67	sim_L39_M1	307	FG001	FG002
39	EO67	sim_L39_M2	308	FG002	FG024
39	EO67	sim_L39_M2	309	FG002	FG001
39	EO67	sim_L39_M2	310	FG002	FG001
39	EO67	sim_L39_M2	311	FG002	FG022
39	EO67	sim_L39_M2	312	FG032	FG021
39	EO67	sim_L39_M2	313	FG002	FG012
39	EO67	sim_L39_M2	314	FG002	FG001
39	EO67	sim_L39_M2	315	FG002	FG001
39	EO67	sim_L39_M2	316	FG002	FG009
39	EO67	sim_L39_M2	317	FG002	FG024
39	EO67	sim_L39_M2	318	FG032	FG024
39	EO67	sim_L39_M2	319	FG002	FG006
39	EO67	sim_L39_M2	320	FG002	FG001
39	EO67	sim_L39_M2	321	FG002	FG001
39	EO67	sim_L39_M2	322	FG002	FG006
39	EO67	sim_L39_M2	323	FG002	FG001
39	EO67	sim_L39_M2	324	FG002	FG012
39	EO67	sim_L39_M2	325	FG002	FG001
39	EO67	sim_L39_M2	326	FG032	FG001
39	EO67	sim_L39_M2	327	FG032	FG008
39	EO67	sim_L39_M2	328	FG032	FG015
39	EO67	sim_L39_M2	329	FG002	FG001
39	EO67	sim_L39_M2	330	FG002	FG024
39	EO67	sim_L39_M2	331	FG002	FG006
39	EO67	sim_L39_M2	332	FG032	FG021
39	EO67	sim_L39_M3	333	FG001	FG006
39	EO67	sim_L39_M3	334	FG001	FG002
39	EO67	sim_L39_M3	335	FG001	FG006
39	EO67	sim_L39_M3	336	FG001	FG019
39	EO67	sim_L39_M3	337	FG024	FG030
39	EO67	sim_L39_M3	338	FG001	FG018
39	EO67	sim_L39_M3	339	FG024	FG002
39	EO67	sim_L39_M3	340	FG001	FG006
39	EO67	sim_L39_M3	341	FG001	FG003
39	EO67	sim_L39_M3	342	FG001	FG010
39	EO67	sim_L39_M3	343	FG001	FG006
39	EO67	sim_L39_M3	344	FG001	FG012
21	EO25-B	sim_L21_M0	345	FG014	FG001
21	EO25-B	sim_L21_M0	346	FG014	FG024
21	EO25-B	sim_L21_M0	347	FG014	FG006
21	EO25-B	sim_L21_M0	348	FG021	FG001
21	EO25-B	sim_L21_M0	349	FG014	FG006
21	EO25-B	sim_L21_M0	350	FG021	FG003
21	EO25-B	sim_L21_M0	351	FG014	FG024
21	EO25-B	sim_L21_M0	352	FG014	FG001
21	EO25-B	sim_L21_M0	353	FG021	FG012
21	EO25-B	sim_L21_M0	354	FG014	FG023
21	EO25-B	sim_L21_M0	355	FG021	FG024
21	EO25-B	sim_L21_M0	356	FG014	FG002
21	EO25-B	sim_L21_M0	357	FG021	FG001
21	EO25-B	sim_L21_M0	358	FG014	FG024
21	EO25-B	sim_L21_M0	359	FG014	FG003
21	EO25-B	sim_L21_M0	360	FG021	FG001
21	EO25-B	sim_L21_M0	361	FG014	FG001
21	EO25-B	sim_L21_M0	362	FG014	FG006
21	EO25-B	sim_L21_M0	363	FG014	FG002
21	EO25-B	sim_L21_M0	364	FG021	FG019
21	EO25-B	sim_L21_M0	365	FG014	FG001
21	EO25-B	sim_L21_M0	366	FG021	FG001
21	EO25-B	sim_L21_M0	367	FG014	FG015
21	EO25-B	sim_L21_M0	368	FG021	FG001
21	EO25-B	sim_L21_M0	369	FG014	FG012
21	EO25-B	sim_L21_M0	370	FG014	FG001
21	EO25-B	sim_L21_M0	371	FG014	FG010
21	EO25-B	sim_L21_M0	372	FG021	FG006
21	EO25-B	sim_L21_M0	373	FG014	FG001
21	EO25-B	sim_L21_M1	374	FG024	FG001
21	EO25-B	sim_L21_M1	375	FG016	FG001
21	EO25-B	sim_L21_M1	376	FG016	FG012
21	EO25-B	sim_L21_M1	377	FG024	FG009
21	EO25-B	sim_L21_M1	378	FG016	FG029
21	EO25-B	sim_L21_M1	379	FG024	FG003
21	EO25-B	sim_L21_M1	380	FG024	FG012
21	EO25-B	sim_L21_M1	381	FG024	FG012
21	EO25-B	sim_L21_M1	382	FG024	FG002
21	EO25-B	sim_L21_M1	383	FG024	FG001
21	EO25-B	sim_L21_M1	384	FG024	FG003
21	EO25-B	sim_L21_M1	385	FG016	FG024
21	EO25-B	sim_L21_M1	386	FG016	FG017
21	EO25-B	sim_L21_M1	387	FG016	FG012
21	EO25-B	sim_L21_M1	388	FG016	FG001
21	EO25-B	sim_L21_M1	389	FG024	FG018
21	EO25-B	sim_L21_M1	390	FG016	FG015
21	EO25-B	sim_L21_M1	391	FG024	FG006
21	EO25-B	sim_L21_M1	392	FG024	FG004
21	EO25-B	sim_L21_M1	393	FG016	FG002
21	EO25-B	sim_L21_M1	394	FG024	FG024
21	EO25-B	sim_L21_M1	395	FG016	FG014
21	EO25-B	sim_L21_M1	396	FG016	FG006
21	EO25-B	sim_L21_M1	397	FG016	FG001
21	EO25-B	sim_L21_M2	398	FG001	FG006
21	EO25-B	sim_L21_M2	399	FG001	FG024
21	EO25-B	sim_L21_M2	400	FG001	FG002
21	EO25-B	sim_L21_M2	401	FG001	FG024
21	EO25-B	sim_L21_M2	402	FG001	FG018
21	EO25-B	sim_L21_M2	403	FG001	FG010
21	EO25-B	sim_L21_M2	404	FG001	FG024
21	EO25-B	sim_L21_M2	405	FG001	FG001
21	EO25-B	sim_L21_M2	406	FG001	FG024
21	EO25-B	sim_L21_M2	407	FG001	FG024
21	EO25-B	sim_L21_M2	408	FG001	FG024
21	EO25-B	sim_L21_M2	409	FG001	FG003
21	EO25-B	sim_L21_M2	410	FG001	FG017
21	EO25-B	sim_L21_M2	411	FG001	FG024
21	EO25-B	sim_L21_M2	412	FG001	FG006
21	EO25-B	sim_L21_M2	413	FG001	FG001
21	EO25-B	sim_L21_M2	414	FG001	FG024
21	EO25-B	sim_L21_M2	415	FG001	FG004
21	EO25-B	sim_L21_M2	416	FG001	FG006
21	EO25-B	sim_L21_M3	417	FG024	FG001
21	EO25-B	sim_L21_M3	418	FG003	FG012
21	EO25-B	sim_L21_M3	419	FG003	FG006
21	EO25-B	sim_L21_M3	420	FG024	FG002
21	EO25-B	sim_L21_M3	421	FG003	FG002
21	EO25-B	sim_L21_M3	422	FG024	FG019
21	EO25-B	sim_L21_M3	423	FG024	FG001
21	EO25-B	sim_L21_M3	424	FG024	FG002
21	EO25-B	sim_L21_M3	425	FG003	FG001
21	EO25-B	sim_L21_M3	426	FG003	FG010
21	EO25-B	sim_L21_M3	427	FG003	FG001
21	EO25-B	sim_L21_M3	428	FG003	FG001
21	EO25-B	sim_L21_M3	429	FG003	FG001
21	EO25-B	sim_L21_M3	430	FG024	FG001
21	EO25-B	sim_L21_M3	431	FG024	FG001
21	EO25-B	sim_L21_M3	432	FG003	FG024
21	EO25-B	sim_L21_M3	433	FG003	FG001
21	EO25-B	sim_L21_M3	434	FG003	FG026
21	EO25-B	sim_L21_M3	435	FG024	FG021
21	EO25-B	sim_L21_M3	436	FG024	FG001
21	EO25-B	sim_L21_M3	437	FG024	FG002
21	EO25-B	sim_L21_M3	438	FG024	FG001
21	EO25-B	sim_L21_M3	439	FG003	FG002
21	EO25-B	sim_L21_M3	440	FG003	FG001
21	EO25-B	sim_L21_M4	441	FG001	FG002
21	EO25-B	sim_L21_M4	442	FG001	FG005
21	EO25-B	sim_L21_M4	443	FG001	FG024
21	EO25-B	sim_L21_M4	444	FG001	FG012
21	EO25-B	sim_L21_M4	445	FG001	FG010
21	EO25-B	sim_L21_M4	446	FG001	FG019
21	EO25-B	sim_L21_M4	447	FG001	FG024
21	EO25-B	sim_L21_M4	448	FG001	FG002
21	EO25-B	sim_L21_M4	449	FG001	FG006
21	EO25-B	sim_L21_M4	450	FG001	FG024
21	EO25-B	sim_L21_M4	451	FG001	FG024
21	EO25-B	sim_L21_M4	452	FG001	FG024
21	EO25-B	sim_L21_M4	453	FG001	FG022
21	EO25-B	sim_L21_M5	454	FG001	FG019
21	EO25-B	sim_L21_M5	455	FG010	FG024
21	EO25-B	sim_L21_M5	456	FG001	FG024
21	EO25-B	sim_L21_M5	457	FG010	FG002
21	EO25-B	sim_L21_M5	458	FG010	FG024
21	EO25-B	sim_L21_M5	459	FG010	FG024
21	EO25-B	sim_L21_M5	460	FG010	FG024
21	EO25-B	sim_L21_M5	461	FG010	FG017
21	EO25-B	sim_L21_M5	462	FG010	FG024
21	EO25-B	sim_L21_M5	463	FG001	FG015
21	EO25-B	sim_L21_M5	464	FG010	FG006
21	EO25-B	sim_L21_M5	465	FG001	FG002
21	EO25-B	sim_L21_M5	466	FG001	FG006
21	EO25-B	sim_L21_M5	467	FG001	FG024
21	EO25-B	sim_L21_M5	468	FG010	FG024
21	EO25-B	sim_L21_M5	469	FG001	FG012
21	EO25-B	sim_L21_M5	470	FG001	FG023
21	EO25-B	sim_L21_M5	471	FG001	FG012
21	EO25-B	sim_L21_M5	472	FG001	FG002
21	EO25-B	sim_L21_M6	473	FG005	FG024
21	EO25-B	sim_L21_M6	474	FG001	FG003
21	EO25-B	sim_L21_M6	475	FG005	FG024
21	EO25-B	sim_L21_M6	476	FG001	FG001
21	EO25-B	sim_L21_M6	477	FG001	FG002
21	EO25-B	sim_L21_M6	478	FG001	FG004
21	EO25-B	sim_L21_M6	479	FG005	FG002
21	EO25-B	sim_L21_M6	480	FG005	FG002
21	EO25-B	sim_L21_M6	481	FG005	FG024
21	EO25-B	sim_L21_M6	482	FG001	FG024
21	EO25-B	sim_L21_M6	483	FG001	FG008
21	EO25-B	sim_L21_M6	484	FG005	FG006
21	EO25-B	sim_L21_M6	485	FG005	FG002
21	EO25-B	sim_L21_M6	486	FG005	FG024
21	EO25-B	sim_L21_M6	487	FG001	FG002
21	EO25-B	sim_L21_M6	488	FG001	FG024
21	EO25-B	sim_L21_M6	489	FG005	FG024
21	EO25-B	sim_L21_M6	490	FG005	FG024
21	EO25-B	sim_L21_M6	491	FG005	FG006
21	EO25-B	sim_L21_M6	492	FG005	FG002
35	EO26-2	sim_L35_M0	493	FG001	FG028
35	EO26-2	sim_L35_M0	494	FG001	FG006
35	EO26-2	sim_L35_M0	495	FG001	FG024
35	EO26-2	sim_L35_M0	496	FG003	FG002
35	EO26-2	sim_L35_M0	497	FG003	FG002
35	EO26-2	sim_L35_M0	498	FG003	FG024
35	EO26-2	sim_L35_M0	499	FG001	FG024
35	EO26-2	sim_L35_M0	500	FG003	FG018
35	EO26-2	sim_L35_M0	501	FG001	FG004
35	EO26-2	sim_L35_M0	502	FG001	FG028
35	EO26-2	sim_L35_M0	503	FG003	FG027
35	EO26-2	sim_L35_M0	504	FG003	FG024
35	EO26-2	sim_L35_M0	505	FG003	FG024
35	EO26-2	sim_L35_M0	506	FG001	FG006
35	EO26-2	sim_L35_M0	507	FG001	FG024
35	EO26-2	sim_L35_M0	508	FG003	FG002
35	EO26-2	sim_L35_M0	509	FG001	FG001
35	EO26-2	sim_L35_M0	510	FG003	FG001
35	EO26-2	sim_L35_M1	511	FG024	FG010
35	EO26-2	sim_L35_M1	512	FG001	FG002
35	EO26-2	sim_L35_M1	513	FG001	FG013
35	EO26-2	sim_L35_M1	514	FG001	FG006
35	EO26-2	sim_L35_M1	515	FG024	FG003
35	EO26-2	sim_L35_M1	516	FG024	FG006
35	EO26-2	sim_L35_M1	517	FG024	FG019
35	EO26-2	sim_L35_M1	518	FG001	FG002
35	EO26-2	sim_L35_M1	519	FG001	FG002
35	EO26-2	sim_L35_M1	520	FG001	FG006
35	EO26-2	sim_L35_M1	521	FG001	FG002
35	EO26-2	sim_L35_M1	522	FG001	FG010
35	EO26-2	sim_L35_M2	523	FG024	FG006
35	EO26-2	sim_L35_M2	524	FG001	FG012
35	EO26-2	sim_L35_M2	525	FG001	FG001
35	EO26-2	sim_L35_M2	526	FG024	FG002
35	EO26-2	sim_L35_M2	527	FG024	FG004
35	EO26-2	sim_L35_M2	528	FG024	FG002
35	EO26-2	sim_L35_M2	529	FG024	FG008
35	EO26-2	sim_L35_M2	530	FG001	FG015
35	EO26-2	sim_L35_M2	531	FG024	FG015
35	EO26-2	sim_L35_M2	532	FG024	FG001
35	EO26-2	sim_L35_M2	533	FG001	FG002
35	EO26-2	sim_L35_M2	534	FG001	FG002
35	EO26-2	sim_L35_M3	535	FG024	FG013
35	EO26-2	sim_L35_M3	536	FG024	FG007
35	EO26-2	sim_L35_M3	537	FG024	FG001
35	EO26-2	sim_L35_M3	538	FG001	FG022
35	EO26-2	sim_L35_M3	539	FG001	FG014
35	EO26-2	sim_L35_M3	540	FG001	FG002
35	EO26-2	sim_L35_M3	541	FG001	FG003
35	EO26-2	sim_L35_M3	542	FG001	FG002
35	EO26-2	sim_L35_M3	543	FG001	FG021
35	EO26-2	sim_L35_M3	544	FG001	FG002
35	EO26-2	sim_L35_M3	545	FG024	FG021
35	EO26-2	sim_L35_M3	546	FG024	FG006
35	EO26-2	sim_L35_M3	547	FG024	FG020
35	EO26-2	sim_L35_M3	548	FG001	FG002
35	EO26-2	sim_L35_M3	549	FG001	FG010
35	EO26-2	sim_L35_M3	550	FG024	FG006
35	EO26-2	sim_L35_M3	551	FG024	FG002
35	EO26-2	sim_L35_M4	552	FG024	FG002
35	EO26-2	sim_L35_M4	553	FG024	FG006
35	EO26-2	sim_L35_M4	554	FG024	FG012
35	EO26-2	sim_L35_M4	555	FG001	FG019
35	EO26-2	sim_L35_M4	556	FG024	FG010
35	EO26-2	sim_L35_M4	557	FG001	FG002
35	EO26-2	sim_L35_M4	558	FG001	FG002
35	EO26-2	sim_L35_M4	559	FG001	FG002
35	EO26-2	sim_L35_M4	560	FG001	FG002
35	EO26-2	sim_L35_M4	561	FG024	FG021
35	EO26-2	sim_L35_M4	562	FG024	FG003
35	EO26-2	sim_L35_M4	563	FG001	FG010
35	EO26-2	sim_L35_M4	564	FG001	FG006
35	EO26-2	sim_L35_M4	565	FG001	FG021
35	EO26-2	sim_L35_M4	566	FG024	FG008
35	EO26-2	sim_L35_M5	567	FG002	FG024
35	EO26-2	sim_L35_M5	568	FG001	FG012
35	EO26-2	sim_L35_M5	569	FG001	FG024
35	EO26-2	sim_L35_M5	570	FG002	FG006
35	EO26-2	sim_L35_M5	571	FG002	FG024
35	EO26-2	sim_L35_M5	572	FG002	FG002
35	EO26-2	sim_L35_M5	573	FG001	FG006
35	EO26-2	sim_L35_M5	574	FG001	FG021
35	EO26-2	sim_L35_M5	575	FG002	FG017
35	EO26-2	sim_L35_M5	576	FG001	FG024
35	EO26-2	sim_L35_M5	577	FG002	FG006
35	EO26-2	sim_L35_M5	578	FG001	FG006
35	EO26-2	sim_L35_M5	579	FG001	FG024
35	EO26-2	sim_L35_M5	580	FG002	FG024
35	EO26-2	sim_L35_M5	581	FG002	FG003
35	EO26-2	sim_L35_M5	582	FG002	FG001
35	EO26-2	sim_L35_M5	583	FG002	FG004
35	EO26-2	sim_L35_M5	584	FG001	FG030
35	EO26-2	sim_L35_M5	585	FG001	FG019
35	EO26-2	sim_L35_M6	586	FG003	FG001
35	EO26-2	sim_L35_M6	587	FG017	FG001
35	EO26-2	sim_L35_M6	588	FG017	FG030
35	EO26-2	sim_L35_M6	589	FG017	FG001
35	EO26-2	sim_L35_M6	590	FG003	FG001
35	EO26-2	sim_L35_M6	591	FG017	FG006
35	EO26-2	sim_L35_M6	592	FG003	FG001
35	EO26-2	sim_L35_M6	593	FG017	FG001
35	EO26-2	sim_L35_M6	594	FG017	FG024
35	EO26-2	sim_L35_M6	595	FG017	FG001
35	EO26-2	sim_L35_M6	596	FG003	FG001
35	EO26-2	sim_L35_M6	597	FG003	FG002
35	EO26-2	sim_L35_M6	598	FG003	FG024
35	EO26-2	sim_L35_M6	599	FG017	FG001
35	EO26-2	sim_L35_M6	600	FG003	FG002
35	EO26-2	sim_L35_M6	601	FG003	FG001
35	EO26-2	sim_L35_M6	602	FG017	FG024
35	EO26-2	sim_L35_M6	603	FG017	FG001
35	EO26-2	sim_L35_M6	604	FG003	FG001
35	EO26-2	sim_L35_M6	605	FG003	FG001
35	EO26-2	sim_L35_M6	606	FG003	FG001
35	EO26-2	sim_L35_M6	607	FG017	FG002
35	EO26-2	sim_L35_M6	608	FG003	FG001
35	EO26-2	sim_L35_M6	609	FG017	FG002
35	EO26-2	sim_L35_M6	610	FG003	FG021
35	EO26-2	sim_L35_M6	611	FG017	FG001
35	EO26-2	sim_L35_M6	612	FG003	FG001
35	EO26-2	sim_L35_M6	613	FG017	FG006
35	EO26-2	sim_L35_M6	614	FG017	FG001
35	EO26-2	sim_L35_M7	615	FG002	FG010
35	EO26-2	sim_L35_M7	616	FG002	FG001
35	EO26-2	sim_L35_M7	617	FG024	FG001
35	EO26-2	sim_L35_M7	618	FG002	FG001
35	EO26-2	sim_L35_M7	619	FG002	FG001
35	EO26-2	sim_L35_M7	620	FG002	FG006
35	EO26-2	sim_L35_M7	621	FG002	FG001
35	EO26-2	sim_L35_M7	622	FG002	FG024
35	EO26-2	sim_L35_M7	623	FG024	FG006
35	EO26-2	sim_L35_M7	624	FG024	FG001
35	EO26-2	sim_L35_M7	625	FG002	FG014
35	EO26-2	sim_L35_M7	626	FG002	FG010
35	EO26-2	sim_L35_M7	627	FG002	FG001
35	EO26-2	sim_L35_M7	628	FG002	FG001
35	EO26-2	sim_L35_M7	629	FG002	FG001
35	EO26-2	sim_L35_M7	630	FG002	FG001
35	EO26-2	sim_L35_M7	631	FG024	FG019
35	EO26-2	sim_L35_M7	632	FG002	FG001
35	EO26-2	sim_L35_M7	633	FG024	FG001
35	EO26-2	sim_L35_M7	634	FG002	FG001
35	EO26-2	sim_L35_M7	635	FG024	FG023
35	EO26-2	sim_L35_M7	636	FG024	FG001
35	EO26-2	sim_L35_M7	637	FG002	FG001
35	EO26-2	sim_L35_M7	638	FG002	FG001
3	EO52	sim_L3_M0	639	FG002	FG004
3	EO52	sim_L3_M0	640	FG006	FG001
3	EO52	sim_L3_M0	641	FG006	FG015
3	EO52	sim_L3_M0	642	FG006	FG001
3	EO52	sim_L3_M0	643	FG006	FG012
3	EO52	sim_L3_M0	644	FG002	FG001
3	EO52	sim_L3_M0	645	FG006	FG001
3	EO52	sim_L3_M0	646	FG006	FG001
3	EO52	sim_L3_M0	647	FG006	FG004
3	EO52	sim_L3_M0	648	FG002	FG021
3	EO52	sim_L3_M0	649	FG002	FG001
3	EO52	sim_L3_M0	650	FG006	FG024
3	EO52	sim_L3_M0	651	FG006	FG001
3	EO52	sim_L3_M0	652	FG006	FG001
3	EO52	sim_L3_M0	653	FG006	FG002
3	EO52	sim_L3_M0	654	FG002	FG001
3	EO52	sim_L3_M0	655	FG002	FG001
3	EO52	sim_L3_M0	656	FG002	FG001
3	EO52	sim_L3_M0	657	FG002	FG012
3	EO52	sim_L3_M0	658	FG006	FG001
3	EO52	sim_L3_M0	659	FG002	FG024
3	EO52	sim_L3_M0	660	FG006	FG024
3	EO52	sim_L3_M0	661	FG002	FG024
3	EO52	sim_L3_M0	662	FG002	FG024
3	EO52	sim_L3_M0	663	FG006	FG003
3	EO52	sim_L3_M0	664	FG002	FG024
3	EO52	sim_L3_M1	665	FG024	FG002
3	EO52	sim_L3_M1	666	FG018	FG001
3	EO52	sim_L3_M1	667	FG018	FG006
3	EO52	sim_L3_M1	668	FG018	FG001
3	EO52	sim_L3_M1	669	FG024	FG024
3	EO52	sim_L3_M1	670	FG024	FG003
3	EO52	sim_L3_M1	671	FG018	FG001
3	EO52	sim_L3_M1	672	FG024	FG006
3	EO52	sim_L3_M1	673	FG024	FG001
3	EO52	sim_L3_M1	674	FG024	FG001
3	EO52	sim_L3_M1	675	FG024	FG002
3	EO52	sim_L3_M1	676	FG018	FG001
3	EO52	sim_L3_M1	677	FG024	FG015
3	EO52	sim_L3_M1	678	FG024	FG001
3	EO52	sim_L3_M1	679	FG024	FG010
3	EO52	sim_L3_M1	680	FG024	FG024
3	EO52	sim_L3_M1	681	FG024	FG001
3	EO52	sim_L3_M1	682	FG024	FG001
3	EO52	sim_L3_M1	683	FG024	FG012
3	EO52	sim_L3_M1	684	FG024	FG002
3	EO52	sim_L3_M1	685	FG024	FG012
3	EO52	sim_L3_M1	686	FG018	FG002
3	EO52	sim_L3_M1	687	FG018	FG001
3	EO52	sim_L3_M1	688	FG024	FG001
3	EO52	sim_L3_M1	689	FG018	FG001
3	EO52	sim_L3_M1	690	FG024	FG001
3	EO52	sim_L3_M2	691	FG032	FG001
3	EO52	sim_L3_M2	692	FG024	FG001
3	EO52	sim_L3_M2	693	FG032	FG001
3	EO52	sim_L3_M2	694	FG024	FG002
3	EO52	sim_L3_M2	695	FG024	FG003
3	EO52	sim_L3_M2	696	FG024	FG001
3	EO52	sim_L3_M2	697	FG032	FG030
3	EO52	sim_L3_M2	698	FG032	FG023
3	EO52	sim_L3_M2	699	FG024	FG001
3	EO52	sim_L3_M2	700	FG024	FG001
3	EO52	sim_L3_M2	701	FG032	FG012
3	EO52	sim_L3_M2	702	FG032	FG006
3	EO52	sim_L3_M2	703	FG032	FG002
3	EO52	sim_L3_M2	704	FG032	FG003
3	EO52	sim_L3_M2	705	FG024	FG001
3	EO52	sim_L3_M2	706	FG024	FG006
3	EO52	sim_L3_M2	707	FG024	FG001
3	EO52	sim_L3_M2	708	FG024	FG001
3	EO52	sim_L3_M2	709	FG024	FG022
3	EO52	sim_L3_M2	710	FG024	FG001
3	EO52	sim_L3_M2	711	FG032	FG005
3	EO52	sim_L3_M2	712	FG024	FG001
3	EO52	sim_L3_M2	713	FG032	FG002
3	EO52	sim_L3_M2	714	FG032	FG002
3	EO52	sim_L3_M2	715	FG024	FG001
3	EO52	sim_L3_M3	716	FG006	FG001
3	EO52	sim_L3_M3	717	FG006	FG002
3	EO52	sim_L3_M3	718	FG006	FG004
3	EO52	sim_L3_M3	719	FG006	FG001
3	EO52	sim_L3_M3	720	FG006	FG001
3	EO52	sim_L3_M3	721	FG006	FG001
3	EO52	sim_L3_M3	722	FG006	FG003
3	EO52	sim_L3_M3	723	FG006	FG001
3	EO52	sim_L3_M3	724	FG006	FG001
3	EO52	sim_L3_M3	725	FG006	FG001
3	EO52	sim_L3_M3	726	FG006	FG001
3	EO52	sim_L3_M3	727	FG006	FG001
3	EO52	sim_L3_M3	728	FG006	FG001
3	EO52	sim_L3_M3	729	FG006	FG032
3	EO52	sim_L3_M3	730	FG006	FG024
3	EO52	sim_L3_M3	731	FG006	FG002
3	EO52	sim_L3_M3	732	FG006	FG017
3	EO52	sim_L3_M3	733	FG006	FG001
3	EO52	sim_L3_M3	734	FG006	FG001
3	EO52	sim_L3_M3	735	FG006	FG024
3	EO52	sim_L3_M3	736	FG006	FG001
3	EO52	sim_L3_M3	737	FG006	FG023
3	EO52	sim_L3_M3	738	FG006	FG001
3	EO52	sim_L3_M3	739	FG006	FG002
3	EO52	sim_L3_M3	740	FG006	FG024
3	EO52	sim_L3_M3	741	FG006	FG001
3	EO52	sim_L3_M4	742	FG001	FG024
3	EO52	sim_L3_M4	743	FG002	FG023
3	EO52	sim_L3_M4	744	FG002	FG024
3	EO52	sim_L3_M4	745	FG001	FG024
3	EO52	sim_L3_M4	746	FG001	FG012
3	EO52	sim_L3_M4	747	FG002	FG024
3	EO52	sim_L3_M4	748	FG001	FG010
3	EO52	sim_L3_M4	749	FG001	FG003
3	EO52	sim_L3_M4	750	FG002	FG024
3	EO52	sim_L3_M4	751	FG002	FG003
3	EO52	sim_L3_M4	752	FG002	FG024
3	EO52	sim_L3_M4	753	FG002	FG024
3	EO52	sim_L3_M4	754	FG001	FG024
3	EO52	sim_L3_M4	755	FG001	FG003
3	EO52	sim_L3_M4	756	FG001	FG021
3	EO52	sim_L3_M4	757	FG001	FG024
3	EO52	sim_L3_M4	758	FG002	FG021
3	EO52	sim_L3_M5	759	FG001	FG002
3	EO52	sim_L3_M5	760	FG021	FG003
3	EO52	sim_L3_M5	761	FG001	FG014
3	EO52	sim_L3_M5	762	FG021	FG014
3	EO52	sim_L3_M5	763	FG001	FG019
3	EO52	sim_L3_M5	764	FG021	FG012
3	EO52	sim_L3_M5	765	FG001	FG024
3	EO52	sim_L3_M5	766	FG001	FG024
3	EO52	sim_L3_M5	767	FG021	FG010
3	EO52	sim_L3_M5	768	FG021	FG024
3	EO52	sim_L3_M5	769	FG021	FG024
3	EO52	sim_L3_M5	770	FG001	FG024
3	EO52	sim_L3_M5	771	FG001	FG002
3	EO52	sim_L3_M5	772	FG021	FG002
3	EO52	sim_L3_M5	773	FG021	FG024
3	EO52	sim_L3_M5	774	FG001	FG024
3	EO52	sim_L3_M5	775	FG021	FG006
3	EO52	sim_L3_M5	776	FG021	FG024
3	EO52	sim_L3_M6	777	FG002	FG018
3	EO52	sim_L3_M6	778	FG001	FG003
3	EO52	sim_L3_M6	779	FG002	FG006
3	EO52	sim_L3_M6	780	FG002	FG022
3	EO52	sim_L3_M6	781	FG001	FG024
3	EO52	sim_L3_M6	782	FG001	FG024
3	EO52	sim_L3_M6	783	FG001	FG006
3	EO52	sim_L3_M6	784	FG001	FG024
3	EO52	sim_L3_M6	785	FG001	FG001
3	EO52	sim_L3_M6	786	FG002	FG024
3	EO52	sim_L3_M6	787	FG002	FG024
3	EO52	sim_L3_M6	788	FG002	FG005
3	EO52	sim_L3_M6	789	FG002	FG024
3	EO52	sim_L3_M6	790	FG002	FG001
3	EO52	sim_L3_M6	791	FG002	FG015
3	EO52	sim_L3_M7	792	FG010	FG024
3	EO52	sim_L3_M7	793	FG001	FG006
3	EO52	sim_L3_M7	794	FG001	FG007
3	EO52	sim_L3_M7	795	FG010	FG012
3	EO52	sim_L3_M7	796	FG010	FG002
3	EO52	sim_L3_M7	797	FG010	FG015
3	EO52	sim_L3_M7	798	FG010	FG024
3	EO52	sim_L3_M7	799	FG001	FG019
3	EO52	sim_L3_M7	800	FG010	FG002
3	EO52	sim_L3_M7	801	FG001	FG024
3	EO52	sim_L3_M7	802	FG010	FG004
3	EO52	sim_L3_M7	803	FG001	FG002
3	EO52	sim_L3_M7	804	FG010	FG001
3	EO52	sim_L3_M7	805	FG001	FG004
3	EO52	sim_L3_M7	806	FG001	FG024
3	EO52	sim_L3_M8	807	FG012	FG010
3	EO52	sim_L3_M8	808	FG012	FG024
3	EO52	sim_L3_M8	809	FG012	FG003
3	EO52	sim_L3_M8	810	FG001	FG001
3	EO52	sim_L3_M8	811	FG012	FG002
3	EO52	sim_L3_M8	812	FG012	FG024
3	EO52	sim_L3_M8	813	FG012	FG002
3	EO52	sim_L3_M8	814	FG012	FG019
3	EO52	sim_L3_M8	815	FG001	FG015
3	EO52	sim_L3_M8	816	FG012	FG004
3	EO52	sim_L3_M8	817	FG001	FG018
3	EO52	sim_L3_M9	818	FG001	FG024
3	EO52	sim_L3_M9	819	FG001	FG005
3	EO52	sim_L3_M9	820	FG002	FG019
3	EO52	sim_L3_M9	821	FG002	FG001
3	EO52	sim_L3_M9	822	FG001	FG015
3	EO52	sim_L3_M9	823	FG002	FG024
3	EO52	sim_L3_M9	824	FG002	FG024
3	EO52	sim_L3_M9	825	FG002	FG003
3	EO52	sim_L3_M9	826	FG002	FG024
3	EO52	sim_L3_M9	827	FG001	FG022
3	EO52	sim_L3_M9	828	FG002	FG024
3	EO52	sim_L3_M9	829	FG001	FG009
3	EO52	sim_L3_M9	830	FG001	FG006
3	EO52	sim_L3_M10	831	FG012	FG001
3	EO52	sim_L3_M10	832	FG007	FG001
3	EO52	sim_L3_M10	833	FG012	FG001
3	EO52	sim_L3_M10	834	FG007	FG024
3	EO52	sim_L3_M10	835	FG012	FG001
3	EO52	sim_L3_M10	836	FG007	FG001
3	EO52	sim_L3_M10	837	FG012	FG002
3	EO52	sim_L3_M10	838	FG012	FG001
3	EO52	sim_L3_M10	839	FG012	FG001
3	EO52	sim_L3_M10	840	FG012	FG001
3	EO52	sim_L3_M10	841	FG007	FG001
3	EO52	sim_L3_M10	842	FG012	FG004
3	EO52	sim_L3_M10	843	FG012	FG005
3	EO52	sim_L3_M10	844	FG007	FG019
3	EO52	sim_L3_M10	845	FG007	FG001
3	EO52	sim_L3_M10	846	FG007	FG001
3	EO52	sim_L3_M10	847	FG007	FG006
3	EO52	sim_L3_M10	848	FG012	FG001
3	EO52	sim_L3_M10	849	FG007	FG001
3	EO52	sim_L3_M10	850	FG007	FG005
3	EO52	sim_L3_M10	851	FG007	FG001
3	EO52	sim_L3_M10	852	FG007	FG001
3	EO52	sim_L3_M10	853	FG012	FG001
3	EO52	sim_L3_M10	854	FG007	FG002
3	EO52	sim_L3_M10	855	FG012	FG010
3	EO52	sim_L3_M10	856	FG012	FG001
3	EO52	sim_L3_M10	857	FG012	FG001
3	EO52	sim_L3_M10	858	FG012	FG001
3	EO52	sim_L3_M11	859	FG001	FG004
3	EO52	sim_L3_M11	860	FG001	FG006
3	EO52	sim_L3_M11	861	FG026	FG004
3	EO52	sim_L3_M11	862	FG026	FG003
3	EO52	sim_L3_M11	863	FG001	FG017
3	EO52	sim_L3_M11	864	FG026	FG024
3	EO52	sim_L3_M11	865	FG001	FG024
3	EO52	sim_L3_M11	866	FG026	FG002
3	EO52	sim_L3_M11	867	FG026	FG003
3	EO52	sim_L3_M11	868	FG001	FG005
3	EO52	sim_L3_M11	869	FG001	FG021
3	EO52	sim_L3_M11	870	FG026	FG007
3	EO52	sim_L3_M11	871	FG001	FG024
3	EO52	sim_L3_M11	872	FG026	FG006
3	EO52	sim_L3_M11	873	FG026	FG024
3	EO52	sim_L3_M11	874	FG026	FG024
3	EO52	sim_L3_M11	875	FG001	FG006
3	EO52	sim_L3_M11	876	FG026	FG012
3	EO52	sim_L3_M11	877	FG001	FG024
3	EO52	sim_L3_M12	878	FG024	FG003
3	EO52	sim_L3_M12	879	FG024	FG001
3	EO52	sim_L3_M12	880	FG024	FG001
3	EO52	sim_L3_M12	881	FG024	FG006
3	EO52	sim_L3_M12	882	FG024	FG001
3	EO52	sim_L3_M12	883	FG002	FG001
3	EO52	sim_L3_M12	884	FG024	FG001
3	EO52	sim_L3_M12	885	FG002	FG003
3	EO52	sim_L3_M12	886	FG024	FG001
3	EO52	sim_L3_M12	887	FG024	FG001
3	EO52	sim_L3_M12	888	FG002	FG024
3	EO52	sim_L3_M12	889	FG002	FG001
3	EO52	sim_L3_M12	890	FG024	FG003
3	EO52	sim_L3_M12	891	FG002	FG005
3	EO52	sim_L3_M12	892	FG002	FG019
3	EO52	sim_L3_M12	893	FG002	FG012
3	EO52	sim_L3_M12	894	FG002	FG001
3	EO52	sim_L3_M12	895	FG024	FG006
3	EO52	sim_L3_M12	896	FG002	FG007
3	EO52	sim_L3_M12	897	FG002	FG026
3	EO52	sim_L3_M12	898	FG024	FG001
3	EO52	sim_L3_M13	899	FG024	FG001
3	EO52	sim_L3_M13	900	FG024	FG006
3	EO52	sim_L3_M13	901	FG024	FG003
3	EO52	sim_L3_M13	902	FG024	FG012
3	EO52	sim_L3_M13	903	FG024	FG001
3	EO52	sim_L3_M13	904	FG024	FG003
3	EO52	sim_L3_M13	905	FG024	FG001
3	EO52	sim_L3_M13	906	FG024	FG001
3	EO52	sim_L3_M13	907	FG024	FG005
3	EO52	sim_L3_M13	908	FG024	FG001
3	EO52	sim_L3_M13	909	FG024	FG022
3	EO52	sim_L3_M13	910	FG024	FG001
3	EO52	sim_L3_M13	911	FG024	FG001
3	EO52	sim_L3_M13	912	FG024	FG024
3	EO52	sim_L3_M13	913	FG024	FG032
3	EO52	sim_L3_M13	914	FG024	FG008
3	EO52	sim_L3_M13	915	FG024	FG001
3	EO52	sim_L3_M13	916	FG024	FG001
3	EO52	sim_L3_M13	917	FG024	FG004
3	EO52	sim_L3_M13	918	FG024	FG001
3	EO52	sim_L3_M13	919	FG024	FG001
3	EO52	sim_L3_M13	920	FG024	FG001
3	EO52	sim_L3_M13	921	FG024	FG002
3	EO52	sim_L3_M13	922	FG024	FG001
3	EO52	sim_L3_M14	923	FG006	FG001
3	EO52	sim_L3_M14	924	FG006	FG024
3	EO52	sim_L3_M14	925	FG006	FG002
3	EO52	sim_L3_M14	926	FG006	FG021
3	EO52	sim_L3_M14	927	FG006	FG002
3	EO52	sim_L3_M14	928	FG006	FG024
3	EO52	sim_L3_M14	929	FG006	FG002
3	EO52	sim_L3_M14	930	FG006	FG001
3	EO52	sim_L3_M14	931	FG006	FG024
3	EO52	sim_L3_M14	932	FG006	FG001
3	EO52	sim_L3_M14	933	FG006	FG024
3	EO52	sim_L3_M14	934	FG006	FG002
3	EO52	sim_L3_M14	935	FG006	FG001
3	EO52	sim_L3_M14	936	FG006	FG018
3	EO52	sim_L3_M14	937	FG006	FG001
3	EO52	sim_L3_M14	938	FG006	FG017
3	EO52	sim_L3_M14	939	FG006	FG001
3	EO52	sim_L3_M14	940	FG006	FG024
3	EO52	sim_L3_M14	941	FG006	FG003
3	EO52	sim_L3_M14	942	FG006	FG001
3	EO52	sim_L3_M14	943	FG006	FG003
3	EO52	sim_L3_M14	944	FG006	FG001
3	EO52	sim_L3_M14	945	FG006	FG001
3	EO52	sim_L3_M14	946	FG006	FG001
3	EO52	sim_L3_M14	947	FG006	FG014
3	EO52	sim_L3_M14	948	FG006	FG001
3	EO52	sim_L3_M14	949	FG006	FG001
3	EO52	sim_L3_M14	950	FG006	FG001
3	EO52	sim_L3_M14	951	FG006	FG024
3	EO52	sim_L3_M15	952	FG006	FG024
3	EO52	sim_L3_M15	953	FG001	FG024
3	EO52	sim_L3_M15	954	FG006	FG024
3	EO52	sim_L3_M15	955	FG006	FG002
3	EO52	sim_L3_M15	956	FG001	FG001
3	EO52	sim_L3_M15	957	FG001	FG024
3	EO52	sim_L3_M15	958	FG006	FG002
3	EO52	sim_L3_M15	959	FG006	FG004
3	EO52	sim_L3_M15	960	FG006	FG010
3	EO52	sim_L3_M15	961	FG006	FG001
3	EO52	sim_L3_M15	962	FG006	FG018
3	EO52	sim_L3_M16	963	FG018	FG021
3	EO52	sim_L3_M16	964	FG018	FG023
3	EO52	sim_L3_M16	965	FG001	FG006
3	EO52	sim_L3_M16	966	FG018	FG024
3	EO52	sim_L3_M16	967	FG018	FG002
3	EO52	sim_L3_M16	968	FG001	FG007
3	EO52	sim_L3_M16	969	FG018	FG005
3	EO52	sim_L3_M16	970	FG018	FG030
3	EO52	sim_L3_M16	971	FG001	FG024
3	EO52	sim_L3_M16	972	FG001	FG024
3	EO52	sim_L3_M16	973	FG001	FG014
3	EO52	sim_L3_M16	974	FG018	FG024
3	EO52	sim_L3_M16	975	FG001	FG003
3	EO52	sim_L3_M16	976	FG001	FG024
3	EO52	sim_L3_M16	977	FG001	FG002
3	EO52	sim_L3_M16	978	FG001	FG024
3	EO52	sim_L3_M16	979	FG018	FG024
3	EO52	sim_L3_M16	980	FG001	FG002
3	EO52	sim_L3_M16	981	FG001	FG006
3	EO52	sim_L3_M16	982	FG001	FG021
3	EO52	sim_L3_M16	983	FG018	FG010
3	EO52	sim_L3_M16	984	FG001	FG024
3	EO52	sim_L3_M16	985	FG018	FG021
3	EO52	sim_L3_M17	986	FG001	FG006
3	EO52	sim_L3_M17	987	FG001	FG014
3	EO52	sim_L3_M17	988	FG001	FG003
3	EO52	sim_L3_M17	989	FG024	FG002
3	EO52	sim_L3_M17	990	FG024	FG004
3	EO52	sim_L3_M17	991	FG024	FG005
3	EO52	sim_L3_M17	992	FG024	FG002
3	EO52	sim_L3_M17	993	FG024	FG006
3	EO52	sim_L3_M17	994	FG001	FG009
3	EO52	sim_L3_M17	995	FG001	FG012
3	EO52	sim_L3_M17	996	FG024	FG002
3	EO52	sim_L3_M17	997	FG001	FG002
3	EO52	sim_L3_M17	998	FG001	FG021
3	EO52	sim_L3_M17	999	FG001	FG032
3	EO52	sim_L3_M17	1000	FG024	FG008
3	EO52	sim_L3_M17	1001	FG001	FG006
4	EO118	sim_L4_M0	1002	FG024	FG001
4	EO118	sim_L4_M0	1003	FG002	FG021
4	EO118	sim_L4_M0	1004	FG024	FG006
4	EO118	sim_L4_M0	1005	FG024	FG001
4	EO118	sim_L4_M0	1006	FG002	FG014
4	EO118	sim_L4_M0	1007	FG002	FG006
4	EO118	sim_L4_M0	1008	FG024	FG027
4	EO118	sim_L4_M0	1009	FG024	FG001
4	EO118	sim_L4_M0	1010	FG024	FG008
4	EO118	sim_L4_M0	1011	FG002	FG001
4	EO118	sim_L4_M0	1012	FG024	FG001
4	EO118	sim_L4_M0	1013	FG002	FG003
4	EO118	sim_L4_M0	1014	FG024	FG009
4	EO118	sim_L4_M0	1015	FG024	FG001
4	EO118	sim_L4_M0	1016	FG024	FG001
4	EO118	sim_L4_M0	1017	FG002	FG001
4	EO118	sim_L4_M1	1018	FG002	FG001
4	EO118	sim_L4_M1	1019	FG002	FG001
4	EO118	sim_L4_M1	1020	FG002	FG001
4	EO118	sim_L4_M1	1021	FG002	FG001
4	EO118	sim_L4_M1	1022	FG002	FG024
4	EO118	sim_L4_M1	1023	FG002	FG024
4	EO118	sim_L4_M1	1024	FG002	FG001
4	EO118	sim_L4_M1	1025	FG002	FG024
4	EO118	sim_L4_M1	1026	FG002	FG001
4	EO118	sim_L4_M1	1027	FG002	FG019
4	EO118	sim_L4_M1	1028	FG002	FG024
4	EO118	sim_L4_M1	1029	FG002	FG018
4	EO118	sim_L4_M1	1030	FG002	FG003
4	EO118	sim_L4_M1	1031	FG002	FG001
4	EO118	sim_L4_M1	1032	FG002	FG001
4	EO118	sim_L4_M1	1033	FG002	FG001
4	EO118	sim_L4_M1	1034	FG002	FG001
4	EO118	sim_L4_M1	1035	FG002	FG024
4	EO118	sim_L4_M1	1036	FG002	FG001
4	EO118	sim_L4_M1	1037	FG002	FG001
4	EO118	sim_L4_M1	1038	FG002	FG024
4	EO118	sim_L4_M1	1039	FG002	FG001
4	EO118	sim_L4_M1	1040	FG002	FG024
4	EO118	sim_L4_M1	1041	FG002	FG001
4	EO118	sim_L4_M1	1042	FG002	FG015
4	EO118	sim_L4_M1	1043	FG002	FG024
4	EO118	sim_L4_M1	1044	FG002	FG001
4	EO118	sim_L4_M2	1045	FG029	FG001
4	EO118	sim_L4_M2	1046	FG002	FG001
4	EO118	sim_L4_M2	1047	FG002	FG001
4	EO118	sim_L4_M2	1048	FG002	FG001
4	EO118	sim_L4_M2	1049	FG029	FG024
4	EO118	sim_L4_M2	1050	FG002	FG001
4	EO118	sim_L4_M2	1051	FG029	FG001
4	EO118	sim_L4_M2	1052	FG002	FG001
4	EO118	sim_L4_M2	1053	FG029	FG018
4	EO118	sim_L4_M2	1054	FG002	FG001
4	EO118	sim_L4_M2	1055	FG002	FG001
4	EO118	sim_L4_M2	1056	FG029	FG024
4	EO118	sim_L4_M2	1057	FG029	FG001
4	EO118	sim_L4_M2	1058	FG002	FG006
4	EO118	sim_L4_M2	1059	FG029	FG001
4	EO118	sim_L4_M2	1060	FG029	FG024
4	EO118	sim_L4_M2	1061	FG029	FG024
4	EO118	sim_L4_M2	1062	FG029	FG010
4	EO118	sim_L4_M2	1063	FG002	FG003
4	EO118	sim_L4_M2	1064	FG029	FG006
4	EO118	sim_L4_M2	1065	FG002	FG024
4	EO118	sim_L4_M2	1066	FG029	FG018
4	EO118	sim_L4_M2	1067	FG029	FG031
4	EO118	sim_L4_M2	1068	FG029	FG004
4	EO118	sim_L4_M2	1069	FG002	FG024
4	EO118	sim_L4_M3	1070	FG001	FG024
4	EO118	sim_L4_M3	1071	FG001	FG002
4	EO118	sim_L4_M3	1072	FG001	FG024
4	EO118	sim_L4_M3	1073	FG001	FG001
4	EO118	sim_L4_M3	1074	FG001	FG024
4	EO118	sim_L4_M3	1075	FG001	FG003
4	EO118	sim_L4_M3	1076	FG001	FG016
4	EO118	sim_L4_M3	1077	FG001	FG002
4	EO118	sim_L4_M3	1078	FG001	FG024
4	EO118	sim_L4_M3	1079	FG001	FG031
4	EO118	sim_L4_M3	1080	FG001	FG002
4	EO118	sim_L4_M3	1081	FG001	FG009
4	EO118	sim_L4_M3	1082	FG001	FG018
4	EO118	sim_L4_M3	1083	FG001	FG002
4	EO118	sim_L4_M3	1084	FG001	FG024
4	EO118	sim_L4_M3	1085	FG001	FG002
4	EO118	sim_L4_M3	1086	FG001	FG002
4	EO118	sim_L4_M4	1087	FG001	FG024
4	EO118	sim_L4_M4	1088	FG001	FG024
4	EO118	sim_L4_M4	1089	FG001	FG005
4	EO118	sim_L4_M4	1090	FG001	FG004
4	EO118	sim_L4_M4	1091	FG001	FG024
4	EO118	sim_L4_M4	1092	FG001	FG004
4	EO118	sim_L4_M4	1093	FG001	FG010
4	EO118	sim_L4_M4	1094	FG001	FG001
4	EO118	sim_L4_M4	1095	FG001	FG016
4	EO118	sim_L4_M4	1096	FG001	FG003
4	EO118	sim_L4_M4	1097	FG001	FG002
4	EO118	sim_L4_M4	1098	FG001	FG002
4	EO118	sim_L4_M4	1099	FG001	FG002
4	EO118	sim_L4_M4	1100	FG001	FG004
4	EO118	sim_L4_M4	1101	FG001	FG006
4	EO118	sim_L4_M4	1102	FG001	FG024
4	EO118	sim_L4_M4	1103	FG001	FG001
4	EO118	sim_L4_M4	1104	FG001	FG024
4	EO118	sim_L4_M4	1105	FG001	FG002
4	EO118	sim_L4_M4	1106	FG001	FG006
4	EO118	sim_L4_M4	1107	FG001	FG001
4	EO118	sim_L4_M4	1108	FG001	FG006
4	EO118	sim_L4_M5	1109	FG001	FG024
4	EO118	sim_L4_M5	1110	FG001	FG006
4	EO118	sim_L4_M5	1111	FG001	FG002
4	EO118	sim_L4_M5	1112	FG001	FG018
4	EO118	sim_L4_M5	1113	FG001	FG002
4	EO118	sim_L4_M5	1114	FG001	FG024
4	EO118	sim_L4_M5	1115	FG001	FG012
4	EO118	sim_L4_M5	1116	FG001	FG024
4	EO118	sim_L4_M5	1117	FG001	FG020
4	EO118	sim_L4_M5	1118	FG001	FG024
4	EO118	sim_L4_M5	1119	FG001	FG024
4	EO118	sim_L4_M5	1120	FG001	FG024
4	EO118	sim_L4_M5	1121	FG001	FG002
4	EO118	sim_L4_M5	1122	FG001	FG006
4	EO118	sim_L4_M5	1123	FG001	FG002
4	EO118	sim_L4_M5	1124	FG001	FG012
4	EO118	sim_L4_M5	1125	FG001	FG024
4	EO118	sim_L4_M5	1126	FG001	FG002
4	EO118	sim_L4_M5	1127	FG001	FG003
4	EO118	sim_L4_M5	1128	FG001	FG006
4	EO118	sim_L4_M6	1129	FG001	FG001
4	EO118	sim_L4_M6	1130	FG002	FG001
4	EO118	sim_L4_M6	1131	FG002	FG006
4	EO118	sim_L4_M6	1132	FG002	FG017
4	EO118	sim_L4_M6	1133	FG002	FG024
4	EO118	sim_L4_M6	1134	FG001	FG024
4	EO118	sim_L4_M6	1135	FG002	FG015
4	EO118	sim_L4_M6	1136	FG002	FG024
4	EO118	sim_L4_M6	1137	FG002	FG004
4	EO118	sim_L4_M6	1138	FG002	FG006
4	EO118	sim_L4_M6	1139	FG002	FG024
4	EO118	sim_L4_M6	1140	FG001	FG017
4	EO118	sim_L4_M6	1141	FG002	FG004
4	EO118	sim_L4_M6	1142	FG001	FG023
4	EO118	sim_L4_M6	1143	FG002	FG003
4	EO118	sim_L4_M7	1144	FG001	FG024
4	EO118	sim_L4_M7	1145	FG006	FG003
4	EO118	sim_L4_M7	1146	FG006	FG024
4	EO118	sim_L4_M7	1147	FG006	FG012
4	EO118	sim_L4_M7	1148	FG001	FG014
4	EO118	sim_L4_M7	1149	FG001	FG001
4	EO118	sim_L4_M7	1150	FG006	FG003
4	EO118	sim_L4_M7	1151	FG006	FG024
4	EO118	sim_L4_M7	1152	FG001	FG016
4	EO118	sim_L4_M7	1153	FG006	FG002
4	EO118	sim_L4_M7	1154	FG001	FG001
4	EO118	sim_L4_M7	1155	FG006	FG001
4	EO118	sim_L4_M7	1156	FG001	FG024
4	EO118	sim_L4_M7	1157	FG006	FG002
4	EO118	sim_L4_M7	1158	FG001	FG016
4	EO118	sim_L4_M7	1159	FG001	FG024
4	EO118	sim_L4_M7	1160	FG001	FG024
4	EO118	sim_L4_M7	1161	FG006	FG002
4	EO118	sim_L4_M7	1162	FG001	FG024
4	EO118	sim_L4_M8	1163	FG015	FG024
4	EO118	sim_L4_M8	1164	FG001	FG013
4	EO118	sim_L4_M8	1165	FG015	FG019
4	EO118	sim_L4_M8	1166	FG001	FG002
4	EO118	sim_L4_M8	1167	FG001	FG032
4	EO118	sim_L4_M8	1168	FG001	FG002
4	EO118	sim_L4_M8	1169	FG015	FG023
4	EO118	sim_L4_M8	1170	FG015	FG026
4	EO118	sim_L4_M8	1171	FG015	FG024
4	EO118	sim_L4_M8	1172	FG001	FG024
4	EO118	sim_L4_M8	1173	FG015	FG019
4	EO118	sim_L4_M8	1174	FG015	FG010
4	EO118	sim_L4_M8	1175	FG001	FG010
4	EO118	sim_L4_M8	1176	FG001	FG024
4	EO118	sim_L4_M8	1177	FG015	FG021
4	EO118	sim_L4_M8	1178	FG015	FG010
4	EO118	sim_L4_M8	1179	FG015	FG024
4	EO118	sim_L4_M8	1180	FG001	FG020
4	EO118	sim_L4_M9	1181	FG003	FG001
4	EO118	sim_L4_M9	1182	FG003	FG002
4	EO118	sim_L4_M9	1183	FG003	FG001
4	EO118	sim_L4_M9	1184	FG003	FG002
4	EO118	sim_L4_M9	1185	FG003	FG001
4	EO118	sim_L4_M9	1186	FG024	FG023
4	EO118	sim_L4_M9	1187	FG024	FG024
4	EO118	sim_L4_M9	1188	FG024	FG001
4	EO118	sim_L4_M9	1189	FG024	FG001
4	EO118	sim_L4_M9	1190	FG024	FG001
4	EO118	sim_L4_M9	1191	FG024	FG001
4	EO118	sim_L4_M9	1192	FG003	FG019
4	EO118	sim_L4_M9	1193	FG003	FG027
4	EO118	sim_L4_M9	1194	FG024	FG006
4	EO118	sim_L4_M9	1195	FG003	FG001
4	EO118	sim_L4_M9	1196	FG003	FG001
4	EO118	sim_L4_M9	1197	FG003	FG001
4	EO118	sim_L4_M9	1198	FG003	FG006
4	EO118	sim_L4_M9	1199	FG024	FG001
4	EO118	sim_L4_M9	1200	FG003	FG007
4	EO118	sim_L4_M9	1201	FG003	FG001
4	EO118	sim_L4_M9	1202	FG003	FG001
4	EO118	sim_L4_M9	1203	FG024	FG001
4	EO118	sim_L4_M9	1204	FG024	FG021
4	EO118	sim_L4_M10	1205	FG001	FG006
4	EO118	sim_L4_M10	1206	FG024	FG006
4	EO118	sim_L4_M10	1207	FG001	FG002
4	EO118	sim_L4_M10	1208	FG024	FG017
4	EO118	sim_L4_M10	1209	FG001	FG002
4	EO118	sim_L4_M10	1210	FG001	FG003
4	EO118	sim_L4_M10	1211	FG001	FG004
4	EO118	sim_L4_M10	1212	FG024	FG006
4	EO118	sim_L4_M10	1213	FG001	FG010
4	EO118	sim_L4_M10	1214	FG001	FG003
4	EO118	sim_L4_M10	1215	FG001	FG006
4	EO118	sim_L4_M11	1216	FG016	FG021
4	EO118	sim_L4_M11	1217	FG003	FG024
4	EO118	sim_L4_M11	1218	FG016	FG001
4	EO118	sim_L4_M11	1219	FG003	FG002
4	EO118	sim_L4_M11	1220	FG003	FG001
4	EO118	sim_L4_M11	1221	FG016	FG020
4	EO118	sim_L4_M11	1222	FG016	FG002
4	EO118	sim_L4_M11	1223	FG016	FG024
4	EO118	sim_L4_M11	1224	FG003	FG001
4	EO118	sim_L4_M11	1225	FG016	FG001
4	EO118	sim_L4_M11	1226	FG016	FG001
4	EO118	sim_L4_M11	1227	FG003	FG001
4	EO118	sim_L4_M11	1228	FG003	FG001
4	EO118	sim_L4_M11	1229	FG016	FG001
4	EO118	sim_L4_M11	1230	FG016	FG006
4	EO118	sim_L4_M11	1231	FG003	FG021
4	EO118	sim_L4_M11	1232	FG003	FG024
4	EO118	sim_L4_M11	1233	FG003	FG002
4	EO118	sim_L4_M11	1234	FG003	FG024
4	EO118	sim_L4_M11	1235	FG003	FG001
4	EO118	sim_L4_M11	1236	FG016	FG018
4	EO118	sim_L4_M11	1237	FG016	FG028
4	EO118	sim_L4_M11	1238	FG016	FG001
4	EO118	sim_L4_M11	1239	FG003	FG006
4	EO118	sim_L4_M11	1240	FG003	FG002
4	EO118	sim_L4_M11	1241	FG016	FG005
4	EO118	sim_L4_M11	1242	FG016	FG023
4	EO118	sim_L4_M11	1243	FG016	FG024
15	EO18-7	sim_L15_M0	1244	FG001	FG002
15	EO18-7	sim_L15_M0	1245	FG001	FG004
15	EO18-7	sim_L15_M0	1246	FG001	FG001
15	EO18-7	sim_L15_M0	1247	FG001	FG024
15	EO18-7	sim_L15_M0	1248	FG001	FG002
15	EO18-7	sim_L15_M0	1249	FG001	FG006
15	EO18-7	sim_L15_M0	1250	FG001	FG012
15	EO18-7	sim_L15_M0	1251	FG001	FG024
15	EO18-7	sim_L15_M0	1252	FG001	FG024
15	EO18-7	sim_L15_M0	1253	FG001	FG002
15	EO18-7	sim_L15_M0	1254	FG001	FG010
15	EO18-7	sim_L15_M0	1255	FG001	FG001
15	EO18-7	sim_L15_M0	1256	FG001	FG002
15	EO18-7	sim_L15_M0	1257	FG001	FG017
15	EO18-7	sim_L15_M0	1258	FG001	FG001
15	EO18-7	sim_L15_M0	1259	FG001	FG018
15	EO18-7	sim_L15_M1	1260	FG024	FG001
15	EO18-7	sim_L15_M1	1261	FG002	FG001
15	EO18-7	sim_L15_M1	1262	FG002	FG009
15	EO18-7	sim_L15_M1	1263	FG024	FG014
15	EO18-7	sim_L15_M1	1264	FG024	FG001
15	EO18-7	sim_L15_M1	1265	FG024	FG004
15	EO18-7	sim_L15_M1	1266	FG002	FG001
15	EO18-7	sim_L15_M1	1267	FG024	FG008
15	EO18-7	sim_L15_M1	1268	FG024	FG005
15	EO18-7	sim_L15_M1	1269	FG002	FG012
15	EO18-7	sim_L15_M1	1270	FG002	FG001
15	EO18-7	sim_L15_M1	1271	FG024	FG001
15	EO18-7	sim_L15_M1	1272	FG002	FG001
15	EO18-7	sim_L15_M1	1273	FG002	FG001
15	EO18-7	sim_L15_M1	1274	FG024	FG006
15	EO18-7	sim_L15_M1	1275	FG024	FG026
15	EO18-7	sim_L15_M1	1276	FG024	FG002
15	EO18-7	sim_L15_M1	1277	FG002	FG001
15	EO18-7	sim_L15_M1	1278	FG002	FG001
15	EO18-7	sim_L15_M1	1279	FG002	FG001
15	EO18-7	sim_L15_M1	1280	FG002	FG006
15	EO18-7	sim_L15_M1	1281	FG024	FG010
15	EO18-7	sim_L15_M1	1282	FG024	FG008
15	EO18-7	sim_L15_M1	1283	FG002	FG004
15	EO18-7	sim_L15_M2	1284	FG024	FG016
15	EO18-7	sim_L15_M2	1285	FG001	FG002
15	EO18-7	sim_L15_M2	1286	FG001	FG004
15	EO18-7	sim_L15_M2	1287	FG001	FG002
15	EO18-7	sim_L15_M2	1288	FG001	FG006
15	EO18-7	sim_L15_M2	1289	FG024	FG001
15	EO18-7	sim_L15_M2	1290	FG024	FG002
15	EO18-7	sim_L15_M2	1291	FG001	FG004
15	EO18-7	sim_L15_M2	1292	FG024	FG006
15	EO18-7	sim_L15_M2	1293	FG001	FG002
15	EO18-7	sim_L15_M2	1294	FG024	FG002
15	EO18-7	sim_L15_M3	1295	FG024	FG001
15	EO18-7	sim_L15_M3	1296	FG002	FG001
15	EO18-7	sim_L15_M3	1297	FG002	FG001
15	EO18-7	sim_L15_M3	1298	FG002	FG002
15	EO18-7	sim_L15_M3	1299	FG002	FG001
15	EO18-7	sim_L15_M3	1300	FG024	FG010
15	EO18-7	sim_L15_M3	1301	FG024	FG005
15	EO18-7	sim_L15_M3	1302	FG002	FG001
15	EO18-7	sim_L15_M3	1303	FG024	FG001
15	EO18-7	sim_L15_M3	1304	FG002	FG001
15	EO18-7	sim_L15_M3	1305	FG002	FG001
15	EO18-7	sim_L15_M3	1306	FG002	FG001
15	EO18-7	sim_L15_M3	1307	FG024	FG001
15	EO18-7	sim_L15_M3	1308	FG002	FG001
15	EO18-7	sim_L15_M3	1309	FG024	FG001
15	EO18-7	sim_L15_M3	1310	FG024	FG006
15	EO18-7	sim_L15_M3	1311	FG002	FG006
15	EO18-7	sim_L15_M3	1312	FG024	FG003
15	EO18-7	sim_L15_M3	1313	FG024	FG001
15	EO18-7	sim_L15_M4	1314	FG001	FG002
15	EO18-7	sim_L15_M4	1315	FG001	FG013
15	EO18-7	sim_L15_M4	1316	FG001	FG004
15	EO18-7	sim_L15_M4	1317	FG001	FG004
15	EO18-7	sim_L15_M4	1318	FG001	FG019
15	EO18-7	sim_L15_M4	1319	FG001	FG005
15	EO18-7	sim_L15_M4	1320	FG001	FG002
15	EO18-7	sim_L15_M4	1321	FG001	FG002
15	EO18-7	sim_L15_M4	1322	FG001	FG006
15	EO18-7	sim_L15_M4	1323	FG001	FG004
15	EO18-7	sim_L15_M4	1324	FG001	FG004
15	EO18-7	sim_L15_M4	1325	FG001	FG002
15	EO18-7	sim_L15_M4	1326	FG001	FG006
15	EO18-7	sim_L15_M4	1327	FG001	FG024
15	EO18-7	sim_L15_M4	1328	FG001	FG021
15	EO18-7	sim_L15_M4	1329	FG001	FG029
15	EO18-7	sim_L15_M4	1330	FG001	FG005
15	EO18-7	sim_L15_M4	1331	FG001	FG021
15	EO18-7	sim_L15_M4	1332	FG001	FG011
15	EO18-7	sim_L15_M4	1333	FG001	FG024
15	EO18-7	sim_L15_M4	1334	FG001	FG006
15	EO18-7	sim_L15_M4	1335	FG001	FG005
15	EO18-7	sim_L15_M4	1336	FG001	FG024
15	EO18-7	sim_L15_M5	1337	FG001	FG019
15	EO18-7	sim_L15_M5	1338	FG001	FG024
15	EO18-7	sim_L15_M5	1339	FG001	FG002
15	EO18-7	sim_L15_M5	1340	FG008	FG024
15	EO18-7	sim_L15_M5	1341	FG008	FG006
15	EO18-7	sim_L15_M5	1342	FG001	FG002
15	EO18-7	sim_L15_M5	1343	FG001	FG012
15	EO18-7	sim_L15_M5	1344	FG001	FG024
15	EO18-7	sim_L15_M5	1345	FG001	FG024
15	EO18-7	sim_L15_M5	1346	FG001	FG001
15	EO18-7	sim_L15_M5	1347	FG008	FG024
15	EO18-7	sim_L15_M5	1348	FG001	FG012
15	EO18-7	sim_L15_M5	1349	FG008	FG002
15	EO18-7	sim_L15_M5	1350	FG001	FG024
15	EO18-7	sim_L15_M5	1351	FG001	FG021
15	EO18-7	sim_L15_M6	1352	FG024	FG021
15	EO18-7	sim_L15_M6	1353	FG001	FG012
15	EO18-7	sim_L15_M6	1354	FG024	FG006
15	EO18-7	sim_L15_M6	1355	FG001	FG002
15	EO18-7	sim_L15_M6	1356	FG001	FG001
15	EO18-7	sim_L15_M6	1357	FG024	FG012
15	EO18-7	sim_L15_M6	1358	FG024	FG019
15	EO18-7	sim_L15_M6	1359	FG024	FG024
15	EO18-7	sim_L15_M7	1360	FG002	FG018
15	EO18-7	sim_L15_M7	1361	FG024	FG001
15	EO18-7	sim_L15_M7	1362	FG002	FG001
15	EO18-7	sim_L15_M7	1363	FG002	FG010
15	EO18-7	sim_L15_M7	1364	FG024	FG019
15	EO18-7	sim_L15_M7	1365	FG002	FG001
15	EO18-7	sim_L15_M7	1366	FG024	FG001
15	EO18-7	sim_L15_M7	1367	FG002	FG001
15	EO18-7	sim_L15_M7	1368	FG024	FG010
15	EO18-7	sim_L15_M7	1369	FG002	FG001
15	EO18-7	sim_L15_M7	1370	FG024	FG010
15	EO18-7	sim_L15_M7	1371	FG002	FG001
15	EO18-7	sim_L15_M7	1372	FG002	FG001
15	EO18-7	sim_L15_M7	1373	FG024	FG001
15	EO18-7	sim_L15_M7	1374	FG002	FG001
15	EO18-7	sim_L15_M7	1375	FG002	FG001
15	EO18-7	sim_L15_M7	1376	FG024	FG001
15	EO18-7	sim_L15_M7	1377	FG002	FG030
15	EO18-7	sim_L15_M7	1378	FG002	FG001
15	EO18-7	sim_L15_M7	1379	FG024	FG001
15	EO18-7	sim_L15_M7	1380	FG024	FG006
15	EO18-7	sim_L15_M7	1381	FG024	FG001
15	EO18-7	sim_L15_M7	1382	FG024	FG001
15	EO18-7	sim_L15_M7	1383	FG024	FG001
15	EO18-7	sim_L15_M8	1384	FG001	FG024
15	EO18-7	sim_L15_M8	1385	FG001	FG024
15	EO18-7	sim_L15_M8	1386	FG001	FG001
15	EO18-7	sim_L15_M8	1387	FG001	FG002
15	EO18-7	sim_L15_M8	1388	FG001	FG002
15	EO18-7	sim_L15_M8	1389	FG001	FG009
15	EO18-7	sim_L15_M8	1390	FG001	FG024
15	EO18-7	sim_L15_M8	1391	FG001	FG002
15	EO18-7	sim_L15_M8	1392	FG001	FG006
15	EO18-7	sim_L15_M8	1393	FG001	FG024
15	EO18-7	sim_L15_M8	1394	FG001	FG003
15	EO18-7	sim_L15_M8	1395	FG001	FG024
15	EO18-7	sim_L15_M8	1396	FG001	FG010
15	EO18-7	sim_L15_M8	1397	FG001	FG024
15	EO18-7	sim_L15_M8	1398	FG001	FG024
15	EO18-7	sim_L15_M8	1399	FG001	FG006
15	EO18-7	sim_L15_M8	1400	FG001	FG024
15	EO18-7	sim_L15_M8	1401	FG001	FG002
15	EO18-7	sim_L15_M8	1402	FG001	FG024
15	EO18-7	sim_L15_M9	1403	FG001	FG024
15	EO18-7	sim_L15_M9	1404	FG001	FG019
15	EO18-7	sim_L15_M9	1405	FG002	FG006
15	EO18-7	sim_L15_M9	1406	FG002	FG024
15	EO18-7	sim_L15_M9	1407	FG002	FG002
15	EO18-7	sim_L15_M9	1408	FG001	FG012
15	EO18-7	sim_L15_M9	1409	FG001	FG006
15	EO18-7	sim_L15_M9	1410	FG002	FG001
15	EO18-7	sim_L15_M9	1411	FG001	FG024
15	EO18-7	sim_L15_M9	1412	FG002	FG001
15	EO18-7	sim_L15_M10	1413	FG001	FG004
15	EO18-7	sim_L15_M10	1414	FG001	FG011
15	EO18-7	sim_L15_M10	1415	FG012	FG006
15	EO18-7	sim_L15_M10	1416	FG012	FG006
15	EO18-7	sim_L15_M10	1417	FG012	FG024
15	EO18-7	sim_L15_M10	1418	FG012	FG024
15	EO18-7	sim_L15_M10	1419	FG012	FG024
15	EO18-7	sim_L15_M10	1420	FG001	FG023
15	EO18-7	sim_L15_M10	1421	FG001	FG024
15	EO18-7	sim_L15_M10	1422	FG012	FG024
15	EO18-7	sim_L15_M10	1423	FG012	FG002
15	EO18-7	sim_L15_M10	1424	FG001	FG001
15	EO18-7	sim_L15_M10	1425	FG001	FG002
15	EO18-7	sim_L15_M10	1426	FG012	FG002
15	EO18-7	sim_L15_M10	1427	FG001	FG024
15	EO18-7	sim_L15_M11	1428	FG001	FG009
15	EO18-7	sim_L15_M11	1429	FG001	FG006
15	EO18-7	sim_L15_M11	1430	FG001	FG024
15	EO18-7	sim_L15_M11	1431	FG002	FG024
15	EO18-7	sim_L15_M11	1432	FG001	FG024
15	EO18-7	sim_L15_M11	1433	FG001	FG001
15	EO18-7	sim_L15_M11	1434	FG001	FG015
15	EO18-7	sim_L15_M11	1435	FG001	FG024
15	EO18-7	sim_L15_M11	1436	FG001	FG003
15	EO18-7	sim_L15_M12	1437	FG030	FG018
15	EO18-7	sim_L15_M12	1438	FG030	FG001
15	EO18-7	sim_L15_M12	1439	FG030	FG001
15	EO18-7	sim_L15_M12	1440	FG030	FG001
15	EO18-7	sim_L15_M12	1441	FG024	FG003
15	EO18-7	sim_L15_M12	1442	FG030	FG001
15	EO18-7	sim_L15_M12	1443	FG030	FG001
15	EO18-7	sim_L15_M12	1444	FG024	FG001
15	EO18-7	sim_L15_M12	1445	FG030	FG014
15	EO18-7	sim_L15_M12	1446	FG030	FG001
15	EO18-7	sim_L15_M12	1447	FG030	FG012
15	EO18-7	sim_L15_M12	1448	FG024	FG001
15	EO18-7	sim_L15_M12	1449	FG024	FG001
15	EO18-7	sim_L15_M12	1450	FG030	FG023
15	EO18-7	sim_L15_M12	1451	FG024	FG001
15	EO18-7	sim_L15_M12	1452	FG024	FG005
15	EO18-7	sim_L15_M12	1453	FG024	FG001
15	EO18-7	sim_L15_M12	1454	FG030	FG002
15	EO18-7	sim_L15_M12	1455	FG024	FG018
15	EO18-7	sim_L15_M12	1456	FG024	FG001
15	EO18-7	sim_L15_M12	1457	FG030	FG002
15	EO18-7	sim_L15_M13	1458	FG024	FG019
15	EO18-7	sim_L15_M13	1459	FG024	FG018
15	EO18-7	sim_L15_M13	1460	FG001	FG006
15	EO18-7	sim_L15_M13	1461	FG024	FG002
15	EO18-7	sim_L15_M13	1462	FG001	FG006
15	EO18-7	sim_L15_M13	1463	FG001	FG024
15	EO18-7	sim_L15_M13	1464	FG024	FG023
15	EO18-7	sim_L15_M13	1465	FG024	FG006
15	EO18-7	sim_L15_M13	1466	FG024	FG023
15	EO18-7	sim_L15_M13	1467	FG001	FG009
15	EO18-7	sim_L15_M14	1468	FG023	FG002
15	EO18-7	sim_L15_M14	1469	FG010	FG001
15	EO18-7	sim_L15_M14	1470	FG023	FG024
15	EO18-7	sim_L15_M14	1471	FG023	FG024
15	EO18-7	sim_L15_M14	1472	FG023	FG001
15	EO18-7	sim_L15_M14	1473	FG010	FG001
15	EO18-7	sim_L15_M14	1474	FG010	FG001
15	EO18-7	sim_L15_M14	1475	FG010	FG002
15	EO18-7	sim_L15_M14	1476	FG023	FG001
15	EO18-7	sim_L15_M14	1477	FG023	FG024
15	EO18-7	sim_L15_M14	1478	FG023	FG012
15	EO18-7	sim_L15_M14	1479	FG010	FG001
15	EO18-7	sim_L15_M14	1480	FG010	FG015
15	EO18-7	sim_L15_M14	1481	FG023	FG001
15	EO18-7	sim_L15_M14	1482	FG010	FG024
15	EO18-7	sim_L15_M14	1483	FG010	FG001
15	EO18-7	sim_L15_M14	1484	FG023	FG001
15	EO18-7	sim_L15_M14	1485	FG010	FG001
15	EO18-7	sim_L15_M14	1486	FG023	FG001
15	EO18-7	sim_L15_M14	1487	FG023	FG024
15	EO18-7	sim_L15_M14	1488	FG023	FG001
15	EO18-7	sim_L15_M14	1489	FG023	FG001
15	EO18-7	sim_L15_M14	1490	FG010	FG006
15	EO18-7	sim_L15_M14	1491	FG010	FG001
15	EO18-7	sim_L15_M14	1492	FG010	FG024
15	EO18-7	sim_L15_M14	1493	FG010	FG024
15	EO18-7	sim_L15_M14	1494	FG010	FG001
15	EO18-7	sim_L15_M14	1495	FG023	FG006
15	EO18-7	sim_L15_M14	1496	FG023	FG001
15	EO18-7	sim_L15_M15	1497	FG021	FG024
15	EO18-7	sim_L15_M15	1498	FG001	FG005
15	EO18-7	sim_L15_M15	1499	FG021	FG024
15	EO18-7	sim_L15_M15	1500	FG001	FG002
15	EO18-7	sim_L15_M15	1501	FG021	FG006
15	EO18-7	sim_L15_M15	1502	FG021	FG019
15	EO18-7	sim_L15_M15	1503	FG021	FG017
15	EO18-7	sim_L15_M15	1504	FG021	FG018
15	EO18-7	sim_L15_M15	1505	FG001	FG024
15	EO18-7	sim_L15_M15	1506	FG021	FG012
15	EO18-7	sim_L15_M15	1507	FG001	FG014
15	EO18-7	sim_L15_M15	1508	FG021	FG024
15	EO18-7	sim_L15_M15	1509	FG021	FG017
15	EO18-7	sim_L15_M16	1510	FG002	FG007
15	EO18-7	sim_L15_M16	1511	FG001	FG006
15	EO18-7	sim_L15_M16	1512	FG002	FG012
15	EO18-7	sim_L15_M16	1513	FG002	FG024
15	EO18-7	sim_L15_M16	1514	FG002	FG030
15	EO18-7	sim_L15_M16	1515	FG002	FG014
15	EO18-7	sim_L15_M16	1516	FG002	FG024
15	EO18-7	sim_L15_M16	1517	FG001	FG024
15	EO18-7	sim_L15_M16	1518	FG002	FG005
15	EO18-7	sim_L15_M16	1519	FG001	FG024
15	EO18-7	sim_L15_M16	1520	FG002	FG024
15	EO18-7	sim_L15_M16	1521	FG001	FG024
15	EO18-7	sim_L15_M17	1522	FG024	FG026
15	EO18-7	sim_L15_M17	1523	FG024	FG001
15	EO18-7	sim_L15_M17	1524	FG024	FG010
15	EO18-7	sim_L15_M17	1525	FG024	FG001
15	EO18-7	sim_L15_M17	1526	FG024	FG002
15	EO18-7	sim_L15_M17	1527	FG024	FG010
15	EO18-7	sim_L15_M17	1528	FG024	FG001
15	EO18-7	sim_L15_M17	1529	FG024	FG003
15	EO18-7	sim_L15_M17	1530	FG024	FG007
15	EO18-7	sim_L15_M17	1531	FG024	FG001
15	EO18-7	sim_L15_M17	1532	FG024	FG002
15	EO18-7	sim_L15_M17	1533	FG024	FG001
15	EO18-7	sim_L15_M17	1534	FG024	FG002
15	EO18-7	sim_L15_M17	1535	FG024	FG023
15	EO18-7	sim_L15_M17	1536	FG024	FG002
15	EO18-7	sim_L15_M17	1537	FG024	FG024
15	EO18-7	sim_L15_M17	1538	FG024	FG001
15	EO18-7	sim_L15_M17	1539	FG024	FG001
15	EO18-7	sim_L15_M17	1540	FG024	FG021
15	EO18-7	sim_L15_M17	1541	FG024	FG001
15	EO18-7	sim_L15_M17	1542	FG024	FG002
15	EO18-7	sim_L15_M17	1543	FG024	FG001
15	EO18-7	sim_L15_M17	1544	FG024	FG001
15	EO18-7	sim_L15_M18	1545	FG001	FG021
15	EO18-7	sim_L15_M18	1546	FG001	FG024
15	EO18-7	sim_L15_M18	1547	FG001	FG010
15	EO18-7	sim_L15_M18	1548	FG001	FG008
15	EO18-7	sim_L15_M18	1549	FG001	FG003
15	EO18-7	sim_L15_M18	1550	FG001	FG006
15	EO18-7	sim_L15_M18	1551	FG001	FG005
15	EO18-7	sim_L15_M18	1552	FG001	FG024
15	EO18-7	sim_L15_M18	1553	FG001	FG002
15	EO18-7	sim_L15_M18	1554	FG001	FG006
15	EO18-7	sim_L15_M18	1555	FG001	FG006
15	EO18-7	sim_L15_M18	1556	FG001	FG024
15	EO18-7	sim_L15_M18	1557	FG001	FG002
15	EO18-7	sim_L15_M18	1558	FG001	FG024
15	EO18-7	sim_L15_M18	1559	FG001	FG002
15	EO18-7	sim_L15_M18	1560	FG001	FG003
15	EO18-7	sim_L15_M18	1561	FG001	FG024
15	EO18-7	sim_L15_M18	1562	FG001	FG006
15	EO18-7	sim_L15_M18	1563	FG001	FG024
15	EO18-7	sim_L15_M18	1564	FG001	FG024
15	EO18-7	sim_L15_M18	1565	FG001	FG024
15	EO18-7	sim_L15_M18	1566	FG001	FG002
15	EO18-7	sim_L15_M19	1567	FG003	FG024
15	EO18-7	sim_L15_M19	1568	FG001	FG015
15	EO18-7	sim_L15_M19	1569	FG001	FG006
15	EO18-7	sim_L15_M19	1570	FG001	FG010
15	EO18-7	sim_L15_M19	1571	FG003	FG023
15	EO18-7	sim_L15_M19	1572	FG003	FG019
15	EO18-7	sim_L15_M19	1573	FG001	FG002
15	EO18-7	sim_L15_M19	1574	FG001	FG001
15	EO18-7	sim_L15_M19	1575	FG003	FG005
15	EO18-7	sim_L15_M19	1576	FG003	FG015
15	EO18-7	sim_L15_M19	1577	FG003	FG012
15	EO18-7	sim_L15_M19	1578	FG001	FG011
15	EO18-7	sim_L15_M19	1579	FG003	FG024
15	EO18-7	sim_L15_M19	1580	FG001	FG024
15	EO18-7	sim_L15_M19	1581	FG001	FG001
15	EO18-7	sim_L15_M19	1582	FG001	FG004
34	EO26-3	sim_L34_M0	1583	FG002	FG024
34	EO26-3	sim_L34_M0	1584	FG002	FG012
34	EO26-3	sim_L34_M0	1585	FG002	FG006
34	EO26-3	sim_L34_M0	1586	FG002	FG001
34	EO26-3	sim_L34_M0	1587	FG002	FG024
34	EO26-3	sim_L34_M0	1588	FG002	FG001
34	EO26-3	sim_L34_M0	1589	FG002	FG019
34	EO26-3	sim_L34_M0	1590	FG002	FG001
34	EO26-3	sim_L34_M0	1591	FG002	FG001
34	EO26-3	sim_L34_M0	1592	FG002	FG001
34	EO26-3	sim_L34_M0	1593	FG002	FG019
34	EO26-3	sim_L34_M0	1594	FG002	FG024
34	EO26-3	sim_L34_M0	1595	FG002	FG001
34	EO26-3	sim_L34_M0	1596	FG002	FG001
34	EO26-3	sim_L34_M0	1597	FG002	FG022
34	EO26-3	sim_L34_M0	1598	FG002	FG006
34	EO26-3	sim_L34_M0	1599	FG002	FG024
34	EO26-3	sim_L34_M0	1600	FG002	FG003
34	EO26-3	sim_L34_M0	1601	FG002	FG001
34	EO26-3	sim_L34_M0	1602	FG002	FG018
34	EO26-3	sim_L34_M0	1603	FG002	FG019
34	EO26-3	sim_L34_M0	1604	FG002	FG005
34	EO26-3	sim_L34_M0	1605	FG002	FG001
34	EO26-3	sim_L34_M0	1606	FG002	FG006
34	EO26-3	sim_L34_M0	1607	FG002	FG024
34	EO26-3	sim_L34_M0	1608	FG002	FG003
34	EO26-3	sim_L34_M0	1609	FG002	FG001
34	EO26-3	sim_L34_M1	1610	FG024	FG006
34	EO26-3	sim_L34_M1	1611	FG024	FG002
34	EO26-3	sim_L34_M1	1612	FG024	FG002
34	EO26-3	sim_L34_M1	1613	FG024	FG003
34	EO26-3	sim_L34_M1	1614	FG001	FG002
34	EO26-3	sim_L34_M1	1615	FG001	FG014
34	EO26-3	sim_L34_M1	1616	FG024	FG004
34	EO26-3	sim_L34_M1	1617	FG001	FG006
34	EO26-3	sim_L34_M1	1618	FG001	FG024
34	EO26-3	sim_L34_M1	1619	FG024	FG002
34	EO26-3	sim_L34_M1	1620	FG001	FG002
34	EO26-3	sim_L34_M1	1621	FG024	FG006
34	EO26-3	sim_L34_M1	1622	FG024	FG002
34	EO26-3	sim_L34_M1	1623	FG001	FG002
34	EO26-3	sim_L34_M1	1624	FG001	FG005
34	EO26-3	sim_L34_M2	1625	FG024	FG001
34	EO26-3	sim_L34_M2	1626	FG017	FG001
34	EO26-3	sim_L34_M2	1627	FG017	FG015
34	EO26-3	sim_L34_M2	1628	FG017	FG001
34	EO26-3	sim_L34_M2	1629	FG017	FG001
34	EO26-3	sim_L34_M2	1630	FG017	FG027
34	EO26-3	sim_L34_M2	1631	FG017	FG001
34	EO26-3	sim_L34_M2	1632	FG017	FG019
34	EO26-3	sim_L34_M2	1633	FG017	FG006
34	EO26-3	sim_L34_M2	1634	FG024	FG001
34	EO26-3	sim_L34_M2	1635	FG024	FG002
34	EO26-3	sim_L34_M2	1636	FG024	FG006
34	EO26-3	sim_L34_M2	1637	FG017	FG001
34	EO26-3	sim_L34_M2	1638	FG017	FG001
34	EO26-3	sim_L34_M2	1639	FG017	FG019
34	EO26-3	sim_L34_M2	1640	FG017	FG001
34	EO26-3	sim_L34_M2	1641	FG024	FG002
34	EO26-3	sim_L34_M2	1642	FG017	FG001
34	EO26-3	sim_L34_M2	1643	FG017	FG003
34	EO26-3	sim_L34_M2	1644	FG017	FG010
34	EO26-3	sim_L34_M2	1645	FG024	FG002
34	EO26-3	sim_L34_M2	1646	FG017	FG001
34	EO26-3	sim_L34_M2	1647	FG017	FG001
34	EO26-3	sim_L34_M3	1648	FG001	FG006
34	EO26-3	sim_L34_M3	1649	FG024	FG006
34	EO26-3	sim_L34_M3	1650	FG024	FG006
34	EO26-3	sim_L34_M3	1651	FG001	FG026
34	EO26-3	sim_L34_M3	1652	FG024	FG002
34	EO26-3	sim_L34_M3	1653	FG024	FG021
34	EO26-3	sim_L34_M3	1654	FG024	FG001
34	EO26-3	sim_L34_M3	1655	FG001	FG021
34	EO26-3	sim_L34_M3	1656	FG001	FG028
34	EO26-3	sim_L34_M3	1657	FG024	FG002
34	EO26-3	sim_L34_M3	1658	FG024	FG016
34	EO26-3	sim_L34_M3	1659	FG024	FG002
34	EO26-3	sim_L34_M3	1660	FG024	FG018
34	EO26-3	sim_L34_M3	1661	FG024	FG024
34	EO26-3	sim_L34_M3	1662	FG024	FG021
34	EO26-3	sim_L34_M4	1663	FG011	FG021
34	EO26-3	sim_L34_M4	1664	FG002	FG012
34	EO26-3	sim_L34_M4	1665	FG002	FG001
34	EO26-3	sim_L34_M4	1666	FG002	FG002
34	EO26-3	sim_L34_M4	1667	FG002	FG024
34	EO26-3	sim_L34_M4	1668	FG011	FG001
34	EO26-3	sim_L34_M4	1669	FG011	FG024
34	EO26-3	sim_L34_M4	1670	FG002	FG001
34	EO26-3	sim_L34_M4	1671	FG011	FG001
34	EO26-3	sim_L34_M4	1672	FG002	FG001
34	EO26-3	sim_L34_M4	1673	FG002	FG001
34	EO26-3	sim_L34_M4	1674	FG002	FG001
34	EO26-3	sim_L34_M4	1675	FG002	FG006
34	EO26-3	sim_L34_M4	1676	FG011	FG024
34	EO26-3	sim_L34_M4	1677	FG011	FG001
34	EO26-3	sim_L34_M4	1678	FG011	FG024
34	EO26-3	sim_L34_M4	1679	FG002	FG024
34	EO26-3	sim_L34_M4	1680	FG002	FG024
34	EO26-3	sim_L34_M4	1681	FG011	FG010
34	EO26-3	sim_L34_M4	1682	FG011	FG001
34	EO26-3	sim_L34_M4	1683	FG011	FG001
34	EO26-3	sim_L34_M4	1684	FG002	FG024
34	EO26-3	sim_L34_M4	1685	FG002	FG001
34	EO26-3	sim_L34_M4	1686	FG002	FG001
34	EO26-3	sim_L34_M4	1687	FG002	FG002
34	EO26-3	sim_L34_M4	1688	FG011	FG029
34	EO26-3	sim_L34_M5	1689	FG003	FG001
34	EO26-3	sim_L34_M5	1690	FG005	FG001
34	EO26-3	sim_L34_M5	1691	FG005	FG002
34	EO26-3	sim_L34_M5	1692	FG005	FG001
34	EO26-3	sim_L34_M5	1693	FG003	FG024
34	EO26-3	sim_L34_M5	1694	FG005	FG002
34	EO26-3	sim_L34_M5	1695	FG005	FG024
34	EO26-3	sim_L34_M5	1696	FG005	FG010
34	EO26-3	sim_L34_M5	1697	FG005	FG001
34	EO26-3	sim_L34_M5	1698	FG005	FG024
34	EO26-3	sim_L34_M5	1699	FG005	FG001
34	EO26-3	sim_L34_M5	1700	FG005	FG024
34	EO26-3	sim_L34_M5	1701	FG005	FG018
34	EO26-3	sim_L34_M5	1702	FG003	FG001
34	EO26-3	sim_L34_M5	1703	FG003	FG002
34	EO26-3	sim_L34_M5	1704	FG005	FG002
34	EO26-3	sim_L34_M5	1705	FG003	FG024
34	EO26-3	sim_L34_M5	1706	FG003	FG001
34	EO26-3	sim_L34_M5	1707	FG003	FG026
34	EO26-3	sim_L34_M5	1708	FG005	FG001
34	EO26-3	sim_L34_M5	1709	FG003	FG006
34	EO26-3	sim_L34_M5	1710	FG005	FG001
34	EO26-3	sim_L34_M5	1711	FG005	FG001
34	EO26-3	sim_L34_M5	1712	FG005	FG001
34	EO26-3	sim_L34_M5	1713	FG005	FG001
34	EO26-3	sim_L34_M5	1714	FG005	FG023
34	EO26-3	sim_L34_M5	1715	FG003	FG002
34	EO26-3	sim_L34_M5	1716	FG003	FG006
34	EO26-3	sim_L34_M6	1717	FG001	FG023
34	EO26-3	sim_L34_M6	1718	FG001	FG002
34	EO26-3	sim_L34_M6	1719	FG024	FG002
34	EO26-3	sim_L34_M6	1720	FG024	FG004
34	EO26-3	sim_L34_M6	1721	FG001	FG001
34	EO26-3	sim_L34_M6	1722	FG001	FG001
34	EO26-3	sim_L34_M6	1723	FG024	FG012
34	EO26-3	sim_L34_M6	1724	FG001	FG014
34	EO26-3	sim_L34_M6	1725	FG001	FG017
34	EO26-3	sim_L34_M6	1726	FG024	FG003
34	EO26-3	sim_L34_M6	1727	FG001	FG024
34	EO26-3	sim_L34_M6	1728	FG001	FG002
34	EO26-3	sim_L34_M7	1729	FG001	FG006
34	EO26-3	sim_L34_M7	1730	FG019	FG024
34	EO26-3	sim_L34_M7	1731	FG019	FG021
34	EO26-3	sim_L34_M7	1732	FG001	FG003
34	EO26-3	sim_L34_M7	1733	FG019	FG012
34	EO26-3	sim_L34_M7	1734	FG001	FG006
34	EO26-3	sim_L34_M7	1735	FG019	FG003
34	EO26-3	sim_L34_M7	1736	FG019	FG024
34	EO26-3	sim_L34_M7	1737	FG019	FG024
34	EO26-3	sim_L34_M7	1738	FG001	FG010
34	EO26-3	sim_L34_M7	1739	FG019	FG024
34	EO26-3	sim_L34_M7	1740	FG001	FG002
34	EO26-3	sim_L34_M7	1741	FG019	FG021
34	EO26-3	sim_L34_M7	1742	FG001	FG024
34	EO26-3	sim_L34_M7	1743	FG001	FG021
34	EO26-3	sim_L34_M7	1744	FG019	FG018
34	EO26-3	sim_L34_M7	1745	FG001	FG024
34	EO26-3	sim_L34_M7	1746	FG019	FG007
34	EO26-3	sim_L34_M7	1747	FG001	FG003
34	EO26-3	sim_L34_M7	1748	FG019	FG006
34	EO26-3	sim_L34_M8	1749	FG001	FG009
34	EO26-3	sim_L34_M8	1750	FG001	FG024
34	EO26-3	sim_L34_M8	1751	FG001	FG002
34	EO26-3	sim_L34_M8	1752	FG001	FG015
34	EO26-3	sim_L34_M8	1753	FG001	FG015
34	EO26-3	sim_L34_M8	1754	FG001	FG024
34	EO26-3	sim_L34_M8	1755	FG010	FG017
34	EO26-3	sim_L34_M8	1756	FG001	FG024
34	EO26-3	sim_L34_M8	1757	FG001	FG024
34	EO26-3	sim_L34_M8	1758	FG001	FG024
34	EO26-3	sim_L34_M8	1759	FG001	FG002
34	EO26-3	sim_L34_M8	1760	FG001	FG024
34	EO26-3	sim_L34_M8	1761	FG010	FG024
34	EO26-3	sim_L34_M8	1762	FG001	FG024
34	EO26-3	sim_L34_M8	1763	FG010	FG024
34	EO26-3	sim_L34_M8	1764	FG001	FG024
34	EO26-3	sim_L34_M8	1765	FG001	FG002
34	EO26-3	sim_L34_M9	1766	FG024	FG003
34	EO26-3	sim_L34_M9	1767	FG001	FG003
34	EO26-3	sim_L34_M9	1768	FG001	FG001
34	EO26-3	sim_L34_M9	1769	FG001	FG005
34	EO26-3	sim_L34_M9	1770	FG001	FG002
34	EO26-3	sim_L34_M9	1771	FG001	FG004
34	EO26-3	sim_L34_M9	1772	FG024	FG003
34	EO26-3	sim_L34_M9	1773	FG001	FG006
34	EO26-3	sim_L34_M9	1774	FG024	FG006
34	EO26-3	sim_L34_M9	1775	FG024	FG014
34	EO26-3	sim_L34_M9	1776	FG024	FG002
34	EO26-3	sim_L34_M9	1777	FG024	FG010
34	EO26-3	sim_L34_M9	1778	FG001	FG002
34	EO26-3	sim_L34_M9	1779	FG024	FG016
34	EO26-3	sim_L34_M10	1780	FG024	FG001
34	EO26-3	sim_L34_M10	1781	FG024	FG001
34	EO26-3	sim_L34_M10	1782	FG024	FG002
34	EO26-3	sim_L34_M10	1783	FG024	FG021
34	EO26-3	sim_L34_M10	1784	FG024	FG002
34	EO26-3	sim_L34_M10	1785	FG024	FG001
34	EO26-3	sim_L34_M10	1786	FG024	FG001
34	EO26-3	sim_L34_M10	1787	FG024	FG001
34	EO26-3	sim_L34_M10	1788	FG024	FG001
34	EO26-3	sim_L34_M10	1789	FG024	FG021
34	EO26-3	sim_L34_M10	1790	FG024	FG001
34	EO26-3	sim_L34_M10	1791	FG024	FG017
34	EO26-3	sim_L34_M10	1792	FG024	FG001
34	EO26-3	sim_L34_M10	1793	FG024	FG001
34	EO26-3	sim_L34_M10	1794	FG024	FG001
34	EO26-3	sim_L34_M10	1795	FG024	FG006
34	EO26-3	sim_L34_M10	1796	FG024	FG004
34	EO26-3	sim_L34_M10	1797	FG024	FG029
34	EO26-3	sim_L34_M10	1798	FG024	FG001
34	EO26-3	sim_L34_M10	1799	FG024	FG021
34	EO26-3	sim_L34_M10	1800	FG024	FG019
34	EO26-3	sim_L34_M10	1801	FG024	FG001
34	EO26-3	sim_L34_M10	1802	FG024	FG001
34	EO26-3	sim_L34_M11	1803	FG024	FG018
34	EO26-3	sim_L34_M11	1804	FG024	FG001
34	EO26-3	sim_L34_M11	1805	FG024	FG025
34	EO26-3	sim_L34_M11	1806	FG024	FG021
34	EO26-3	sim_L34_M11	1807	FG024	FG001
34	EO26-3	sim_L34_M11	1808	FG024	FG019
34	EO26-3	sim_L34_M11	1809	FG024	FG001
34	EO26-3	sim_L34_M11	1810	FG024	FG002
34	EO26-3	sim_L34_M11	1811	FG023	FG001
34	EO26-3	sim_L34_M11	1812	FG023	FG006
34	EO26-3	sim_L34_M11	1813	FG024	FG014
34	EO26-3	sim_L34_M11	1814	FG024	FG001
34	EO26-3	sim_L34_M11	1815	FG024	FG001
34	EO26-3	sim_L34_M11	1816	FG024	FG001
34	EO26-3	sim_L34_M11	1817	FG023	FG001
34	EO26-3	sim_L34_M11	1818	FG023	FG025
34	EO26-3	sim_L34_M11	1819	FG024	FG001
34	EO26-3	sim_L34_M11	1820	FG023	FG002
34	EO26-3	sim_L34_M11	1821	FG024	FG010
34	EO26-3	sim_L34_M11	1822	FG024	FG001
34	EO26-3	sim_L34_M11	1823	FG024	FG001
34	EO26-3	sim_L34_M11	1824	FG024	FG006
34	EO26-3	sim_L34_M11	1825	FG023	FG004
34	EO26-3	sim_L34_M11	1826	FG023	FG001
34	EO26-3	sim_L34_M12	1827	FG017	FG024
34	EO26-3	sim_L34_M12	1828	FG017	FG001
34	EO26-3	sim_L34_M12	1829	FG007	FG001
34	EO26-3	sim_L34_M12	1830	FG007	FG002
34	EO26-3	sim_L34_M12	1831	FG017	FG024
34	EO26-3	sim_L34_M12	1832	FG017	FG004
34	EO26-3	sim_L34_M12	1833	FG007	FG014
34	EO26-3	sim_L34_M12	1834	FG017	FG002
34	EO26-3	sim_L34_M12	1835	FG007	FG002
34	EO26-3	sim_L34_M12	1836	FG007	FG001
34	EO26-3	sim_L34_M12	1837	FG017	FG001
34	EO26-3	sim_L34_M12	1838	FG017	FG024
34	EO26-3	sim_L34_M12	1839	FG017	FG007
34	EO26-3	sim_L34_M12	1840	FG007	FG001
34	EO26-3	sim_L34_M12	1841	FG007	FG024
34	EO26-3	sim_L34_M12	1842	FG007	FG001
34	EO26-3	sim_L34_M12	1843	FG007	FG001
34	EO26-3	sim_L34_M12	1844	FG017	FG002
34	EO26-3	sim_L34_M12	1845	FG007	FG002
34	EO26-3	sim_L34_M12	1846	FG017	FG002
34	EO26-3	sim_L34_M12	1847	FG007	FG011
34	EO26-3	sim_L34_M12	1848	FG017	FG002
34	EO26-3	sim_L34_M12	1849	FG017	FG024
34	EO26-3	sim_L34_M12	1850	FG017	FG014
34	EO26-3	sim_L34_M12	1851	FG017	FG010
34	EO26-3	sim_L34_M12	1852	FG007	FG002
34	EO26-3	sim_L34_M12	1853	FG007	FG019
34	EO26-3	sim_L34_M12	1854	FG007	FG012
34	EO26-3	sim_L34_M12	1855	FG007	FG001
34	EO26-3	sim_L34_M13	1856	FG023	FG024
34	EO26-3	sim_L34_M13	1857	FG023	FG001
34	EO26-3	sim_L34_M13	1858	FG018	FG026
34	EO26-3	sim_L34_M13	1859	FG018	FG006
34	EO26-3	sim_L34_M13	1860	FG023	FG014
34	EO26-3	sim_L34_M13	1861	FG023	FG006
34	EO26-3	sim_L34_M13	1862	FG023	FG001
34	EO26-3	sim_L34_M13	1863	FG023	FG001
34	EO26-3	sim_L34_M13	1864	FG018	FG001
34	EO26-3	sim_L34_M13	1865	FG023	FG001
34	EO26-3	sim_L34_M13	1866	FG018	FG001
34	EO26-3	sim_L34_M13	1867	FG018	FG015
34	EO26-3	sim_L34_M13	1868	FG018	FG005
34	EO26-3	sim_L34_M13	1869	FG018	FG024
34	EO26-3	sim_L34_M13	1870	FG018	FG024
34	EO26-3	sim_L34_M13	1871	FG023	FG012
34	EO26-3	sim_L34_M13	1872	FG018	FG024
34	EO26-3	sim_L34_M13	1873	FG023	FG002
34	EO26-3	sim_L34_M13	1874	FG023	FG016
34	EO26-3	sim_L34_M13	1875	FG023	FG024
34	EO26-3	sim_L34_M13	1876	FG023	FG024
34	EO26-3	sim_L34_M13	1877	FG023	FG001
34	EO26-3	sim_L34_M13	1878	FG018	FG001
34	EO26-3	sim_L34_M13	1879	FG018	FG001
34	EO26-3	sim_L34_M13	1880	FG023	FG006
34	EO26-3	sim_L34_M13	1881	FG023	FG001
34	EO26-3	sim_L34_M13	1882	FG018	FG001
19	EO18-7	sim_L19_M0	1883	FG024	FG025
19	EO18-7	sim_L19_M0	1884	FG001	FG006
19	EO18-7	sim_L19_M0	1885	FG024	FG002
19	EO18-7	sim_L19_M0	1886	FG001	FG002
19	EO18-7	sim_L19_M0	1887	FG024	FG028
19	EO18-7	sim_L19_M0	1888	FG024	FG012
19	EO18-7	sim_L19_M0	1889	FG001	FG001
19	EO18-7	sim_L19_M0	1890	FG024	FG003
19	EO18-7	sim_L19_M0	1891	FG001	FG012
19	EO18-7	sim_L19_M1	1892	FG001	FG006
19	EO18-7	sim_L19_M1	1893	FG024	FG012
19	EO18-7	sim_L19_M1	1894	FG024	FG002
19	EO18-7	sim_L19_M1	1895	FG001	FG021
19	EO18-7	sim_L19_M1	1896	FG024	FG007
19	EO18-7	sim_L19_M1	1897	FG024	FG012
19	EO18-7	sim_L19_M1	1898	FG001	FG001
19	EO18-7	sim_L19_M1	1899	FG024	FG010
19	EO18-7	sim_L19_M1	1900	FG001	FG002
19	EO18-7	sim_L19_M1	1901	FG024	FG002
19	EO18-7	sim_L19_M1	1902	FG001	FG003
19	EO18-7	sim_L19_M1	1903	FG024	FG002
19	EO18-7	sim_L19_M1	1904	FG001	FG002
19	EO18-7	sim_L19_M1	1905	FG024	FG006
19	EO18-7	sim_L19_M1	1906	FG024	FG002
19	EO18-7	sim_L19_M2	1907	FG022	FG006
19	EO18-7	sim_L19_M2	1908	FG024	FG018
19	EO18-7	sim_L19_M2	1909	FG022	FG001
19	EO18-7	sim_L19_M2	1910	FG022	FG006
19	EO18-7	sim_L19_M2	1911	FG024	FG001
19	EO18-7	sim_L19_M2	1912	FG022	FG001
19	EO18-7	sim_L19_M2	1913	FG022	FG001
19	EO18-7	sim_L19_M2	1914	FG022	FG002
19	EO18-7	sim_L19_M2	1915	FG022	FG001
19	EO18-7	sim_L19_M2	1916	FG024	FG021
19	EO18-7	sim_L19_M2	1917	FG024	FG001
19	EO18-7	sim_L19_M2	1918	FG022	FG001
19	EO18-7	sim_L19_M2	1919	FG022	FG001
19	EO18-7	sim_L19_M2	1920	FG024	FG007
19	EO18-7	sim_L19_M2	1921	FG024	FG001
19	EO18-7	sim_L19_M2	1922	FG022	FG002
19	EO18-7	sim_L19_M2	1923	FG022	FG001
19	EO18-7	sim_L19_M2	1924	FG024	FG006
19	EO18-7	sim_L19_M2	1925	FG022	FG002
19	EO18-7	sim_L19_M2	1926	FG022	FG006
19	EO18-7	sim_L19_M2	1927	FG022	FG006
19	EO18-7	sim_L19_M2	1928	FG024	FG010
19	EO18-7	sim_L19_M2	1929	FG022	FG001
19	EO18-7	sim_L19_M2	1930	FG022	FG006
19	EO18-7	sim_L19_M2	1931	FG022	FG001
19	EO18-7	sim_L19_M2	1932	FG022	FG001
19	EO18-7	sim_L19_M3	1933	FG003	FG002
19	EO18-7	sim_L19_M3	1934	FG003	FG017
19	EO18-7	sim_L19_M3	1935	FG003	FG026
19	EO18-7	sim_L19_M3	1936	FG018	FG024
19	EO18-7	sim_L19_M3	1937	FG018	FG001
19	EO18-7	sim_L19_M3	1938	FG003	FG001
19	EO18-7	sim_L19_M3	1939	FG003	FG010
19	EO18-7	sim_L19_M3	1940	FG003	FG001
19	EO18-7	sim_L19_M3	1941	FG018	FG001
19	EO18-7	sim_L19_M3	1942	FG018	FG006
19	EO18-7	sim_L19_M3	1943	FG018	FG002
19	EO18-7	sim_L19_M3	1944	FG003	FG024
19	EO18-7	sim_L19_M3	1945	FG018	FG012
19	EO18-7	sim_L19_M3	1946	FG018	FG006
19	EO18-7	sim_L19_M3	1947	FG003	FG007
19	EO18-7	sim_L19_M3	1948	FG018	FG001
19	EO18-7	sim_L19_M3	1949	FG003	FG001
19	EO18-7	sim_L19_M3	1950	FG018	FG017
19	EO18-7	sim_L19_M3	1951	FG018	FG002
19	EO18-7	sim_L19_M3	1952	FG018	FG024
19	EO18-7	sim_L19_M3	1953	FG003	FG001
19	EO18-7	sim_L19_M3	1954	FG003	FG001
19	EO18-7	sim_L19_M3	1955	FG018	FG024
19	EO18-7	sim_L19_M3	1956	FG003	FG001
19	EO18-7	sim_L19_M3	1957	FG018	FG024
19	EO18-7	sim_L19_M3	1958	FG018	FG007
19	EO18-7	sim_L19_M3	1959	FG003	FG024
19	EO18-7	sim_L19_M3	1960	FG018	FG006
19	EO18-7	sim_L19_M4	1961	FG006	FG005
19	EO18-7	sim_L19_M4	1962	FG001	FG002
19	EO18-7	sim_L19_M4	1963	FG006	FG001
19	EO18-7	sim_L19_M4	1964	FG001	FG021
19	EO18-7	sim_L19_M4	1965	FG001	FG024
19	EO18-7	sim_L19_M4	1966	FG001	FG012
19	EO18-7	sim_L19_M4	1967	FG001	FG003
19	EO18-7	sim_L19_M4	1968	FG006	FG013
19	EO18-7	sim_L19_M4	1969	FG006	FG002
19	EO18-7	sim_L19_M4	1970	FG006	FG024
19	EO18-7	sim_L19_M4	1971	FG001	FG003
19	EO18-7	sim_L19_M4	1972	FG006	FG012
19	EO18-7	sim_L19_M4	1973	FG006	FG024
19	EO18-7	sim_L19_M4	1974	FG001	FG009
19	EO18-7	sim_L19_M4	1975	FG006	FG002
19	EO18-7	sim_L19_M4	1976	FG006	FG024
19	EO18-7	sim_L19_M5	1977	FG006	FG024
19	EO18-7	sim_L19_M5	1978	FG006	FG002
19	EO18-7	sim_L19_M5	1979	FG006	FG002
19	EO18-7	sim_L19_M5	1980	FG006	FG024
19	EO18-7	sim_L19_M5	1981	FG001	FG023
19	EO18-7	sim_L19_M5	1982	FG006	FG002
19	EO18-7	sim_L19_M5	1983	FG001	FG019
19	EO18-7	sim_L19_M5	1984	FG001	FG024
19	EO18-7	sim_L19_M5	1985	FG001	FG002
19	EO18-7	sim_L19_M5	1986	FG006	FG002
19	EO18-7	sim_L19_M5	1987	FG001	FG002
19	EO18-7	sim_L19_M5	1988	FG001	FG024
19	EO18-7	sim_L19_M5	1989	FG001	FG024
19	EO18-7	sim_L19_M5	1990	FG001	FG024
19	EO18-7	sim_L19_M5	1991	FG001	FG002
19	EO18-7	sim_L19_M5	1992	FG006	FG002
19	EO18-7	sim_L19_M5	1993	FG001	FG024
19	EO18-7	sim_L19_M5	1994	FG001	FG024
19	EO18-7	sim_L19_M6	1995	FG001	FG018
19	EO18-7	sim_L19_M6	1996	FG001	FG002
19	EO18-7	sim_L19_M6	1997	FG024	FG002
19	EO18-7	sim_L19_M6	1998	FG024	FG006
19	EO18-7	sim_L19_M6	1999	FG024	FG006
19	EO18-7	sim_L19_M6	2000	FG024	FG003
19	EO18-7	sim_L19_M6	2001	FG001	FG032
19	EO18-7	sim_L19_M6	2002	FG001	FG005
19	EO18-7	sim_L19_M6	2003	FG001	FG014
19	EO18-7	sim_L19_M6	2004	FG001	FG006
19	EO18-7	sim_L19_M6	2005	FG024	FG002
19	EO18-7	sim_L19_M6	2006	FG024	FG004
19	EO18-7	sim_L19_M6	2007	FG001	FG001
19	EO18-7	sim_L19_M6	2008	FG001	FG017
19	EO18-7	sim_L19_M7	2009	FG001	FG001
19	EO18-7	sim_L19_M7	2010	FG015	FG003
19	EO18-7	sim_L19_M7	2011	FG001	FG006
19	EO18-7	sim_L19_M7	2012	FG001	FG024
19	EO18-7	sim_L19_M7	2013	FG001	FG001
19	EO18-7	sim_L19_M7	2014	FG015	FG008
19	EO18-7	sim_L19_M7	2015	FG001	FG002
19	EO18-7	sim_L19_M7	2016	FG001	FG002
19	EO18-7	sim_L19_M7	2017	FG001	FG024
19	EO18-7	sim_L19_M7	2018	FG001	FG024
19	EO18-7	sim_L19_M7	2019	FG001	FG002
19	EO18-7	sim_L19_M7	2020	FG001	FG024
19	EO18-7	sim_L19_M7	2021	FG001	FG024
19	EO18-7	sim_L19_M7	2022	FG015	FG024
19	EO18-7	sim_L19_M7	2023	FG001	FG024
19	EO18-7	sim_L19_M7	2024	FG015	FG002
19	EO18-7	sim_L19_M8	2025	FG001	FG002
19	EO18-7	sim_L19_M8	2026	FG024	FG006
19	EO18-7	sim_L19_M8	2027	FG001	FG012
19	EO18-7	sim_L19_M8	2028	FG001	FG006
19	EO18-7	sim_L19_M8	2029	FG024	FG015
19	EO18-7	sim_L19_M8	2030	FG024	FG002
19	EO18-7	sim_L19_M8	2031	FG024	FG025
19	EO18-7	sim_L19_M8	2032	FG024	FG003
19	EO18-7	sim_L19_M8	2033	FG024	FG006
19	EO18-7	sim_L19_M8	2034	FG001	FG024
19	EO18-7	sim_L19_M8	2035	FG001	FG024
19	EO18-7	sim_L19_M8	2036	FG024	FG005
19	EO18-7	sim_L19_M9	2037	FG002	FG001
19	EO18-7	sim_L19_M9	2038	FG002	FG024
19	EO18-7	sim_L19_M9	2039	FG002	FG015
19	EO18-7	sim_L19_M9	2040	FG002	FG024
19	EO18-7	sim_L19_M9	2041	FG002	FG003
19	EO18-7	sim_L19_M9	2042	FG002	FG020
19	EO18-7	sim_L19_M9	2043	FG002	FG019
19	EO18-7	sim_L19_M9	2044	FG002	FG001
19	EO18-7	sim_L19_M9	2045	FG002	FG006
19	EO18-7	sim_L19_M9	2046	FG002	FG024
19	EO18-7	sim_L19_M9	2047	FG002	FG026
19	EO18-7	sim_L19_M9	2048	FG002	FG003
19	EO18-7	sim_L19_M9	2049	FG002	FG001
19	EO18-7	sim_L19_M9	2050	FG002	FG001
19	EO18-7	sim_L19_M9	2051	FG002	FG001
19	EO18-7	sim_L19_M9	2052	FG002	FG001
19	EO18-7	sim_L19_M9	2053	FG002	FG001
19	EO18-7	sim_L19_M9	2054	FG002	FG006
19	EO18-7	sim_L19_M9	2055	FG002	FG004
19	EO18-7	sim_L19_M9	2056	FG002	FG006
19	EO18-7	sim_L19_M9	2057	FG002	FG024
19	EO18-7	sim_L19_M9	2058	FG002	FG001
19	EO18-7	sim_L19_M9	2059	FG002	FG024
19	EO18-7	sim_L19_M9	2060	FG002	FG001
19	EO18-7	sim_L19_M9	2061	FG002	FG001
19	EO18-7	sim_L19_M9	2062	FG002	FG001
19	EO18-7	sim_L19_M9	2063	FG002	FG001
19	EO18-7	sim_L19_M10	2064	FG006	FG024
19	EO18-7	sim_L19_M10	2065	FG001	FG024
19	EO18-7	sim_L19_M10	2066	FG001	FG003
19	EO18-7	sim_L19_M10	2067	FG001	FG002
19	EO18-7	sim_L19_M10	2068	FG001	FG001
19	EO18-7	sim_L19_M10	2069	FG006	FG024
19	EO18-7	sim_L19_M10	2070	FG006	FG024
19	EO18-7	sim_L19_M10	2071	FG006	FG002
19	EO18-7	sim_L19_M10	2072	FG006	FG031
19	EO18-7	sim_L19_M10	2073	FG001	FG024
19	EO18-7	sim_L19_M10	2074	FG001	FG024
19	EO18-7	sim_L19_M10	2075	FG006	FG024
19	EO18-7	sim_L19_M10	2076	FG006	FG010
19	EO18-7	sim_L19_M10	2077	FG001	FG010
19	EO18-7	sim_L19_M10	2078	FG001	FG002
19	EO18-7	sim_L19_M10	2079	FG006	FG011
19	EO18-7	sim_L19_M10	2080	FG001	FG018
19	EO18-7	sim_L19_M10	2081	FG006	FG024
19	EO18-7	sim_L19_M10	2082	FG006	FG001
36	EO26-4	sim_L36_M0	2083	FG017	FG002
36	EO26-4	sim_L36_M0	2084	FG001	FG004
36	EO26-4	sim_L36_M0	2085	FG017	FG004
36	EO26-4	sim_L36_M0	2086	FG017	FG024
36	EO26-4	sim_L36_M0	2087	FG017	FG005
36	EO26-4	sim_L36_M0	2088	FG017	FG002
36	EO26-4	sim_L36_M0	2089	FG001	FG002
36	EO26-4	sim_L36_M0	2090	FG017	FG006
36	EO26-4	sim_L36_M0	2091	FG001	FG001
36	EO26-4	sim_L36_M0	2092	FG017	FG014
36	EO26-4	sim_L36_M0	2093	FG001	FG003
36	EO26-4	sim_L36_M0	2094	FG017	FG024
36	EO26-4	sim_L36_M0	2095	FG017	FG002
36	EO26-4	sim_L36_M0	2096	FG017	FG024
36	EO26-4	sim_L36_M0	2097	FG001	FG012
36	EO26-4	sim_L36_M0	2098	FG001	FG002
36	EO26-4	sim_L36_M0	2099	FG001	FG024
36	EO26-4	sim_L36_M1	2100	FG001	FG024
36	EO26-4	sim_L36_M1	2101	FG001	FG024
36	EO26-4	sim_L36_M1	2102	FG001	FG002
36	EO26-4	sim_L36_M1	2103	FG001	FG023
36	EO26-4	sim_L36_M1	2104	FG001	FG024
36	EO26-4	sim_L36_M1	2105	FG001	FG019
36	EO26-4	sim_L36_M1	2106	FG001	FG017
36	EO26-4	sim_L36_M1	2107	FG001	FG028
36	EO26-4	sim_L36_M1	2108	FG001	FG017
36	EO26-4	sim_L36_M1	2109	FG001	FG024
36	EO26-4	sim_L36_M1	2110	FG001	FG018
36	EO26-4	sim_L36_M1	2111	FG001	FG002
36	EO26-4	sim_L36_M1	2112	FG001	FG003
36	EO26-4	sim_L36_M1	2113	FG001	FG001
36	EO26-4	sim_L36_M1	2114	FG001	FG002
36	EO26-4	sim_L36_M1	2115	FG001	FG024
36	EO26-4	sim_L36_M1	2116	FG001	FG015
36	EO26-4	sim_L36_M1	2117	FG001	FG005
36	EO26-4	sim_L36_M1	2118	FG001	FG002
36	EO26-4	sim_L36_M1	2119	FG001	FG024
36	EO26-4	sim_L36_M1	2120	FG001	FG002
36	EO26-4	sim_L36_M1	2121	FG001	FG024
36	EO26-4	sim_L36_M2	2122	FG014	FG002
36	EO26-4	sim_L36_M2	2123	FG003	FG001
36	EO26-4	sim_L36_M2	2124	FG014	FG024
36	EO26-4	sim_L36_M2	2125	FG014	FG002
36	EO26-4	sim_L36_M2	2126	FG003	FG001
36	EO26-4	sim_L36_M2	2127	FG014	FG001
36	EO26-4	sim_L36_M2	2128	FG003	FG001
36	EO26-4	sim_L36_M2	2129	FG014	FG001
36	EO26-4	sim_L36_M2	2130	FG014	FG024
36	EO26-4	sim_L36_M2	2131	FG003	FG001
36	EO26-4	sim_L36_M2	2132	FG003	FG012
36	EO26-4	sim_L36_M2	2133	FG003	FG024
36	EO26-4	sim_L36_M2	2134	FG003	FG005
36	EO26-4	sim_L36_M2	2135	FG003	FG001
36	EO26-4	sim_L36_M2	2136	FG014	FG002
36	EO26-4	sim_L36_M2	2137	FG014	FG010
36	EO26-4	sim_L36_M2	2138	FG003	FG001
36	EO26-4	sim_L36_M2	2139	FG003	FG006
36	EO26-4	sim_L36_M2	2140	FG014	FG001
36	EO26-4	sim_L36_M2	2141	FG003	FG001
36	EO26-4	sim_L36_M2	2142	FG014	FG001
36	EO26-4	sim_L36_M2	2143	FG003	FG001
36	EO26-4	sim_L36_M2	2144	FG003	FG001
36	EO26-4	sim_L36_M2	2145	FG014	FG001
36	EO26-4	sim_L36_M2	2146	FG003	FG006
36	EO26-4	sim_L36_M2	2147	FG003	FG005
36	EO26-4	sim_L36_M2	2148	FG003	FG001
36	EO26-4	sim_L36_M2	2149	FG014	FG002
36	EO26-4	sim_L36_M3	2150	FG024	FG002
36	EO26-4	sim_L36_M3	2151	FG024	FG001
36	EO26-4	sim_L36_M3	2152	FG006	FG030
36	EO26-4	sim_L36_M3	2153	FG024	FG001
36	EO26-4	sim_L36_M3	2154	FG024	FG001
36	EO26-4	sim_L36_M3	2155	FG006	FG002
36	EO26-4	sim_L36_M3	2156	FG024	FG001
36	EO26-4	sim_L36_M3	2157	FG006	FG002
36	EO26-4	sim_L36_M3	2158	FG024	FG018
36	EO26-4	sim_L36_M3	2159	FG024	FG012
36	EO26-4	sim_L36_M3	2160	FG024	FG001
36	EO26-4	sim_L36_M3	2161	FG006	FG001
36	EO26-4	sim_L36_M3	2162	FG006	FG001
36	EO26-4	sim_L36_M3	2163	FG006	FG010
36	EO26-4	sim_L36_M3	2164	FG024	FG020
36	EO26-4	sim_L36_M3	2165	FG006	FG023
36	EO26-4	sim_L36_M3	2166	FG024	FG018
36	EO26-4	sim_L36_M3	2167	FG006	FG001
36	EO26-4	sim_L36_M4	2168	FG012	FG001
36	EO26-4	sim_L36_M4	2169	FG012	FG003
36	EO26-4	sim_L36_M4	2170	FG012	FG001
36	EO26-4	sim_L36_M4	2171	FG012	FG001
36	EO26-4	sim_L36_M4	2172	FG012	FG021
36	EO26-4	sim_L36_M4	2173	FG012	FG001
36	EO26-4	sim_L36_M4	2174	FG012	FG024
36	EO26-4	sim_L36_M4	2175	FG012	FG001
36	EO26-4	sim_L36_M4	2176	FG012	FG001
36	EO26-4	sim_L36_M4	2177	FG006	FG002
36	EO26-4	sim_L36_M4	2178	FG012	FG024
36	EO26-4	sim_L36_M4	2179	FG006	FG024
36	EO26-4	sim_L36_M4	2180	FG006	FG001
36	EO26-4	sim_L36_M4	2181	FG012	FG002
36	EO26-4	sim_L36_M4	2182	FG006	FG024
36	EO26-4	sim_L36_M4	2183	FG012	FG024
36	EO26-4	sim_L36_M4	2184	FG006	FG017
36	EO26-4	sim_L36_M4	2185	FG006	FG001
36	EO26-4	sim_L36_M4	2186	FG006	FG002
36	EO26-4	sim_L36_M4	2187	FG006	FG001
36	EO26-4	sim_L36_M4	2188	FG012	FG001
36	EO26-4	sim_L36_M4	2189	FG012	FG024
36	EO26-4	sim_L36_M4	2190	FG006	FG002
36	EO26-4	sim_L36_M4	2191	FG006	FG001
36	EO26-4	sim_L36_M4	2192	FG012	FG017
36	EO26-4	sim_L36_M4	2193	FG006	FG002
36	EO26-4	sim_L36_M5	2194	FG009	FG002
36	EO26-4	sim_L36_M5	2195	FG024	FG001
36	EO26-4	sim_L36_M5	2196	FG024	FG002
36	EO26-4	sim_L36_M5	2197	FG024	FG001
36	EO26-4	sim_L36_M5	2198	FG024	FG001
36	EO26-4	sim_L36_M5	2199	FG009	FG002
36	EO26-4	sim_L36_M5	2200	FG009	FG024
36	EO26-4	sim_L36_M5	2201	FG009	FG004
36	EO26-4	sim_L36_M5	2202	FG024	FG001
36	EO26-4	sim_L36_M5	2203	FG024	FG001
36	EO26-4	sim_L36_M5	2204	FG009	FG006
36	EO26-4	sim_L36_M5	2205	FG024	FG001
36	EO26-4	sim_L36_M5	2206	FG024	FG001
36	EO26-4	sim_L36_M5	2207	FG024	FG002
36	EO26-4	sim_L36_M5	2208	FG024	FG001
36	EO26-4	sim_L36_M5	2209	FG009	FG006
36	EO26-4	sim_L36_M5	2210	FG024	FG001
36	EO26-4	sim_L36_M5	2211	FG024	FG001
36	EO26-4	sim_L36_M5	2212	FG024	FG002
36	EO26-4	sim_L36_M5	2213	FG009	FG001
36	EO26-4	sim_L36_M6	2214	FG010	FG001
36	EO26-4	sim_L36_M6	2215	FG012	FG001
36	EO26-4	sim_L36_M6	2216	FG012	FG002
36	EO26-4	sim_L36_M6	2217	FG012	FG001
36	EO26-4	sim_L36_M6	2218	FG012	FG001
36	EO26-4	sim_L36_M6	2219	FG010	FG021
36	EO26-4	sim_L36_M6	2220	FG012	FG001
36	EO26-4	sim_L36_M6	2221	FG012	FG024
36	EO26-4	sim_L36_M6	2222	FG010	FG001
36	EO26-4	sim_L36_M6	2223	FG010	FG001
36	EO26-4	sim_L36_M6	2224	FG010	FG001
36	EO26-4	sim_L36_M6	2225	FG012	FG001
36	EO26-4	sim_L36_M6	2226	FG010	FG028
36	EO26-4	sim_L36_M6	2227	FG012	FG002
36	EO26-4	sim_L36_M6	2228	FG012	FG024
36	EO26-4	sim_L36_M6	2229	FG012	FG001
36	EO26-4	sim_L36_M6	2230	FG012	FG024
36	EO26-4	sim_L36_M6	2231	FG012	FG002
36	EO26-4	sim_L36_M6	2232	FG010	FG024
36	EO26-4	sim_L36_M6	2233	FG012	FG001
36	EO26-4	sim_L36_M6	2234	FG010	FG024
36	EO26-4	sim_L36_M6	2235	FG012	FG001
36	EO26-4	sim_L36_M6	2236	FG012	FG015
36	EO26-4	sim_L36_M6	2237	FG012	FG024
36	EO26-4	sim_L36_M6	2238	FG010	FG006
36	EO26-4	sim_L36_M6	2239	FG010	FG002
36	EO26-4	sim_L36_M6	2240	FG012	FG002
36	EO26-4	sim_L36_M6	2241	FG010	FG001
36	EO26-4	sim_L36_M6	2242	FG012	FG018
36	EO26-4	sim_L36_M7	2243	FG024	FG006
36	EO26-4	sim_L36_M7	2244	FG024	FG012
36	EO26-4	sim_L36_M7	2245	FG024	FG010
36	EO26-4	sim_L36_M7	2246	FG024	FG003
36	EO26-4	sim_L36_M7	2247	FG024	FG006
36	EO26-4	sim_L36_M7	2248	FG024	FG002
36	EO26-4	sim_L36_M7	2249	FG001	FG024
36	EO26-4	sim_L36_M7	2250	FG024	FG003
36	EO26-4	sim_L36_M7	2251	FG001	FG002
36	EO26-4	sim_L36_M7	2252	FG001	FG002
36	EO26-4	sim_L36_M7	2253	FG024	FG006
36	EO26-4	sim_L36_M7	2254	FG001	FG002
36	EO26-4	sim_L36_M7	2255	FG001	FG002
36	EO26-4	sim_L36_M7	2256	FG001	FG002
36	EO26-4	sim_L36_M7	2257	FG024	FG024
36	EO26-4	sim_L36_M7	2258	FG001	FG002
36	EO26-4	sim_L36_M8	2259	FG001	FG024
36	EO26-4	sim_L36_M8	2260	FG001	FG024
36	EO26-4	sim_L36_M8	2261	FG001	FG002
36	EO26-4	sim_L36_M8	2262	FG001	FG018
36	EO26-4	sim_L36_M8	2263	FG001	FG001
36	EO26-4	sim_L36_M8	2264	FG001	FG021
36	EO26-4	sim_L36_M8	2265	FG001	FG006
36	EO26-4	sim_L36_M8	2266	FG001	FG021
36	EO26-4	sim_L36_M8	2267	FG001	FG006
36	EO26-4	sim_L36_M8	2268	FG001	FG002
36	EO26-4	sim_L36_M8	2269	FG001	FG012
36	EO26-4	sim_L36_M8	2270	FG001	FG024
36	EO26-4	sim_L36_M8	2271	FG001	FG003
36	EO26-4	sim_L36_M8	2272	FG001	FG010
36	EO26-4	sim_L36_M8	2273	FG001	FG002
36	EO26-4	sim_L36_M9	2274	FG001	FG015
36	EO26-4	sim_L36_M9	2275	FG001	FG028
36	EO26-4	sim_L36_M9	2276	FG001	FG024
36	EO26-4	sim_L36_M9	2277	FG001	FG002
36	EO26-4	sim_L36_M9	2278	FG001	FG002
36	EO26-4	sim_L36_M9	2279	FG001	FG017
36	EO26-4	sim_L36_M9	2280	FG001	FG001
36	EO26-4	sim_L36_M9	2281	FG001	FG006
36	EO26-4	sim_L36_M9	2282	FG001	FG024
36	EO26-4	sim_L36_M9	2283	FG001	FG002
36	EO26-4	sim_L36_M9	2284	FG001	FG003
36	EO26-4	sim_L36_M9	2285	FG001	FG002
36	EO26-4	sim_L36_M9	2286	FG001	FG024
36	EO26-4	sim_L36_M9	2287	FG001	FG017
36	EO26-4	sim_L36_M10	2288	FG024	FG003
36	EO26-4	sim_L36_M10	2289	FG024	FG004
36	EO26-4	sim_L36_M10	2290	FG001	FG003
36	EO26-4	sim_L36_M10	2291	FG024	FG021
36	EO26-4	sim_L36_M10	2292	FG001	FG002
36	EO26-4	sim_L36_M10	2293	FG001	FG032
36	EO26-4	sim_L36_M10	2294	FG001	FG032
36	EO26-4	sim_L36_M10	2295	FG001	FG002
36	EO26-4	sim_L36_M10	2296	FG024	FG002
36	EO26-4	sim_L36_M10	2297	FG024	FG010
36	EO26-4	sim_L36_M10	2298	FG001	FG024
5	EO68-3	sim_L5_M0	2299	FG017	FG006
5	EO68-3	sim_L5_M0	2300	FG001	FG002
5	EO68-3	sim_L5_M0	2301	FG001	FG021
5	EO68-3	sim_L5_M0	2302	FG001	FG001
5	EO68-3	sim_L5_M0	2303	FG017	FG012
5	EO68-3	sim_L5_M0	2304	FG017	FG023
5	EO68-3	sim_L5_M0	2305	FG001	FG019
5	EO68-3	sim_L5_M0	2306	FG017	FG024
5	EO68-3	sim_L5_M0	2307	FG001	FG024
5	EO68-3	sim_L5_M0	2308	FG001	FG001
5	EO68-3	sim_L5_M0	2309	FG017	FG002
5	EO68-3	sim_L5_M0	2310	FG001	FG006
5	EO68-3	sim_L5_M0	2311	FG001	FG002
5	EO68-3	sim_L5_M0	2312	FG017	FG006
5	EO68-3	sim_L5_M0	2313	FG001	FG024
5	EO68-3	sim_L5_M0	2314	FG001	FG012
5	EO68-3	sim_L5_M0	2315	FG001	FG002
5	EO68-3	sim_L5_M0	2316	FG001	FG024
5	EO68-3	sim_L5_M1	2317	FG012	FG024
5	EO68-3	sim_L5_M1	2318	FG012	FG024
5	EO68-3	sim_L5_M1	2319	FG001	FG024
5	EO68-3	sim_L5_M1	2320	FG012	FG021
5	EO68-3	sim_L5_M1	2321	FG012	FG002
5	EO68-3	sim_L5_M1	2322	FG001	FG010
5	EO68-3	sim_L5_M1	2323	FG012	FG024
5	EO68-3	sim_L5_M1	2324	FG012	FG017
5	EO68-3	sim_L5_M1	2325	FG001	FG021
5	EO68-3	sim_L5_M1	2326	FG001	FG024
5	EO68-3	sim_L5_M1	2327	FG001	FG002
5	EO68-3	sim_L5_M1	2328	FG012	FG019
5	EO68-3	sim_L5_M1	2329	FG001	FG024
5	EO68-3	sim_L5_M1	2330	FG001	FG002
5	EO68-3	sim_L5_M1	2331	FG012	FG003
5	EO68-3	sim_L5_M1	2332	FG012	FG024
5	EO68-3	sim_L5_M1	2333	FG012	FG024
5	EO68-3	sim_L5_M1	2334	FG012	FG019
5	EO68-3	sim_L5_M1	2335	FG001	FG024
5	EO68-3	sim_L5_M2	2336	FG001	FG001
5	EO68-3	sim_L5_M2	2337	FG001	FG001
5	EO68-3	sim_L5_M2	2338	FG001	FG003
5	EO68-3	sim_L5_M2	2339	FG024	FG001
5	EO68-3	sim_L5_M2	2340	FG024	FG019
5	EO68-3	sim_L5_M2	2341	FG001	FG010
5	EO68-3	sim_L5_M2	2342	FG001	FG006
5	EO68-3	sim_L5_M2	2343	FG001	FG002
5	EO68-3	sim_L5_M2	2344	FG024	FG006
5	EO68-3	sim_L5_M2	2345	FG001	FG004
5	EO68-3	sim_L5_M3	2346	FG015	FG004
5	EO68-3	sim_L5_M3	2347	FG001	FG006
5	EO68-3	sim_L5_M3	2348	FG001	FG001
5	EO68-3	sim_L5_M3	2349	FG001	FG024
5	EO68-3	sim_L5_M3	2350	FG001	FG002
5	EO68-3	sim_L5_M3	2351	FG015	FG005
5	EO68-3	sim_L5_M3	2352	FG015	FG002
5	EO68-3	sim_L5_M3	2353	FG001	FG032
5	EO68-3	sim_L5_M3	2354	FG015	FG023
5	EO68-3	sim_L5_M3	2355	FG001	FG024
5	EO68-3	sim_L5_M3	2356	FG015	FG024
5	EO68-3	sim_L5_M3	2357	FG015	FG001
5	EO68-3	sim_L5_M3	2358	FG001	FG024
5	EO68-3	sim_L5_M4	2359	FG024	FG017
5	EO68-3	sim_L5_M4	2360	FG024	FG001
5	EO68-3	sim_L5_M4	2361	FG024	FG005
5	EO68-3	sim_L5_M4	2362	FG024	FG001
5	EO68-3	sim_L5_M4	2363	FG024	FG005
5	EO68-3	sim_L5_M4	2364	FG024	FG001
5	EO68-3	sim_L5_M4	2365	FG024	FG001
5	EO68-3	sim_L5_M4	2366	FG024	FG001
5	EO68-3	sim_L5_M4	2367	FG024	FG001
5	EO68-3	sim_L5_M4	2368	FG024	FG006
5	EO68-3	sim_L5_M4	2369	FG024	FG002
5	EO68-3	sim_L5_M4	2370	FG024	FG013
5	EO68-3	sim_L5_M4	2371	FG024	FG001
5	EO68-3	sim_L5_M4	2372	FG024	FG001
5	EO68-3	sim_L5_M4	2373	FG024	FG002
5	EO68-3	sim_L5_M4	2374	FG024	FG006
5	EO68-3	sim_L5_M4	2375	FG024	FG001
5	EO68-3	sim_L5_M4	2376	FG024	FG001
5	EO68-3	sim_L5_M4	2377	FG024	FG002
5	EO68-3	sim_L5_M4	2378	FG024	FG012
5	EO68-3	sim_L5_M4	2379	FG024	FG012
5	EO68-3	sim_L5_M4	2380	FG024	FG002
5	EO68-3	sim_L5_M4	2381	FG024	FG006
5	EO68-3	sim_L5_M4	2382	FG024	FG001
5	EO68-3	sim_L5_M4	2383	FG024	FG001
5	EO68-3	sim_L5_M5	2384	FG024	FG001
5	EO68-3	sim_L5_M5	2385	FG002	FG001
5	EO68-3	sim_L5_M5	2386	FG024	FG015
5	EO68-3	sim_L5_M5	2387	FG002	FG001
5	EO68-3	sim_L5_M5	2388	FG002	FG001
5	EO68-3	sim_L5_M5	2389	FG024	FG001
5	EO68-3	sim_L5_M5	2390	FG024	FG001
5	EO68-3	sim_L5_M5	2391	FG024	FG001
5	EO68-3	sim_L5_M5	2392	FG024	FG001
5	EO68-3	sim_L5_M5	2393	FG002	FG001
5	EO68-3	sim_L5_M5	2394	FG002	FG001
5	EO68-3	sim_L5_M5	2395	FG002	FG006
5	EO68-3	sim_L5_M5	2396	FG024	FG001
5	EO68-3	sim_L5_M5	2397	FG024	FG002
5	EO68-3	sim_L5_M5	2398	FG024	FG001
5	EO68-3	sim_L5_M5	2399	FG024	FG001
5	EO68-3	sim_L5_M5	2400	FG002	FG001
5	EO68-3	sim_L5_M5	2401	FG002	FG001
5	EO68-3	sim_L5_M5	2402	FG024	FG010
5	EO68-3	sim_L5_M5	2403	FG024	FG012
5	EO68-3	sim_L5_M5	2404	FG024	FG019
5	EO68-3	sim_L5_M5	2405	FG002	FG006
5	EO68-3	sim_L5_M6	2406	FG003	FG002
5	EO68-3	sim_L5_M6	2407	FG003	FG022
5	EO68-3	sim_L5_M6	2408	FG003	FG024
5	EO68-3	sim_L5_M6	2409	FG003	FG006
5	EO68-3	sim_L5_M6	2410	FG001	FG023
5	EO68-3	sim_L5_M6	2411	FG003	FG024
5	EO68-3	sim_L5_M6	2412	FG003	FG017
5	EO68-3	sim_L5_M6	2413	FG003	FG024
5	EO68-3	sim_L5_M6	2414	FG003	FG024
5	EO68-3	sim_L5_M6	2415	FG003	FG013
5	EO68-3	sim_L5_M6	2416	FG001	FG002
5	EO68-3	sim_L5_M6	2417	FG001	FG024
5	EO68-3	sim_L5_M6	2418	FG003	FG006
5	EO68-3	sim_L5_M6	2419	FG003	FG012
5	EO68-3	sim_L5_M7	2420	FG001	FG006
5	EO68-3	sim_L5_M7	2421	FG024	FG001
5	EO68-3	sim_L5_M7	2422	FG024	FG002
5	EO68-3	sim_L5_M7	2423	FG001	FG006
5	EO68-3	sim_L5_M7	2424	FG001	FG003
5	EO68-3	sim_L5_M7	2425	FG024	FG002
5	EO68-3	sim_L5_M7	2426	FG001	FG017
5	EO68-3	sim_L5_M7	2427	FG024	FG017
5	EO68-3	sim_L5_M7	2428	FG001	FG002
5	EO68-3	sim_L5_M7	2429	FG024	FG023
5	EO68-3	sim_L5_M7	2430	FG024	FG015
5	EO68-3	sim_L5_M7	2431	FG001	FG002
5	EO68-3	sim_L5_M7	2432	FG024	FG006
5	EO68-3	sim_L5_M7	2433	FG001	FG006
5	EO68-3	sim_L5_M8	2434	FG001	FG024
5	EO68-3	sim_L5_M8	2435	FG001	FG024
5	EO68-3	sim_L5_M8	2436	FG001	FG024
5	EO68-3	sim_L5_M8	2437	FG001	FG002
5	EO68-3	sim_L5_M8	2438	FG001	FG002
5	EO68-3	sim_L5_M8	2439	FG001	FG001
5	EO68-3	sim_L5_M8	2440	FG001	FG024
5	EO68-3	sim_L5_M8	2441	FG001	FG003
5	EO68-3	sim_L5_M8	2442	FG001	FG021
5	EO68-3	sim_L5_M8	2443	FG001	FG003
5	EO68-3	sim_L5_M8	2444	FG001	FG024
5	EO68-3	sim_L5_M8	2445	FG001	FG024
5	EO68-3	sim_L5_M8	2446	FG001	FG024
5	EO68-3	sim_L5_M8	2447	FG001	FG001
5	EO68-3	sim_L5_M8	2448	FG001	FG024
5	EO68-3	sim_L5_M9	2449	FG004	FG002
5	EO68-3	sim_L5_M9	2450	FG001	FG001
5	EO68-3	sim_L5_M9	2451	FG004	FG024
5	EO68-3	sim_L5_M9	2452	FG004	FG024
5	EO68-3	sim_L5_M9	2453	FG004	FG024
5	EO68-3	sim_L5_M9	2454	FG001	FG024
5	EO68-3	sim_L5_M9	2455	FG001	FG024
5	EO68-3	sim_L5_M9	2456	FG004	FG024
5	EO68-3	sim_L5_M9	2457	FG001	FG014
5	EO68-3	sim_L5_M9	2458	FG001	FG024
5	EO68-3	sim_L5_M9	2459	FG004	FG024
5	EO68-3	sim_L5_M9	2460	FG004	FG024
5	EO68-3	sim_L5_M9	2461	FG004	FG024
5	EO68-3	sim_L5_M9	2462	FG004	FG006
5	EO68-3	sim_L5_M10	2463	FG001	FG002
5	EO68-3	sim_L5_M10	2464	FG001	FG024
5	EO68-3	sim_L5_M10	2465	FG001	FG024
5	EO68-3	sim_L5_M10	2466	FG001	FG002
5	EO68-3	sim_L5_M10	2467	FG001	FG024
5	EO68-3	sim_L5_M10	2468	FG001	FG024
5	EO68-3	sim_L5_M10	2469	FG001	FG017
5	EO68-3	sim_L5_M10	2470	FG001	FG002
5	EO68-3	sim_L5_M10	2471	FG001	FG024
5	EO68-3	sim_L5_M10	2472	FG001	FG015
5	EO68-3	sim_L5_M10	2473	FG001	FG006
5	EO68-3	sim_L5_M10	2474	FG001	FG021
5	EO68-3	sim_L5_M10	2475	FG001	FG012
5	EO68-3	sim_L5_M10	2476	FG001	FG006
5	EO68-3	sim_L5_M10	2477	FG001	FG018
5	EO68-3	sim_L5_M10	2478	FG001	FG016
5	EO68-3	sim_L5_M10	2479	FG001	FG005
5	EO68-3	sim_L5_M10	2480	FG001	FG031
5	EO68-3	sim_L5_M10	2481	FG001	FG024
5	EO68-3	sim_L5_M10	2482	FG001	FG028
5	EO68-3	sim_L5_M10	2483	FG001	FG006
5	EO68-3	sim_L5_M11	2484	FG001	FG018
5	EO68-3	sim_L5_M11	2485	FG001	FG024
5	EO68-3	sim_L5_M11	2486	FG001	FG006
5	EO68-3	sim_L5_M11	2487	FG001	FG003
5	EO68-3	sim_L5_M11	2488	FG001	FG024
5	EO68-3	sim_L5_M11	2489	FG001	FG024
5	EO68-3	sim_L5_M11	2490	FG001	FG010
5	EO68-3	sim_L5_M11	2491	FG001	FG010
5	EO68-3	sim_L5_M11	2492	FG001	FG024
5	EO68-3	sim_L5_M11	2493	FG001	FG002
5	EO68-3	sim_L5_M11	2494	FG001	FG015
5	EO68-3	sim_L5_M11	2495	FG001	FG021
5	EO68-3	sim_L5_M11	2496	FG001	FG015
5	EO68-3	sim_L5_M11	2497	FG001	FG004
5	EO68-3	sim_L5_M11	2498	FG001	FG003
5	EO68-3	sim_L5_M11	2499	FG001	FG002
5	EO68-3	sim_L5_M11	2500	FG001	FG015
5	EO68-3	sim_L5_M11	2501	FG001	FG024
5	EO68-3	sim_L5_M11	2502	FG001	FG006
5	EO68-3	sim_L5_M11	2503	FG001	FG003
5	EO68-3	sim_L5_M12	2504	FG001	FG006
5	EO68-3	sim_L5_M12	2505	FG016	FG001
5	EO68-3	sim_L5_M12	2506	FG016	FG024
5	EO68-3	sim_L5_M12	2507	FG016	FG002
5	EO68-3	sim_L5_M12	2508	FG016	FG002
5	EO68-3	sim_L5_M12	2509	FG001	FG003
5	EO68-3	sim_L5_M12	2510	FG001	FG030
5	EO68-3	sim_L5_M12	2511	FG016	FG024
5	EO68-3	sim_L5_M12	2512	FG001	FG024
5	EO68-3	sim_L5_M12	2513	FG001	FG002
5	EO68-3	sim_L5_M12	2514	FG016	FG009
5	EO68-3	sim_L5_M12	2515	FG001	FG006
5	EO68-3	sim_L5_M12	2516	FG001	FG024
5	EO68-3	sim_L5_M12	2517	FG016	FG010
5	EO68-3	sim_L5_M12	2518	FG001	FG009
5	EO68-3	sim_L5_M12	2519	FG001	FG004
5	EO68-3	sim_L5_M12	2520	FG001	FG024
5	EO68-3	sim_L5_M12	2521	FG001	FG003
5	EO68-3	sim_L5_M12	2522	FG001	FG024
5	EO68-3	sim_L5_M12	2523	FG001	FG024
5	EO68-3	sim_L5_M12	2524	FG016	FG024
5	EO68-3	sim_L5_M13	2525	FG006	FG022
5	EO68-3	sim_L5_M13	2526	FG001	FG002
5	EO68-3	sim_L5_M13	2527	FG006	FG024
5	EO68-3	sim_L5_M13	2528	FG006	FG002
5	EO68-3	sim_L5_M13	2529	FG001	FG024
5	EO68-3	sim_L5_M13	2530	FG001	FG010
5	EO68-3	sim_L5_M13	2531	FG006	FG002
5	EO68-3	sim_L5_M13	2532	FG006	FG003
5	EO68-3	sim_L5_M13	2533	FG006	FG012
5	EO68-3	sim_L5_M13	2534	FG006	FG001
5	EO68-3	sim_L5_M13	2535	FG006	FG024
5	EO68-3	sim_L5_M13	2536	FG006	FG002
5	EO68-3	sim_L5_M13	2537	FG006	FG013
5	EO68-3	sim_L5_M13	2538	FG001	FG024
5	EO68-3	sim_L5_M13	2539	FG001	FG024
5	EO68-3	sim_L5_M14	2540	FG004	FG001
5	EO68-3	sim_L5_M14	2541	FG004	FG001
5	EO68-3	sim_L5_M14	2542	FG014	FG024
5	EO68-3	sim_L5_M14	2543	FG004	FG018
5	EO68-3	sim_L5_M14	2544	FG014	FG024
5	EO68-3	sim_L5_M14	2545	FG014	FG010
5	EO68-3	sim_L5_M14	2546	FG014	FG001
5	EO68-3	sim_L5_M14	2547	FG004	FG002
5	EO68-3	sim_L5_M14	2548	FG014	FG002
5	EO68-3	sim_L5_M14	2549	FG014	FG001
5	EO68-3	sim_L5_M14	2550	FG014	FG002
5	EO68-3	sim_L5_M14	2551	FG014	FG006
5	EO68-3	sim_L5_M14	2552	FG004	FG001
5	EO68-3	sim_L5_M14	2553	FG004	FG001
5	EO68-3	sim_L5_M14	2554	FG014	FG001
5	EO68-3	sim_L5_M14	2555	FG014	FG003
5	EO68-3	sim_L5_M14	2556	FG004	FG012
5	EO68-3	sim_L5_M14	2557	FG014	FG009
5	EO68-3	sim_L5_M14	2558	FG014	FG006
5	EO68-3	sim_L5_M14	2559	FG004	FG024
5	EO68-3	sim_L5_M14	2560	FG014	FG002
5	EO68-3	sim_L5_M14	2561	FG004	FG012
5	EO68-3	sim_L5_M14	2562	FG004	FG001
5	EO68-3	sim_L5_M14	2563	FG004	FG001
5	EO68-3	sim_L5_M14	2564	FG004	FG001
5	EO68-3	sim_L5_M14	2565	FG014	FG024
5	EO68-3	sim_L5_M14	2566	FG014	FG001
5	EO68-3	sim_L5_M14	2567	FG014	FG024
5	EO68-3	sim_L5_M14	2568	FG004	FG024
5	EO68-3	sim_L5_M15	2569	FG001	FG024
5	EO68-3	sim_L5_M15	2570	FG001	FG002
5	EO68-3	sim_L5_M15	2571	FG001	FG001
5	EO68-3	sim_L5_M15	2572	FG001	FG024
5	EO68-3	sim_L5_M15	2573	FG001	FG024
5	EO68-3	sim_L5_M15	2574	FG001	FG024
5	EO68-3	sim_L5_M15	2575	FG001	FG010
5	EO68-3	sim_L5_M15	2576	FG001	FG002
5	EO68-3	sim_L5_M15	2577	FG001	FG001
5	EO68-3	sim_L5_M15	2578	FG001	FG002
5	EO68-3	sim_L5_M15	2579	FG001	FG012
5	EO68-3	sim_L5_M15	2580	FG001	FG001
5	EO68-3	sim_L5_M15	2581	FG001	FG006
5	EO68-3	sim_L5_M15	2582	FG001	FG002
5	EO68-3	sim_L5_M15	2583	FG001	FG024
5	EO68-3	sim_L5_M15	2584	FG001	FG024
5	EO68-3	sim_L5_M15	2585	FG001	FG002
5	EO68-3	sim_L5_M15	2586	FG001	FG024
5	EO68-3	sim_L5_M16	2587	FG001	FG001
5	EO68-3	sim_L5_M16	2588	FG001	FG003
5	EO68-3	sim_L5_M16	2589	FG010	FG001
5	EO68-3	sim_L5_M16	2590	FG001	FG006
5	EO68-3	sim_L5_M16	2591	FG001	FG024
5	EO68-3	sim_L5_M16	2592	FG010	FG002
5	EO68-3	sim_L5_M16	2593	FG010	FG024
5	EO68-3	sim_L5_M16	2594	FG001	FG024
5	EO68-3	sim_L5_M16	2595	FG010	FG006
5	EO68-3	sim_L5_M16	2596	FG001	FG024
5	EO68-3	sim_L5_M16	2597	FG001	FG023
5	EO68-3	sim_L5_M16	2598	FG001	FG015
5	EO68-3	sim_L5_M16	2599	FG001	FG002
5	EO68-3	sim_L5_M16	2600	FG001	FG001
5	EO68-3	sim_L5_M16	2601	FG001	FG006
5	EO68-3	sim_L5_M17	2602	FG001	FG019
5	EO68-3	sim_L5_M17	2603	FG001	FG002
5	EO68-3	sim_L5_M17	2604	FG001	FG002
5	EO68-3	sim_L5_M17	2605	FG001	FG023
5	EO68-3	sim_L5_M17	2606	FG001	FG024
5	EO68-3	sim_L5_M17	2607	FG001	FG024
5	EO68-3	sim_L5_M17	2608	FG001	FG014
5	EO68-3	sim_L5_M17	2609	FG001	FG002
5	EO68-3	sim_L5_M17	2610	FG001	FG003
5	EO68-3	sim_L5_M17	2611	FG001	FG014
5	EO68-3	sim_L5_M17	2612	FG001	FG024
5	EO68-3	sim_L5_M17	2613	FG001	FG018
5	EO68-3	sim_L5_M17	2614	FG001	FG026
5	EO68-3	sim_L5_M17	2615	FG001	FG024
5	EO68-3	sim_L5_M17	2616	FG001	FG024
5	EO68-3	sim_L5_M17	2617	FG001	FG019
5	EO68-3	sim_L5_M17	2618	FG001	FG021
5	EO68-3	sim_L5_M17	2619	FG001	FG024
5	EO68-3	sim_L5_M17	2620	FG001	FG024
5	EO68-3	sim_L5_M17	2621	FG001	FG004
5	EO68-3	sim_L5_M18	2622	FG005	FG032
5	EO68-3	sim_L5_M18	2623	FG002	FG019
5	EO68-3	sim_L5_M18	2624	FG005	FG001
5	EO68-3	sim_L5_M18	2625	FG005	FG021
5	EO68-3	sim_L5_M18	2626	FG002	FG001
5	EO68-3	sim_L5_M18	2627	FG005	FG001
5	EO68-3	sim_L5_M18	2628	FG005	FG003
5	EO68-3	sim_L5_M18	2629	FG005	FG024
5	EO68-3	sim_L5_M18	2630	FG005	FG001
5	EO68-3	sim_L5_M18	2631	FG005	FG001
5	EO68-3	sim_L5_M18	2632	FG005	FG028
5	EO68-3	sim_L5_M18	2633	FG002	FG001
5	EO68-3	sim_L5_M18	2634	FG005	FG001
5	EO68-3	sim_L5_M18	2635	FG005	FG001
5	EO68-3	sim_L5_M18	2636	FG002	FG012
5	EO68-3	sim_L5_M18	2637	FG002	FG019
5	EO68-3	sim_L5_M18	2638	FG005	FG001
5	EO68-3	sim_L5_M18	2639	FG005	FG010
5	EO68-3	sim_L5_M18	2640	FG002	FG001
5	EO68-3	sim_L5_M18	2641	FG002	FG001
5	EO68-3	sim_L5_M18	2642	FG005	FG024
5	EO68-3	sim_L5_M18	2643	FG002	FG001
5	EO68-3	sim_L5_M18	2644	FG005	FG006
5	EO68-3	sim_L5_M18	2645	FG005	FG001
5	EO68-3	sim_L5_M18	2646	FG002	FG024
5	EO68-3	sim_L5_M19	2647	FG002	FG001
5	EO68-3	sim_L5_M19	2648	FG024	FG001
5	EO68-3	sim_L5_M19	2649	FG024	FG012
5	EO68-3	sim_L5_M19	2650	FG024	FG001
5	EO68-3	sim_L5_M19	2651	FG024	FG006
5	EO68-3	sim_L5_M19	2652	FG002	FG001
5	EO68-3	sim_L5_M19	2653	FG024	FG017
5	EO68-3	sim_L5_M19	2654	FG024	FG001
5	EO68-3	sim_L5_M19	2655	FG024	FG001
5	EO68-3	sim_L5_M19	2656	FG002	FG001
5	EO68-3	sim_L5_M19	2657	FG024	FG006
5	EO68-3	sim_L5_M19	2658	FG002	FG001
5	EO68-3	sim_L5_M19	2659	FG002	FG001
5	EO68-3	sim_L5_M19	2660	FG024	FG023
5	EO68-3	sim_L5_M19	2661	FG024	FG003
5	EO68-3	sim_L5_M19	2662	FG024	FG003
5	EO68-3	sim_L5_M19	2663	FG002	FG021
5	EO68-3	sim_L5_M19	2664	FG024	FG012
5	EO68-3	sim_L5_M19	2665	FG002	FG001
5	EO68-3	sim_L5_M19	2666	FG002	FG015
5	EO68-3	sim_L5_M19	2667	FG002	FG001
5	EO68-3	sim_L5_M19	2668	FG002	FG030
5	EO68-3	sim_L5_M20	2669	FG006	FG021
5	EO68-3	sim_L5_M20	2670	FG006	FG015
5	EO68-3	sim_L5_M20	2671	FG001	FG024
5	EO68-3	sim_L5_M20	2672	FG001	FG024
5	EO68-3	sim_L5_M20	2673	FG006	FG024
5	EO68-3	sim_L5_M20	2674	FG006	FG021
5	EO68-3	sim_L5_M20	2675	FG006	FG019
5	EO68-3	sim_L5_M20	2676	FG006	FG021
5	EO68-3	sim_L5_M20	2677	FG006	FG021
5	EO68-3	sim_L5_M20	2678	FG001	FG002
5	EO68-3	sim_L5_M20	2679	FG006	FG024
5	EO68-3	sim_L5_M20	2680	FG001	FG007
5	EO68-3	sim_L5_M20	2681	FG001	FG024
5	EO68-3	sim_L5_M20	2682	FG001	FG002
32	EO26-3	sim_L32_M0	2683	FG001	FG017
32	EO26-3	sim_L32_M0	2684	FG001	FG006
32	EO26-3	sim_L32_M0	2685	FG001	FG005
32	EO26-3	sim_L32_M0	2686	FG001	FG029
32	EO26-3	sim_L32_M0	2687	FG001	FG006
32	EO26-3	sim_L32_M0	2688	FG001	FG024
32	EO26-3	sim_L32_M0	2689	FG001	FG008
32	EO26-3	sim_L32_M0	2690	FG001	FG024
32	EO26-3	sim_L32_M0	2691	FG001	FG002
32	EO26-3	sim_L32_M0	2692	FG001	FG019
32	EO26-3	sim_L32_M0	2693	FG001	FG002
32	EO26-3	sim_L32_M0	2694	FG001	FG002
32	EO26-3	sim_L32_M0	2695	FG001	FG001
32	EO26-3	sim_L32_M0	2696	FG001	FG006
32	EO26-3	sim_L32_M0	2697	FG001	FG024
32	EO26-3	sim_L32_M0	2698	FG001	FG024
32	EO26-3	sim_L32_M0	2699	FG001	FG024
32	EO26-3	sim_L32_M0	2700	FG001	FG024
32	EO26-3	sim_L32_M1	2701	FG001	FG024
32	EO26-3	sim_L32_M1	2702	FG001	FG024
32	EO26-3	sim_L32_M1	2703	FG003	FG002
32	EO26-3	sim_L32_M1	2704	FG001	FG021
32	EO26-3	sim_L32_M1	2705	FG001	FG002
32	EO26-3	sim_L32_M1	2706	FG003	FG024
32	EO26-3	sim_L32_M1	2707	FG003	FG002
32	EO26-3	sim_L32_M1	2708	FG003	FG021
32	EO26-3	sim_L32_M1	2709	FG001	FG002
32	EO26-3	sim_L32_M1	2710	FG003	FG008
32	EO26-3	sim_L32_M1	2711	FG001	FG002
32	EO26-3	sim_L32_M1	2712	FG001	FG002
32	EO26-3	sim_L32_M1	2713	FG001	FG002
32	EO26-3	sim_L32_M1	2714	FG003	FG014
32	EO26-3	sim_L32_M1	2715	FG003	FG002
32	EO26-3	sim_L32_M1	2716	FG001	FG019
32	EO26-3	sim_L32_M2	2717	FG001	FG024
32	EO26-3	sim_L32_M2	2718	FG023	FG024
32	EO26-3	sim_L32_M2	2719	FG023	FG024
32	EO26-3	sim_L32_M2	2720	FG023	FG001
32	EO26-3	sim_L32_M2	2721	FG023	FG002
32	EO26-3	sim_L32_M2	2722	FG001	FG012
32	EO26-3	sim_L32_M2	2723	FG023	FG004
32	EO26-3	sim_L32_M2	2724	FG001	FG024
32	EO26-3	sim_L32_M2	2725	FG023	FG021
32	EO26-3	sim_L32_M2	2726	FG023	FG024
32	EO26-3	sim_L32_M2	2727	FG023	FG005
32	EO26-3	sim_L32_M2	2728	FG023	FG003
32	EO26-3	sim_L32_M2	2729	FG023	FG006
32	EO26-3	sim_L32_M2	2730	FG023	FG011
32	EO26-3	sim_L32_M2	2731	FG001	FG024
32	EO26-3	sim_L32_M2	2732	FG001	FG024
32	EO26-3	sim_L32_M2	2733	FG001	FG010
32	EO26-3	sim_L32_M2	2734	FG023	FG024
32	EO26-3	sim_L32_M2	2735	FG001	FG004
32	EO26-3	sim_L32_M2	2736	FG023	FG006
32	EO26-3	sim_L32_M3	2737	FG001	FG024
32	EO26-3	sim_L32_M3	2738	FG001	FG024
32	EO26-3	sim_L32_M3	2739	FG001	FG024
32	EO26-3	sim_L32_M3	2740	FG001	FG024
32	EO26-3	sim_L32_M3	2741	FG001	FG002
32	EO26-3	sim_L32_M3	2742	FG001	FG003
32	EO26-3	sim_L32_M3	2743	FG001	FG012
32	EO26-3	sim_L32_M3	2744	FG001	FG024
32	EO26-3	sim_L32_M3	2745	FG001	FG006
32	EO26-3	sim_L32_M3	2746	FG001	FG024
32	EO26-3	sim_L32_M3	2747	FG001	FG005
32	EO26-3	sim_L32_M3	2748	FG001	FG002
32	EO26-3	sim_L32_M3	2749	FG001	FG012
32	EO26-3	sim_L32_M3	2750	FG001	FG010
32	EO26-3	sim_L32_M3	2751	FG001	FG006
32	EO26-3	sim_L32_M3	2752	FG001	FG024
32	EO26-3	sim_L32_M4	2753	FG024	FG002
32	EO26-3	sim_L32_M4	2754	FG024	FG006
32	EO26-3	sim_L32_M4	2755	FG024	FG012
32	EO26-3	sim_L32_M4	2756	FG001	FG009
32	EO26-3	sim_L32_M4	2757	FG001	FG002
32	EO26-3	sim_L32_M4	2758	FG024	FG021
32	EO26-3	sim_L32_M4	2759	FG001	FG004
32	EO26-3	sim_L32_M4	2760	FG024	FG015
32	EO26-3	sim_L32_M4	2761	FG024	FG002
32	EO26-3	sim_L32_M4	2762	FG001	FG011
32	EO26-3	sim_L32_M4	2763	FG001	FG002
32	EO26-3	sim_L32_M4	2764	FG024	FG002
32	EO26-3	sim_L32_M4	2765	FG024	FG006
32	EO26-3	sim_L32_M5	2766	FG024	FG003
32	EO26-3	sim_L32_M5	2767	FG024	FG001
32	EO26-3	sim_L32_M5	2768	FG024	FG001
32	EO26-3	sim_L32_M5	2769	FG002	FG015
32	EO26-3	sim_L32_M5	2770	FG002	FG023
32	EO26-3	sim_L32_M5	2771	FG024	FG001
32	EO26-3	sim_L32_M5	2772	FG024	FG001
32	EO26-3	sim_L32_M5	2773	FG024	FG029
32	EO26-3	sim_L32_M5	2774	FG024	FG030
32	EO26-3	sim_L32_M5	2775	FG002	FG001
32	EO26-3	sim_L32_M5	2776	FG024	FG001
32	EO26-3	sim_L32_M5	2777	FG024	FG006
32	EO26-3	sim_L32_M5	2778	FG002	FG001
32	EO26-3	sim_L32_M5	2779	FG024	FG001
32	EO26-3	sim_L32_M5	2780	FG024	FG010
32	EO26-3	sim_L32_M5	2781	FG024	FG001
32	EO26-3	sim_L32_M5	2782	FG002	FG006
32	EO26-3	sim_L32_M5	2783	FG024	FG001
32	EO26-3	sim_L32_M5	2784	FG002	FG010
32	EO26-3	sim_L32_M5	2785	FG002	FG001
32	EO26-3	sim_L32_M6	2786	FG001	FG024
32	EO26-3	sim_L32_M6	2787	FG023	FG024
32	EO26-3	sim_L32_M6	2788	FG001	FG024
32	EO26-3	sim_L32_M6	2789	FG023	FG002
32	EO26-3	sim_L32_M6	2790	FG001	FG005
32	EO26-3	sim_L32_M6	2791	FG001	FG024
32	EO26-3	sim_L32_M6	2792	FG023	FG006
32	EO26-3	sim_L32_M6	2793	FG001	FG012
32	EO26-3	sim_L32_M6	2794	FG023	FG010
32	EO26-3	sim_L32_M6	2795	FG001	FG010
32	EO26-3	sim_L32_M6	2796	FG023	FG024
32	EO26-3	sim_L32_M6	2797	FG023	FG001
32	EO26-3	sim_L32_M6	2798	FG001	FG006
32	EO26-3	sim_L32_M6	2799	FG023	FG021
32	EO26-3	sim_L32_M6	2800	FG023	FG030
32	EO26-3	sim_L32_M6	2801	FG001	FG002
32	EO26-3	sim_L32_M6	2802	FG023	FG006
32	EO26-3	sim_L32_M6	2803	FG001	FG003
32	EO26-3	sim_L32_M6	2804	FG023	FG009
32	EO26-3	sim_L32_M6	2805	FG023	FG012
32	EO26-3	sim_L32_M7	2806	FG021	FG001
32	EO26-3	sim_L32_M7	2807	FG021	FG006
32	EO26-3	sim_L32_M7	2808	FG012	FG019
32	EO26-3	sim_L32_M7	2809	FG021	FG027
32	EO26-3	sim_L32_M7	2810	FG012	FG002
32	EO26-3	sim_L32_M7	2811	FG012	FG030
32	EO26-3	sim_L32_M7	2812	FG021	FG002
32	EO26-3	sim_L32_M7	2813	FG021	FG018
32	EO26-3	sim_L32_M7	2814	FG021	FG005
32	EO26-3	sim_L32_M7	2815	FG021	FG006
32	EO26-3	sim_L32_M7	2816	FG021	FG001
32	EO26-3	sim_L32_M7	2817	FG012	FG003
32	EO26-3	sim_L32_M7	2818	FG012	FG015
32	EO26-3	sim_L32_M7	2819	FG021	FG001
32	EO26-3	sim_L32_M7	2820	FG012	FG004
32	EO26-3	sim_L32_M7	2821	FG012	FG002
32	EO26-3	sim_L32_M7	2822	FG012	FG001
32	EO26-3	sim_L32_M7	2823	FG021	FG001
32	EO26-3	sim_L32_M7	2824	FG012	FG001
32	EO26-3	sim_L32_M7	2825	FG021	FG024
32	EO26-3	sim_L32_M7	2826	FG012	FG001
32	EO26-3	sim_L32_M7	2827	FG021	FG024
32	EO26-3	sim_L32_M7	2828	FG021	FG029
32	EO26-3	sim_L32_M7	2829	FG021	FG018
32	EO26-3	sim_L32_M7	2830	FG021	FG001
32	EO26-3	sim_L32_M7	2831	FG021	FG006
32	EO26-3	sim_L32_M7	2832	FG021	FG001
32	EO26-3	sim_L32_M8	2833	FG004	FG028
32	EO26-3	sim_L32_M8	2834	FG024	FG022
32	EO26-3	sim_L32_M8	2835	FG004	FG001
32	EO26-3	sim_L32_M8	2836	FG004	FG028
32	EO26-3	sim_L32_M8	2837	FG004	FG001
32	EO26-3	sim_L32_M8	2838	FG024	FG023
32	EO26-3	sim_L32_M8	2839	FG024	FG018
32	EO26-3	sim_L32_M8	2840	FG004	FG001
32	EO26-3	sim_L32_M8	2841	FG004	FG001
32	EO26-3	sim_L32_M8	2842	FG024	FG010
32	EO26-3	sim_L32_M8	2843	FG004	FG006
32	EO26-3	sim_L32_M8	2844	FG004	FG002
32	EO26-3	sim_L32_M8	2845	FG004	FG006
32	EO26-3	sim_L32_M8	2846	FG024	FG015
32	EO26-3	sim_L32_M8	2847	FG024	FG001
32	EO26-3	sim_L32_M8	2848	FG004	FG001
32	EO26-3	sim_L32_M8	2849	FG004	FG005
32	EO26-3	sim_L32_M8	2850	FG024	FG001
32	EO26-3	sim_L32_M8	2851	FG004	FG001
32	EO26-3	sim_L32_M8	2852	FG004	FG006
32	EO26-3	sim_L32_M8	2853	FG024	FG002
32	EO26-3	sim_L32_M8	2854	FG004	FG010
32	EO26-3	sim_L32_M8	2855	FG024	FG001
32	EO26-3	sim_L32_M8	2856	FG024	FG001
32	EO26-3	sim_L32_M8	2857	FG004	FG001
32	EO26-3	sim_L32_M8	2858	FG024	FG003
32	EO26-3	sim_L32_M9	2859	FG024	FG012
32	EO26-3	sim_L32_M9	2860	FG024	FG001
32	EO26-3	sim_L32_M9	2861	FG024	FG003
32	EO26-3	sim_L32_M9	2862	FG024	FG001
32	EO26-3	sim_L32_M9	2863	FG024	FG002
32	EO26-3	sim_L32_M9	2864	FG024	FG001
32	EO26-3	sim_L32_M9	2865	FG024	FG001
32	EO26-3	sim_L32_M9	2866	FG024	FG003
32	EO26-3	sim_L32_M9	2867	FG024	FG001
32	EO26-3	sim_L32_M9	2868	FG024	FG001
32	EO26-3	sim_L32_M9	2869	FG024	FG001
32	EO26-3	sim_L32_M9	2870	FG024	FG001
32	EO26-3	sim_L32_M9	2871	FG024	FG002
32	EO26-3	sim_L32_M9	2872	FG024	FG002
32	EO26-3	sim_L32_M9	2873	FG024	FG001
32	EO26-3	sim_L32_M9	2874	FG024	FG006
32	EO26-3	sim_L32_M9	2875	FG024	FG018
32	EO26-3	sim_L32_M9	2876	FG024	FG007
32	EO26-3	sim_L32_M9	2877	FG024	FG001
32	EO26-3	sim_L32_M9	2878	FG024	FG006
32	EO26-3	sim_L32_M9	2879	FG024	FG014
32	EO26-3	sim_L32_M9	2880	FG024	FG001
32	EO26-3	sim_L32_M9	2881	FG024	FG002
32	EO26-3	sim_L32_M9	2882	FG024	FG003
32	EO26-3	sim_L32_M9	2883	FG024	FG001
32	EO26-3	sim_L32_M10	2884	FG001	FG024
32	EO26-3	sim_L32_M10	2885	FG001	FG002
32	EO26-3	sim_L32_M10	2886	FG001	FG004
32	EO26-3	sim_L32_M10	2887	FG001	FG021
32	EO26-3	sim_L32_M10	2888	FG001	FG006
32	EO26-3	sim_L32_M10	2889	FG001	FG002
32	EO26-3	sim_L32_M10	2890	FG001	FG002
32	EO26-3	sim_L32_M10	2891	FG001	FG024
32	EO26-3	sim_L32_M10	2892	FG001	FG012
32	EO26-3	sim_L32_M10	2893	FG001	FG006
32	EO26-3	sim_L32_M10	2894	FG001	FG002
32	EO26-3	sim_L32_M10	2895	FG001	FG002
32	EO26-3	sim_L32_M10	2896	FG001	FG024
32	EO26-3	sim_L32_M10	2897	FG001	FG002
32	EO26-3	sim_L32_M11	2898	FG001	FG003
32	EO26-3	sim_L32_M11	2899	FG001	FG005
32	EO26-3	sim_L32_M11	2900	FG001	FG006
32	EO26-3	sim_L32_M11	2901	FG001	FG024
32	EO26-3	sim_L32_M11	2902	FG001	FG002
32	EO26-3	sim_L32_M11	2903	FG001	FG024
32	EO26-3	sim_L32_M11	2904	FG001	FG024
32	EO26-3	sim_L32_M11	2905	FG001	FG015
32	EO26-3	sim_L32_M11	2906	FG001	FG024
32	EO26-3	sim_L32_M11	2907	FG001	FG024
32	EO26-3	sim_L32_M11	2908	FG001	FG006
32	EO26-3	sim_L32_M11	2909	FG001	FG006
32	EO26-3	sim_L32_M11	2910	FG001	FG002
32	EO26-3	sim_L32_M11	2911	FG001	FG024
32	EO26-3	sim_L32_M11	2912	FG001	FG024
32	EO26-3	sim_L32_M11	2913	FG001	FG010
32	EO26-3	sim_L32_M11	2914	FG001	FG005
32	EO26-3	sim_L32_M11	2915	FG001	FG019
32	EO26-3	sim_L32_M11	2916	FG001	FG002
32	EO26-3	sim_L32_M11	2917	FG001	FG006
32	EO26-3	sim_L32_M12	2918	FG007	FG024
32	EO26-3	sim_L32_M12	2919	FG001	FG002
32	EO26-3	sim_L32_M12	2920	FG007	FG024
32	EO26-3	sim_L32_M12	2921	FG001	FG024
32	EO26-3	sim_L32_M12	2922	FG007	FG024
32	EO26-3	sim_L32_M12	2923	FG007	FG006
32	EO26-3	sim_L32_M12	2924	FG007	FG024
32	EO26-3	sim_L32_M12	2925	FG001	FG024
32	EO26-3	sim_L32_M12	2926	FG001	FG002
32	EO26-3	sim_L32_M12	2927	FG001	FG002
32	EO26-3	sim_L32_M12	2928	FG001	FG024
32	EO26-3	sim_L32_M12	2929	FG001	FG005
32	EO26-3	sim_L32_M12	2930	FG001	FG024
32	EO26-3	sim_L32_M12	2931	FG001	FG003
32	EO26-3	sim_L32_M12	2932	FG007	FG019
32	EO26-3	sim_L32_M12	2933	FG007	FG021
32	EO26-3	sim_L32_M12	2934	FG007	FG024
32	EO26-3	sim_L32_M12	2935	FG001	FG024
32	EO26-3	sim_L32_M12	2936	FG007	FG024
32	EO26-3	sim_L32_M12	2937	FG001	FG002
32	EO26-3	sim_L32_M13	2938	FG028	FG024
32	EO26-3	sim_L32_M13	2939	FG028	FG012
32	EO26-3	sim_L32_M13	2940	FG006	FG024
32	EO26-3	sim_L32_M13	2941	FG028	FG001
32	EO26-3	sim_L32_M13	2942	FG006	FG001
32	EO26-3	sim_L32_M13	2943	FG006	FG002
32	EO26-3	sim_L32_M13	2944	FG006	FG024
32	EO26-3	sim_L32_M13	2945	FG028	FG001
32	EO26-3	sim_L32_M13	2946	FG006	FG018
32	EO26-3	sim_L32_M13	2947	FG028	FG001
32	EO26-3	sim_L32_M13	2948	FG006	FG017
32	EO26-3	sim_L32_M13	2949	FG006	FG024
32	EO26-3	sim_L32_M13	2950	FG028	FG001
32	EO26-3	sim_L32_M13	2951	FG006	FG002
32	EO26-3	sim_L32_M13	2952	FG006	FG018
32	EO26-3	sim_L32_M13	2953	FG028	FG012
32	EO26-3	sim_L32_M13	2954	FG006	FG003
32	EO26-3	sim_L32_M13	2955	FG028	FG021
32	EO26-3	sim_L32_M13	2956	FG028	FG001
32	EO26-3	sim_L32_M13	2957	FG028	FG002
32	EO26-3	sim_L32_M13	2958	FG028	FG001
32	EO26-3	sim_L32_M13	2959	FG006	FG002
32	EO26-3	sim_L32_M13	2960	FG028	FG024
32	EO26-3	sim_L32_M13	2961	FG006	FG001
32	EO26-3	sim_L32_M13	2962	FG006	FG001
32	EO26-3	sim_L32_M13	2963	FG028	FG001
32	EO26-3	sim_L32_M13	2964	FG006	FG024
32	EO26-3	sim_L32_M13	2965	FG028	FG002
32	EO26-3	sim_L32_M13	2966	FG028	FG001
32	EO26-3	sim_L32_M14	2967	FG015	FG019
32	EO26-3	sim_L32_M14	2968	FG002	FG001
32	EO26-3	sim_L32_M14	2969	FG015	FG024
32	EO26-3	sim_L32_M14	2970	FG002	FG021
32	EO26-3	sim_L32_M14	2971	FG002	FG001
32	EO26-3	sim_L32_M14	2972	FG002	FG004
32	EO26-3	sim_L32_M14	2973	FG015	FG001
32	EO26-3	sim_L32_M14	2974	FG002	FG001
32	EO26-3	sim_L32_M14	2975	FG015	FG024
32	EO26-3	sim_L32_M14	2976	FG002	FG001
32	EO26-3	sim_L32_M14	2977	FG015	FG024
32	EO26-3	sim_L32_M14	2978	FG015	FG001
32	EO26-3	sim_L32_M14	2979	FG002	FG024
32	EO26-3	sim_L32_M14	2980	FG002	FG010
32	EO26-3	sim_L32_M14	2981	FG002	FG001
32	EO26-3	sim_L32_M14	2982	FG015	FG001
32	EO26-3	sim_L32_M14	2983	FG002	FG001
32	EO26-3	sim_L32_M14	2984	FG015	FG001
32	EO26-3	sim_L32_M14	2985	FG002	FG001
32	EO26-3	sim_L32_M14	2986	FG002	FG024
32	EO26-3	sim_L32_M14	2987	FG015	FG005
32	EO26-3	sim_L32_M14	2988	FG015	FG001
32	EO26-3	sim_L32_M14	2989	FG002	FG010
32	EO26-3	sim_L32_M14	2990	FG002	FG001
32	EO26-3	sim_L32_M14	2991	FG015	FG002
32	EO26-3	sim_L32_M14	2992	FG015	FG006
32	EO26-3	sim_L32_M14	2993	FG002	FG001
32	EO26-3	sim_L32_M15	2994	FG006	FG001
32	EO26-3	sim_L32_M15	2995	FG024	FG001
32	EO26-3	sim_L32_M15	2996	FG006	FG007
32	EO26-3	sim_L32_M15	2997	FG006	FG002
32	EO26-3	sim_L32_M15	2998	FG024	FG001
32	EO26-3	sim_L32_M15	2999	FG006	FG001
32	EO26-3	sim_L32_M15	3000	FG024	FG001
32	EO26-3	sim_L32_M15	3001	FG024	FG001
32	EO26-3	sim_L32_M15	3002	FG006	FG001
32	EO26-3	sim_L32_M15	3003	FG024	FG001
32	EO26-3	sim_L32_M15	3004	FG006	FG001
32	EO26-3	sim_L32_M15	3005	FG006	FG019
32	EO26-3	sim_L32_M15	3006	FG024	FG001
32	EO26-3	sim_L32_M15	3007	FG024	FG002
32	EO26-3	sim_L32_M15	3008	FG024	FG018
32	EO26-3	sim_L32_M15	3009	FG024	FG001
32	EO26-3	sim_L32_M15	3010	FG024	FG002
32	EO26-3	sim_L32_M15	3011	FG024	FG002
32	EO26-3	sim_L32_M15	3012	FG006	FG002
32	EO26-3	sim_L32_M15	3013	FG006	FG012
32	EO26-3	sim_L32_M15	3014	FG024	FG002
32	EO26-3	sim_L32_M15	3015	FG024	FG002
32	EO26-3	sim_L32_M16	3016	FG024	FG002
32	EO26-3	sim_L32_M16	3017	FG024	FG001
32	EO26-3	sim_L32_M16	3018	FG001	FG015
32	EO26-3	sim_L32_M16	3019	FG001	FG002
32	EO26-3	sim_L32_M16	3020	FG024	FG002
32	EO26-3	sim_L32_M16	3021	FG001	FG010
32	EO26-3	sim_L32_M16	3022	FG001	FG004
32	EO26-3	sim_L32_M16	3023	FG001	FG004
1	EO38	sim_L1_M0	3024	FG021	FG024
1	EO38	sim_L1_M0	3025	FG021	FG006
1	EO38	sim_L1_M0	3026	FG001	FG024
1	EO38	sim_L1_M0	3027	FG001	FG024
1	EO38	sim_L1_M0	3028	FG001	FG010
1	EO38	sim_L1_M0	3029	FG001	FG024
1	EO38	sim_L1_M0	3030	FG001	FG002
1	EO38	sim_L1_M0	3031	FG001	FG008
1	EO38	sim_L1_M0	3032	FG021	FG012
1	EO38	sim_L1_M0	3033	FG001	FG024
1	EO38	sim_L1_M0	3034	FG001	FG002
1	EO38	sim_L1_M0	3035	FG021	FG026
1	EO38	sim_L1_M0	3036	FG021	FG002
1	EO38	sim_L1_M0	3037	FG001	FG024
1	EO38	sim_L1_M0	3038	FG001	FG024
1	EO38	sim_L1_M0	3039	FG001	FG024
1	EO38	sim_L1_M0	3040	FG021	FG024
1	EO38	sim_L1_M0	3041	FG001	FG001
1	EO38	sim_L1_M0	3042	FG001	FG014
1	EO38	sim_L1_M1	3043	FG001	FG002
1	EO38	sim_L1_M1	3044	FG001	FG001
1	EO38	sim_L1_M1	3045	FG001	FG006
1	EO38	sim_L1_M1	3046	FG001	FG006
1	EO38	sim_L1_M1	3047	FG001	FG002
1	EO38	sim_L1_M1	3048	FG001	FG024
1	EO38	sim_L1_M1	3049	FG001	FG024
1	EO38	sim_L1_M1	3050	FG001	FG018
1	EO38	sim_L1_M1	3051	FG001	FG024
1	EO38	sim_L1_M1	3052	FG001	FG024
1	EO38	sim_L1_M1	3053	FG001	FG002
1	EO38	sim_L1_M1	3054	FG001	FG024
1	EO38	sim_L1_M1	3055	FG001	FG030
1	EO38	sim_L1_M1	3056	FG001	FG002
1	EO38	sim_L1_M1	3057	FG001	FG003
1	EO38	sim_L1_M1	3058	FG001	FG001
1	EO38	sim_L1_M1	3059	FG001	FG002
1	EO38	sim_L1_M2	3060	FG024	FG001
1	EO38	sim_L1_M2	3061	FG002	FG006
1	EO38	sim_L1_M2	3062	FG002	FG001
1	EO38	sim_L1_M2	3063	FG024	FG003
1	EO38	sim_L1_M2	3064	FG002	FG023
1	EO38	sim_L1_M2	3065	FG002	FG001
1	EO38	sim_L1_M2	3066	FG002	FG001
1	EO38	sim_L1_M2	3067	FG024	FG001
1	EO38	sim_L1_M2	3068	FG024	FG018
1	EO38	sim_L1_M2	3069	FG024	FG006
1	EO38	sim_L1_M2	3070	FG024	FG001
1	EO38	sim_L1_M2	3071	FG002	FG001
1	EO38	sim_L1_M2	3072	FG002	FG001
1	EO38	sim_L1_M2	3073	FG002	FG010
1	EO38	sim_L1_M2	3074	FG024	FG001
1	EO38	sim_L1_M2	3075	FG002	FG015
1	EO38	sim_L1_M2	3076	FG002	FG001
1	EO38	sim_L1_M2	3077	FG024	FG001
1	EO38	sim_L1_M2	3078	FG024	FG001
1	EO38	sim_L1_M2	3079	FG024	FG001
1	EO38	sim_L1_M2	3080	FG024	FG021
1	EO38	sim_L1_M2	3081	FG002	FG001
1	EO38	sim_L1_M2	3082	FG024	FG001
1	EO38	sim_L1_M2	3083	FG002	FG003
1	EO38	sim_L1_M2	3084	FG024	FG012
1	EO38	sim_L1_M3	3085	FG001	FG004
1	EO38	sim_L1_M3	3086	FG001	FG006
1	EO38	sim_L1_M3	3087	FG001	FG024
1	EO38	sim_L1_M3	3088	FG001	FG002
1	EO38	sim_L1_M3	3089	FG001	FG003
1	EO38	sim_L1_M3	3090	FG001	FG024
1	EO38	sim_L1_M3	3091	FG001	FG012
1	EO38	sim_L1_M3	3092	FG001	FG012
1	EO38	sim_L1_M3	3093	FG001	FG024
1	EO38	sim_L1_M3	3094	FG001	FG003
1	EO38	sim_L1_M3	3095	FG001	FG004
1	EO38	sim_L1_M3	3096	FG001	FG002
1	EO38	sim_L1_M3	3097	FG001	FG022
1	EO38	sim_L1_M3	3098	FG001	FG024
1	EO38	sim_L1_M3	3099	FG001	FG024
1	EO38	sim_L1_M3	3100	FG001	FG006
1	EO38	sim_L1_M3	3101	FG001	FG006
1	EO38	sim_L1_M3	3102	FG001	FG024
1	EO38	sim_L1_M4	3103	FG024	FG004
1	EO38	sim_L1_M4	3104	FG024	FG028
1	EO38	sim_L1_M4	3105	FG024	FG002
1	EO38	sim_L1_M4	3106	FG001	FG006
1	EO38	sim_L1_M4	3107	FG024	FG002
1	EO38	sim_L1_M4	3108	FG024	FG002
1	EO38	sim_L1_M4	3109	FG001	FG004
1	EO38	sim_L1_M4	3110	FG001	FG019
1	EO38	sim_L1_M4	3111	FG001	FG002
1	EO38	sim_L1_M4	3112	FG024	FG002
1	EO38	sim_L1_M5	3113	FG024	FG006
1	EO38	sim_L1_M5	3114	FG024	FG002
1	EO38	sim_L1_M5	3115	FG001	FG023
1	EO38	sim_L1_M5	3116	FG001	FG002
1	EO38	sim_L1_M5	3117	FG024	FG002
1	EO38	sim_L1_M5	3118	FG001	FG018
1	EO38	sim_L1_M5	3119	FG001	FG006
1	EO38	sim_L1_M5	3120	FG001	FG006
1	EO38	sim_L1_M5	3121	FG024	FG012
1	EO38	sim_L1_M5	3122	FG024	FG018
1	EO38	sim_L1_M5	3123	FG001	FG006
1	EO38	sim_L1_M5	3124	FG024	FG002
1	EO38	sim_L1_M5	3125	FG024	FG006
1	EO38	sim_L1_M5	3126	FG001	FG010
1	EO38	sim_L1_M6	3127	FG024	FG010
1	EO38	sim_L1_M6	3128	FG006	FG001
1	EO38	sim_L1_M6	3129	FG024	FG001
1	EO38	sim_L1_M6	3130	FG006	FG017
1	EO38	sim_L1_M6	3131	FG024	FG001
1	EO38	sim_L1_M6	3132	FG024	FG001
1	EO38	sim_L1_M6	3133	FG024	FG021
1	EO38	sim_L1_M6	3134	FG024	FG001
1	EO38	sim_L1_M6	3135	FG024	FG001
1	EO38	sim_L1_M6	3136	FG006	FG001
1	EO38	sim_L1_M6	3137	FG024	FG018
1	EO38	sim_L1_M6	3138	FG024	FG002
1	EO38	sim_L1_M6	3139	FG024	FG001
1	EO38	sim_L1_M6	3140	FG006	FG001
1	EO38	sim_L1_M6	3141	FG024	FG002
1	EO38	sim_L1_M6	3142	FG006	FG001
1	EO38	sim_L1_M6	3143	FG006	FG002
1	EO38	sim_L1_M6	3144	FG024	FG002
1	EO38	sim_L1_M6	3145	FG006	FG001
1	EO38	sim_L1_M6	3146	FG006	FG013
1	EO38	sim_L1_M7	3147	FG002	FG012
1	EO38	sim_L1_M7	3148	FG002	FG021
1	EO38	sim_L1_M7	3149	FG002	FG001
1	EO38	sim_L1_M7	3150	FG010	FG001
1	EO38	sim_L1_M7	3151	FG010	FG004
1	EO38	sim_L1_M7	3152	FG010	FG023
1	EO38	sim_L1_M7	3153	FG010	FG001
1	EO38	sim_L1_M7	3154	FG002	FG001
1	EO38	sim_L1_M7	3155	FG010	FG001
1	EO38	sim_L1_M7	3156	FG002	FG002
1	EO38	sim_L1_M7	3157	FG002	FG023
1	EO38	sim_L1_M7	3158	FG010	FG024
1	EO38	sim_L1_M7	3159	FG002	FG018
1	EO38	sim_L1_M7	3160	FG002	FG024
1	EO38	sim_L1_M7	3161	FG010	FG001
1	EO38	sim_L1_M7	3162	FG010	FG024
1	EO38	sim_L1_M7	3163	FG010	FG006
1	EO38	sim_L1_M7	3164	FG010	FG001
1	EO38	sim_L1_M7	3165	FG010	FG006
1	EO38	sim_L1_M7	3166	FG010	FG001
1	EO38	sim_L1_M7	3167	FG010	FG001
1	EO38	sim_L1_M7	3168	FG010	FG029
1	EO38	sim_L1_M7	3169	FG010	FG001
1	EO38	sim_L1_M7	3170	FG002	FG024
1	EO38	sim_L1_M7	3171	FG002	FG030
1	EO38	sim_L1_M7	3172	FG002	FG024
1	EO38	sim_L1_M7	3173	FG002	FG019
1	EO38	sim_L1_M7	3174	FG002	FG001
1	EO38	sim_L1_M8	3175	FG001	FG021
1	EO38	sim_L1_M8	3176	FG001	FG012
1	EO38	sim_L1_M8	3177	FG001	FG002
1	EO38	sim_L1_M8	3178	FG018	FG024
1	EO38	sim_L1_M8	3179	FG018	FG002
1	EO38	sim_L1_M8	3180	FG018	FG002
1	EO38	sim_L1_M8	3181	FG001	FG002
1	EO38	sim_L1_M8	3182	FG018	FG006
1	EO38	sim_L1_M8	3183	FG001	FG024
1	EO38	sim_L1_M8	3184	FG001	FG022
1	EO38	sim_L1_M8	3185	FG018	FG006
1	EO38	sim_L1_M8	3186	FG001	FG001
1	EO38	sim_L1_M8	3187	FG018	FG001
1	EO38	sim_L1_M8	3188	FG018	FG024
1	EO38	sim_L1_M8	3189	FG018	FG002
1	EO38	sim_L1_M8	3190	FG001	FG027
1	EO38	sim_L1_M9	3191	FG024	FG008
1	EO38	sim_L1_M9	3192	FG001	FG023
1	EO38	sim_L1_M9	3193	FG001	FG001
1	EO38	sim_L1_M9	3194	FG024	FG030
1	EO38	sim_L1_M9	3195	FG024	FG002
1	EO38	sim_L1_M9	3196	FG001	FG019
1	EO38	sim_L1_M9	3197	FG024	FG002
1	EO38	sim_L1_M9	3198	FG024	FG012
1	EO38	sim_L1_M9	3199	FG024	FG030
1	EO38	sim_L1_M9	3200	FG001	FG006
1	EO38	sim_L1_M9	3201	FG024	FG018
1	EO38	sim_L1_M9	3202	FG001	FG012
1	EO38	sim_L1_M9	3203	FG001	FG001
1	EO38	sim_L1_M10	3204	FG003	FG001
1	EO38	sim_L1_M10	3205	FG006	FG006
1	EO38	sim_L1_M10	3206	FG006	FG001
1	EO38	sim_L1_M10	3207	FG003	FG002
1	EO38	sim_L1_M10	3208	FG003	FG021
1	EO38	sim_L1_M10	3209	FG006	FG001
1	EO38	sim_L1_M10	3210	FG006	FG001
1	EO38	sim_L1_M10	3211	FG003	FG001
1	EO38	sim_L1_M10	3212	FG003	FG001
1	EO38	sim_L1_M10	3213	FG003	FG022
1	EO38	sim_L1_M10	3214	FG003	FG014
1	EO38	sim_L1_M10	3215	FG006	FG001
1	EO38	sim_L1_M10	3216	FG003	FG024
1	EO38	sim_L1_M10	3217	FG003	FG010
1	EO38	sim_L1_M10	3218	FG003	FG001
1	EO38	sim_L1_M10	3219	FG006	FG017
1	EO38	sim_L1_M10	3220	FG003	FG007
1	EO38	sim_L1_M10	3221	FG006	FG002
1	EO38	sim_L1_M10	3222	FG003	FG002
1	EO38	sim_L1_M10	3223	FG006	FG024
1	EO38	sim_L1_M10	3224	FG003	FG010
1	EO38	sim_L1_M10	3225	FG006	FG010
1	EO38	sim_L1_M10	3226	FG006	FG002
1	EO38	sim_L1_M10	3227	FG003	FG001
1	EO38	sim_L1_M10	3228	FG003	FG024
1	EO38	sim_L1_M11	3229	FG024	FG010
1	EO38	sim_L1_M11	3230	FG024	FG004
1	EO38	sim_L1_M11	3231	FG001	FG006
1	EO38	sim_L1_M11	3232	FG001	FG002
1	EO38	sim_L1_M11	3233	FG001	FG029
1	EO38	sim_L1_M11	3234	FG001	FG001
1	EO38	sim_L1_M11	3235	FG024	FG002
1	EO38	sim_L1_M11	3236	FG024	FG012
1	EO38	sim_L1_M11	3237	FG024	FG002
1	EO38	sim_L1_M11	3238	FG024	FG008
1	EO38	sim_L1_M11	3239	FG001	FG001
1	EO38	sim_L1_M11	3240	FG001	FG028
1	EO38	sim_L1_M11	3241	FG024	FG024
1	EO38	sim_L1_M11	3242	FG001	FG027
1	EO38	sim_L1_M12	3243	FG024	FG006
1	EO38	sim_L1_M12	3244	FG012	FG019
1	EO38	sim_L1_M12	3245	FG024	FG021
1	EO38	sim_L1_M12	3246	FG012	FG001
1	EO38	sim_L1_M12	3247	FG012	FG002
1	EO38	sim_L1_M12	3248	FG012	FG002
1	EO38	sim_L1_M12	3249	FG012	FG006
1	EO38	sim_L1_M12	3250	FG012	FG001
1	EO38	sim_L1_M12	3251	FG012	FG001
1	EO38	sim_L1_M12	3252	FG012	FG001
1	EO38	sim_L1_M12	3253	FG024	FG001
1	EO38	sim_L1_M12	3254	FG024	FG001
1	EO38	sim_L1_M12	3255	FG024	FG002
1	EO38	sim_L1_M12	3256	FG024	FG001
1	EO38	sim_L1_M12	3257	FG024	FG001
1	EO38	sim_L1_M12	3258	FG024	FG019
1	EO38	sim_L1_M12	3259	FG024	FG001
1	EO38	sim_L1_M12	3260	FG012	FG001
1	EO38	sim_L1_M12	3261	FG012	FG022
1	EO38	sim_L1_M12	3262	FG024	FG001
1	EO38	sim_L1_M12	3263	FG024	FG006
1	EO38	sim_L1_M12	3264	FG024	FG001
1	EO38	sim_L1_M12	3265	FG012	FG001
1	EO38	sim_L1_M13	3266	FG020	FG019
1	EO38	sim_L1_M13	3267	FG006	FG002
1	EO38	sim_L1_M13	3268	FG020	FG002
1	EO38	sim_L1_M13	3269	FG020	FG001
1	EO38	sim_L1_M13	3270	FG006	FG021
1	EO38	sim_L1_M13	3271	FG020	FG024
1	EO38	sim_L1_M13	3272	FG020	FG001
1	EO38	sim_L1_M13	3273	FG006	FG024
1	EO38	sim_L1_M13	3274	FG020	FG006
1	EO38	sim_L1_M13	3275	FG020	FG001
1	EO38	sim_L1_M13	3276	FG020	FG001
1	EO38	sim_L1_M13	3277	FG020	FG004
1	EO38	sim_L1_M13	3278	FG020	FG024
1	EO38	sim_L1_M13	3279	FG020	FG017
1	EO38	sim_L1_M13	3280	FG020	FG001
1	EO38	sim_L1_M13	3281	FG006	FG001
1	EO38	sim_L1_M13	3282	FG020	FG001
1	EO38	sim_L1_M13	3283	FG020	FG002
1	EO38	sim_L1_M13	3284	FG020	FG024
1	EO38	sim_L1_M13	3285	FG006	FG024
1	EO38	sim_L1_M13	3286	FG020	FG001
1	EO38	sim_L1_M13	3287	FG006	FG012
1	EO38	sim_L1_M13	3288	FG020	FG024
1	EO38	sim_L1_M13	3289	FG020	FG024
1	EO38	sim_L1_M13	3290	FG006	FG001
1	EO38	sim_L1_M14	3291	FG001	FG019
1	EO38	sim_L1_M14	3292	FG001	FG003
1	EO38	sim_L1_M14	3293	FG001	FG004
1	EO38	sim_L1_M14	3294	FG001	FG024
1	EO38	sim_L1_M14	3295	FG001	FG002
1	EO38	sim_L1_M14	3296	FG001	FG002
1	EO38	sim_L1_M14	3297	FG001	FG001
1	EO38	sim_L1_M14	3298	FG001	FG024
1	EO38	sim_L1_M14	3299	FG001	FG024
1	EO38	sim_L1_M14	3300	FG001	FG006
1	EO38	sim_L1_M14	3301	FG001	FG002
1	EO38	sim_L1_M14	3302	FG001	FG019
1	EO38	sim_L1_M14	3303	FG001	FG018
1	EO38	sim_L1_M14	3304	FG001	FG004
1	EO38	sim_L1_M14	3305	FG001	FG002
1	EO38	sim_L1_M14	3306	FG001	FG002
1	EO38	sim_L1_M14	3307	FG001	FG003
1	EO38	sim_L1_M14	3308	FG001	FG019
1	EO38	sim_L1_M15	3309	FG001	FG006
1	EO38	sim_L1_M15	3310	FG019	FG024
1	EO38	sim_L1_M15	3311	FG001	FG024
1	EO38	sim_L1_M15	3312	FG019	FG002
1	EO38	sim_L1_M15	3313	FG019	FG008
1	EO38	sim_L1_M15	3314	FG019	FG024
1	EO38	sim_L1_M15	3315	FG001	FG024
1	EO38	sim_L1_M15	3316	FG019	FG024
1	EO38	sim_L1_M15	3317	FG019	FG001
1	EO38	sim_L1_M15	3318	FG001	FG005
1	EO38	sim_L1_M15	3319	FG001	FG024
1	EO38	sim_L1_M15	3320	FG001	FG002
1	EO38	sim_L1_M15	3321	FG001	FG024
1	EO38	sim_L1_M15	3322	FG019	FG024
1	EO38	sim_L1_M15	3323	FG001	FG002
1	EO38	sim_L1_M15	3324	FG019	FG002
1	EO38	sim_L1_M15	3325	FG019	FG018
1	EO38	sim_L1_M15	3326	FG019	FG006
1	EO38	sim_L1_M16	3327	FG015	FG021
1	EO38	sim_L1_M16	3328	FG024	FG001
1	EO38	sim_L1_M16	3329	FG015	FG012
1	EO38	sim_L1_M16	3330	FG024	FG006
1	EO38	sim_L1_M16	3331	FG024	FG006
1	EO38	sim_L1_M16	3332	FG015	FG002
1	EO38	sim_L1_M16	3333	FG015	FG001
1	EO38	sim_L1_M16	3334	FG024	FG001
1	EO38	sim_L1_M16	3335	FG024	FG031
1	EO38	sim_L1_M16	3336	FG024	FG002
1	EO38	sim_L1_M16	3337	FG015	FG001
1	EO38	sim_L1_M16	3338	FG015	FG001
1	EO38	sim_L1_M16	3339	FG015	FG001
1	EO38	sim_L1_M16	3340	FG024	FG005
1	EO38	sim_L1_M16	3341	FG015	FG001
1	EO38	sim_L1_M16	3342	FG024	FG006
1	EO38	sim_L1_M16	3343	FG024	FG001
1	EO38	sim_L1_M16	3344	FG015	FG001
1	EO38	sim_L1_M16	3345	FG024	FG001
1	EO38	sim_L1_M16	3346	FG015	FG024
1	EO38	sim_L1_M16	3347	FG024	FG002
1	EO38	sim_L1_M16	3348	FG015	FG021
1	EO38	sim_L1_M16	3349	FG015	FG001
1	EO38	sim_L1_M17	3350	FG002	FG001
1	EO38	sim_L1_M17	3351	FG002	FG001
1	EO38	sim_L1_M17	3352	FG012	FG003
1	EO38	sim_L1_M17	3353	FG002	FG001
1	EO38	sim_L1_M17	3354	FG012	FG001
1	EO38	sim_L1_M17	3355	FG012	FG024
1	EO38	sim_L1_M17	3356	FG012	FG021
1	EO38	sim_L1_M17	3357	FG002	FG024
1	EO38	sim_L1_M17	3358	FG012	FG001
1	EO38	sim_L1_M17	3359	FG012	FG001
1	EO38	sim_L1_M17	3360	FG002	FG001
1	EO38	sim_L1_M17	3361	FG012	FG001
1	EO38	sim_L1_M17	3362	FG012	FG014
1	EO38	sim_L1_M17	3363	FG002	FG006
1	EO38	sim_L1_M17	3364	FG012	FG031
1	EO38	sim_L1_M17	3365	FG012	FG021
1	EO38	sim_L1_M17	3366	FG002	FG024
1	EO38	sim_L1_M17	3367	FG012	FG001
1	EO38	sim_L1_M17	3368	FG002	FG001
1	EO38	sim_L1_M17	3369	FG002	FG024
1	EO38	sim_L1_M17	3370	FG002	FG001
1	EO38	sim_L1_M17	3371	FG002	FG024
1	EO38	sim_L1_M17	3372	FG012	FG001
1	EO38	sim_L1_M17	3373	FG002	FG001
1	EO38	sim_L1_M17	3374	FG002	FG027
1	EO38	sim_L1_M17	3375	FG012	FG001
1	EO38	sim_L1_M17	3376	FG002	FG026
1	EO38	sim_L1_M18	3377	FG001	FG005
1	EO38	sim_L1_M18	3378	FG001	FG006
1	EO38	sim_L1_M18	3379	FG001	FG021
1	EO38	sim_L1_M18	3380	FG001	FG003
1	EO38	sim_L1_M18	3381	FG001	FG001
1	EO38	sim_L1_M18	3382	FG001	FG001
1	EO38	sim_L1_M18	3383	FG001	FG024
1	EO38	sim_L1_M18	3384	FG001	FG001
1	EO38	sim_L1_M18	3385	FG001	FG004
1	EO38	sim_L1_M18	3386	FG001	FG004
1	EO38	sim_L1_M18	3387	FG001	FG002
1	EO38	sim_L1_M18	3388	FG001	FG023
1	EO38	sim_L1_M18	3389	FG001	FG002
1	EO38	sim_L1_M18	3390	FG001	FG024
1	EO38	sim_L1_M18	3391	FG001	FG003
1	EO38	sim_L1_M18	3392	FG001	FG018
1	EO38	sim_L1_M18	3393	FG001	FG004
1	EO38	sim_L1_M18	3394	FG001	FG002
1	EO38	sim_L1_M18	3395	FG001	FG002
1	EO38	sim_L1_M18	3396	FG001	FG024
1	EO38	sim_L1_M19	3397	FG001	FG002
1	EO38	sim_L1_M19	3398	FG018	FG006
1	EO38	sim_L1_M19	3399	FG018	FG024
1	EO38	sim_L1_M19	3400	FG001	FG006
1	EO38	sim_L1_M19	3401	FG001	FG002
1	EO38	sim_L1_M19	3402	FG001	FG024
1	EO38	sim_L1_M19	3403	FG001	FG017
1	EO38	sim_L1_M19	3404	FG018	FG002
1	EO38	sim_L1_M19	3405	FG001	FG012
1	EO38	sim_L1_M19	3406	FG018	FG014
1	EO38	sim_L1_M19	3407	FG018	FG012
1	EO38	sim_L1_M19	3408	FG018	FG002
1	EO38	sim_L1_M19	3409	FG018	FG006
1	EO38	sim_L1_M19	3410	FG018	FG024
1	EO38	sim_L1_M19	3411	FG018	FG009
1	EO38	sim_L1_M19	3412	FG018	FG024
1	EO38	sim_L1_M19	3413	FG018	FG002
1	EO38	sim_L1_M20	3414	FG024	FG001
1	EO38	sim_L1_M20	3415	FG024	FG006
1	EO38	sim_L1_M20	3416	FG005	FG009
1	EO38	sim_L1_M20	3417	FG005	FG003
1	EO38	sim_L1_M20	3418	FG005	FG024
1	EO38	sim_L1_M20	3419	FG024	FG001
1	EO38	sim_L1_M20	3420	FG024	FG002
1	EO38	sim_L1_M20	3421	FG005	FG001
1	EO38	sim_L1_M20	3422	FG005	FG001
1	EO38	sim_L1_M20	3423	FG024	FG001
1	EO38	sim_L1_M20	3424	FG005	FG001
1	EO38	sim_L1_M20	3425	FG005	FG012
1	EO38	sim_L1_M20	3426	FG024	FG001
1	EO38	sim_L1_M20	3427	FG024	FG002
1	EO38	sim_L1_M20	3428	FG005	FG001
1	EO38	sim_L1_M20	3429	FG005	FG001
1	EO38	sim_L1_M20	3430	FG005	FG018
1	EO38	sim_L1_M20	3431	FG024	FG019
1	EO38	sim_L1_M20	3432	FG024	FG001
1	EO38	sim_L1_M20	3433	FG024	FG004
1	EO38	sim_L1_M20	3434	FG005	FG028
1	EO38	sim_L1_M20	3435	FG005	FG006
1	EO38	sim_L1_M20	3436	FG024	FG001
1	EO38	sim_L1_M20	3437	FG005	FG006
1	EO38	sim_L1_M21	3438	FG024	FG010
1	EO38	sim_L1_M21	3439	FG006	FG001
1	EO38	sim_L1_M21	3440	FG006	FG001
1	EO38	sim_L1_M21	3441	FG024	FG001
1	EO38	sim_L1_M21	3442	FG024	FG019
1	EO38	sim_L1_M21	3443	FG006	FG001
1	EO38	sim_L1_M21	3444	FG024	FG001
1	EO38	sim_L1_M21	3445	FG006	FG021
1	EO38	sim_L1_M21	3446	FG006	FG001
1	EO38	sim_L1_M21	3447	FG024	FG001
1	EO38	sim_L1_M21	3448	FG006	FG001
1	EO38	sim_L1_M21	3449	FG024	FG001
1	EO38	sim_L1_M21	3450	FG024	FG001
1	EO38	sim_L1_M21	3451	FG024	FG001
1	EO38	sim_L1_M21	3452	FG024	FG002
1	EO38	sim_L1_M21	3453	FG006	FG002
1	EO38	sim_L1_M21	3454	FG024	FG001
1	EO38	sim_L1_M21	3455	FG006	FG015
1	EO38	sim_L1_M21	3456	FG024	FG009
1	EO38	sim_L1_M21	3457	FG024	FG001
1	EO38	sim_L1_M21	3458	FG006	FG001
1	EO38	sim_L1_M21	3459	FG006	FG023
1	EO38	sim_L1_M22	3460	FG024	FG024
1	EO38	sim_L1_M22	3461	FG024	FG001
1	EO38	sim_L1_M22	3462	FG024	FG001
1	EO38	sim_L1_M22	3463	FG024	FG001
1	EO38	sim_L1_M22	3464	FG024	FG015
1	EO38	sim_L1_M22	3465	FG024	FG006
1	EO38	sim_L1_M22	3466	FG024	FG001
1	EO38	sim_L1_M22	3467	FG024	FG004
1	EO38	sim_L1_M22	3468	FG024	FG002
1	EO38	sim_L1_M22	3469	FG024	FG009
1	EO38	sim_L1_M22	3470	FG024	FG001
1	EO38	sim_L1_M22	3471	FG024	FG001
1	EO38	sim_L1_M22	3472	FG024	FG004
1	EO38	sim_L1_M22	3473	FG024	FG002
1	EO38	sim_L1_M22	3474	FG024	FG001
1	EO38	sim_L1_M22	3475	FG024	FG004
1	EO38	sim_L1_M22	3476	FG024	FG004
1	EO38	sim_L1_M22	3477	FG024	FG001
1	EO38	sim_L1_M22	3478	FG024	FG019
1	EO38	sim_L1_M22	3479	FG024	FG001
1	EO38	sim_L1_M22	3480	FG024	FG001
1	EO38	sim_L1_M22	3481	FG024	FG001
1	EO38	sim_L1_M22	3482	FG024	FG002
1	EO38	sim_L1_M22	3483	FG024	FG001
1	EO38	sim_L1_M23	3484	FG001	FG002
1	EO38	sim_L1_M23	3485	FG024	FG009
1	EO38	sim_L1_M23	3486	FG024	FG018
1	EO38	sim_L1_M23	3487	FG024	FG024
1	EO38	sim_L1_M23	3488	FG001	FG006
1	EO38	sim_L1_M23	3489	FG001	FG002
1	EO38	sim_L1_M23	3490	FG024	FG002
1	EO38	sim_L1_M23	3491	FG001	FG017
1	EO38	sim_L1_M23	3492	FG001	FG007
1	EO38	sim_L1_M23	3493	FG024	FG012
1	EO38	sim_L1_M23	3494	FG001	FG002
1	EO38	sim_L1_M23	3495	FG001	FG006
1	EO38	sim_L1_M23	3496	FG001	FG003
1	EO38	sim_L1_M24	3497	FG002	FG024
1	EO38	sim_L1_M24	3498	FG002	FG001
1	EO38	sim_L1_M24	3499	FG019	FG021
1	EO38	sim_L1_M24	3500	FG002	FG024
1	EO38	sim_L1_M24	3501	FG019	FG024
1	EO38	sim_L1_M24	3502	FG002	FG024
1	EO38	sim_L1_M24	3503	FG002	FG009
1	EO38	sim_L1_M24	3504	FG019	FG006
1	EO38	sim_L1_M24	3505	FG002	FG001
1	EO38	sim_L1_M24	3506	FG002	FG004
1	EO38	sim_L1_M24	3507	FG019	FG003
1	EO38	sim_L1_M24	3508	FG019	FG005
1	EO38	sim_L1_M24	3509	FG002	FG001
1	EO38	sim_L1_M24	3510	FG019	FG012
1	EO38	sim_L1_M24	3511	FG019	FG001
1	EO38	sim_L1_M24	3512	FG002	FG024
1	EO38	sim_L1_M24	3513	FG019	FG001
1	EO38	sim_L1_M24	3514	FG019	FG024
1	EO38	sim_L1_M24	3515	FG019	FG010
1	EO38	sim_L1_M24	3516	FG002	FG001
1	EO38	sim_L1_M24	3517	FG002	FG024
1	EO38	sim_L1_M24	3518	FG002	FG010
1	EO38	sim_L1_M24	3519	FG019	FG012
1	EO38	sim_L1_M24	3520	FG019	FG001
1	EO38	sim_L1_M24	3521	FG019	FG003
1	EO38	sim_L1_M25	3522	FG018	FG001
1	EO38	sim_L1_M25	3523	FG018	FG001
1	EO38	sim_L1_M25	3524	FG018	FG032
1	EO38	sim_L1_M25	3525	FG024	FG001
1	EO38	sim_L1_M25	3526	FG024	FG001
1	EO38	sim_L1_M25	3527	FG018	FG002
1	EO38	sim_L1_M25	3528	FG018	FG004
1	EO38	sim_L1_M25	3529	FG018	FG012
1	EO38	sim_L1_M25	3530	FG024	FG001
1	EO38	sim_L1_M25	3531	FG018	FG001
1	EO38	sim_L1_M25	3532	FG018	FG001
1	EO38	sim_L1_M25	3533	FG018	FG002
1	EO38	sim_L1_M25	3534	FG018	FG006
1	EO38	sim_L1_M25	3535	FG018	FG001
1	EO38	sim_L1_M25	3536	FG024	FG001
1	EO38	sim_L1_M25	3537	FG024	FG016
1	EO38	sim_L1_M25	3538	FG018	FG026
1	EO38	sim_L1_M25	3539	FG024	FG002
1	EO38	sim_L1_M25	3540	FG024	FG001
1	EO38	sim_L1_M25	3541	FG018	FG001
1	EO38	sim_L1_M25	3542	FG024	FG001
1	EO38	sim_L1_M25	3543	FG024	FG012
1	EO38	sim_L1_M25	3544	FG018	FG013
1	EO38	sim_L1_M25	3545	FG018	FG001
1	EO38	sim_L1_M25	3546	FG024	FG006
1	EO38	sim_L1_M26	3547	FG024	FG001
1	EO38	sim_L1_M26	3548	FG024	FG001
1	EO38	sim_L1_M26	3549	FG024	FG001
1	EO38	sim_L1_M26	3550	FG024	FG001
1	EO38	sim_L1_M26	3551	FG024	FG001
1	EO38	sim_L1_M26	3552	FG024	FG001
1	EO38	sim_L1_M26	3553	FG024	FG002
1	EO38	sim_L1_M26	3554	FG024	FG001
1	EO38	sim_L1_M26	3555	FG024	FG007
1	EO38	sim_L1_M26	3556	FG024	FG008
1	EO38	sim_L1_M26	3557	FG024	FG002
1	EO38	sim_L1_M26	3558	FG024	FG009
1	EO38	sim_L1_M26	3559	FG024	FG001
1	EO38	sim_L1_M26	3560	FG024	FG001
1	EO38	sim_L1_M26	3561	FG024	FG001
1	EO38	sim_L1_M26	3562	FG024	FG002
1	EO38	sim_L1_M26	3563	FG024	FG001
1	EO38	sim_L1_M26	3564	FG024	FG002
1	EO38	sim_L1_M26	3565	FG024	FG002
1	EO38	sim_L1_M26	3566	FG024	FG001
1	EO38	sim_L1_M26	3567	FG024	FG002
1	EO38	sim_L1_M27	3568	FG001	FG024
1	EO38	sim_L1_M27	3569	FG001	FG024
1	EO38	sim_L1_M27	3570	FG001	FG006
1	EO38	sim_L1_M27	3571	FG001	FG006
1	EO38	sim_L1_M27	3572	FG001	FG003
1	EO38	sim_L1_M27	3573	FG001	FG003
1	EO38	sim_L1_M27	3574	FG001	FG006
1	EO38	sim_L1_M27	3575	FG001	FG023
1	EO38	sim_L1_M27	3576	FG001	FG002
1	EO38	sim_L1_M27	3577	FG001	FG024
1	EO38	sim_L1_M27	3578	FG001	FG002
1	EO38	sim_L1_M27	3579	FG001	FG012
1	EO38	sim_L1_M27	3580	FG001	FG003
1	EO38	sim_L1_M27	3581	FG001	FG025
1	EO38	sim_L1_M27	3582	FG001	FG014
1	EO38	sim_L1_M27	3583	FG001	FG015
1	EO38	sim_L1_M27	3584	FG001	FG024
1	EO38	sim_L1_M27	3585	FG001	FG024
1	EO38	sim_L1_M27	3586	FG001	FG024
1	EO38	sim_L1_M28	3587	FG024	FG001
1	EO38	sim_L1_M28	3588	FG024	FG001
1	EO38	sim_L1_M28	3589	FG024	FG010
1	EO38	sim_L1_M28	3590	FG024	FG021
1	EO38	sim_L1_M28	3591	FG024	FG014
1	EO38	sim_L1_M28	3592	FG024	FG001
1	EO38	sim_L1_M28	3593	FG024	FG001
1	EO38	sim_L1_M28	3594	FG024	FG002
1	EO38	sim_L1_M28	3595	FG024	FG001
1	EO38	sim_L1_M28	3596	FG024	FG005
1	EO38	sim_L1_M28	3597	FG024	FG010
1	EO38	sim_L1_M28	3598	FG024	FG001
1	EO38	sim_L1_M28	3599	FG024	FG001
1	EO38	sim_L1_M28	3600	FG024	FG001
1	EO38	sim_L1_M28	3601	FG024	FG002
1	EO38	sim_L1_M28	3602	FG024	FG001
1	EO38	sim_L1_M28	3603	FG024	FG001
1	EO38	sim_L1_M28	3604	FG024	FG027
1	EO38	sim_L1_M28	3605	FG024	FG001
1	EO38	sim_L1_M28	3606	FG024	FG001
1	EO38	sim_L1_M28	3607	FG024	FG001
1	EO38	sim_L1_M28	3608	FG024	FG001
1	EO38	sim_L1_M28	3609	FG024	FG030
1	EO38	sim_L1_M28	3610	FG024	FG006
1	EO38	sim_L1_M28	3611	FG024	FG001
1	EO38	sim_L1_M29	3612	FG024	FG003
1	EO38	sim_L1_M29	3613	FG021	FG001
1	EO38	sim_L1_M29	3614	FG024	FG003
1	EO38	sim_L1_M29	3615	FG024	FG006
1	EO38	sim_L1_M29	3616	FG024	FG009
1	EO38	sim_L1_M29	3617	FG024	FG002
1	EO38	sim_L1_M29	3618	FG021	FG001
1	EO38	sim_L1_M29	3619	FG021	FG001
1	EO38	sim_L1_M29	3620	FG024	FG002
1	EO38	sim_L1_M29	3621	FG021	FG001
1	EO38	sim_L1_M29	3622	FG021	FG006
1	EO38	sim_L1_M29	3623	FG024	FG006
1	EO38	sim_L1_M29	3624	FG021	FG001
1	EO38	sim_L1_M29	3625	FG021	FG006
1	EO38	sim_L1_M29	3626	FG021	FG001
1	EO38	sim_L1_M29	3627	FG024	FG008
1	EO38	sim_L1_M29	3628	FG021	FG027
1	EO38	sim_L1_M29	3629	FG021	FG005
1	EO38	sim_L1_M29	3630	FG021	FG001
1	EO38	sim_L1_M29	3631	FG021	FG017
1	EO38	sim_L1_M29	3632	FG024	FG001
1	EO38	sim_L1_M29	3633	FG021	FG006
1	EO38	sim_L1_M29	3634	FG021	FG001
1	EO38	sim_L1_M29	3635	FG021	FG012
1	EO38	sim_L1_M29	3636	FG024	FG001
1	EO38	sim_L1_M29	3637	FG024	FG001
1	EO38	sim_L1_M30	3638	FG024	FG002
1	EO38	sim_L1_M30	3639	FG001	FG002
1	EO38	sim_L1_M30	3640	FG024	FG001
1	EO38	sim_L1_M30	3641	FG001	FG012
1	EO38	sim_L1_M30	3642	FG001	FG002
1	EO38	sim_L1_M30	3643	FG024	FG012
1	EO38	sim_L1_M30	3644	FG024	FG002
1	EO38	sim_L1_M30	3645	FG001	FG012
1	EO38	sim_L1_M30	3646	FG024	FG001
1	EO38	sim_L1_M30	3647	FG001	FG004
1	EO38	sim_L1_M30	3648	FG001	FG015
1	EO38	sim_L1_M30	3649	FG024	FG010
1	EO38	sim_L1_M30	3650	FG001	FG003
1	EO38	sim_L1_M30	3651	FG024	FG002
1	EO38	sim_L1_M31	3652	FG001	FG014
1	EO38	sim_L1_M31	3653	FG001	FG002
1	EO38	sim_L1_M31	3654	FG001	FG018
1	EO38	sim_L1_M31	3655	FG001	FG010
1	EO38	sim_L1_M31	3656	FG001	FG002
1	EO38	sim_L1_M31	3657	FG024	FG030
1	EO38	sim_L1_M31	3658	FG024	FG012
1	EO38	sim_L1_M31	3659	FG001	FG003
1	EO38	sim_L1_M31	3660	FG001	FG004
1	EO38	sim_L1_M31	3661	FG024	FG002
1	EO38	sim_L1_M31	3662	FG024	FG002
1	EO38	sim_L1_M31	3663	FG024	FG008
1	EO38	sim_L1_M31	3664	FG001	FG015
1	EO38	sim_L1_M31	3665	FG001	FG006
1	EO38	sim_L1_M32	3666	FG012	FG001
1	EO38	sim_L1_M32	3667	FG002	FG001
1	EO38	sim_L1_M32	3668	FG002	FG006
1	EO38	sim_L1_M32	3669	FG002	FG006
1	EO38	sim_L1_M32	3670	FG002	FG024
1	EO38	sim_L1_M32	3671	FG002	FG001
1	EO38	sim_L1_M32	3672	FG012	FG015
1	EO38	sim_L1_M32	3673	FG012	FG001
1	EO38	sim_L1_M32	3674	FG002	FG001
1	EO38	sim_L1_M32	3675	FG012	FG002
1	EO38	sim_L1_M32	3676	FG012	FG001
1	EO38	sim_L1_M32	3677	FG002	FG024
1	EO38	sim_L1_M32	3678	FG012	FG024
1	EO38	sim_L1_M32	3679	FG012	FG024
1	EO38	sim_L1_M32	3680	FG002	FG001
1	EO38	sim_L1_M32	3681	FG012	FG001
1	EO38	sim_L1_M32	3682	FG012	FG001
1	EO38	sim_L1_M32	3683	FG012	FG024
1	EO38	sim_L1_M32	3684	FG012	FG024
1	EO38	sim_L1_M32	3685	FG012	FG001
1	EO38	sim_L1_M32	3686	FG012	FG001
1	EO38	sim_L1_M32	3687	FG012	FG001
1	EO38	sim_L1_M32	3688	FG012	FG001
1	EO38	sim_L1_M32	3689	FG002	FG024
1	EO38	sim_L1_M32	3690	FG012	FG015
1	EO38	sim_L1_M32	3691	FG012	FG024
1	EO38	sim_L1_M33	3692	FG007	FG024
1	EO38	sim_L1_M33	3693	FG007	FG001
1	EO38	sim_L1_M33	3694	FG003	FG001
1	EO38	sim_L1_M33	3695	FG007	FG024
1	EO38	sim_L1_M33	3696	FG003	FG018
1	EO38	sim_L1_M33	3697	FG003	FG006
1	EO38	sim_L1_M33	3698	FG007	FG001
1	EO38	sim_L1_M33	3699	FG003	FG001
1	EO38	sim_L1_M33	3700	FG007	FG008
1	EO38	sim_L1_M33	3701	FG003	FG001
1	EO38	sim_L1_M33	3702	FG007	FG001
1	EO38	sim_L1_M33	3703	FG003	FG001
1	EO38	sim_L1_M33	3704	FG003	FG006
1	EO38	sim_L1_M33	3705	FG007	FG001
1	EO38	sim_L1_M33	3706	FG007	FG002
1	EO38	sim_L1_M33	3707	FG003	FG006
1	EO38	sim_L1_M33	3708	FG007	FG004
1	EO38	sim_L1_M33	3709	FG007	FG001
1	EO38	sim_L1_M33	3710	FG007	FG004
1	EO38	sim_L1_M33	3711	FG003	FG001
1	EO38	sim_L1_M33	3712	FG003	FG001
1	EO38	sim_L1_M33	3713	FG007	FG012
1	EO38	sim_L1_M33	3714	FG003	FG001
1	EO38	sim_L1_M33	3715	FG007	FG002
1	EO38	sim_L1_M33	3716	FG007	FG002
1	EO38	sim_L1_M33	3717	FG007	FG024
1	EO38	sim_L1_M33	3718	FG003	FG023
1	EO38	sim_L1_M33	3719	FG007	FG001
1	EO38	sim_L1_M33	3720	FG007	FG024
27	EO8	sim_L27_M0	3721	FG014	FG024
27	EO8	sim_L27_M0	3722	FG002	FG006
27	EO8	sim_L27_M0	3723	FG002	FG017
27	EO8	sim_L27_M0	3724	FG002	FG024
27	EO8	sim_L27_M0	3725	FG002	FG001
27	EO8	sim_L27_M0	3726	FG002	FG001
27	EO8	sim_L27_M0	3727	FG014	FG001
27	EO8	sim_L27_M0	3728	FG014	FG012
27	EO8	sim_L27_M0	3729	FG002	FG001
27	EO8	sim_L27_M0	3730	FG014	FG001
27	EO8	sim_L27_M0	3731	FG002	FG024
27	EO8	sim_L27_M0	3732	FG002	FG001
27	EO8	sim_L27_M0	3733	FG002	FG001
27	EO8	sim_L27_M0	3734	FG002	FG010
27	EO8	sim_L27_M0	3735	FG014	FG024
27	EO8	sim_L27_M0	3736	FG014	FG002
27	EO8	sim_L27_M0	3737	FG014	FG024
27	EO8	sim_L27_M0	3738	FG014	FG001
27	EO8	sim_L27_M0	3739	FG002	FG012
27	EO8	sim_L27_M0	3740	FG014	FG001
27	EO8	sim_L27_M0	3741	FG002	FG010
27	EO8	sim_L27_M0	3742	FG002	FG002
27	EO8	sim_L27_M0	3743	FG002	FG001
27	EO8	sim_L27_M0	3744	FG002	FG001
27	EO8	sim_L27_M0	3745	FG014	FG001
27	EO8	sim_L27_M0	3746	FG002	FG001
27	EO8	sim_L27_M1	3747	FG006	FG001
27	EO8	sim_L27_M1	3748	FG006	FG001
27	EO8	sim_L27_M1	3749	FG015	FG001
27	EO8	sim_L27_M1	3750	FG006	FG012
27	EO8	sim_L27_M1	3751	FG015	FG019
27	EO8	sim_L27_M1	3752	FG006	FG003
27	EO8	sim_L27_M1	3753	FG006	FG001
27	EO8	sim_L27_M1	3754	FG015	FG001
27	EO8	sim_L27_M1	3755	FG006	FG010
27	EO8	sim_L27_M1	3756	FG015	FG001
27	EO8	sim_L27_M1	3757	FG015	FG001
27	EO8	sim_L27_M1	3758	FG015	FG014
27	EO8	sim_L27_M1	3759	FG006	FG024
27	EO8	sim_L27_M1	3760	FG006	FG024
27	EO8	sim_L27_M1	3761	FG006	FG004
27	EO8	sim_L27_M1	3762	FG015	FG001
27	EO8	sim_L27_M1	3763	FG006	FG012
27	EO8	sim_L27_M1	3764	FG006	FG024
27	EO8	sim_L27_M1	3765	FG006	FG002
27	EO8	sim_L27_M1	3766	FG006	FG001
27	EO8	sim_L27_M1	3767	FG015	FG001
27	EO8	sim_L27_M1	3768	FG006	FG024
27	EO8	sim_L27_M1	3769	FG015	FG001
27	EO8	sim_L27_M1	3770	FG006	FG002
27	EO8	sim_L27_M1	3771	FG015	FG014
27	EO8	sim_L27_M1	3772	FG006	FG021
27	EO8	sim_L27_M1	3773	FG015	FG001
27	EO8	sim_L27_M1	3774	FG006	FG001
27	EO8	sim_L27_M1	3775	FG015	FG024
27	EO8	sim_L27_M2	3776	FG002	FG001
27	EO8	sim_L27_M2	3777	FG006	FG001
27	EO8	sim_L27_M2	3778	FG006	FG001
27	EO8	sim_L27_M2	3779	FG006	FG004
27	EO8	sim_L27_M2	3780	FG006	FG024
27	EO8	sim_L27_M2	3781	FG006	FG024
27	EO8	sim_L27_M2	3782	FG002	FG012
27	EO8	sim_L27_M2	3783	FG002	FG001
27	EO8	sim_L27_M2	3784	FG006	FG021
27	EO8	sim_L27_M2	3785	FG006	FG024
27	EO8	sim_L27_M2	3786	FG006	FG001
27	EO8	sim_L27_M2	3787	FG006	FG001
27	EO8	sim_L27_M2	3788	FG002	FG001
27	EO8	sim_L27_M2	3789	FG006	FG001
27	EO8	sim_L27_M2	3790	FG006	FG017
27	EO8	sim_L27_M2	3791	FG002	FG001
27	EO8	sim_L27_M2	3792	FG006	FG001
27	EO8	sim_L27_M2	3793	FG006	FG024
27	EO8	sim_L27_M2	3794	FG006	FG001
27	EO8	sim_L27_M2	3795	FG006	FG001
27	EO8	sim_L27_M2	3796	FG002	FG001
27	EO8	sim_L27_M2	3797	FG002	FG001
27	EO8	sim_L27_M2	3798	FG006	FG001
27	EO8	sim_L27_M2	3799	FG002	FG021
27	EO8	sim_L27_M2	3800	FG002	FG027
27	EO8	sim_L27_M3	3801	FG024	FG001
27	EO8	sim_L27_M3	3802	FG006	FG001
27	EO8	sim_L27_M3	3803	FG024	FG001
27	EO8	sim_L27_M3	3804	FG006	FG001
27	EO8	sim_L27_M3	3805	FG006	FG021
27	EO8	sim_L27_M3	3806	FG006	FG001
27	EO8	sim_L27_M3	3807	FG006	FG001
27	EO8	sim_L27_M3	3808	FG024	FG002
27	EO8	sim_L27_M3	3809	FG024	FG018
27	EO8	sim_L27_M3	3810	FG024	FG002
27	EO8	sim_L27_M3	3811	FG006	FG019
27	EO8	sim_L27_M3	3812	FG024	FG002
27	EO8	sim_L27_M3	3813	FG006	FG001
27	EO8	sim_L27_M3	3814	FG006	FG001
27	EO8	sim_L27_M3	3815	FG006	FG002
27	EO8	sim_L27_M3	3816	FG024	FG027
27	EO8	sim_L27_M3	3817	FG006	FG002
27	EO8	sim_L27_M3	3818	FG006	FG002
27	EO8	sim_L27_M3	3819	FG024	FG001
27	EO8	sim_L27_M3	3820	FG006	FG001
27	EO8	sim_L27_M3	3821	FG006	FG009
27	EO8	sim_L27_M3	3822	FG006	FG001
27	EO8	sim_L27_M3	3823	FG006	FG002
27	EO8	sim_L27_M4	3824	FG017	FG002
27	EO8	sim_L27_M4	3825	FG001	FG002
27	EO8	sim_L27_M4	3826	FG001	FG005
27	EO8	sim_L27_M4	3827	FG017	FG006
27	EO8	sim_L27_M4	3828	FG001	FG024
27	EO8	sim_L27_M4	3829	FG017	FG001
27	EO8	sim_L27_M4	3830	FG017	FG024
27	EO8	sim_L27_M4	3831	FG017	FG006
27	EO8	sim_L27_M4	3832	FG001	FG024
27	EO8	sim_L27_M4	3833	FG001	FG015
27	EO8	sim_L27_M4	3834	FG017	FG002
27	EO8	sim_L27_M4	3835	FG017	FG010
27	EO8	sim_L27_M4	3836	FG001	FG006
27	EO8	sim_L27_M4	3837	FG001	FG001
27	EO8	sim_L27_M4	3838	FG017	FG012
27	EO8	sim_L27_M4	3839	FG017	FG024
27	EO8	sim_L27_M4	3840	FG001	FG001
27	EO8	sim_L27_M4	3841	FG001	FG019
27	EO8	sim_L27_M5	3842	FG024	FG002
27	EO8	sim_L27_M5	3843	FG024	FG021
27	EO8	sim_L27_M5	3844	FG001	FG004
27	EO8	sim_L27_M5	3845	FG024	FG010
27	EO8	sim_L27_M5	3846	FG024	FG002
27	EO8	sim_L27_M5	3847	FG001	FG019
27	EO8	sim_L27_M5	3848	FG001	FG005
27	EO8	sim_L27_M5	3849	FG001	FG003
27	EO8	sim_L27_M5	3850	FG001	FG030
27	EO8	sim_L27_M6	3851	FG003	FG006
27	EO8	sim_L27_M6	3852	FG001	FG002
27	EO8	sim_L27_M6	3853	FG003	FG020
27	EO8	sim_L27_M6	3854	FG001	FG010
27	EO8	sim_L27_M6	3855	FG003	FG018
27	EO8	sim_L27_M6	3856	FG001	FG002
27	EO8	sim_L27_M6	3857	FG001	FG002
27	EO8	sim_L27_M6	3858	FG003	FG002
27	EO8	sim_L27_M6	3859	FG003	FG024
27	EO8	sim_L27_M6	3860	FG003	FG019
27	EO8	sim_L27_M6	3861	FG001	FG002
27	EO8	sim_L27_M6	3862	FG001	FG010
27	EO8	sim_L27_M6	3863	FG001	FG024
27	EO8	sim_L27_M6	3864	FG003	FG010
27	EO8	sim_L27_M6	3865	FG001	FG006
27	EO8	sim_L27_M6	3866	FG001	FG002
27	EO8	sim_L27_M6	3867	FG003	FG002
27	EO8	sim_L27_M6	3868	FG003	FG002
27	EO8	sim_L27_M6	3869	FG001	FG024
27	EO8	sim_L27_M7	3870	FG019	FG024
27	EO8	sim_L27_M7	3871	FG019	FG001
27	EO8	sim_L27_M7	3872	FG002	FG001
27	EO8	sim_L27_M7	3873	FG002	FG001
27	EO8	sim_L27_M7	3874	FG002	FG006
27	EO8	sim_L27_M7	3875	FG019	FG005
27	EO8	sim_L27_M7	3876	FG002	FG001
27	EO8	sim_L27_M7	3877	FG002	FG001
27	EO8	sim_L27_M7	3878	FG019	FG001
27	EO8	sim_L27_M7	3879	FG019	FG006
27	EO8	sim_L27_M7	3880	FG019	FG001
27	EO8	sim_L27_M7	3881	FG019	FG001
27	EO8	sim_L27_M7	3882	FG002	FG001
27	EO8	sim_L27_M7	3883	FG002	FG001
27	EO8	sim_L27_M7	3884	FG002	FG006
27	EO8	sim_L27_M7	3885	FG019	FG006
27	EO8	sim_L27_M7	3886	FG019	FG006
27	EO8	sim_L27_M7	3887	FG019	FG024
27	EO8	sim_L27_M7	3888	FG019	FG021
27	EO8	sim_L27_M7	3889	FG002	FG024
27	EO8	sim_L27_M7	3890	FG019	FG012
27	EO8	sim_L27_M7	3891	FG019	FG002
27	EO8	sim_L27_M7	3892	FG019	FG002
27	EO8	sim_L27_M7	3893	FG002	FG001
27	EO8	sim_L27_M7	3894	FG002	FG028
27	EO8	sim_L27_M8	3895	FG001	FG006
27	EO8	sim_L27_M8	3896	FG001	FG010
27	EO8	sim_L27_M8	3897	FG001	FG024
27	EO8	sim_L27_M8	3898	FG028	FG002
27	EO8	sim_L27_M8	3899	FG028	FG002
27	EO8	sim_L27_M8	3900	FG001	FG010
27	EO8	sim_L27_M8	3901	FG001	FG002
27	EO8	sim_L27_M8	3902	FG001	FG024
27	EO8	sim_L27_M8	3903	FG001	FG002
27	EO8	sim_L27_M8	3904	FG001	FG024
27	EO8	sim_L27_M8	3905	FG001	FG009
27	EO8	sim_L27_M8	3906	FG001	FG024
27	EO8	sim_L27_M8	3907	FG001	FG024
27	EO8	sim_L27_M8	3908	FG001	FG024
27	EO8	sim_L27_M8	3909	FG028	FG006
27	EO8	sim_L27_M8	3910	FG028	FG006
27	EO8	sim_L27_M8	3911	FG001	FG002
27	EO8	sim_L27_M9	3912	FG023	FG006
27	EO8	sim_L27_M9	3913	FG002	FG024
27	EO8	sim_L27_M9	3914	FG023	FG001
27	EO8	sim_L27_M9	3915	FG002	FG018
27	EO8	sim_L27_M9	3916	FG023	FG024
27	EO8	sim_L27_M9	3917	FG023	FG017
27	EO8	sim_L27_M9	3918	FG023	FG001
27	EO8	sim_L27_M9	3919	FG023	FG006
27	EO8	sim_L27_M9	3920	FG023	FG024
27	EO8	sim_L27_M9	3921	FG023	FG015
27	EO8	sim_L27_M9	3922	FG023	FG001
27	EO8	sim_L27_M9	3923	FG023	FG001
27	EO8	sim_L27_M9	3924	FG023	FG001
27	EO8	sim_L27_M9	3925	FG023	FG001
27	EO8	sim_L27_M9	3926	FG002	FG001
27	EO8	sim_L27_M9	3927	FG023	FG024
27	EO8	sim_L27_M9	3928	FG023	FG001
27	EO8	sim_L27_M9	3929	FG002	FG006
27	EO8	sim_L27_M9	3930	FG023	FG001
27	EO8	sim_L27_M9	3931	FG002	FG010
27	EO8	sim_L27_M9	3932	FG023	FG024
27	EO8	sim_L27_M9	3933	FG002	FG012
27	EO8	sim_L27_M9	3934	FG002	FG001
27	EO8	sim_L27_M9	3935	FG002	FG001
27	EO8	sim_L27_M9	3936	FG002	FG021
27	EO8	sim_L27_M9	3937	FG002	FG024
27	EO8	sim_L27_M10	3938	FG001	FG006
27	EO8	sim_L27_M10	3939	FG001	FG002
27	EO8	sim_L27_M10	3940	FG001	FG024
27	EO8	sim_L27_M10	3941	FG001	FG030
27	EO8	sim_L27_M10	3942	FG010	FG024
27	EO8	sim_L27_M10	3943	FG010	FG004
27	EO8	sim_L27_M10	3944	FG001	FG024
27	EO8	sim_L27_M10	3945	FG010	FG002
27	EO8	sim_L27_M10	3946	FG010	FG006
27	EO8	sim_L27_M10	3947	FG001	FG006
27	EO8	sim_L27_M10	3948	FG010	FG014
27	EO8	sim_L27_M10	3949	FG001	FG006
27	EO8	sim_L27_M10	3950	FG001	FG002
27	EO8	sim_L27_M10	3951	FG001	FG024
27	EO8	sim_L27_M10	3952	FG010	FG001
28	EO8	sim_L28_M0	3953	FG024	FG003
28	EO8	sim_L28_M0	3954	FG001	FG006
28	EO8	sim_L28_M0	3955	FG001	FG002
28	EO8	sim_L28_M0	3956	FG024	FG012
28	EO8	sim_L28_M0	3957	FG024	FG003
28	EO8	sim_L28_M0	3958	FG001	FG008
28	EO8	sim_L28_M0	3959	FG001	FG002
28	EO8	sim_L28_M0	3960	FG024	FG002
28	EO8	sim_L28_M0	3961	FG024	FG008
28	EO8	sim_L28_M1	3962	FG024	FG013
28	EO8	sim_L28_M1	3963	FG001	FG006
28	EO8	sim_L28_M1	3964	FG001	FG002
28	EO8	sim_L28_M1	3965	FG024	FG005
28	EO8	sim_L28_M1	3966	FG001	FG022
28	EO8	sim_L28_M1	3967	FG024	FG024
28	EO8	sim_L28_M1	3968	FG024	FG010
28	EO8	sim_L28_M1	3969	FG001	FG006
28	EO8	sim_L28_M1	3970	FG001	FG023
28	EO8	sim_L28_M1	3971	FG024	FG004
28	EO8	sim_L28_M1	3972	FG024	FG001
28	EO8	sim_L28_M1	3973	FG024	FG009
28	EO8	sim_L28_M1	3974	FG024	FG006
28	EO8	sim_L28_M2	3975	FG001	FG002
28	EO8	sim_L28_M2	3976	FG001	FG002
28	EO8	sim_L28_M2	3977	FG001	FG024
28	EO8	sim_L28_M2	3978	FG001	FG026
28	EO8	sim_L28_M2	3979	FG001	FG019
28	EO8	sim_L28_M2	3980	FG001	FG012
28	EO8	sim_L28_M2	3981	FG001	FG002
28	EO8	sim_L28_M2	3982	FG001	FG024
28	EO8	sim_L28_M2	3983	FG001	FG003
28	EO8	sim_L28_M2	3984	FG001	FG002
28	EO8	sim_L28_M2	3985	FG001	FG017
28	EO8	sim_L28_M2	3986	FG001	FG002
28	EO8	sim_L28_M2	3987	FG001	FG006
28	EO8	sim_L28_M2	3988	FG001	FG018
28	EO8	sim_L28_M2	3989	FG001	FG003
28	EO8	sim_L28_M2	3990	FG001	FG002
28	EO8	sim_L28_M2	3991	FG001	FG016
28	EO8	sim_L28_M2	3992	FG001	FG003
28	EO8	sim_L28_M2	3993	FG001	FG024
28	EO8	sim_L28_M2	3994	FG001	FG024
28	EO8	sim_L28_M3	3995	FG002	FG001
28	EO8	sim_L28_M3	3996	FG024	FG001
28	EO8	sim_L28_M3	3997	FG002	FG012
28	EO8	sim_L28_M3	3998	FG002	FG001
28	EO8	sim_L28_M3	3999	FG002	FG013
28	EO8	sim_L28_M3	4000	FG002	FG001
28	EO8	sim_L28_M3	4001	FG002	FG010
28	EO8	sim_L28_M3	4002	FG024	FG010
28	EO8	sim_L28_M3	4003	FG024	FG018
28	EO8	sim_L28_M3	4004	FG024	FG001
28	EO8	sim_L28_M3	4005	FG002	FG018
28	EO8	sim_L28_M3	4006	FG002	FG006
28	EO8	sim_L28_M3	4007	FG024	FG024
28	EO8	sim_L28_M3	4008	FG002	FG002
28	EO8	sim_L28_M3	4009	FG002	FG012
28	EO8	sim_L28_M3	4010	FG002	FG001
28	EO8	sim_L28_M3	4011	FG002	FG018
28	EO8	sim_L28_M3	4012	FG024	FG001
28	EO8	sim_L28_M3	4013	FG002	FG001
28	EO8	sim_L28_M4	4014	FG001	FG017
28	EO8	sim_L28_M4	4015	FG001	FG001
28	EO8	sim_L28_M4	4016	FG012	FG024
28	EO8	sim_L28_M4	4017	FG012	FG006
28	EO8	sim_L28_M4	4018	FG001	FG002
28	EO8	sim_L28_M4	4019	FG001	FG006
28	EO8	sim_L28_M4	4020	FG012	FG010
28	EO8	sim_L28_M4	4021	FG001	FG024
28	EO8	sim_L28_M4	4022	FG001	FG002
28	EO8	sim_L28_M4	4023	FG001	FG002
28	EO8	sim_L28_M4	4024	FG001	FG024
28	EO8	sim_L28_M4	4025	FG001	FG006
28	EO8	sim_L28_M4	4026	FG001	FG003
28	EO8	sim_L28_M4	4027	FG001	FG023
28	EO8	sim_L28_M4	4028	FG012	FG010
28	EO8	sim_L28_M4	4029	FG012	FG024
28	EO8	sim_L28_M5	4030	FG006	FG001
28	EO8	sim_L28_M5	4031	FG006	FG001
28	EO8	sim_L28_M5	4032	FG024	FG001
28	EO8	sim_L28_M5	4033	FG024	FG001
28	EO8	sim_L28_M5	4034	FG024	FG001
28	EO8	sim_L28_M5	4035	FG024	FG001
28	EO8	sim_L28_M5	4036	FG024	FG001
28	EO8	sim_L28_M5	4037	FG024	FG001
28	EO8	sim_L28_M5	4038	FG006	FG001
28	EO8	sim_L28_M5	4039	FG024	FG001
28	EO8	sim_L28_M5	4040	FG024	FG005
28	EO8	sim_L28_M5	4041	FG024	FG019
28	EO8	sim_L28_M5	4042	FG024	FG001
28	EO8	sim_L28_M5	4043	FG006	FG002
28	EO8	sim_L28_M5	4044	FG006	FG001
28	EO8	sim_L28_M5	4045	FG006	FG001
28	EO8	sim_L28_M5	4046	FG006	FG002
28	EO8	sim_L28_M5	4047	FG024	FG021
28	EO8	sim_L28_M5	4048	FG024	FG001
28	EO8	sim_L28_M5	4049	FG024	FG002
28	EO8	sim_L28_M5	4050	FG006	FG001
28	EO8	sim_L28_M5	4051	FG006	FG029
28	EO8	sim_L28_M5	4052	FG024	FG001
28	EO8	sim_L28_M5	4053	FG024	FG028
28	EO8	sim_L28_M5	4054	FG024	FG001
28	EO8	sim_L28_M5	4055	FG006	FG024
28	EO8	sim_L28_M5	4056	FG006	FG001
28	EO8	sim_L28_M6	4057	FG003	FG019
28	EO8	sim_L28_M6	4058	FG003	FG024
28	EO8	sim_L28_M6	4059	FG003	FG024
28	EO8	sim_L28_M6	4060	FG001	FG021
28	EO8	sim_L28_M6	4061	FG001	FG006
28	EO8	sim_L28_M6	4062	FG001	FG018
28	EO8	sim_L28_M6	4063	FG001	FG024
28	EO8	sim_L28_M6	4064	FG003	FG015
28	EO8	sim_L28_M6	4065	FG001	FG024
28	EO8	sim_L28_M6	4066	FG001	FG024
28	EO8	sim_L28_M6	4067	FG003	FG006
28	EO8	sim_L28_M6	4068	FG001	FG002
28	EO8	sim_L28_M6	4069	FG003	FG024
28	EO8	sim_L28_M6	4070	FG003	FG006
28	EO8	sim_L28_M6	4071	FG001	FG025
28	EO8	sim_L28_M6	4072	FG001	FG024
28	EO8	sim_L28_M6	4073	FG001	FG002
28	EO8	sim_L28_M6	4074	FG003	FG031
28	EO8	sim_L28_M6	4075	FG001	FG019
28	EO8	sim_L28_M7	4076	FG005	FG001
28	EO8	sim_L28_M7	4077	FG024	FG001
28	EO8	sim_L28_M7	4078	FG024	FG002
28	EO8	sim_L28_M7	4079	FG005	FG004
28	EO8	sim_L28_M7	4080	FG024	FG024
28	EO8	sim_L28_M7	4081	FG005	FG001
28	EO8	sim_L28_M7	4082	FG005	FG007
28	EO8	sim_L28_M7	4083	FG024	FG018
28	EO8	sim_L28_M7	4084	FG024	FG001
28	EO8	sim_L28_M7	4085	FG005	FG001
28	EO8	sim_L28_M7	4086	FG024	FG001
28	EO8	sim_L28_M7	4087	FG005	FG010
28	EO8	sim_L28_M7	4088	FG005	FG001
28	EO8	sim_L28_M7	4089	FG024	FG001
28	EO8	sim_L28_M7	4090	FG024	FG001
28	EO8	sim_L28_M7	4091	FG024	FG001
28	EO8	sim_L28_M7	4092	FG005	FG002
28	EO8	sim_L28_M7	4093	FG005	FG001
28	EO8	sim_L28_M7	4094	FG005	FG017
28	EO8	sim_L28_M7	4095	FG024	FG001
28	EO8	sim_L28_M7	4096	FG024	FG010
28	EO8	sim_L28_M7	4097	FG024	FG006
28	EO8	sim_L28_M7	4098	FG005	FG010
28	EO8	sim_L28_M7	4099	FG005	FG001
28	EO8	sim_L28_M8	4100	FG002	FG006
28	EO8	sim_L28_M8	4101	FG024	FG012
28	EO8	sim_L28_M8	4102	FG002	FG029
28	EO8	sim_L28_M8	4103	FG024	FG001
28	EO8	sim_L28_M8	4104	FG024	FG001
28	EO8	sim_L28_M8	4105	FG002	FG006
28	EO8	sim_L28_M8	4106	FG002	FG001
28	EO8	sim_L28_M8	4107	FG002	FG024
28	EO8	sim_L28_M8	4108	FG002	FG003
28	EO8	sim_L28_M8	4109	FG002	FG021
28	EO8	sim_L28_M8	4110	FG002	FG008
28	EO8	sim_L28_M8	4111	FG002	FG005
28	EO8	sim_L28_M8	4112	FG002	FG001
28	EO8	sim_L28_M8	4113	FG002	FG001
28	EO8	sim_L28_M8	4114	FG024	FG019
28	EO8	sim_L28_M8	4115	FG024	FG001
28	EO8	sim_L28_M8	4116	FG002	FG021
28	EO8	sim_L28_M8	4117	FG002	FG001
28	EO8	sim_L28_M8	4118	FG002	FG001
28	EO8	sim_L28_M8	4119	FG002	FG010
28	EO8	sim_L28_M9	4120	FG001	FG006
28	EO8	sim_L28_M9	4121	FG001	FG002
28	EO8	sim_L28_M9	4122	FG001	FG002
28	EO8	sim_L28_M9	4123	FG024	FG006
28	EO8	sim_L28_M9	4124	FG001	FG004
28	EO8	sim_L28_M9	4125	FG024	FG006
28	EO8	sim_L28_M9	4126	FG001	FG015
28	EO8	sim_L28_M9	4127	FG001	FG004
28	EO8	sim_L28_M9	4128	FG001	FG005
28	EO8	sim_L28_M9	4129	FG001	FG004
28	EO8	sim_L28_M9	4130	FG024	FG002
28	EO8	sim_L28_M9	4131	FG024	FG018
28	EO8	sim_L28_M9	4132	FG024	FG002
28	EO8	sim_L28_M9	4133	FG001	FG002
28	EO8	sim_L28_M9	4134	FG024	FG021
28	EO8	sim_L28_M10	4135	FG024	FG002
28	EO8	sim_L28_M10	4136	FG024	FG018
28	EO8	sim_L28_M10	4137	FG024	FG026
28	EO8	sim_L28_M10	4138	FG024	FG001
28	EO8	sim_L28_M10	4139	FG024	FG014
28	EO8	sim_L28_M10	4140	FG024	FG001
28	EO8	sim_L28_M10	4141	FG024	FG019
28	EO8	sim_L28_M10	4142	FG024	FG002
28	EO8	sim_L28_M10	4143	FG024	FG006
28	EO8	sim_L28_M10	4144	FG024	FG002
28	EO8	sim_L28_M10	4145	FG024	FG024
28	EO8	sim_L28_M10	4146	FG024	FG001
28	EO8	sim_L28_M10	4147	FG024	FG006
28	EO8	sim_L28_M10	4148	FG024	FG001
28	EO8	sim_L28_M10	4149	FG024	FG002
28	EO8	sim_L28_M10	4150	FG024	FG001
28	EO8	sim_L28_M10	4151	FG024	FG017
28	EO8	sim_L28_M10	4152	FG024	FG012
28	EO8	sim_L28_M10	4153	FG024	FG001
28	EO8	sim_L28_M10	4154	FG024	FG006
28	EO8	sim_L28_M10	4155	FG024	FG001
28	EO8	sim_L28_M10	4156	FG024	FG001
28	EO8	sim_L28_M10	4157	FG024	FG006
28	EO8	sim_L28_M10	4158	FG024	FG012
28	EO8	sim_L28_M10	4159	FG024	FG024
28	EO8	sim_L28_M10	4160	FG024	FG001
28	EO8	sim_L28_M11	4161	FG001	FG002
28	EO8	sim_L28_M11	4162	FG001	FG002
28	EO8	sim_L28_M11	4163	FG001	FG002
28	EO8	sim_L28_M11	4164	FG001	FG012
28	EO8	sim_L28_M11	4165	FG001	FG024
28	EO8	sim_L28_M11	4166	FG001	FG021
28	EO8	sim_L28_M11	4167	FG001	FG002
28	EO8	sim_L28_M11	4168	FG001	FG006
28	EO8	sim_L28_M11	4169	FG001	FG006
28	EO8	sim_L28_M11	4170	FG001	FG024
28	EO8	sim_L28_M11	4171	FG001	FG010
28	EO8	sim_L28_M11	4172	FG001	FG009
28	EO8	sim_L28_M11	4173	FG001	FG006
28	EO8	sim_L28_M11	4174	FG001	FG003
28	EO8	sim_L28_M11	4175	FG001	FG024
28	EO8	sim_L28_M11	4176	FG001	FG024
28	EO8	sim_L28_M11	4177	FG001	FG002
28	EO8	sim_L28_M11	4178	FG001	FG019
28	EO8	sim_L28_M12	4179	FG024	FG028
28	EO8	sim_L28_M12	4180	FG024	FG003
28	EO8	sim_L28_M12	4181	FG001	FG002
28	EO8	sim_L28_M12	4182	FG024	FG006
28	EO8	sim_L28_M12	4183	FG024	FG002
28	EO8	sim_L28_M12	4184	FG001	FG006
28	EO8	sim_L28_M12	4185	FG024	FG015
28	EO8	sim_L28_M12	4186	FG024	FG015
28	EO8	sim_L28_M12	4187	FG001	FG012
28	EO8	sim_L28_M12	4188	FG024	FG021
28	EO8	sim_L28_M12	4189	FG001	FG006
28	EO8	sim_L28_M12	4190	FG001	FG006
28	EO8	sim_L28_M13	4191	FG001	FG024
28	EO8	sim_L28_M13	4192	FG001	FG015
28	EO8	sim_L28_M13	4193	FG002	FG021
28	EO8	sim_L28_M13	4194	FG002	FG008
28	EO8	sim_L28_M13	4195	FG001	FG003
28	EO8	sim_L28_M13	4196	FG001	FG030
28	EO8	sim_L28_M13	4197	FG001	FG024
28	EO8	sim_L28_M13	4198	FG002	FG023
28	EO8	sim_L28_M13	4199	FG001	FG024
28	EO8	sim_L28_M13	4200	FG001	FG004
28	EO8	sim_L28_M13	4201	FG001	FG024
28	EO8	sim_L28_M13	4202	FG002	FG003
28	EO8	sim_L28_M14	4203	FG010	FG001
28	EO8	sim_L28_M14	4204	FG006	FG002
28	EO8	sim_L28_M14	4205	FG010	FG001
28	EO8	sim_L28_M14	4206	FG010	FG001
28	EO8	sim_L28_M14	4207	FG006	FG001
28	EO8	sim_L28_M14	4208	FG006	FG005
28	EO8	sim_L28_M14	4209	FG010	FG024
28	EO8	sim_L28_M14	4210	FG010	FG001
28	EO8	sim_L28_M14	4211	FG010	FG001
28	EO8	sim_L28_M14	4212	FG010	FG001
28	EO8	sim_L28_M14	4213	FG006	FG024
28	EO8	sim_L28_M14	4214	FG006	FG001
28	EO8	sim_L28_M14	4215	FG006	FG001
28	EO8	sim_L28_M14	4216	FG006	FG024
28	EO8	sim_L28_M14	4217	FG010	FG001
28	EO8	sim_L28_M14	4218	FG006	FG001
28	EO8	sim_L28_M14	4219	FG010	FG001
28	EO8	sim_L28_M14	4220	FG010	FG024
28	EO8	sim_L28_M14	4221	FG010	FG015
28	EO8	sim_L28_M14	4222	FG010	FG001
28	EO8	sim_L28_M14	4223	FG006	FG024
28	EO8	sim_L28_M14	4224	FG006	FG002
28	EO8	sim_L28_M14	4225	FG006	FG024
28	EO8	sim_L28_M14	4226	FG010	FG024
28	EO8	sim_L28_M14	4227	FG006	FG001
28	EO8	sim_L28_M15	4228	FG001	FG024
28	EO8	sim_L28_M15	4229	FG001	FG012
28	EO8	sim_L28_M15	4230	FG001	FG006
28	EO8	sim_L28_M15	4231	FG001	FG002
28	EO8	sim_L28_M15	4232	FG001	FG002
28	EO8	sim_L28_M15	4233	FG001	FG024
28	EO8	sim_L28_M15	4234	FG001	FG024
28	EO8	sim_L28_M15	4235	FG001	FG002
28	EO8	sim_L28_M15	4236	FG001	FG005
28	EO8	sim_L28_M15	4237	FG001	FG002
28	EO8	sim_L28_M15	4238	FG001	FG006
28	EO8	sim_L28_M15	4239	FG001	FG002
28	EO8	sim_L28_M15	4240	FG001	FG024
28	EO8	sim_L28_M15	4241	FG001	FG003
28	EO8	sim_L28_M15	4242	FG001	FG024
28	EO8	sim_L28_M15	4243	FG001	FG002
28	EO8	sim_L28_M15	4244	FG001	FG006
28	EO8	sim_L28_M16	4245	FG001	FG004
28	EO8	sim_L28_M16	4246	FG001	FG024
28	EO8	sim_L28_M16	4247	FG002	FG016
28	EO8	sim_L28_M16	4248	FG001	FG005
28	EO8	sim_L28_M16	4249	FG001	FG006
28	EO8	sim_L28_M16	4250	FG001	FG024
28	EO8	sim_L28_M16	4251	FG001	FG024
28	EO8	sim_L28_M16	4252	FG002	FG004
28	EO8	sim_L28_M16	4253	FG002	FG017
28	EO8	sim_L28_M16	4254	FG002	FG012
28	EO8	sim_L28_M16	4255	FG002	FG024
28	EO8	sim_L28_M16	4256	FG002	FG019
28	EO8	sim_L28_M17	4257	FG024	FG003
28	EO8	sim_L28_M17	4258	FG001	FG002
28	EO8	sim_L28_M17	4259	FG024	FG018
28	EO8	sim_L28_M17	4260	FG001	FG002
28	EO8	sim_L28_M17	4261	FG024	FG006
28	EO8	sim_L28_M17	4262	FG001	FG024
28	EO8	sim_L28_M17	4263	FG001	FG006
28	EO8	sim_L28_M17	4264	FG024	FG004
28	EO8	sim_L28_M17	4265	FG001	FG029
28	EO8	sim_L28_M17	4266	FG001	FG016
28	EO8	sim_L28_M17	4267	FG024	FG021
28	EO8	sim_L28_M18	4268	FG024	FG001
28	EO8	sim_L28_M18	4269	FG024	FG001
28	EO8	sim_L28_M18	4270	FG002	FG023
28	EO8	sim_L28_M18	4271	FG002	FG001
28	EO8	sim_L28_M18	4272	FG002	FG001
28	EO8	sim_L28_M18	4273	FG002	FG006
28	EO8	sim_L28_M18	4274	FG024	FG006
28	EO8	sim_L28_M18	4275	FG024	FG020
28	EO8	sim_L28_M18	4276	FG024	FG001
28	EO8	sim_L28_M18	4277	FG002	FG012
28	EO8	sim_L28_M18	4278	FG024	FG001
28	EO8	sim_L28_M18	4279	FG024	FG006
28	EO8	sim_L28_M18	4280	FG024	FG001
28	EO8	sim_L28_M18	4281	FG024	FG001
28	EO8	sim_L28_M18	4282	FG024	FG001
28	EO8	sim_L28_M18	4283	FG002	FG001
28	EO8	sim_L28_M18	4284	FG024	FG006
28	EO8	sim_L28_M18	4285	FG002	FG001
28	EO8	sim_L28_M18	4286	FG002	FG001
28	EO8	sim_L28_M19	4287	FG001	FG024
28	EO8	sim_L28_M19	4288	FG001	FG024
28	EO8	sim_L28_M19	4289	FG001	FG005
28	EO8	sim_L28_M19	4290	FG001	FG029
28	EO8	sim_L28_M19	4291	FG001	FG024
28	EO8	sim_L28_M19	4292	FG001	FG021
28	EO8	sim_L28_M19	4293	FG001	FG002
28	EO8	sim_L28_M19	4294	FG001	FG024
28	EO8	sim_L28_M19	4295	FG001	FG024
28	EO8	sim_L28_M19	4296	FG001	FG024
28	EO8	sim_L28_M19	4297	FG001	FG024
28	EO8	sim_L28_M19	4298	FG001	FG024
28	EO8	sim_L28_M19	4299	FG001	FG024
28	EO8	sim_L28_M19	4300	FG001	FG004
28	EO8	sim_L28_M19	4301	FG001	FG005
28	EO8	sim_L28_M19	4302	FG001	FG002
28	EO8	sim_L28_M19	4303	FG001	FG024
28	EO8	sim_L28_M19	4304	FG001	FG001
28	EO8	sim_L28_M19	4305	FG001	FG010
28	EO8	sim_L28_M19	4306	FG001	FG024
28	EO8	sim_L28_M19	4307	FG001	FG024
28	EO8	sim_L28_M19	4308	FG001	FG004
28	EO8	sim_L28_M20	4309	FG002	FG024
28	EO8	sim_L28_M20	4310	FG002	FG024
28	EO8	sim_L28_M20	4311	FG002	FG024
28	EO8	sim_L28_M20	4312	FG005	FG001
28	EO8	sim_L28_M20	4313	FG002	FG024
28	EO8	sim_L28_M20	4314	FG005	FG024
28	EO8	sim_L28_M20	4315	FG005	FG003
28	EO8	sim_L28_M20	4316	FG002	FG024
28	EO8	sim_L28_M20	4317	FG005	FG024
28	EO8	sim_L28_M20	4318	FG005	FG004
28	EO8	sim_L28_M20	4319	FG002	FG001
28	EO8	sim_L28_M20	4320	FG005	FG024
28	EO8	sim_L28_M20	4321	FG002	FG006
28	EO8	sim_L28_M20	4322	FG005	FG001
28	EO8	sim_L28_M20	4323	FG005	FG001
28	EO8	sim_L28_M20	4324	FG002	FG001
28	EO8	sim_L28_M20	4325	FG005	FG018
28	EO8	sim_L28_M20	4326	FG002	FG001
28	EO8	sim_L28_M20	4327	FG005	FG001
28	EO8	sim_L28_M20	4328	FG005	FG001
28	EO8	sim_L28_M20	4329	FG002	FG024
28	EO8	sim_L28_M20	4330	FG005	FG001
28	EO8	sim_L28_M20	4331	FG005	FG007
28	EO8	sim_L28_M21	4332	FG001	FG002
28	EO8	sim_L28_M21	4333	FG010	FG006
28	EO8	sim_L28_M21	4334	FG001	FG006
28	EO8	sim_L28_M21	4335	FG001	FG014
28	EO8	sim_L28_M21	4336	FG001	FG006
28	EO8	sim_L28_M21	4337	FG001	FG024
28	EO8	sim_L28_M21	4338	FG010	FG013
28	EO8	sim_L28_M21	4339	FG001	FG024
28	EO8	sim_L28_M21	4340	FG001	FG024
28	EO8	sim_L28_M21	4341	FG010	FG006
28	EO8	sim_L28_M21	4342	FG010	FG021
28	EO8	sim_L28_M21	4343	FG001	FG024
28	EO8	sim_L28_M21	4344	FG010	FG024
28	EO8	sim_L28_M21	4345	FG010	FG024
28	EO8	sim_L28_M21	4346	FG010	FG024
28	EO8	sim_L28_M21	4347	FG010	FG005
28	EO8	sim_L28_M21	4348	FG010	FG015
28	EO8	sim_L28_M21	4349	FG010	FG006
28	EO8	sim_L28_M22	4350	FG024	FG002
28	EO8	sim_L28_M22	4351	FG006	FG001
28	EO8	sim_L28_M22	4352	FG006	FG012
28	EO8	sim_L28_M22	4353	FG006	FG001
28	EO8	sim_L28_M22	4354	FG006	FG001
28	EO8	sim_L28_M22	4355	FG006	FG001
28	EO8	sim_L28_M22	4356	FG006	FG001
28	EO8	sim_L28_M22	4357	FG024	FG001
28	EO8	sim_L28_M22	4358	FG006	FG018
28	EO8	sim_L28_M22	4359	FG024	FG002
28	EO8	sim_L28_M22	4360	FG006	FG006
28	EO8	sim_L28_M22	4361	FG024	FG006
28	EO8	sim_L28_M22	4362	FG006	FG014
28	EO8	sim_L28_M22	4363	FG006	FG002
28	EO8	sim_L28_M22	4364	FG024	FG001
28	EO8	sim_L28_M22	4365	FG006	FG001
28	EO8	sim_L28_M22	4366	FG024	FG002
28	EO8	sim_L28_M22	4367	FG006	FG001
28	EO8	sim_L28_M22	4368	FG024	FG001
28	EO8	sim_L28_M22	4369	FG006	FG002
28	EO8	sim_L28_M23	4370	FG030	FG002
28	EO8	sim_L28_M23	4371	FG030	FG002
28	EO8	sim_L28_M23	4372	FG030	FG018
28	EO8	sim_L28_M23	4373	FG001	FG002
28	EO8	sim_L28_M23	4374	FG030	FG020
28	EO8	sim_L28_M23	4375	FG001	FG012
28	EO8	sim_L28_M23	4376	FG030	FG008
28	EO8	sim_L28_M23	4377	FG030	FG010
28	EO8	sim_L28_M23	4378	FG030	FG024
28	EO8	sim_L28_M23	4379	FG001	FG006
28	EO8	sim_L28_M23	4380	FG001	FG019
28	EO8	sim_L28_M23	4381	FG030	FG003
28	EO8	sim_L28_M23	4382	FG030	FG006
28	EO8	sim_L28_M23	4383	FG030	FG002
28	EO8	sim_L28_M23	4384	FG030	FG004
28	EO8	sim_L28_M23	4385	FG030	FG002
28	EO8	sim_L28_M23	4386	FG030	FG006
28	EO8	sim_L28_M23	4387	FG030	FG002
28	EO8	sim_L28_M24	4388	FG001	FG006
28	EO8	sim_L28_M24	4389	FG001	FG021
28	EO8	sim_L28_M24	4390	FG001	FG024
28	EO8	sim_L28_M24	4391	FG001	FG019
28	EO8	sim_L28_M24	4392	FG001	FG024
28	EO8	sim_L28_M24	4393	FG001	FG005
28	EO8	sim_L28_M24	4394	FG001	FG024
28	EO8	sim_L28_M24	4395	FG001	FG002
28	EO8	sim_L28_M24	4396	FG001	FG002
28	EO8	sim_L28_M24	4397	FG001	FG002
28	EO8	sim_L28_M24	4398	FG001	FG016
28	EO8	sim_L28_M24	4399	FG001	FG002
28	EO8	sim_L28_M24	4400	FG001	FG024
28	EO8	sim_L28_M24	4401	FG001	FG024
28	EO8	sim_L28_M24	4402	FG001	FG024
28	EO8	sim_L28_M24	4403	FG001	FG002
28	EO8	sim_L28_M24	4404	FG001	FG018
28	EO8	sim_L28_M24	4405	FG001	FG024
28	EO8	sim_L28_M24	4406	FG001	FG006
28	EO8	sim_L28_M24	4407	FG001	FG006
28	EO8	sim_L28_M24	4408	FG001	FG024
28	EO8	sim_L28_M24	4409	FG001	FG003
28	EO8	sim_L28_M25	4410	FG001	FG004
28	EO8	sim_L28_M25	4411	FG001	FG024
28	EO8	sim_L28_M25	4412	FG001	FG003
28	EO8	sim_L28_M25	4413	FG001	FG015
28	EO8	sim_L28_M25	4414	FG001	FG019
28	EO8	sim_L28_M25	4415	FG001	FG002
28	EO8	sim_L28_M25	4416	FG001	FG004
28	EO8	sim_L28_M25	4417	FG001	FG002
28	EO8	sim_L28_M25	4418	FG001	FG024
28	EO8	sim_L28_M25	4419	FG001	FG012
28	EO8	sim_L28_M25	4420	FG001	FG008
28	EO8	sim_L28_M25	4421	FG001	FG004
28	EO8	sim_L28_M25	4422	FG001	FG021
28	EO8	sim_L28_M25	4423	FG001	FG004
28	EO8	sim_L28_M25	4424	FG001	FG006
28	EO8	sim_L28_M25	4425	FG001	FG024
28	EO8	sim_L28_M25	4426	FG001	FG001
28	EO8	sim_L28_M25	4427	FG001	FG024
16	EO18-7	sim_L16_M0	4428	FG002	FG001
16	EO18-7	sim_L16_M0	4429	FG001	FG024
16	EO18-7	sim_L16_M0	4430	FG001	FG024
16	EO18-7	sim_L16_M0	4431	FG001	FG019
16	EO18-7	sim_L16_M0	4432	FG001	FG024
16	EO18-7	sim_L16_M0	4433	FG002	FG006
16	EO18-7	sim_L16_M0	4434	FG001	FG024
16	EO18-7	sim_L16_M0	4435	FG002	FG024
16	EO18-7	sim_L16_M0	4436	FG002	FG001
16	EO18-7	sim_L16_M0	4437	FG001	FG018
16	EO18-7	sim_L16_M0	4438	FG002	FG015
16	EO18-7	sim_L16_M0	4439	FG002	FG019
16	EO18-7	sim_L16_M0	4440	FG001	FG006
16	EO18-7	sim_L16_M0	4441	FG002	FG006
16	EO18-7	sim_L16_M1	4442	FG018	FG001
16	EO18-7	sim_L16_M1	4443	FG024	FG022
16	EO18-7	sim_L16_M1	4444	FG018	FG006
16	EO18-7	sim_L16_M1	4445	FG024	FG001
16	EO18-7	sim_L16_M1	4446	FG024	FG001
16	EO18-7	sim_L16_M1	4447	FG018	FG002
16	EO18-7	sim_L16_M1	4448	FG024	FG002
16	EO18-7	sim_L16_M1	4449	FG024	FG001
16	EO18-7	sim_L16_M1	4450	FG024	FG001
16	EO18-7	sim_L16_M1	4451	FG024	FG001
16	EO18-7	sim_L16_M1	4452	FG018	FG001
16	EO18-7	sim_L16_M1	4453	FG018	FG023
16	EO18-7	sim_L16_M1	4454	FG024	FG002
16	EO18-7	sim_L16_M1	4455	FG024	FG012
16	EO18-7	sim_L16_M1	4456	FG024	FG007
16	EO18-7	sim_L16_M1	4457	FG024	FG005
16	EO18-7	sim_L16_M1	4458	FG024	FG001
16	EO18-7	sim_L16_M1	4459	FG018	FG024
16	EO18-7	sim_L16_M1	4460	FG024	FG001
16	EO18-7	sim_L16_M1	4461	FG024	FG001
16	EO18-7	sim_L16_M1	4462	FG018	FG019
16	EO18-7	sim_L16_M1	4463	FG018	FG027
16	EO18-7	sim_L16_M1	4464	FG024	FG006
16	EO18-7	sim_L16_M1	4465	FG018	FG001
16	EO18-7	sim_L16_M2	4466	FG002	FG010
16	EO18-7	sim_L16_M2	4467	FG001	FG001
16	EO18-7	sim_L16_M2	4468	FG001	FG024
16	EO18-7	sim_L16_M2	4469	FG002	FG006
16	EO18-7	sim_L16_M2	4470	FG001	FG012
16	EO18-7	sim_L16_M2	4471	FG001	FG015
16	EO18-7	sim_L16_M2	4472	FG002	FG003
16	EO18-7	sim_L16_M2	4473	FG002	FG024
16	EO18-7	sim_L16_M2	4474	FG002	FG024
16	EO18-7	sim_L16_M2	4475	FG001	FG006
16	EO18-7	sim_L16_M2	4476	FG002	FG024
16	EO18-7	sim_L16_M3	4477	FG003	FG015
16	EO18-7	sim_L16_M3	4478	FG003	FG010
16	EO18-7	sim_L16_M3	4479	FG003	FG001
16	EO18-7	sim_L16_M3	4480	FG003	FG031
16	EO18-7	sim_L16_M3	4481	FG024	FG001
16	EO18-7	sim_L16_M3	4482	FG003	FG001
16	EO18-7	sim_L16_M3	4483	FG003	FG023
16	EO18-7	sim_L16_M3	4484	FG024	FG002
16	EO18-7	sim_L16_M3	4485	FG024	FG021
16	EO18-7	sim_L16_M3	4486	FG024	FG002
16	EO18-7	sim_L16_M3	4487	FG003	FG019
16	EO18-7	sim_L16_M3	4488	FG024	FG001
16	EO18-7	sim_L16_M3	4489	FG003	FG010
16	EO18-7	sim_L16_M3	4490	FG024	FG001
16	EO18-7	sim_L16_M3	4491	FG024	FG001
16	EO18-7	sim_L16_M3	4492	FG003	FG001
16	EO18-7	sim_L16_M3	4493	FG024	FG001
16	EO18-7	sim_L16_M3	4494	FG003	FG006
16	EO18-7	sim_L16_M3	4495	FG003	FG001
16	EO18-7	sim_L16_M3	4496	FG003	FG021
16	EO18-7	sim_L16_M3	4497	FG024	FG001
16	EO18-7	sim_L16_M3	4498	FG003	FG001
16	EO18-7	sim_L16_M4	4499	FG006	FG010
16	EO18-7	sim_L16_M4	4500	FG006	FG012
16	EO18-7	sim_L16_M4	4501	FG001	FG024
16	EO18-7	sim_L16_M4	4502	FG006	FG003
16	EO18-7	sim_L16_M4	4503	FG001	FG004
16	EO18-7	sim_L16_M4	4504	FG006	FG002
16	EO18-7	sim_L16_M4	4505	FG001	FG002
16	EO18-7	sim_L16_M4	4506	FG001	FG002
16	EO18-7	sim_L16_M4	4507	FG001	FG024
16	EO18-7	sim_L16_M4	4508	FG006	FG024
16	EO18-7	sim_L16_M4	4509	FG006	FG030
16	EO18-7	sim_L16_M4	4510	FG001	FG002
16	EO18-7	sim_L16_M4	4511	FG006	FG010
16	EO18-7	sim_L16_M5	4512	FG024	FG017
16	EO18-7	sim_L16_M5	4513	FG024	FG019
16	EO18-7	sim_L16_M5	4514	FG024	FG001
16	EO18-7	sim_L16_M5	4515	FG024	FG001
16	EO18-7	sim_L16_M5	4516	FG024	FG002
16	EO18-7	sim_L16_M5	4517	FG024	FG001
16	EO18-7	sim_L16_M5	4518	FG024	FG001
16	EO18-7	sim_L16_M5	4519	FG024	FG030
16	EO18-7	sim_L16_M5	4520	FG024	FG015
16	EO18-7	sim_L16_M5	4521	FG024	FG001
16	EO18-7	sim_L16_M5	4522	FG024	FG001
16	EO18-7	sim_L16_M5	4523	FG024	FG002
16	EO18-7	sim_L16_M5	4524	FG024	FG006
16	EO18-7	sim_L16_M5	4525	FG024	FG001
16	EO18-7	sim_L16_M5	4526	FG024	FG010
16	EO18-7	sim_L16_M5	4527	FG024	FG024
16	EO18-7	sim_L16_M5	4528	FG024	FG002
16	EO18-7	sim_L16_M5	4529	FG024	FG001
16	EO18-7	sim_L16_M5	4530	FG024	FG001
16	EO18-7	sim_L16_M5	4531	FG024	FG001
16	EO18-7	sim_L16_M5	4532	FG024	FG001
16	EO18-7	sim_L16_M5	4533	FG024	FG001
16	EO18-7	sim_L16_M5	4534	FG024	FG002
16	EO18-7	sim_L16_M5	4535	FG024	FG023
16	EO18-7	sim_L16_M5	4536	FG024	FG002
16	EO18-7	sim_L16_M5	4537	FG024	FG032
16	EO18-7	sim_L16_M5	4538	FG024	FG002
16	EO18-7	sim_L16_M6	4539	FG002	FG001
16	EO18-7	sim_L16_M6	4540	FG002	FG024
16	EO18-7	sim_L16_M6	4541	FG001	FG024
16	EO18-7	sim_L16_M6	4542	FG001	FG002
16	EO18-7	sim_L16_M6	4543	FG002	FG024
16	EO18-7	sim_L16_M6	4544	FG002	FG024
16	EO18-7	sim_L16_M6	4545	FG001	FG006
16	EO18-7	sim_L16_M6	4546	FG002	FG012
16	EO18-7	sim_L16_M6	4547	FG001	FG002
16	EO18-7	sim_L16_M6	4548	FG001	FG021
16	EO18-7	sim_L16_M6	4549	FG002	FG006
16	EO18-7	sim_L16_M7	4550	FG024	FG006
16	EO18-7	sim_L16_M7	4551	FG024	FG003
16	EO18-7	sim_L16_M7	4552	FG001	FG010
16	EO18-7	sim_L16_M7	4553	FG024	FG002
16	EO18-7	sim_L16_M7	4554	FG024	FG002
16	EO18-7	sim_L16_M7	4555	FG024	FG006
16	EO18-7	sim_L16_M7	4556	FG024	FG002
16	EO18-7	sim_L16_M7	4557	FG001	FG005
16	EO18-7	sim_L16_M7	4558	FG024	FG002
16	EO18-7	sim_L16_M7	4559	FG001	FG030
16	EO18-7	sim_L16_M7	4560	FG024	FG002
16	EO18-7	sim_L16_M7	4561	FG001	FG006
16	EO18-7	sim_L16_M8	4562	FG001	FG005
16	EO18-7	sim_L16_M8	4563	FG001	FG002
16	EO18-7	sim_L16_M8	4564	FG001	FG002
16	EO18-7	sim_L16_M8	4565	FG001	FG024
16	EO18-7	sim_L16_M8	4566	FG001	FG023
16	EO18-7	sim_L16_M8	4567	FG001	FG018
16	EO18-7	sim_L16_M8	4568	FG001	FG024
16	EO18-7	sim_L16_M8	4569	FG001	FG001
16	EO18-7	sim_L16_M8	4570	FG001	FG018
16	EO18-7	sim_L16_M8	4571	FG001	FG017
16	EO18-7	sim_L16_M8	4572	FG001	FG024
16	EO18-7	sim_L16_M8	4573	FG001	FG001
16	EO18-7	sim_L16_M8	4574	FG001	FG017
16	EO18-7	sim_L16_M8	4575	FG001	FG017
16	EO18-7	sim_L16_M8	4576	FG001	FG002
16	EO18-7	sim_L16_M9	4577	FG024	FG019
16	EO18-7	sim_L16_M9	4578	FG024	FG015
16	EO18-7	sim_L16_M9	4579	FG023	FG001
16	EO18-7	sim_L16_M9	4580	FG024	FG019
16	EO18-7	sim_L16_M9	4581	FG024	FG001
16	EO18-7	sim_L16_M9	4582	FG024	FG001
16	EO18-7	sim_L16_M9	4583	FG023	FG001
16	EO18-7	sim_L16_M9	4584	FG024	FG001
16	EO18-7	sim_L16_M9	4585	FG023	FG005
16	EO18-7	sim_L16_M9	4586	FG024	FG002
16	EO18-7	sim_L16_M9	4587	FG024	FG001
16	EO18-7	sim_L16_M9	4588	FG023	FG017
16	EO18-7	sim_L16_M9	4589	FG024	FG001
16	EO18-7	sim_L16_M9	4590	FG023	FG001
16	EO18-7	sim_L16_M9	4591	FG023	FG001
16	EO18-7	sim_L16_M9	4592	FG024	FG001
16	EO18-7	sim_L16_M9	4593	FG023	FG006
16	EO18-7	sim_L16_M9	4594	FG023	FG002
16	EO18-7	sim_L16_M9	4595	FG023	FG001
16	EO18-7	sim_L16_M9	4596	FG024	FG010
16	EO18-7	sim_L16_M9	4597	FG024	FG001
16	EO18-7	sim_L16_M9	4598	FG024	FG024
16	EO18-7	sim_L16_M9	4599	FG024	FG001
16	EO18-7	sim_L16_M9	4600	FG023	FG002
16	EO18-7	sim_L16_M10	4601	FG001	FG024
16	EO18-7	sim_L16_M10	4602	FG001	FG004
16	EO18-7	sim_L16_M10	4603	FG006	FG002
16	EO18-7	sim_L16_M10	4604	FG006	FG002
16	EO18-7	sim_L16_M10	4605	FG001	FG024
16	EO18-7	sim_L16_M10	4606	FG006	FG024
16	EO18-7	sim_L16_M10	4607	FG006	FG024
16	EO18-7	sim_L16_M10	4608	FG006	FG024
16	EO18-7	sim_L16_M10	4609	FG006	FG015
16	EO18-7	sim_L16_M10	4610	FG001	FG017
16	EO18-7	sim_L16_M10	4611	FG001	FG024
16	EO18-7	sim_L16_M10	4612	FG006	FG002
16	EO18-7	sim_L16_M10	4613	FG006	FG024
16	EO18-7	sim_L16_M10	4614	FG006	FG002
16	EO18-7	sim_L16_M10	4615	FG001	FG024
16	EO18-7	sim_L16_M10	4616	FG001	FG021
16	EO18-7	sim_L16_M10	4617	FG006	FG004
16	EO18-7	sim_L16_M11	4618	FG001	FG024
16	EO18-7	sim_L16_M11	4619	FG017	FG002
16	EO18-7	sim_L16_M11	4620	FG001	FG024
16	EO18-7	sim_L16_M11	4621	FG017	FG024
16	EO18-7	sim_L16_M11	4622	FG001	FG023
16	EO18-7	sim_L16_M11	4623	FG001	FG024
16	EO18-7	sim_L16_M11	4624	FG017	FG012
16	EO18-7	sim_L16_M11	4625	FG017	FG024
16	EO18-7	sim_L16_M11	4626	FG017	FG003
16	EO18-7	sim_L16_M11	4627	FG017	FG006
16	EO18-7	sim_L16_M11	4628	FG001	FG004
16	EO18-7	sim_L16_M11	4629	FG001	FG010
16	EO18-7	sim_L16_M11	4630	FG001	FG018
16	EO18-7	sim_L16_M11	4631	FG001	FG024
16	EO18-7	sim_L16_M11	4632	FG017	FG003
16	EO18-7	sim_L16_M11	4633	FG017	FG006
16	EO18-7	sim_L16_M11	4634	FG001	FG023
16	EO18-7	sim_L16_M11	4635	FG001	FG024
16	EO18-7	sim_L16_M12	4636	FG001	FG024
16	EO18-7	sim_L16_M12	4637	FG001	FG015
16	EO18-7	sim_L16_M12	4638	FG002	FG001
16	EO18-7	sim_L16_M12	4639	FG001	FG008
16	EO18-7	sim_L16_M12	4640	FG001	FG006
16	EO18-7	sim_L16_M12	4641	FG001	FG024
16	EO18-7	sim_L16_M12	4642	FG001	FG024
16	EO18-7	sim_L16_M12	4643	FG002	FG023
16	EO18-7	sim_L16_M12	4644	FG002	FG007
16	EO18-7	sim_L16_M12	4645	FG001	FG001
16	EO18-7	sim_L16_M12	4646	FG002	FG001
16	EO18-7	sim_L16_M12	4647	FG001	FG004
16	EO18-7	sim_L16_M13	4648	FG018	FG001
16	EO18-7	sim_L16_M13	4649	FG019	FG001
16	EO18-7	sim_L16_M13	4650	FG018	FG006
16	EO18-7	sim_L16_M13	4651	FG018	FG004
16	EO18-7	sim_L16_M13	4652	FG018	FG018
16	EO18-7	sim_L16_M13	4653	FG019	FG024
16	EO18-7	sim_L16_M13	4654	FG018	FG001
16	EO18-7	sim_L16_M13	4655	FG018	FG024
16	EO18-7	sim_L16_M13	4656	FG019	FG001
16	EO18-7	sim_L16_M13	4657	FG018	FG024
16	EO18-7	sim_L16_M13	4658	FG018	FG001
16	EO18-7	sim_L16_M13	4659	FG018	FG001
16	EO18-7	sim_L16_M13	4660	FG019	FG002
16	EO18-7	sim_L16_M13	4661	FG019	FG023
16	EO18-7	sim_L16_M13	4662	FG018	FG001
16	EO18-7	sim_L16_M13	4663	FG019	FG011
16	EO18-7	sim_L16_M13	4664	FG019	FG003
16	EO18-7	sim_L16_M13	4665	FG019	FG001
16	EO18-7	sim_L16_M13	4666	FG018	FG023
16	EO18-7	sim_L16_M13	4667	FG019	FG001
16	EO18-7	sim_L16_M13	4668	FG018	FG001
16	EO18-7	sim_L16_M13	4669	FG018	FG001
16	EO18-7	sim_L16_M13	4670	FG018	FG024
16	EO18-7	sim_L16_M13	4671	FG018	FG017
16	EO18-7	sim_L16_M13	4672	FG018	FG002
16	EO18-7	sim_L16_M13	4673	FG018	FG002
16	EO18-7	sim_L16_M13	4674	FG019	FG002
16	EO18-7	sim_L16_M13	4675	FG019	FG024
16	EO18-7	sim_L16_M13	4676	FG019	FG024
16	EO18-7	sim_L16_M14	4677	FG002	FG010
16	EO18-7	sim_L16_M14	4678	FG002	FG015
16	EO18-7	sim_L16_M14	4679	FG002	FG024
16	EO18-7	sim_L16_M14	4680	FG001	FG004
16	EO18-7	sim_L16_M14	4681	FG001	FG030
16	EO18-7	sim_L16_M14	4682	FG001	FG024
16	EO18-7	sim_L16_M14	4683	FG001	FG006
16	EO18-7	sim_L16_M14	4684	FG002	FG019
16	EO18-7	sim_L16_M14	4685	FG002	FG010
16	EO18-7	sim_L16_M14	4686	FG002	FG006
16	EO18-7	sim_L16_M14	4687	FG001	FG005
16	EO18-7	sim_L16_M14	4688	FG001	FG006
16	EO18-7	sim_L16_M14	4689	FG001	FG024
16	EO18-7	sim_L16_M15	4690	FG002	FG001
16	EO18-7	sim_L16_M15	4691	FG002	FG001
16	EO18-7	sim_L16_M15	4692	FG002	FG024
16	EO18-7	sim_L16_M15	4693	FG002	FG003
16	EO18-7	sim_L16_M15	4694	FG002	FG024
16	EO18-7	sim_L16_M15	4695	FG002	FG001
16	EO18-7	sim_L16_M15	4696	FG002	FG001
16	EO18-7	sim_L16_M15	4697	FG002	FG023
16	EO18-7	sim_L16_M15	4698	FG002	FG011
16	EO18-7	sim_L16_M15	4699	FG002	FG024
16	EO18-7	sim_L16_M15	4700	FG002	FG003
16	EO18-7	sim_L16_M15	4701	FG002	FG001
16	EO18-7	sim_L16_M15	4702	FG002	FG024
16	EO18-7	sim_L16_M15	4703	FG002	FG001
16	EO18-7	sim_L16_M15	4704	FG002	FG024
16	EO18-7	sim_L16_M15	4705	FG002	FG001
16	EO18-7	sim_L16_M15	4706	FG002	FG001
16	EO18-7	sim_L16_M15	4707	FG002	FG006
16	EO18-7	sim_L16_M15	4708	FG002	FG006
16	EO18-7	sim_L16_M15	4709	FG002	FG001
16	EO18-7	sim_L16_M15	4710	FG002	FG008
16	EO18-7	sim_L16_M15	4711	FG002	FG024
16	EO18-7	sim_L16_M15	4712	FG002	FG004
16	EO18-7	sim_L16_M15	4713	FG002	FG001
16	EO18-7	sim_L16_M15	4714	FG002	FG001
16	EO18-7	sim_L16_M15	4715	FG002	FG021
16	EO18-7	sim_L16_M15	4716	FG002	FG012
16	EO18-7	sim_L16_M15	4717	FG002	FG001
16	EO18-7	sim_L16_M16	4718	FG003	FG002
16	EO18-7	sim_L16_M16	4719	FG003	FG001
16	EO18-7	sim_L16_M16	4720	FG003	FG024
16	EO18-7	sim_L16_M16	4721	FG003	FG001
16	EO18-7	sim_L16_M16	4722	FG003	FG032
16	EO18-7	sim_L16_M16	4723	FG003	FG024
16	EO18-7	sim_L16_M16	4724	FG003	FG010
16	EO18-7	sim_L16_M16	4725	FG003	FG001
16	EO18-7	sim_L16_M16	4726	FG003	FG015
16	EO18-7	sim_L16_M16	4727	FG003	FG006
16	EO18-7	sim_L16_M16	4728	FG003	FG002
16	EO18-7	sim_L16_M16	4729	FG003	FG004
16	EO18-7	sim_L16_M16	4730	FG003	FG001
16	EO18-7	sim_L16_M16	4731	FG003	FG001
16	EO18-7	sim_L16_M16	4732	FG003	FG018
16	EO18-7	sim_L16_M16	4733	FG003	FG006
16	EO18-7	sim_L16_M16	4734	FG003	FG024
16	EO18-7	sim_L16_M16	4735	FG003	FG001
16	EO18-7	sim_L16_M16	4736	FG003	FG001
16	EO18-7	sim_L16_M16	4737	FG003	FG002
16	EO18-7	sim_L16_M16	4738	FG003	FG001
16	EO18-7	sim_L16_M16	4739	FG003	FG019
16	EO18-7	sim_L16_M16	4740	FG003	FG002
16	EO18-7	sim_L16_M16	4741	FG003	FG010
16	EO18-7	sim_L16_M16	4742	FG003	FG002
16	EO18-7	sim_L16_M16	4743	FG003	FG010
16	EO18-7	sim_L16_M16	4744	FG003	FG001
16	EO18-7	sim_L16_M16	4745	FG003	FG019
16	EO18-7	sim_L16_M16	4746	FG003	FG001
16	EO18-7	sim_L16_M17	4747	FG007	FG024
16	EO18-7	sim_L16_M17	4748	FG002	FG024
16	EO18-7	sim_L16_M17	4749	FG007	FG024
16	EO18-7	sim_L16_M17	4750	FG002	FG032
16	EO18-7	sim_L16_M17	4751	FG002	FG022
16	EO18-7	sim_L16_M17	4752	FG007	FG001
16	EO18-7	sim_L16_M17	4753	FG007	FG011
16	EO18-7	sim_L16_M17	4754	FG002	FG001
16	EO18-7	sim_L16_M17	4755	FG002	FG012
16	EO18-7	sim_L16_M17	4756	FG002	FG019
16	EO18-7	sim_L16_M17	4757	FG007	FG001
16	EO18-7	sim_L16_M17	4758	FG002	FG019
16	EO18-7	sim_L16_M17	4759	FG002	FG001
16	EO18-7	sim_L16_M17	4760	FG007	FG001
16	EO18-7	sim_L16_M17	4761	FG002	FG006
16	EO18-7	sim_L16_M17	4762	FG002	FG024
16	EO18-7	sim_L16_M17	4763	FG002	FG001
16	EO18-7	sim_L16_M17	4764	FG002	FG006
16	EO18-7	sim_L16_M17	4765	FG007	FG017
16	EO18-7	sim_L16_M17	4766	FG002	FG003
16	EO18-7	sim_L16_M17	4767	FG007	FG001
16	EO18-7	sim_L16_M18	4768	FG001	FG001
16	EO18-7	sim_L16_M18	4769	FG001	FG010
16	EO18-7	sim_L16_M18	4770	FG001	FG011
16	EO18-7	sim_L16_M18	4771	FG001	FG002
16	EO18-7	sim_L16_M18	4772	FG001	FG004
16	EO18-7	sim_L16_M18	4773	FG001	FG006
16	EO18-7	sim_L16_M18	4774	FG001	FG024
16	EO18-7	sim_L16_M18	4775	FG001	FG007
16	EO18-7	sim_L16_M18	4776	FG001	FG024
16	EO18-7	sim_L16_M18	4777	FG001	FG008
16	EO18-7	sim_L16_M18	4778	FG001	FG024
16	EO18-7	sim_L16_M18	4779	FG001	FG024
16	EO18-7	sim_L16_M18	4780	FG001	FG024
16	EO18-7	sim_L16_M18	4781	FG001	FG002
16	EO18-7	sim_L16_M18	4782	FG001	FG024
16	EO18-7	sim_L16_M18	4783	FG001	FG001
16	EO18-7	sim_L16_M18	4784	FG001	FG016
16	EO18-7	sim_L16_M18	4785	FG001	FG002
16	EO18-7	sim_L16_M18	4786	FG001	FG028
16	EO18-7	sim_L16_M18	4787	FG001	FG014
16	EO18-7	sim_L16_M19	4788	FG002	FG001
16	EO18-7	sim_L16_M19	4789	FG002	FG001
16	EO18-7	sim_L16_M19	4790	FG002	FG012
16	EO18-7	sim_L16_M19	4791	FG002	FG001
16	EO18-7	sim_L16_M19	4792	FG002	FG001
16	EO18-7	sim_L16_M19	4793	FG002	FG001
16	EO18-7	sim_L16_M19	4794	FG024	FG023
16	EO18-7	sim_L16_M19	4795	FG002	FG001
16	EO18-7	sim_L16_M19	4796	FG002	FG006
16	EO18-7	sim_L16_M19	4797	FG024	FG001
16	EO18-7	sim_L16_M19	4798	FG024	FG003
16	EO18-7	sim_L16_M19	4799	FG024	FG010
16	EO18-7	sim_L16_M19	4800	FG002	FG001
16	EO18-7	sim_L16_M19	4801	FG002	FG001
16	EO18-7	sim_L16_M19	4802	FG024	FG003
16	EO18-7	sim_L16_M19	4803	FG024	FG001
16	EO18-7	sim_L16_M19	4804	FG002	FG001
16	EO18-7	sim_L16_M19	4805	FG002	FG004
16	EO18-7	sim_L16_M19	4806	FG024	FG006
16	EO18-7	sim_L16_M19	4807	FG024	FG018
16	EO18-7	sim_L16_M19	4808	FG024	FG001
16	EO18-7	sim_L16_M19	4809	FG024	FG004
16	EO18-7	sim_L16_M20	4810	FG001	FG005
16	EO18-7	sim_L16_M20	4811	FG015	FG024
16	EO18-7	sim_L16_M20	4812	FG015	FG005
16	EO18-7	sim_L16_M20	4813	FG001	FG004
16	EO18-7	sim_L16_M20	4814	FG015	FG002
16	EO18-7	sim_L16_M20	4815	FG015	FG026
16	EO18-7	sim_L16_M20	4816	FG015	FG002
16	EO18-7	sim_L16_M20	4817	FG001	FG001
16	EO18-7	sim_L16_M20	4818	FG001	FG024
16	EO18-7	sim_L16_M20	4819	FG001	FG024
16	EO18-7	sim_L16_M20	4820	FG001	FG006
16	EO18-7	sim_L16_M20	4821	FG015	FG021
16	EO18-7	sim_L16_M20	4822	FG001	FG024
16	EO18-7	sim_L16_M20	4823	FG015	FG024
16	EO18-7	sim_L16_M20	4824	FG015	FG007
16	EO18-7	sim_L16_M20	4825	FG001	FG003
16	EO18-7	sim_L16_M21	4826	FG001	FG018
16	EO18-7	sim_L16_M21	4827	FG001	FG004
16	EO18-7	sim_L16_M21	4828	FG031	FG024
16	EO18-7	sim_L16_M21	4829	FG031	FG024
16	EO18-7	sim_L16_M21	4830	FG031	FG006
16	EO18-7	sim_L16_M21	4831	FG001	FG024
16	EO18-7	sim_L16_M21	4832	FG031	FG002
16	EO18-7	sim_L16_M21	4833	FG001	FG002
16	EO18-7	sim_L16_M21	4834	FG031	FG002
16	EO18-7	sim_L16_M21	4835	FG031	FG002
16	EO18-7	sim_L16_M21	4836	FG001	FG002
16	EO18-7	sim_L16_M21	4837	FG001	FG024
16	EO18-7	sim_L16_M21	4838	FG031	FG030
16	EO18-7	sim_L16_M21	4839	FG001	FG001
16	EO18-7	sim_L16_M21	4840	FG031	FG012
16	EO18-7	sim_L16_M21	4841	FG001	FG026
16	EO18-7	sim_L16_M22	4842	FG002	FG001
16	EO18-7	sim_L16_M22	4843	FG003	FG024
16	EO18-7	sim_L16_M22	4844	FG003	FG001
16	EO18-7	sim_L16_M22	4845	FG003	FG001
16	EO18-7	sim_L16_M22	4846	FG002	FG001
16	EO18-7	sim_L16_M22	4847	FG003	FG001
16	EO18-7	sim_L16_M22	4848	FG002	FG006
16	EO18-7	sim_L16_M22	4849	FG003	FG001
16	EO18-7	sim_L16_M22	4850	FG002	FG021
16	EO18-7	sim_L16_M22	4851	FG003	FG024
16	EO18-7	sim_L16_M22	4852	FG002	FG001
16	EO18-7	sim_L16_M22	4853	FG002	FG024
16	EO18-7	sim_L16_M22	4854	FG002	FG024
16	EO18-7	sim_L16_M22	4855	FG003	FG006
16	EO18-7	sim_L16_M22	4856	FG003	FG024
16	EO18-7	sim_L16_M22	4857	FG002	FG029
16	EO18-7	sim_L16_M22	4858	FG002	FG001
16	EO18-7	sim_L16_M22	4859	FG002	FG001
16	EO18-7	sim_L16_M22	4860	FG002	FG024
16	EO18-7	sim_L16_M22	4861	FG002	FG001
16	EO18-7	sim_L16_M22	4862	FG003	FG001
16	EO18-7	sim_L16_M22	4863	FG003	FG001
16	EO18-7	sim_L16_M22	4864	FG003	FG001
16	EO18-7	sim_L16_M22	4865	FG003	FG001
16	EO18-7	sim_L16_M22	4866	FG002	FG024
16	EO18-7	sim_L16_M22	4867	FG002	FG001
16	EO18-7	sim_L16_M22	4868	FG002	FG001
16	EO18-7	sim_L16_M23	4869	FG001	FG024
16	EO18-7	sim_L16_M23	4870	FG001	FG003
16	EO18-7	sim_L16_M23	4871	FG001	FG024
16	EO18-7	sim_L16_M23	4872	FG001	FG009
16	EO18-7	sim_L16_M23	4873	FG001	FG015
16	EO18-7	sim_L16_M23	4874	FG001	FG024
16	EO18-7	sim_L16_M23	4875	FG001	FG002
16	EO18-7	sim_L16_M23	4876	FG001	FG031
16	EO18-7	sim_L16_M23	4877	FG001	FG002
16	EO18-7	sim_L16_M23	4878	FG001	FG002
16	EO18-7	sim_L16_M23	4879	FG001	FG024
16	EO18-7	sim_L16_M23	4880	FG001	FG009
16	EO18-7	sim_L16_M23	4881	FG001	FG002
16	EO18-7	sim_L16_M23	4882	FG001	FG024
16	EO18-7	sim_L16_M23	4883	FG001	FG021
16	EO18-7	sim_L16_M23	4884	FG001	FG006
16	EO18-7	sim_L16_M23	4885	FG001	FG002
16	EO18-7	sim_L16_M23	4886	FG001	FG006
16	EO18-7	sim_L16_M23	4887	FG001	FG024
16	EO18-7	sim_L16_M24	4888	FG006	FG001
16	EO18-7	sim_L16_M24	4889	FG006	FG001
16	EO18-7	sim_L16_M24	4890	FG024	FG001
16	EO18-7	sim_L16_M24	4891	FG024	FG001
16	EO18-7	sim_L16_M24	4892	FG006	FG001
16	EO18-7	sim_L16_M24	4893	FG006	FG002
16	EO18-7	sim_L16_M24	4894	FG024	FG001
16	EO18-7	sim_L16_M24	4895	FG006	FG002
16	EO18-7	sim_L16_M24	4896	FG024	FG004
16	EO18-7	sim_L16_M24	4897	FG024	FG001
16	EO18-7	sim_L16_M24	4898	FG024	FG001
16	EO18-7	sim_L16_M24	4899	FG024	FG001
16	EO18-7	sim_L16_M24	4900	FG024	FG024
16	EO18-7	sim_L16_M24	4901	FG006	FG002
16	EO18-7	sim_L16_M24	4902	FG024	FG001
16	EO18-7	sim_L16_M24	4903	FG024	FG002
16	EO18-7	sim_L16_M24	4904	FG006	FG004
16	EO18-7	sim_L16_M24	4905	FG024	FG018
16	EO18-7	sim_L16_M24	4906	FG006	FG001
16	EO18-7	sim_L16_M24	4907	FG024	FG003
16	EO18-7	sim_L16_M24	4908	FG024	FG017
16	EO18-7	sim_L16_M24	4909	FG006	FG001
16	EO18-7	sim_L16_M24	4910	FG024	FG002
16	EO18-7	sim_L16_M24	4911	FG024	FG002
16	EO18-7	sim_L16_M25	4912	FG001	FG006
16	EO18-7	sim_L16_M25	4913	FG024	FG014
16	EO18-7	sim_L16_M25	4914	FG001	FG006
16	EO18-7	sim_L16_M25	4915	FG001	FG019
16	EO18-7	sim_L16_M25	4916	FG024	FG014
16	EO18-7	sim_L16_M25	4917	FG024	FG024
16	EO18-7	sim_L16_M25	4918	FG001	FG009
16	EO18-7	sim_L16_M25	4919	FG001	FG006
16	EO18-7	sim_L16_M25	4920	FG001	FG002
16	EO18-7	sim_L16_M25	4921	FG001	FG002
16	EO18-7	sim_L16_M25	4922	FG024	FG029
16	EO18-7	sim_L16_M25	4923	FG024	FG001
16	EO18-7	sim_L16_M25	4924	FG024	FG010
16	EO18-7	sim_L16_M25	4925	FG001	FG001
16	EO18-7	sim_L16_M25	4926	FG001	FG023
16	EO18-7	sim_L16_M25	4927	FG024	FG019
16	EO18-7	sim_L16_M26	4928	FG002	FG024
16	EO18-7	sim_L16_M26	4929	FG002	FG024
16	EO18-7	sim_L16_M26	4930	FG002	FG003
16	EO18-7	sim_L16_M26	4931	FG029	FG001
16	EO18-7	sim_L16_M26	4932	FG029	FG001
16	EO18-7	sim_L16_M26	4933	FG029	FG006
16	EO18-7	sim_L16_M26	4934	FG002	FG024
16	EO18-7	sim_L16_M26	4935	FG029	FG001
16	EO18-7	sim_L16_M26	4936	FG029	FG024
16	EO18-7	sim_L16_M26	4937	FG029	FG006
16	EO18-7	sim_L16_M26	4938	FG029	FG001
16	EO18-7	sim_L16_M26	4939	FG002	FG001
16	EO18-7	sim_L16_M26	4940	FG029	FG001
16	EO18-7	sim_L16_M26	4941	FG029	FG003
16	EO18-7	sim_L16_M26	4942	FG029	FG001
16	EO18-7	sim_L16_M26	4943	FG002	FG024
16	EO18-7	sim_L16_M26	4944	FG002	FG001
16	EO18-7	sim_L16_M26	4945	FG029	FG001
16	EO18-7	sim_L16_M26	4946	FG002	FG024
16	EO18-7	sim_L16_M26	4947	FG029	FG001
16	EO18-7	sim_L16_M26	4948	FG029	FG001
16	EO18-7	sim_L16_M26	4949	FG002	FG023
16	EO18-7	sim_L16_M26	4950	FG029	FG001
16	EO18-7	sim_L16_M26	4951	FG002	FG001
7	EO48	sim_L7_M0	4952	FG006	FG024
7	EO48	sim_L7_M0	4953	FG006	FG002
7	EO48	sim_L7_M0	4954	FG006	FG001
7	EO48	sim_L7_M0	4955	FG006	FG001
7	EO48	sim_L7_M0	4956	FG006	FG025
7	EO48	sim_L7_M0	4957	FG006	FG001
7	EO48	sim_L7_M0	4958	FG006	FG015
7	EO48	sim_L7_M0	4959	FG006	FG001
7	EO48	sim_L7_M0	4960	FG006	FG024
7	EO48	sim_L7_M0	4961	FG006	FG008
7	EO48	sim_L7_M0	4962	FG006	FG001
7	EO48	sim_L7_M0	4963	FG006	FG002
7	EO48	sim_L7_M0	4964	FG006	FG001
7	EO48	sim_L7_M0	4965	FG006	FG024
7	EO48	sim_L7_M0	4966	FG006	FG001
7	EO48	sim_L7_M0	4967	FG006	FG024
7	EO48	sim_L7_M0	4968	FG006	FG002
7	EO48	sim_L7_M0	4969	FG006	FG001
7	EO48	sim_L7_M0	4970	FG006	FG001
7	EO48	sim_L7_M0	4971	FG006	FG001
7	EO48	sim_L7_M0	4972	FG006	FG001
7	EO48	sim_L7_M0	4973	FG006	FG001
7	EO48	sim_L7_M0	4974	FG006	FG001
7	EO48	sim_L7_M0	4975	FG006	FG001
7	EO48	sim_L7_M0	4976	FG006	FG002
7	EO48	sim_L7_M0	4977	FG006	FG001
7	EO48	sim_L7_M0	4978	FG006	FG001
7	EO48	sim_L7_M0	4979	FG006	FG001
7	EO48	sim_L7_M1	4980	FG019	FG024
7	EO48	sim_L7_M1	4981	FG001	FG024
7	EO48	sim_L7_M1	4982	FG001	FG002
7	EO48	sim_L7_M1	4983	FG019	FG024
7	EO48	sim_L7_M1	4984	FG019	FG018
7	EO48	sim_L7_M1	4985	FG001	FG027
7	EO48	sim_L7_M1	4986	FG019	FG008
7	EO48	sim_L7_M1	4987	FG019	FG004
7	EO48	sim_L7_M1	4988	FG019	FG024
7	EO48	sim_L7_M1	4989	FG019	FG006
7	EO48	sim_L7_M1	4990	FG001	FG018
7	EO48	sim_L7_M1	4991	FG019	FG012
7	EO48	sim_L7_M1	4992	FG001	FG024
7	EO48	sim_L7_M1	4993	FG019	FG002
7	EO48	sim_L7_M1	4994	FG019	FG024
7	EO48	sim_L7_M1	4995	FG019	FG002
7	EO48	sim_L7_M1	4996	FG019	FG024
7	EO48	sim_L7_M1	4997	FG001	FG018
7	EO48	sim_L7_M1	4998	FG001	FG019
7	EO48	sim_L7_M2	4999	FG024	FG006
7	EO48	sim_L7_M2	5000	FG024	FG019
7	EO48	sim_L7_M2	5001	FG024	FG001
7	EO48	sim_L7_M2	5002	FG003	FG019
7	EO48	sim_L7_M2	5003	FG003	FG012
7	EO48	sim_L7_M2	5004	FG003	FG001
7	EO48	sim_L7_M2	5005	FG024	FG001
7	EO48	sim_L7_M2	5006	FG003	FG002
7	EO48	sim_L7_M2	5007	FG003	FG010
7	EO48	sim_L7_M2	5008	FG003	FG001
7	EO48	sim_L7_M2	5009	FG003	FG001
7	EO48	sim_L7_M2	5010	FG024	FG005
7	EO48	sim_L7_M2	5011	FG024	FG001
7	EO48	sim_L7_M2	5012	FG003	FG001
7	EO48	sim_L7_M2	5013	FG003	FG002
7	EO48	sim_L7_M2	5014	FG003	FG002
7	EO48	sim_L7_M2	5015	FG024	FG001
7	EO48	sim_L7_M2	5016	FG003	FG001
7	EO48	sim_L7_M2	5017	FG024	FG006
7	EO48	sim_L7_M2	5018	FG003	FG001
7	EO48	sim_L7_M2	5019	FG024	FG001
7	EO48	sim_L7_M2	5020	FG003	FG002
7	EO48	sim_L7_M2	5021	FG024	FG001
7	EO48	sim_L7_M3	5022	FG001	FG001
7	EO48	sim_L7_M3	5023	FG001	FG004
7	EO48	sim_L7_M3	5024	FG001	FG002
7	EO48	sim_L7_M3	5025	FG001	FG006
7	EO48	sim_L7_M3	5026	FG001	FG004
7	EO48	sim_L7_M3	5027	FG001	FG024
7	EO48	sim_L7_M3	5028	FG001	FG010
7	EO48	sim_L7_M3	5029	FG001	FG024
7	EO48	sim_L7_M3	5030	FG001	FG024
7	EO48	sim_L7_M3	5031	FG001	FG024
7	EO48	sim_L7_M3	5032	FG001	FG002
7	EO48	sim_L7_M3	5033	FG001	FG006
7	EO48	sim_L7_M3	5034	FG001	FG024
7	EO48	sim_L7_M3	5035	FG001	FG007
7	EO48	sim_L7_M3	5036	FG001	FG002
7	EO48	sim_L7_M3	5037	FG001	FG017
7	EO48	sim_L7_M3	5038	FG001	FG024
7	EO48	sim_L7_M4	5039	FG024	FG001
7	EO48	sim_L7_M4	5040	FG024	FG002
7	EO48	sim_L7_M4	5041	FG010	FG001
7	EO48	sim_L7_M4	5042	FG024	FG001
7	EO48	sim_L7_M4	5043	FG024	FG001
7	EO48	sim_L7_M4	5044	FG010	FG001
7	EO48	sim_L7_M4	5045	FG024	FG012
7	EO48	sim_L7_M4	5046	FG010	FG012
7	EO48	sim_L7_M4	5047	FG024	FG001
7	EO48	sim_L7_M4	5048	FG024	FG001
7	EO48	sim_L7_M4	5049	FG010	FG001
7	EO48	sim_L7_M4	5050	FG024	FG002
7	EO48	sim_L7_M4	5051	FG024	FG001
7	EO48	sim_L7_M4	5052	FG010	FG001
7	EO48	sim_L7_M4	5053	FG024	FG001
7	EO48	sim_L7_M4	5054	FG010	FG006
7	EO48	sim_L7_M4	5055	FG024	FG001
7	EO48	sim_L7_M4	5056	FG010	FG001
7	EO48	sim_L7_M4	5057	FG024	FG017
7	EO48	sim_L7_M4	5058	FG010	FG008
7	EO48	sim_L7_M4	5059	FG010	FG001
7	EO48	sim_L7_M4	5060	FG010	FG032
7	EO48	sim_L7_M4	5061	FG024	FG002
7	EO48	sim_L7_M4	5062	FG024	FG001
7	EO48	sim_L7_M4	5063	FG024	FG012
7	EO48	sim_L7_M5	5064	FG004	FG024
7	EO48	sim_L7_M5	5065	FG004	FG007
7	EO48	sim_L7_M5	5066	FG001	FG024
7	EO48	sim_L7_M5	5067	FG001	FG003
7	EO48	sim_L7_M5	5068	FG001	FG001
7	EO48	sim_L7_M5	5069	FG004	FG003
7	EO48	sim_L7_M5	5070	FG001	FG005
7	EO48	sim_L7_M5	5071	FG001	FG024
7	EO48	sim_L7_M5	5072	FG004	FG002
7	EO48	sim_L7_M5	5073	FG004	FG024
7	EO48	sim_L7_M5	5074	FG004	FG002
7	EO48	sim_L7_M5	5075	FG004	FG015
7	EO48	sim_L7_M5	5076	FG001	FG019
7	EO48	sim_L7_M5	5077	FG001	FG012
7	EO48	sim_L7_M6	5078	FG024	FG001
7	EO48	sim_L7_M6	5079	FG015	FG002
7	EO48	sim_L7_M6	5080	FG024	FG001
7	EO48	sim_L7_M6	5081	FG015	FG001
7	EO48	sim_L7_M6	5082	FG015	FG002
7	EO48	sim_L7_M6	5083	FG024	FG003
7	EO48	sim_L7_M6	5084	FG015	FG010
7	EO48	sim_L7_M6	5085	FG015	FG001
7	EO48	sim_L7_M6	5086	FG024	FG001
7	EO48	sim_L7_M6	5087	FG015	FG001
7	EO48	sim_L7_M6	5088	FG024	FG001
7	EO48	sim_L7_M6	5089	FG024	FG001
7	EO48	sim_L7_M6	5090	FG015	FG019
7	EO48	sim_L7_M6	5091	FG024	FG001
7	EO48	sim_L7_M6	5092	FG015	FG001
7	EO48	sim_L7_M6	5093	FG024	FG006
7	EO48	sim_L7_M6	5094	FG024	FG001
7	EO48	sim_L7_M6	5095	FG015	FG003
7	EO48	sim_L7_M6	5096	FG024	FG001
7	EO48	sim_L7_M6	5097	FG015	FG001
7	EO48	sim_L7_M6	5098	FG015	FG006
7	EO48	sim_L7_M6	5099	FG015	FG018
7	EO48	sim_L7_M6	5100	FG015	FG001
7	EO48	sim_L7_M6	5101	FG015	FG001
7	EO48	sim_L7_M6	5102	FG015	FG001
7	EO48	sim_L7_M6	5103	FG024	FG023
7	EO48	sim_L7_M6	5104	FG015	FG005
7	EO48	sim_L7_M7	5105	FG001	FG020
7	EO48	sim_L7_M7	5106	FG002	FG024
7	EO48	sim_L7_M7	5107	FG001	FG008
7	EO48	sim_L7_M7	5108	FG002	FG024
7	EO48	sim_L7_M7	5109	FG002	FG024
7	EO48	sim_L7_M7	5110	FG002	FG025
7	EO48	sim_L7_M7	5111	FG001	FG003
7	EO48	sim_L7_M7	5112	FG002	FG003
7	EO48	sim_L7_M7	5113	FG002	FG024
7	EO48	sim_L7_M7	5114	FG002	FG021
7	EO48	sim_L7_M7	5115	FG001	FG006
7	EO48	sim_L7_M7	5116	FG001	FG032
7	EO48	sim_L7_M7	5117	FG001	FG024
7	EO48	sim_L7_M7	5118	FG002	FG004
7	EO48	sim_L7_M7	5119	FG001	FG004
7	EO48	sim_L7_M7	5120	FG001	FG019
7	EO48	sim_L7_M7	5121	FG001	FG006
7	EO48	sim_L7_M8	5122	FG001	FG003
7	EO48	sim_L7_M8	5123	FG001	FG024
7	EO48	sim_L7_M8	5124	FG025	FG024
7	EO48	sim_L7_M8	5125	FG001	FG002
7	EO48	sim_L7_M8	5126	FG001	FG002
7	EO48	sim_L7_M8	5127	FG001	FG003
7	EO48	sim_L7_M8	5128	FG025	FG024
7	EO48	sim_L7_M8	5129	FG025	FG024
7	EO48	sim_L7_M8	5130	FG001	FG007
7	EO48	sim_L7_M8	5131	FG001	FG005
7	EO48	sim_L7_M8	5132	FG025	FG021
7	EO48	sim_L7_M8	5133	FG025	FG012
7	EO48	sim_L7_M8	5134	FG001	FG024
7	EO48	sim_L7_M8	5135	FG025	FG004
7	EO48	sim_L7_M8	5136	FG025	FG002
7	EO48	sim_L7_M8	5137	FG001	FG024
7	EO48	sim_L7_M8	5138	FG001	FG006
7	EO48	sim_L7_M8	5139	FG001	FG024
20	EO25-A	sim_L20_M0	5140	FG024	FG002
20	EO25-A	sim_L20_M0	5141	FG001	FG008
20	EO25-A	sim_L20_M0	5142	FG024	FG003
20	EO25-A	sim_L20_M0	5143	FG001	FG002
20	EO25-A	sim_L20_M0	5144	FG001	FG002
20	EO25-A	sim_L20_M0	5145	FG001	FG005
20	EO25-A	sim_L20_M0	5146	FG001	FG002
20	EO25-A	sim_L20_M0	5147	FG001	FG006
20	EO25-A	sim_L20_M0	5148	FG001	FG015
20	EO25-A	sim_L20_M0	5149	FG001	FG015
20	EO25-A	sim_L20_M0	5150	FG001	FG012
20	EO25-A	sim_L20_M0	5151	FG001	FG014
20	EO25-A	sim_L20_M0	5152	FG024	FG005
20	EO25-A	sim_L20_M0	5153	FG024	FG006
20	EO25-A	sim_L20_M0	5154	FG024	FG002
20	EO25-A	sim_L20_M1	5155	FG006	FG002
20	EO25-A	sim_L20_M1	5156	FG006	FG005
20	EO25-A	sim_L20_M1	5157	FG001	FG018
20	EO25-A	sim_L20_M1	5158	FG001	FG002
20	EO25-A	sim_L20_M1	5159	FG006	FG024
20	EO25-A	sim_L20_M1	5160	FG006	FG001
20	EO25-A	sim_L20_M1	5161	FG006	FG024
20	EO25-A	sim_L20_M1	5162	FG001	FG023
20	EO25-A	sim_L20_M1	5163	FG006	FG024
20	EO25-A	sim_L20_M1	5164	FG001	FG024
20	EO25-A	sim_L20_M2	5165	FG001	FG005
20	EO25-A	sim_L20_M2	5166	FG001	FG003
20	EO25-A	sim_L20_M2	5167	FG001	FG024
20	EO25-A	sim_L20_M2	5168	FG001	FG006
20	EO25-A	sim_L20_M2	5169	FG001	FG002
20	EO25-A	sim_L20_M2	5170	FG001	FG006
20	EO25-A	sim_L20_M2	5171	FG001	FG024
20	EO25-A	sim_L20_M2	5172	FG001	FG006
20	EO25-A	sim_L20_M2	5173	FG001	FG024
20	EO25-A	sim_L20_M2	5174	FG001	FG020
20	EO25-A	sim_L20_M2	5175	FG001	FG004
20	EO25-A	sim_L20_M2	5176	FG001	FG004
20	EO25-A	sim_L20_M2	5177	FG001	FG002
20	EO25-A	sim_L20_M2	5178	FG001	FG024
20	EO25-A	sim_L20_M2	5179	FG001	FG001
20	EO25-A	sim_L20_M2	5180	FG001	FG018
20	EO25-A	sim_L20_M2	5181	FG001	FG024
20	EO25-A	sim_L20_M2	5182	FG001	FG030
20	EO25-A	sim_L20_M2	5183	FG001	FG024
20	EO25-A	sim_L20_M3	5184	FG002	FG015
20	EO25-A	sim_L20_M3	5185	FG002	FG001
20	EO25-A	sim_L20_M3	5186	FG001	FG011
20	EO25-A	sim_L20_M3	5187	FG002	FG010
20	EO25-A	sim_L20_M3	5188	FG001	FG001
20	EO25-A	sim_L20_M3	5189	FG002	FG017
20	EO25-A	sim_L20_M3	5190	FG001	FG001
20	EO25-A	sim_L20_M3	5191	FG002	FG018
20	EO25-A	sim_L20_M3	5192	FG002	FG001
20	EO25-A	sim_L20_M3	5193	FG001	FG024
20	EO25-A	sim_L20_M4	5194	FG001	FG006
20	EO25-A	sim_L20_M4	5195	FG001	FG012
20	EO25-A	sim_L20_M4	5196	FG001	FG006
20	EO25-A	sim_L20_M4	5197	FG001	FG002
20	EO25-A	sim_L20_M4	5198	FG001	FG001
20	EO25-A	sim_L20_M4	5199	FG001	FG010
20	EO25-A	sim_L20_M4	5200	FG001	FG028
20	EO25-A	sim_L20_M4	5201	FG024	FG019
20	EO25-A	sim_L20_M4	5202	FG001	FG002
20	EO25-A	sim_L20_M4	5203	FG001	FG006
20	EO25-A	sim_L20_M4	5204	FG001	FG002
20	EO25-A	sim_L20_M4	5205	FG024	FG006
20	EO25-A	sim_L20_M4	5206	FG001	FG006
20	EO25-A	sim_L20_M5	5207	FG002	FG024
20	EO25-A	sim_L20_M5	5208	FG002	FG001
20	EO25-A	sim_L20_M5	5209	FG002	FG024
20	EO25-A	sim_L20_M5	5210	FG003	FG001
20	EO25-A	sim_L20_M5	5211	FG002	FG001
20	EO25-A	sim_L20_M5	5212	FG003	FG012
20	EO25-A	sim_L20_M5	5213	FG003	FG024
20	EO25-A	sim_L20_M5	5214	FG002	FG001
20	EO25-A	sim_L20_M5	5215	FG003	FG001
20	EO25-A	sim_L20_M5	5216	FG002	FG010
20	EO25-A	sim_L20_M5	5217	FG002	FG001
20	EO25-A	sim_L20_M5	5218	FG002	FG001
20	EO25-A	sim_L20_M5	5219	FG003	FG001
20	EO25-A	sim_L20_M5	5220	FG002	FG001
20	EO25-A	sim_L20_M5	5221	FG003	FG024
20	EO25-A	sim_L20_M5	5222	FG002	FG001
20	EO25-A	sim_L20_M5	5223	FG003	FG001
20	EO25-A	sim_L20_M5	5224	FG002	FG005
20	EO25-A	sim_L20_M5	5225	FG002	FG018
20	EO25-A	sim_L20_M5	5226	FG002	FG017
20	EO25-A	sim_L20_M5	5227	FG003	FG006
20	EO25-A	sim_L20_M5	5228	FG002	FG001
20	EO25-A	sim_L20_M5	5229	FG003	FG024
20	EO25-A	sim_L20_M5	5230	FG002	FG001
20	EO25-A	sim_L20_M5	5231	FG003	FG007
20	EO25-A	sim_L20_M5	5232	FG003	FG017
20	EO25-A	sim_L20_M5	5233	FG002	FG024
20	EO25-A	sim_L20_M6	5234	FG024	FG002
20	EO25-A	sim_L20_M6	5235	FG001	FG024
20	EO25-A	sim_L20_M6	5236	FG024	FG002
20	EO25-A	sim_L20_M6	5237	FG001	FG006
20	EO25-A	sim_L20_M6	5238	FG024	FG015
20	EO25-A	sim_L20_M6	5239	FG024	FG002
20	EO25-A	sim_L20_M6	5240	FG001	FG006
20	EO25-A	sim_L20_M6	5241	FG024	FG018
20	EO25-A	sim_L20_M6	5242	FG024	FG006
20	EO25-A	sim_L20_M6	5243	FG024	FG001
20	EO25-A	sim_L20_M6	5244	FG001	FG002
20	EO25-A	sim_L20_M6	5245	FG001	FG002
20	EO25-A	sim_L20_M6	5246	FG001	FG023
20	EO25-A	sim_L20_M6	5247	FG024	FG012
20	EO25-A	sim_L20_M6	5248	FG001	FG002
20	EO25-A	sim_L20_M6	5249	FG001	FG002
20	EO25-A	sim_L20_M6	5250	FG024	FG011
20	EO25-A	sim_L20_M6	5251	FG024	FG002
20	EO25-A	sim_L20_M6	5252	FG024	FG002
20	EO25-A	sim_L20_M7	5253	FG001	FG006
20	EO25-A	sim_L20_M7	5254	FG015	FG006
20	EO25-A	sim_L20_M7	5255	FG015	FG024
20	EO25-A	sim_L20_M7	5256	FG015	FG002
20	EO25-A	sim_L20_M7	5257	FG001	FG012
20	EO25-A	sim_L20_M7	5258	FG001	FG001
20	EO25-A	sim_L20_M7	5259	FG001	FG021
20	EO25-A	sim_L20_M7	5260	FG015	FG012
20	EO25-A	sim_L20_M7	5261	FG015	FG006
20	EO25-A	sim_L20_M7	5262	FG001	FG024
20	EO25-A	sim_L20_M7	5263	FG001	FG001
20	EO25-A	sim_L20_M7	5264	FG015	FG018
20	EO25-A	sim_L20_M7	5265	FG015	FG002
20	EO25-A	sim_L20_M7	5266	FG001	FG024
20	EO25-A	sim_L20_M7	5267	FG015	FG022
20	EO25-A	sim_L20_M7	5268	FG015	FG002
20	EO25-A	sim_L20_M7	5269	FG015	FG027
20	EO25-A	sim_L20_M7	5270	FG001	FG002
20	EO25-A	sim_L20_M7	5271	FG015	FG024
20	EO25-A	sim_L20_M8	5272	FG001	FG005
20	EO25-A	sim_L20_M8	5273	FG001	FG005
20	EO25-A	sim_L20_M8	5274	FG001	FG002
20	EO25-A	sim_L20_M8	5275	FG017	FG015
20	EO25-A	sim_L20_M8	5276	FG017	FG024
20	EO25-A	sim_L20_M8	5277	FG001	FG002
20	EO25-A	sim_L20_M8	5278	FG001	FG024
20	EO25-A	sim_L20_M8	5279	FG017	FG003
20	EO25-A	sim_L20_M8	5280	FG001	FG006
20	EO25-A	sim_L20_M8	5281	FG017	FG024
20	EO25-A	sim_L20_M8	5282	FG001	FG024
20	EO25-A	sim_L20_M8	5283	FG017	FG006
20	EO25-A	sim_L20_M8	5284	FG001	FG002
20	EO25-A	sim_L20_M8	5285	FG001	FG015
20	EO25-A	sim_L20_M8	5286	FG001	FG012
20	EO25-A	sim_L20_M8	5287	FG017	FG002
20	EO25-A	sim_L20_M8	5288	FG001	FG002
20	EO25-A	sim_L20_M8	5289	FG017	FG008
20	EO25-A	sim_L20_M9	5290	FG001	FG001
20	EO25-A	sim_L20_M9	5291	FG001	FG001
20	EO25-A	sim_L20_M9	5292	FG005	FG002
20	EO25-A	sim_L20_M9	5293	FG005	FG004
20	EO25-A	sim_L20_M9	5294	FG001	FG012
20	EO25-A	sim_L20_M9	5295	FG001	FG024
20	EO25-A	sim_L20_M9	5296	FG005	FG002
20	EO25-A	sim_L20_M9	5297	FG005	FG002
20	EO25-A	sim_L20_M9	5298	FG001	FG002
20	EO25-A	sim_L20_M9	5299	FG001	FG002
20	EO25-A	sim_L20_M9	5300	FG005	FG006
20	EO25-A	sim_L20_M9	5301	FG005	FG019
20	EO25-A	sim_L20_M9	5302	FG005	FG002
20	EO25-A	sim_L20_M9	5303	FG001	FG002
20	EO25-A	sim_L20_M9	5304	FG005	FG014
20	EO25-A	sim_L20_M9	5305	FG005	FG002
20	EO25-A	sim_L20_M9	5306	FG005	FG003
20	EO25-A	sim_L20_M10	5307	FG001	FG013
20	EO25-A	sim_L20_M10	5308	FG001	FG006
20	EO25-A	sim_L20_M10	5309	FG001	FG024
20	EO25-A	sim_L20_M10	5310	FG001	FG024
20	EO25-A	sim_L20_M10	5311	FG001	FG024
20	EO25-A	sim_L20_M10	5312	FG001	FG024
20	EO25-A	sim_L20_M10	5313	FG001	FG024
20	EO25-A	sim_L20_M10	5314	FG001	FG024
20	EO25-A	sim_L20_M10	5315	FG001	FG006
20	EO25-A	sim_L20_M10	5316	FG001	FG024
20	EO25-A	sim_L20_M10	5317	FG001	FG003
20	EO25-A	sim_L20_M10	5318	FG001	FG010
20	EO25-A	sim_L20_M10	5319	FG001	FG006
20	EO25-A	sim_L20_M10	5320	FG001	FG006
20	EO25-A	sim_L20_M10	5321	FG001	FG002
20	EO25-A	sim_L20_M10	5322	FG001	FG018
20	EO25-A	sim_L20_M10	5323	FG001	FG012
20	EO25-A	sim_L20_M10	5324	FG001	FG018
20	EO25-A	sim_L20_M10	5325	FG001	FG024
20	EO25-A	sim_L20_M10	5326	FG001	FG030
20	EO25-A	sim_L20_M11	5327	FG001	FG024
20	EO25-A	sim_L20_M11	5328	FG001	FG014
20	EO25-A	sim_L20_M11	5329	FG001	FG024
20	EO25-A	sim_L20_M11	5330	FG002	FG006
20	EO25-A	sim_L20_M11	5331	FG001	FG017
20	EO25-A	sim_L20_M11	5332	FG002	FG024
20	EO25-A	sim_L20_M11	5333	FG001	FG024
20	EO25-A	sim_L20_M11	5334	FG002	FG003
20	EO25-A	sim_L20_M11	5335	FG002	FG005
20	EO25-A	sim_L20_M11	5336	FG002	FG003
20	EO25-A	sim_L20_M11	5337	FG001	FG027
20	EO25-A	sim_L20_M11	5338	FG002	FG006
20	EO25-A	sim_L20_M11	5339	FG001	FG024
20	EO25-A	sim_L20_M11	5340	FG002	FG013
20	EO25-A	sim_L20_M12	5341	FG024	FG001
20	EO25-A	sim_L20_M12	5342	FG024	FG006
20	EO25-A	sim_L20_M12	5343	FG006	FG001
20	EO25-A	sim_L20_M12	5344	FG024	FG001
20	EO25-A	sim_L20_M12	5345	FG006	FG002
20	EO25-A	sim_L20_M12	5346	FG024	FG001
20	EO25-A	sim_L20_M12	5347	FG024	FG014
20	EO25-A	sim_L20_M12	5348	FG006	FG018
20	EO25-A	sim_L20_M12	5349	FG024	FG001
20	EO25-A	sim_L20_M12	5350	FG024	FG002
20	EO25-A	sim_L20_M12	5351	FG006	FG001
20	EO25-A	sim_L20_M12	5352	FG006	FG021
20	EO25-A	sim_L20_M12	5353	FG024	FG010
20	EO25-A	sim_L20_M12	5354	FG024	FG001
20	EO25-A	sim_L20_M12	5355	FG024	FG015
20	EO25-A	sim_L20_M12	5356	FG006	FG001
20	EO25-A	sim_L20_M12	5357	FG024	FG015
20	EO25-A	sim_L20_M12	5358	FG024	FG001
20	EO25-A	sim_L20_M12	5359	FG024	FG002
20	EO25-A	sim_L20_M13	5360	FG001	FG029
20	EO25-A	sim_L20_M13	5361	FG001	FG004
20	EO25-A	sim_L20_M13	5362	FG001	FG002
20	EO25-A	sim_L20_M13	5363	FG001	FG024
20	EO25-A	sim_L20_M13	5364	FG001	FG024
20	EO25-A	sim_L20_M13	5365	FG001	FG024
20	EO25-A	sim_L20_M13	5366	FG001	FG010
20	EO25-A	sim_L20_M13	5367	FG001	FG003
20	EO25-A	sim_L20_M13	5368	FG001	FG006
20	EO25-A	sim_L20_M13	5369	FG001	FG015
20	EO25-A	sim_L20_M13	5370	FG001	FG024
20	EO25-A	sim_L20_M13	5371	FG001	FG002
20	EO25-A	sim_L20_M14	5372	FG001	FG006
20	EO25-A	sim_L20_M14	5373	FG001	FG006
20	EO25-A	sim_L20_M14	5374	FG001	FG006
20	EO25-A	sim_L20_M14	5375	FG001	FG002
20	EO25-A	sim_L20_M14	5376	FG001	FG020
20	EO25-A	sim_L20_M14	5377	FG001	FG001
20	EO25-A	sim_L20_M14	5378	FG001	FG002
20	EO25-A	sim_L20_M14	5379	FG001	FG024
20	EO25-A	sim_L20_M14	5380	FG001	FG023
20	EO25-A	sim_L20_M14	5381	FG001	FG024
20	EO25-A	sim_L20_M14	5382	FG001	FG006
20	EO25-A	sim_L20_M14	5383	FG001	FG024
20	EO25-A	sim_L20_M14	5384	FG001	FG003
20	EO25-A	sim_L20_M14	5385	FG001	FG006
20	EO25-A	sim_L20_M14	5386	FG001	FG024
20	EO25-A	sim_L20_M14	5387	FG001	FG024
20	EO25-A	sim_L20_M14	5388	FG001	FG015
20	EO25-A	sim_L20_M14	5389	FG001	FG019
20	EO25-A	sim_L20_M14	5390	FG001	FG006
20	EO25-A	sim_L20_M14	5391	FG001	FG002
20	EO25-A	sim_L20_M15	5392	FG002	FG012
20	EO25-A	sim_L20_M15	5393	FG001	FG024
20	EO25-A	sim_L20_M15	5394	FG002	FG032
20	EO25-A	sim_L20_M15	5395	FG001	FG024
20	EO25-A	sim_L20_M15	5396	FG001	FG024
20	EO25-A	sim_L20_M15	5397	FG002	FG031
20	EO25-A	sim_L20_M15	5398	FG001	FG014
20	EO25-A	sim_L20_M15	5399	FG002	FG001
20	EO25-A	sim_L20_M15	5400	FG001	FG006
20	EO25-A	sim_L20_M16	5401	FG003	FG013
20	EO25-A	sim_L20_M16	5402	FG001	FG012
20	EO25-A	sim_L20_M16	5403	FG003	FG024
20	EO25-A	sim_L20_M16	5404	FG003	FG012
20	EO25-A	sim_L20_M16	5405	FG003	FG006
20	EO25-A	sim_L20_M16	5406	FG003	FG002
20	EO25-A	sim_L20_M16	5407	FG001	FG024
20	EO25-A	sim_L20_M16	5408	FG003	FG024
20	EO25-A	sim_L20_M16	5409	FG003	FG024
20	EO25-A	sim_L20_M16	5410	FG001	FG006
20	EO25-A	sim_L20_M16	5411	FG003	FG016
20	EO25-A	sim_L20_M16	5412	FG001	FG002
20	EO25-A	sim_L20_M16	5413	FG001	FG002
20	EO25-A	sim_L20_M16	5414	FG001	FG005
20	EO25-A	sim_L20_M17	5415	FG001	FG002
20	EO25-A	sim_L20_M17	5416	FG001	FG006
20	EO25-A	sim_L20_M17	5417	FG001	FG023
20	EO25-A	sim_L20_M17	5418	FG001	FG024
20	EO25-A	sim_L20_M17	5419	FG001	FG003
20	EO25-A	sim_L20_M17	5420	FG001	FG002
20	EO25-A	sim_L20_M17	5421	FG001	FG024
20	EO25-A	sim_L20_M17	5422	FG001	FG024
20	EO25-A	sim_L20_M17	5423	FG001	FG006
20	EO25-A	sim_L20_M17	5424	FG001	FG024
20	EO25-A	sim_L20_M17	5425	FG001	FG002
20	EO25-A	sim_L20_M17	5426	FG001	FG017
20	EO25-A	sim_L20_M17	5427	FG001	FG003
20	EO25-A	sim_L20_M17	5428	FG001	FG024
20	EO25-A	sim_L20_M17	5429	FG001	FG004
20	EO25-A	sim_L20_M17	5430	FG001	FG002
20	EO25-A	sim_L20_M17	5431	FG001	FG024
20	EO25-A	sim_L20_M17	5432	FG001	FG002
20	EO25-A	sim_L20_M18	5433	FG024	FG001
20	EO25-A	sim_L20_M18	5434	FG024	FG001
20	EO25-A	sim_L20_M18	5435	FG024	FG003
20	EO25-A	sim_L20_M18	5436	FG024	FG001
20	EO25-A	sim_L20_M18	5437	FG024	FG001
20	EO25-A	sim_L20_M18	5438	FG024	FG001
20	EO25-A	sim_L20_M18	5439	FG024	FG001
20	EO25-A	sim_L20_M18	5440	FG024	FG012
20	EO25-A	sim_L20_M18	5441	FG024	FG001
20	EO25-A	sim_L20_M18	5442	FG024	FG003
20	EO25-A	sim_L20_M18	5443	FG024	FG002
20	EO25-A	sim_L20_M18	5444	FG024	FG005
20	EO25-A	sim_L20_M18	5445	FG024	FG001
20	EO25-A	sim_L20_M18	5446	FG024	FG008
20	EO25-A	sim_L20_M18	5447	FG024	FG001
20	EO25-A	sim_L20_M18	5448	FG024	FG002
20	EO25-A	sim_L20_M18	5449	FG024	FG001
20	EO25-A	sim_L20_M18	5450	FG024	FG001
20	EO25-A	sim_L20_M18	5451	FG024	FG024
20	EO25-A	sim_L20_M18	5452	FG024	FG002
20	EO25-A	sim_L20_M18	5453	FG024	FG006
20	EO25-A	sim_L20_M18	5454	FG024	FG017
20	EO25-A	sim_L20_M19	5455	FG024	FG002
20	EO25-A	sim_L20_M19	5456	FG001	FG002
20	EO25-A	sim_L20_M19	5457	FG024	FG017
20	EO25-A	sim_L20_M19	5458	FG024	FG002
20	EO25-A	sim_L20_M19	5459	FG001	FG017
20	EO25-A	sim_L20_M19	5460	FG001	FG002
20	EO25-A	sim_L20_M19	5461	FG001	FG002
20	EO25-A	sim_L20_M19	5462	FG001	FG030
20	EO25-A	sim_L20_M19	5463	FG024	FG011
20	EO25-A	sim_L20_M19	5464	FG001	FG001
20	EO25-A	sim_L20_M19	5465	FG001	FG026
20	EO25-A	sim_L20_M19	5466	FG001	FG010
20	EO25-A	sim_L20_M19	5467	FG024	FG006
20	EO25-A	sim_L20_M19	5468	FG024	FG008
20	EO25-A	sim_L20_M20	5469	FG002	FG015
20	EO25-A	sim_L20_M20	5470	FG017	FG024
20	EO25-A	sim_L20_M20	5471	FG002	FG024
20	EO25-A	sim_L20_M20	5472	FG002	FG001
20	EO25-A	sim_L20_M20	5473	FG002	FG006
20	EO25-A	sim_L20_M20	5474	FG002	FG001
20	EO25-A	sim_L20_M20	5475	FG002	FG018
20	EO25-A	sim_L20_M20	5476	FG017	FG021
20	EO25-A	sim_L20_M20	5477	FG017	FG001
20	EO25-A	sim_L20_M20	5478	FG017	FG001
20	EO25-A	sim_L20_M20	5479	FG002	FG001
20	EO25-A	sim_L20_M20	5480	FG002	FG024
20	EO25-A	sim_L20_M20	5481	FG002	FG019
20	EO25-A	sim_L20_M20	5482	FG017	FG001
20	EO25-A	sim_L20_M20	5483	FG017	FG012
20	EO25-A	sim_L20_M20	5484	FG002	FG003
20	EO25-A	sim_L20_M20	5485	FG017	FG001
20	EO25-A	sim_L20_M20	5486	FG017	FG024
20	EO25-A	sim_L20_M20	5487	FG017	FG024
20	EO25-A	sim_L20_M20	5488	FG002	FG024
20	EO25-A	sim_L20_M20	5489	FG002	FG024
20	EO25-A	sim_L20_M20	5490	FG017	FG003
20	EO25-A	sim_L20_M20	5491	FG017	FG001
20	EO25-A	sim_L20_M20	5492	FG017	FG023
20	EO25-A	sim_L20_M20	5493	FG002	FG024
20	EO25-A	sim_L20_M20	5494	FG002	FG001
20	EO25-A	sim_L20_M21	5495	FG012	FG006
20	EO25-A	sim_L20_M21	5496	FG001	FG015
20	EO25-A	sim_L20_M21	5497	FG012	FG002
20	EO25-A	sim_L20_M21	5498	FG001	FG024
20	EO25-A	sim_L20_M21	5499	FG001	FG006
20	EO25-A	sim_L20_M21	5500	FG012	FG017
20	EO25-A	sim_L20_M21	5501	FG001	FG024
20	EO25-A	sim_L20_M21	5502	FG012	FG002
20	EO25-A	sim_L20_M21	5503	FG012	FG032
20	EO25-A	sim_L20_M21	5504	FG012	FG002
20	EO25-A	sim_L20_M21	5505	FG012	FG024
20	EO25-A	sim_L20_M21	5506	FG001	FG024
20	EO25-A	sim_L20_M21	5507	FG012	FG024
20	EO25-A	sim_L20_M21	5508	FG012	FG006
20	EO25-A	sim_L20_M21	5509	FG012	FG003
20	EO25-A	sim_L20_M21	5510	FG012	FG002
20	EO25-A	sim_L20_M21	5511	FG012	FG001
20	EO25-A	sim_L20_M21	5512	FG001	FG024
20	EO25-A	sim_L20_M21	5513	FG012	FG002
20	EO25-A	sim_L20_M22	5514	FG006	FG023
20	EO25-A	sim_L20_M22	5515	FG006	FG002
20	EO25-A	sim_L20_M22	5516	FG001	FG001
20	EO25-A	sim_L20_M22	5517	FG006	FG002
20	EO25-A	sim_L20_M22	5518	FG001	FG019
20	EO25-A	sim_L20_M22	5519	FG006	FG016
20	EO25-A	sim_L20_M22	5520	FG006	FG024
20	EO25-A	sim_L20_M22	5521	FG001	FG024
20	EO25-A	sim_L20_M22	5522	FG006	FG001
20	EO25-A	sim_L20_M22	5523	FG001	FG024
20	EO25-A	sim_L20_M22	5524	FG006	FG008
20	EO25-A	sim_L20_M22	5525	FG006	FG026
20	EO25-A	sim_L20_M22	5526	FG006	FG012
20	EO25-A	sim_L20_M22	5527	FG001	FG002
20	EO25-A	sim_L20_M22	5528	FG001	FG008
20	EO25-A	sim_L20_M23	5529	FG006	FG001
20	EO25-A	sim_L20_M23	5530	FG006	FG024
20	EO25-A	sim_L20_M23	5531	FG004	FG001
20	EO25-A	sim_L20_M23	5532	FG006	FG025
20	EO25-A	sim_L20_M23	5533	FG004	FG024
20	EO25-A	sim_L20_M23	5534	FG006	FG012
20	EO25-A	sim_L20_M23	5535	FG006	FG024
20	EO25-A	sim_L20_M23	5536	FG004	FG002
20	EO25-A	sim_L20_M23	5537	FG006	FG001
20	EO25-A	sim_L20_M23	5538	FG006	FG001
20	EO25-A	sim_L20_M23	5539	FG006	FG001
20	EO25-A	sim_L20_M23	5540	FG004	FG002
20	EO25-A	sim_L20_M23	5541	FG006	FG001
20	EO25-A	sim_L20_M23	5542	FG006	FG001
20	EO25-A	sim_L20_M23	5543	FG006	FG001
20	EO25-A	sim_L20_M23	5544	FG004	FG024
20	EO25-A	sim_L20_M23	5545	FG004	FG003
20	EO25-A	sim_L20_M23	5546	FG006	FG003
20	EO25-A	sim_L20_M23	5547	FG006	FG024
20	EO25-A	sim_L20_M23	5548	FG006	FG001
20	EO25-A	sim_L20_M23	5549	FG004	FG012
20	EO25-A	sim_L20_M23	5550	FG004	FG001
20	EO25-A	sim_L20_M23	5551	FG006	FG002
20	EO25-A	sim_L20_M23	5552	FG004	FG024
20	EO25-A	sim_L20_M23	5553	FG004	FG024
20	EO25-A	sim_L20_M23	5554	FG004	FG001
20	EO25-A	sim_L20_M23	5555	FG004	FG001
20	EO25-A	sim_L20_M24	5556	FG024	FG001
20	EO25-A	sim_L20_M24	5557	FG024	FG002
20	EO25-A	sim_L20_M24	5558	FG024	FG002
20	EO25-A	sim_L20_M24	5559	FG024	FG002
20	EO25-A	sim_L20_M24	5560	FG010	FG001
20	EO25-A	sim_L20_M24	5561	FG024	FG001
20	EO25-A	sim_L20_M24	5562	FG010	FG001
20	EO25-A	sim_L20_M24	5563	FG010	FG001
20	EO25-A	sim_L20_M24	5564	FG024	FG001
20	EO25-A	sim_L20_M24	5565	FG024	FG028
20	EO25-A	sim_L20_M24	5566	FG010	FG001
20	EO25-A	sim_L20_M24	5567	FG024	FG001
20	EO25-A	sim_L20_M24	5568	FG024	FG003
20	EO25-A	sim_L20_M24	5569	FG010	FG001
20	EO25-A	sim_L20_M24	5570	FG010	FG015
20	EO25-A	sim_L20_M24	5571	FG010	FG006
20	EO25-A	sim_L20_M24	5572	FG024	FG006
20	EO25-A	sim_L20_M24	5573	FG024	FG004
20	EO25-A	sim_L20_M24	5574	FG024	FG001
20	EO25-A	sim_L20_M24	5575	FG024	FG001
20	EO25-A	sim_L20_M24	5576	FG024	FG001
20	EO25-A	sim_L20_M24	5577	FG010	FG013
20	EO25-A	sim_L20_M24	5578	FG024	FG001
20	EO25-A	sim_L20_M24	5579	FG010	FG002
20	EO25-A	sim_L20_M24	5580	FG024	FG006
20	EO25-A	sim_L20_M25	5581	FG001	FG003
20	EO25-A	sim_L20_M25	5582	FG001	FG006
20	EO25-A	sim_L20_M25	5583	FG001	FG024
20	EO25-A	sim_L20_M25	5584	FG001	FG024
20	EO25-A	sim_L20_M25	5585	FG001	FG024
20	EO25-A	sim_L20_M25	5586	FG001	FG002
20	EO25-A	sim_L20_M25	5587	FG001	FG024
20	EO25-A	sim_L20_M25	5588	FG001	FG006
20	EO25-A	sim_L20_M25	5589	FG001	FG010
20	EO25-A	sim_L20_M25	5590	FG001	FG029
20	EO25-A	sim_L20_M25	5591	FG001	FG017
20	EO25-A	sim_L20_M25	5592	FG001	FG001
20	EO25-A	sim_L20_M25	5593	FG001	FG017
20	EO25-A	sim_L20_M25	5594	FG001	FG002
20	EO25-A	sim_L20_M25	5595	FG001	FG002
20	EO25-A	sim_L20_M26	5596	FG024	FG003
20	EO25-A	sim_L20_M26	5597	FG024	FG010
20	EO25-A	sim_L20_M26	5598	FG001	FG021
20	EO25-A	sim_L20_M26	5599	FG001	FG006
20	EO25-A	sim_L20_M26	5600	FG001	FG016
20	EO25-A	sim_L20_M26	5601	FG001	FG003
20	EO25-A	sim_L20_M26	5602	FG024	FG019
20	EO25-A	sim_L20_M26	5603	FG001	FG006
20	EO25-A	sim_L20_M26	5604	FG001	FG010
20	EO25-A	sim_L20_M26	5605	FG024	FG001
20	EO25-A	sim_L20_M26	5606	FG001	FG001
20	EO25-A	sim_L20_M26	5607	FG024	FG006
20	EO25-A	sim_L20_M26	5608	FG024	FG006
20	EO25-A	sim_L20_M26	5609	FG001	FG030
20	EO25-A	sim_L20_M27	5610	FG002	FG024
20	EO25-A	sim_L20_M27	5611	FG010	FG001
20	EO25-A	sim_L20_M27	5612	FG002	FG001
20	EO25-A	sim_L20_M27	5613	FG002	FG001
20	EO25-A	sim_L20_M27	5614	FG010	FG001
20	EO25-A	sim_L20_M27	5615	FG010	FG001
20	EO25-A	sim_L20_M27	5616	FG002	FG024
20	EO25-A	sim_L20_M27	5617	FG010	FG030
20	EO25-A	sim_L20_M27	5618	FG002	FG001
20	EO25-A	sim_L20_M27	5619	FG002	FG019
20	EO25-A	sim_L20_M27	5620	FG010	FG024
20	EO25-A	sim_L20_M27	5621	FG010	FG001
20	EO25-A	sim_L20_M27	5622	FG002	FG006
20	EO25-A	sim_L20_M27	5623	FG010	FG024
20	EO25-A	sim_L20_M27	5624	FG010	FG024
20	EO25-A	sim_L20_M27	5625	FG002	FG001
20	EO25-A	sim_L20_M27	5626	FG010	FG001
20	EO25-A	sim_L20_M27	5627	FG002	FG001
20	EO25-A	sim_L20_M27	5628	FG002	FG001
20	EO25-A	sim_L20_M27	5629	FG010	FG004
20	EO25-A	sim_L20_M27	5630	FG010	FG001
20	EO25-A	sim_L20_M27	5631	FG010	FG001
20	EO25-A	sim_L20_M27	5632	FG002	FG023
20	EO25-A	sim_L20_M27	5633	FG002	FG015
20	EO25-A	sim_L20_M27	5634	FG010	FG004
20	EO25-A	sim_L20_M27	5635	FG010	FG012
20	EO25-A	sim_L20_M28	5636	FG024	FG018
20	EO25-A	sim_L20_M28	5637	FG024	FG001
20	EO25-A	sim_L20_M28	5638	FG024	FG002
20	EO25-A	sim_L20_M28	5639	FG024	FG008
20	EO25-A	sim_L20_M28	5640	FG024	FG002
20	EO25-A	sim_L20_M28	5641	FG024	FG014
20	EO25-A	sim_L20_M28	5642	FG024	FG001
20	EO25-A	sim_L20_M28	5643	FG024	FG006
20	EO25-A	sim_L20_M28	5644	FG024	FG002
20	EO25-A	sim_L20_M28	5645	FG024	FG016
20	EO25-A	sim_L20_M28	5646	FG024	FG001
20	EO25-A	sim_L20_M28	5647	FG024	FG001
20	EO25-A	sim_L20_M28	5648	FG024	FG001
20	EO25-A	sim_L20_M28	5649	FG024	FG001
20	EO25-A	sim_L20_M28	5650	FG024	FG001
20	EO25-A	sim_L20_M28	5651	FG024	FG001
20	EO25-A	sim_L20_M28	5652	FG024	FG003
20	EO25-A	sim_L20_M28	5653	FG024	FG001
20	EO25-A	sim_L20_M28	5654	FG024	FG019
20	EO25-A	sim_L20_M28	5655	FG024	FG004
20	EO25-A	sim_L20_M28	5656	FG024	FG001
20	EO25-A	sim_L20_M28	5657	FG024	FG001
20	EO25-A	sim_L20_M28	5658	FG024	FG001
20	EO25-A	sim_L20_M28	5659	FG024	FG002
20	EO25-A	sim_L20_M28	5660	FG024	FG001
20	EO25-A	sim_L20_M28	5661	FG024	FG001
20	EO25-A	sim_L20_M28	5662	FG024	FG001
31	EO26-3	sim_L31_M0	5663	FG001	FG009
31	EO26-3	sim_L31_M0	5664	FG001	FG002
31	EO26-3	sim_L31_M0	5665	FG020	FG009
31	EO26-3	sim_L31_M0	5666	FG001	FG024
31	EO26-3	sim_L31_M0	5667	FG001	FG024
31	EO26-3	sim_L31_M0	5668	FG001	FG014
31	EO26-3	sim_L31_M0	5669	FG001	FG002
31	EO26-3	sim_L31_M0	5670	FG001	FG024
31	EO26-3	sim_L31_M0	5671	FG020	FG001
31	EO26-3	sim_L31_M0	5672	FG001	FG024
31	EO26-3	sim_L31_M0	5673	FG020	FG024
31	EO26-3	sim_L31_M0	5674	FG020	FG002
31	EO26-3	sim_L31_M0	5675	FG020	FG018
31	EO26-3	sim_L31_M0	5676	FG001	FG024
31	EO26-3	sim_L31_M0	5677	FG001	FG024
31	EO26-3	sim_L31_M0	5678	FG001	FG024
31	EO26-3	sim_L31_M1	5679	FG015	FG001
31	EO26-3	sim_L31_M1	5680	FG015	FG001
31	EO26-3	sim_L31_M1	5681	FG015	FG001
31	EO26-3	sim_L31_M1	5682	FG005	FG003
31	EO26-3	sim_L31_M1	5683	FG005	FG001
31	EO26-3	sim_L31_M1	5684	FG015	FG003
31	EO26-3	sim_L31_M1	5685	FG005	FG001
31	EO26-3	sim_L31_M1	5686	FG005	FG002
31	EO26-3	sim_L31_M1	5687	FG005	FG001
31	EO26-3	sim_L31_M1	5688	FG015	FG001
31	EO26-3	sim_L31_M1	5689	FG015	FG010
31	EO26-3	sim_L31_M1	5690	FG015	FG001
31	EO26-3	sim_L31_M1	5691	FG005	FG002
31	EO26-3	sim_L31_M1	5692	FG005	FG001
31	EO26-3	sim_L31_M1	5693	FG015	FG001
31	EO26-3	sim_L31_M1	5694	FG005	FG006
31	EO26-3	sim_L31_M1	5695	FG005	FG001
31	EO26-3	sim_L31_M1	5696	FG005	FG001
31	EO26-3	sim_L31_M1	5697	FG005	FG012
31	EO26-3	sim_L31_M1	5698	FG005	FG024
31	EO26-3	sim_L31_M1	5699	FG015	FG024
31	EO26-3	sim_L31_M1	5700	FG015	FG001
31	EO26-3	sim_L31_M1	5701	FG005	FG002
31	EO26-3	sim_L31_M1	5702	FG015	FG003
31	EO26-3	sim_L31_M1	5703	FG005	FG024
31	EO26-3	sim_L31_M1	5704	FG015	FG001
31	EO26-3	sim_L31_M1	5705	FG005	FG018
31	EO26-3	sim_L31_M1	5706	FG015	FG006
31	EO26-3	sim_L31_M2	5707	FG009	FG026
31	EO26-3	sim_L31_M2	5708	FG009	FG001
31	EO26-3	sim_L31_M2	5709	FG024	FG001
31	EO26-3	sim_L31_M2	5710	FG024	FG001
31	EO26-3	sim_L31_M2	5711	FG024	FG001
31	EO26-3	sim_L31_M2	5712	FG024	FG001
31	EO26-3	sim_L31_M2	5713	FG009	FG013
31	EO26-3	sim_L31_M2	5714	FG009	FG002
31	EO26-3	sim_L31_M2	5715	FG024	FG001
31	EO26-3	sim_L31_M2	5716	FG024	FG001
31	EO26-3	sim_L31_M2	5717	FG024	FG001
31	EO26-3	sim_L31_M2	5718	FG009	FG019
31	EO26-3	sim_L31_M2	5719	FG024	FG001
31	EO26-3	sim_L31_M2	5720	FG009	FG001
31	EO26-3	sim_L31_M2	5721	FG024	FG001
31	EO26-3	sim_L31_M2	5722	FG009	FG002
31	EO26-3	sim_L31_M2	5723	FG009	FG001
31	EO26-3	sim_L31_M2	5724	FG009	FG017
31	EO26-3	sim_L31_M2	5725	FG009	FG001
31	EO26-3	sim_L31_M2	5726	FG009	FG001
31	EO26-3	sim_L31_M2	5727	FG009	FG006
31	EO26-3	sim_L31_M2	5728	FG009	FG001
31	EO26-3	sim_L31_M2	5729	FG009	FG002
31	EO26-3	sim_L31_M3	5730	FG002	FG021
31	EO26-3	sim_L31_M3	5731	FG002	FG006
31	EO26-3	sim_L31_M3	5732	FG002	FG001
31	EO26-3	sim_L31_M3	5733	FG002	FG001
31	EO26-3	sim_L31_M3	5734	FG002	FG001
31	EO26-3	sim_L31_M3	5735	FG002	FG010
31	EO26-3	sim_L31_M3	5736	FG002	FG001
31	EO26-3	sim_L31_M3	5737	FG002	FG024
31	EO26-3	sim_L31_M3	5738	FG002	FG001
31	EO26-3	sim_L31_M3	5739	FG002	FG024
31	EO26-3	sim_L31_M3	5740	FG002	FG001
31	EO26-3	sim_L31_M3	5741	FG002	FG012
31	EO26-3	sim_L31_M3	5742	FG002	FG024
31	EO26-3	sim_L31_M3	5743	FG002	FG024
31	EO26-3	sim_L31_M3	5744	FG002	FG024
31	EO26-3	sim_L31_M3	5745	FG002	FG001
31	EO26-3	sim_L31_M3	5746	FG002	FG001
31	EO26-3	sim_L31_M3	5747	FG002	FG007
31	EO26-3	sim_L31_M3	5748	FG002	FG001
31	EO26-3	sim_L31_M3	5749	FG002	FG001
31	EO26-3	sim_L31_M3	5750	FG002	FG010
31	EO26-3	sim_L31_M3	5751	FG002	FG005
31	EO26-3	sim_L31_M3	5752	FG002	FG003
31	EO26-3	sim_L31_M3	5753	FG002	FG024
31	EO26-3	sim_L31_M3	5754	FG002	FG001
31	EO26-3	sim_L31_M3	5755	FG002	FG024
31	EO26-3	sim_L31_M4	5756	FG017	FG010
31	EO26-3	sim_L31_M4	5757	FG017	FG024
31	EO26-3	sim_L31_M4	5758	FG001	FG024
31	EO26-3	sim_L31_M4	5759	FG017	FG010
31	EO26-3	sim_L31_M4	5760	FG017	FG002
31	EO26-3	sim_L31_M4	5761	FG017	FG006
31	EO26-3	sim_L31_M4	5762	FG017	FG002
31	EO26-3	sim_L31_M4	5763	FG017	FG024
31	EO26-3	sim_L31_M4	5764	FG017	FG006
31	EO26-3	sim_L31_M4	5765	FG017	FG024
31	EO26-3	sim_L31_M4	5766	FG017	FG002
31	EO26-3	sim_L31_M4	5767	FG017	FG028
31	EO26-3	sim_L31_M4	5768	FG001	FG024
31	EO26-3	sim_L31_M4	5769	FG017	FG002
31	EO26-3	sim_L31_M4	5770	FG017	FG001
31	EO26-3	sim_L31_M4	5771	FG001	FG014
31	EO26-3	sim_L31_M4	5772	FG017	FG015
31	EO26-3	sim_L31_M4	5773	FG017	FG019
31	EO26-3	sim_L31_M4	5774	FG017	FG005
31	EO26-3	sim_L31_M5	5775	FG001	FG024
31	EO26-3	sim_L31_M5	5776	FG001	FG001
31	EO26-3	sim_L31_M5	5777	FG001	FG009
31	EO26-3	sim_L31_M5	5778	FG001	FG024
31	EO26-3	sim_L31_M5	5779	FG001	FG024
31	EO26-3	sim_L31_M5	5780	FG001	FG002
31	EO26-3	sim_L31_M5	5781	FG001	FG012
31	EO26-3	sim_L31_M5	5782	FG001	FG001
31	EO26-3	sim_L31_M5	5783	FG001	FG001
31	EO26-3	sim_L31_M5	5784	FG001	FG002
31	EO26-3	sim_L31_M5	5785	FG001	FG002
31	EO26-3	sim_L31_M5	5786	FG001	FG024
31	EO26-3	sim_L31_M5	5787	FG001	FG003
31	EO26-3	sim_L31_M5	5788	FG001	FG024
31	EO26-3	sim_L31_M5	5789	FG001	FG015
31	EO26-3	sim_L31_M5	5790	FG001	FG024
31	EO26-3	sim_L31_M5	5791	FG001	FG006
31	EO26-3	sim_L31_M5	5792	FG001	FG006
31	EO26-3	sim_L31_M5	5793	FG001	FG005
31	EO26-3	sim_L31_M6	5794	FG002	FG004
31	EO26-3	sim_L31_M6	5795	FG002	FG024
31	EO26-3	sim_L31_M6	5796	FG001	FG024
31	EO26-3	sim_L31_M6	5797	FG001	FG024
31	EO26-3	sim_L31_M6	5798	FG001	FG018
31	EO26-3	sim_L31_M6	5799	FG001	FG024
31	EO26-3	sim_L31_M6	5800	FG001	FG024
31	EO26-3	sim_L31_M6	5801	FG001	FG009
31	EO26-3	sim_L31_M6	5802	FG002	FG024
31	EO26-3	sim_L31_M6	5803	FG001	FG024
31	EO26-3	sim_L31_M6	5804	FG002	FG023
31	EO26-3	sim_L31_M6	5805	FG001	FG024
31	EO26-3	sim_L31_M6	5806	FG001	FG024
31	EO26-3	sim_L31_M6	5807	FG001	FG003
31	EO26-3	sim_L31_M6	5808	FG002	FG024
31	EO26-3	sim_L31_M6	5809	FG001	FG001
31	EO26-3	sim_L31_M6	5810	FG001	FG003
31	EO26-3	sim_L31_M7	5811	FG002	FG023
31	EO26-3	sim_L31_M7	5812	FG001	FG002
31	EO26-3	sim_L31_M7	5813	FG002	FG006
31	EO26-3	sim_L31_M7	5814	FG001	FG023
31	EO26-3	sim_L31_M7	5815	FG001	FG023
31	EO26-3	sim_L31_M7	5816	FG002	FG017
31	EO26-3	sim_L31_M7	5817	FG001	FG024
31	EO26-3	sim_L31_M7	5818	FG001	FG024
31	EO26-3	sim_L31_M7	5819	FG002	FG024
31	EO26-3	sim_L31_M7	5820	FG002	FG024
31	EO26-3	sim_L31_M8	5821	FG001	FG024
31	EO26-3	sim_L31_M8	5822	FG001	FG001
31	EO26-3	sim_L31_M8	5823	FG001	FG024
31	EO26-3	sim_L31_M8	5824	FG001	FG024
31	EO26-3	sim_L31_M8	5825	FG001	FG024
31	EO26-3	sim_L31_M8	5826	FG001	FG005
31	EO26-3	sim_L31_M8	5827	FG001	FG024
31	EO26-3	sim_L31_M8	5828	FG001	FG024
31	EO26-3	sim_L31_M8	5829	FG001	FG018
31	EO26-3	sim_L31_M8	5830	FG001	FG002
31	EO26-3	sim_L31_M8	5831	FG001	FG015
31	EO26-3	sim_L31_M8	5832	FG001	FG024
31	EO26-3	sim_L31_M8	5833	FG001	FG021
31	EO26-3	sim_L31_M8	5834	FG001	FG024
31	EO26-3	sim_L31_M8	5835	FG001	FG012
31	EO26-3	sim_L31_M8	5836	FG001	FG002
31	EO26-3	sim_L31_M9	5837	FG012	FG001
31	EO26-3	sim_L31_M9	5838	FG012	FG001
31	EO26-3	sim_L31_M9	5839	FG012	FG005
31	EO26-3	sim_L31_M9	5840	FG012	FG006
31	EO26-3	sim_L31_M9	5841	FG012	FG004
31	EO26-3	sim_L31_M9	5842	FG012	FG002
31	EO26-3	sim_L31_M9	5843	FG024	FG001
31	EO26-3	sim_L31_M9	5844	FG024	FG001
31	EO26-3	sim_L31_M9	5845	FG012	FG001
31	EO26-3	sim_L31_M9	5846	FG012	FG001
31	EO26-3	sim_L31_M9	5847	FG024	FG002
31	EO26-3	sim_L31_M9	5848	FG024	FG001
31	EO26-3	sim_L31_M9	5849	FG024	FG030
31	EO26-3	sim_L31_M9	5850	FG012	FG001
31	EO26-3	sim_L31_M9	5851	FG024	FG010
31	EO26-3	sim_L31_M9	5852	FG012	FG002
31	EO26-3	sim_L31_M9	5853	FG024	FG001
31	EO26-3	sim_L31_M9	5854	FG012	FG001
31	EO26-3	sim_L31_M9	5855	FG012	FG002
31	EO26-3	sim_L31_M9	5856	FG024	FG007
31	EO26-3	sim_L31_M9	5857	FG012	FG001
31	EO26-3	sim_L31_M9	5858	FG024	FG002
31	EO26-3	sim_L31_M9	5859	FG012	FG001
31	EO26-3	sim_L31_M10	5860	FG006	FG024
31	EO26-3	sim_L31_M10	5861	FG006	FG024
31	EO26-3	sim_L31_M10	5862	FG006	FG001
31	EO26-3	sim_L31_M10	5863	FG002	FG002
31	EO26-3	sim_L31_M10	5864	FG006	FG009
31	EO26-3	sim_L31_M10	5865	FG006	FG001
31	EO26-3	sim_L31_M10	5866	FG002	FG012
31	EO26-3	sim_L31_M10	5867	FG006	FG001
31	EO26-3	sim_L31_M10	5868	FG002	FG024
31	EO26-3	sim_L31_M10	5869	FG006	FG024
31	EO26-3	sim_L31_M10	5870	FG006	FG024
31	EO26-3	sim_L31_M10	5871	FG006	FG024
31	EO26-3	sim_L31_M10	5872	FG002	FG001
31	EO26-3	sim_L31_M10	5873	FG006	FG001
31	EO26-3	sim_L31_M10	5874	FG002	FG001
31	EO26-3	sim_L31_M10	5875	FG002	FG011
31	EO26-3	sim_L31_M10	5876	FG006	FG011
31	EO26-3	sim_L31_M10	5877	FG002	FG003
31	EO26-3	sim_L31_M10	5878	FG006	FG024
31	EO26-3	sim_L31_M10	5879	FG002	FG004
31	EO26-3	sim_L31_M10	5880	FG006	FG001
31	EO26-3	sim_L31_M10	5881	FG002	FG021
31	EO26-3	sim_L31_M10	5882	FG002	FG012
31	EO26-3	sim_L31_M10	5883	FG006	FG001
31	EO26-3	sim_L31_M10	5884	FG006	FG001
31	EO26-3	sim_L31_M10	5885	FG002	FG024
31	EO26-3	sim_L31_M10	5886	FG006	FG012
31	EO26-3	sim_L31_M11	5887	FG002	FG004
31	EO26-3	sim_L31_M11	5888	FG023	FG006
31	EO26-3	sim_L31_M11	5889	FG002	FG017
31	EO26-3	sim_L31_M11	5890	FG023	FG010
31	EO26-3	sim_L31_M11	5891	FG023	FG001
31	EO26-3	sim_L31_M11	5892	FG023	FG001
31	EO26-3	sim_L31_M11	5893	FG023	FG001
31	EO26-3	sim_L31_M11	5894	FG023	FG001
31	EO26-3	sim_L31_M11	5895	FG023	FG001
31	EO26-3	sim_L31_M11	5896	FG002	FG024
31	EO26-3	sim_L31_M11	5897	FG002	FG001
31	EO26-3	sim_L31_M11	5898	FG002	FG024
31	EO26-3	sim_L31_M11	5899	FG002	FG002
31	EO26-3	sim_L31_M11	5900	FG023	FG001
31	EO26-3	sim_L31_M11	5901	FG023	FG024
31	EO26-3	sim_L31_M11	5902	FG023	FG001
31	EO26-3	sim_L31_M11	5903	FG002	FG024
31	EO26-3	sim_L31_M11	5904	FG023	FG001
31	EO26-3	sim_L31_M11	5905	FG023	FG002
31	EO26-3	sim_L31_M11	5906	FG023	FG024
31	EO26-3	sim_L31_M11	5907	FG023	FG001
31	EO26-3	sim_L31_M11	5908	FG023	FG001
31	EO26-3	sim_L31_M11	5909	FG023	FG006
31	EO26-3	sim_L31_M11	5910	FG002	FG001
31	EO26-3	sim_L31_M11	5911	FG023	FG015
31	EO26-3	sim_L31_M12	5912	FG020	FG024
31	EO26-3	sim_L31_M12	5913	FG001	FG024
31	EO26-3	sim_L31_M12	5914	FG001	FG024
31	EO26-3	sim_L31_M12	5915	FG001	FG019
31	EO26-3	sim_L31_M12	5916	FG001	FG003
31	EO26-3	sim_L31_M12	5917	FG020	FG018
31	EO26-3	sim_L31_M12	5918	FG020	FG002
31	EO26-3	sim_L31_M12	5919	FG001	FG018
31	EO26-3	sim_L31_M12	5920	FG020	FG017
31	EO26-3	sim_L31_M12	5921	FG001	FG002
31	EO26-3	sim_L31_M12	5922	FG020	FG024
31	EO26-3	sim_L31_M12	5923	FG020	FG003
31	EO26-3	sim_L31_M12	5924	FG020	FG006
31	EO26-3	sim_L31_M12	5925	FG020	FG006
31	EO26-3	sim_L31_M12	5926	FG001	FG006
31	EO26-3	sim_L31_M12	5927	FG020	FG024
31	EO26-3	sim_L31_M12	5928	FG020	FG004
31	EO26-3	sim_L31_M12	5929	FG020	FG024
31	EO26-3	sim_L31_M12	5930	FG020	FG010
31	EO26-3	sim_L31_M13	5931	FG024	FG001
31	EO26-3	sim_L31_M13	5932	FG024	FG006
31	EO26-3	sim_L31_M13	5933	FG024	FG001
31	EO26-3	sim_L31_M13	5934	FG024	FG001
31	EO26-3	sim_L31_M13	5935	FG024	FG019
31	EO26-3	sim_L31_M13	5936	FG024	FG019
31	EO26-3	sim_L31_M13	5937	FG024	FG002
31	EO26-3	sim_L31_M13	5938	FG024	FG021
31	EO26-3	sim_L31_M13	5939	FG024	FG006
31	EO26-3	sim_L31_M13	5940	FG024	FG001
31	EO26-3	sim_L31_M13	5941	FG024	FG002
31	EO26-3	sim_L31_M13	5942	FG024	FG001
31	EO26-3	sim_L31_M13	5943	FG024	FG001
31	EO26-3	sim_L31_M13	5944	FG024	FG001
31	EO26-3	sim_L31_M13	5945	FG024	FG001
31	EO26-3	sim_L31_M13	5946	FG024	FG002
31	EO26-3	sim_L31_M13	5947	FG024	FG006
31	EO26-3	sim_L31_M13	5948	FG024	FG002
31	EO26-3	sim_L31_M13	5949	FG024	FG002
31	EO26-3	sim_L31_M13	5950	FG024	FG002
31	EO26-3	sim_L31_M13	5951	FG024	FG002
31	EO26-3	sim_L31_M13	5952	FG024	FG001
31	EO26-3	sim_L31_M13	5953	FG024	FG001
31	EO26-3	sim_L31_M13	5954	FG024	FG002
31	EO26-3	sim_L31_M13	5955	FG024	FG002
31	EO26-3	sim_L31_M14	5956	FG010	FG003
31	EO26-3	sim_L31_M14	5957	FG001	FG024
31	EO26-3	sim_L31_M14	5958	FG010	FG026
31	EO26-3	sim_L31_M14	5959	FG001	FG024
31	EO26-3	sim_L31_M14	5960	FG001	FG002
31	EO26-3	sim_L31_M14	5961	FG001	FG024
31	EO26-3	sim_L31_M14	5962	FG010	FG012
31	EO26-3	sim_L31_M14	5963	FG001	FG024
31	EO26-3	sim_L31_M14	5964	FG010	FG002
31	EO26-3	sim_L31_M14	5965	FG010	FG024
31	EO26-3	sim_L31_M14	5966	FG001	FG024
31	EO26-3	sim_L31_M14	5967	FG010	FG015
31	EO26-3	sim_L31_M14	5968	FG010	FG021
31	EO26-3	sim_L31_M14	5969	FG001	FG015
31	EO26-3	sim_L31_M14	5970	FG010	FG024
31	EO26-3	sim_L31_M14	5971	FG001	FG024
31	EO26-3	sim_L31_M14	5972	FG010	FG003
31	EO26-3	sim_L31_M14	5973	FG001	FG002
31	EO26-3	sim_L31_M14	5974	FG010	FG024
31	EO26-3	sim_L31_M14	5975	FG001	FG024
31	EO26-3	sim_L31_M14	5976	FG010	FG002
31	EO26-3	sim_L31_M15	5977	FG024	FG019
31	EO26-3	sim_L31_M15	5978	FG024	FG001
31	EO26-3	sim_L31_M15	5979	FG024	FG002
31	EO26-3	sim_L31_M15	5980	FG024	FG001
31	EO26-3	sim_L31_M15	5981	FG025	FG001
31	EO26-3	sim_L31_M15	5982	FG025	FG006
31	EO26-3	sim_L31_M15	5983	FG025	FG001
31	EO26-3	sim_L31_M15	5984	FG025	FG023
31	EO26-3	sim_L31_M15	5985	FG024	FG010
31	EO26-3	sim_L31_M15	5986	FG025	FG001
31	EO26-3	sim_L31_M15	5987	FG024	FG002
31	EO26-3	sim_L31_M15	5988	FG025	FG001
31	EO26-3	sim_L31_M15	5989	FG024	FG005
31	EO26-3	sim_L31_M15	5990	FG025	FG002
31	EO26-3	sim_L31_M15	5991	FG024	FG001
31	EO26-3	sim_L31_M15	5992	FG025	FG001
31	EO26-3	sim_L31_M15	5993	FG024	FG001
31	EO26-3	sim_L31_M15	5994	FG025	FG006
31	EO26-3	sim_L31_M15	5995	FG025	FG001
31	EO26-3	sim_L31_M15	5996	FG024	FG001
31	EO26-3	sim_L31_M15	5997	FG024	FG019
31	EO26-3	sim_L31_M15	5998	FG025	FG001
31	EO26-3	sim_L31_M15	5999	FG025	FG001
31	EO26-3	sim_L31_M15	6000	FG024	FG002
31	EO26-3	sim_L31_M15	6001	FG025	FG001
31	EO26-3	sim_L31_M15	6002	FG024	FG009
31	EO26-3	sim_L31_M16	6003	FG017	FG024
31	EO26-3	sim_L31_M16	6004	FG001	FG002
31	EO26-3	sim_L31_M16	6005	FG001	FG003
31	EO26-3	sim_L31_M16	6006	FG001	FG002
31	EO26-3	sim_L31_M16	6007	FG017	FG024
31	EO26-3	sim_L31_M16	6008	FG001	FG024
31	EO26-3	sim_L31_M16	6009	FG001	FG006
31	EO26-3	sim_L31_M16	6010	FG001	FG024
31	EO26-3	sim_L31_M16	6011	FG017	FG012
31	EO26-3	sim_L31_M16	6012	FG017	FG024
31	EO26-3	sim_L31_M16	6013	FG001	FG006
31	EO26-3	sim_L31_M16	6014	FG017	FG012
31	EO26-3	sim_L31_M16	6015	FG017	FG002
31	EO26-3	sim_L31_M16	6016	FG017	FG015
31	EO26-3	sim_L31_M16	6017	FG017	FG003
31	EO26-3	sim_L31_M16	6018	FG001	FG002
31	EO26-3	sim_L31_M16	6019	FG017	FG024
31	EO26-3	sim_L31_M16	6020	FG017	FG007
31	EO26-3	sim_L31_M16	6021	FG001	FG004
31	EO26-3	sim_L31_M16	6022	FG017	FG024
31	EO26-3	sim_L31_M16	6023	FG017	FG024
31	EO26-3	sim_L31_M16	6024	FG001	FG002
31	EO26-3	sim_L31_M16	6025	FG001	FG012
31	EO26-3	sim_L31_M17	6026	FG009	FG021
31	EO26-3	sim_L31_M17	6027	FG024	FG001
31	EO26-3	sim_L31_M17	6028	FG024	FG001
31	EO26-3	sim_L31_M17	6029	FG009	FG001
31	EO26-3	sim_L31_M17	6030	FG024	FG001
31	EO26-3	sim_L31_M17	6031	FG009	FG006
31	EO26-3	sim_L31_M17	6032	FG009	FG006
31	EO26-3	sim_L31_M17	6033	FG009	FG010
31	EO26-3	sim_L31_M17	6034	FG009	FG002
31	EO26-3	sim_L31_M17	6035	FG009	FG002
31	EO26-3	sim_L31_M17	6036	FG009	FG001
31	EO26-3	sim_L31_M17	6037	FG024	FG017
31	EO26-3	sim_L31_M17	6038	FG009	FG002
31	EO26-3	sim_L31_M17	6039	FG009	FG017
31	EO26-3	sim_L31_M17	6040	FG009	FG001
31	EO26-3	sim_L31_M17	6041	FG009	FG001
31	EO26-3	sim_L31_M17	6042	FG009	FG001
31	EO26-3	sim_L31_M17	6043	FG024	FG002
31	EO26-3	sim_L31_M17	6044	FG009	FG024
31	EO26-3	sim_L31_M17	6045	FG009	FG001
31	EO26-3	sim_L31_M17	6046	FG009	FG001
31	EO26-3	sim_L31_M17	6047	FG009	FG003
31	EO26-3	sim_L31_M17	6048	FG024	FG001
31	EO26-3	sim_L31_M17	6049	FG024	FG005
31	EO26-3	sim_L31_M18	6050	FG024	FG006
31	EO26-3	sim_L31_M18	6051	FG002	FG001
31	EO26-3	sim_L31_M18	6052	FG002	FG015
31	EO26-3	sim_L31_M18	6053	FG002	FG021
31	EO26-3	sim_L31_M18	6054	FG024	FG001
31	EO26-3	sim_L31_M18	6055	FG002	FG001
31	EO26-3	sim_L31_M18	6056	FG024	FG001
31	EO26-3	sim_L31_M18	6057	FG002	FG001
31	EO26-3	sim_L31_M18	6058	FG024	FG021
31	EO26-3	sim_L31_M18	6059	FG024	FG006
31	EO26-3	sim_L31_M18	6060	FG024	FG001
31	EO26-3	sim_L31_M18	6061	FG002	FG001
31	EO26-3	sim_L31_M18	6062	FG002	FG004
31	EO26-3	sim_L31_M18	6063	FG002	FG021
31	EO26-3	sim_L31_M18	6064	FG024	FG001
31	EO26-3	sim_L31_M18	6065	FG024	FG001
31	EO26-3	sim_L31_M18	6066	FG002	FG003
31	EO26-3	sim_L31_M18	6067	FG002	FG014
31	EO26-3	sim_L31_M18	6068	FG024	FG010
31	EO26-3	sim_L31_M19	6069	FG006	FG024
31	EO26-3	sim_L31_M19	6070	FG001	FG012
31	EO26-3	sim_L31_M19	6071	FG001	FG024
31	EO26-3	sim_L31_M19	6072	FG001	FG009
31	EO26-3	sim_L31_M19	6073	FG006	FG024
31	EO26-3	sim_L31_M19	6074	FG006	FG024
31	EO26-3	sim_L31_M19	6075	FG001	FG024
31	EO26-3	sim_L31_M19	6076	FG006	FG002
31	EO26-3	sim_L31_M19	6077	FG001	FG002
31	EO26-3	sim_L31_M19	6078	FG006	FG018
31	EO26-3	sim_L31_M19	6079	FG006	FG002
31	EO26-3	sim_L31_M19	6080	FG001	FG004
31	EO26-3	sim_L31_M20	6081	FG001	FG002
31	EO26-3	sim_L31_M20	6082	FG024	FG020
31	EO26-3	sim_L31_M20	6083	FG024	FG010
31	EO26-3	sim_L31_M20	6084	FG024	FG002
31	EO26-3	sim_L31_M20	6085	FG024	FG002
31	EO26-3	sim_L31_M20	6086	FG001	FG019
31	EO26-3	sim_L31_M20	6087	FG024	FG002
31	EO26-3	sim_L31_M20	6088	FG024	FG006
31	EO26-3	sim_L31_M20	6089	FG001	FG006
31	EO26-3	sim_L31_M20	6090	FG024	FG004
31	EO26-3	sim_L31_M20	6091	FG024	FG003
31	EO26-3	sim_L31_M20	6092	FG024	FG002
31	EO26-3	sim_L31_M20	6093	FG001	FG005
31	EO26-3	sim_L31_M20	6094	FG024	FG002
31	EO26-3	sim_L31_M20	6095	FG001	FG004
31	EO26-3	sim_L31_M21	6096	FG005	FG001
31	EO26-3	sim_L31_M21	6097	FG005	FG002
31	EO26-3	sim_L31_M21	6098	FG024	FG002
31	EO26-3	sim_L31_M21	6099	FG005	FG001
31	EO26-3	sim_L31_M21	6100	FG005	FG015
31	EO26-3	sim_L31_M21	6101	FG024	FG014
31	EO26-3	sim_L31_M21	6102	FG005	FG006
31	EO26-3	sim_L31_M21	6103	FG005	FG001
31	EO26-3	sim_L31_M21	6104	FG024	FG001
31	EO26-3	sim_L31_M21	6105	FG005	FG006
31	EO26-3	sim_L31_M21	6106	FG024	FG001
31	EO26-3	sim_L31_M21	6107	FG005	FG002
31	EO26-3	sim_L31_M21	6108	FG005	FG001
31	EO26-3	sim_L31_M21	6109	FG024	FG001
31	EO26-3	sim_L31_M21	6110	FG005	FG001
31	EO26-3	sim_L31_M21	6111	FG005	FG001
31	EO26-3	sim_L31_M21	6112	FG005	FG002
31	EO26-3	sim_L31_M21	6113	FG005	FG012
31	EO26-3	sim_L31_M21	6114	FG005	FG006
31	EO26-3	sim_L31_M21	6115	FG005	FG001
31	EO26-3	sim_L31_M21	6116	FG005	FG013
31	EO26-3	sim_L31_M22	6117	FG001	FG012
31	EO26-3	sim_L31_M22	6118	FG001	FG024
31	EO26-3	sim_L31_M22	6119	FG001	FG002
31	EO26-3	sim_L31_M22	6120	FG001	FG006
31	EO26-3	sim_L31_M22	6121	FG001	FG024
31	EO26-3	sim_L31_M22	6122	FG001	FG021
31	EO26-3	sim_L31_M22	6123	FG001	FG002
31	EO26-3	sim_L31_M22	6124	FG001	FG002
31	EO26-3	sim_L31_M22	6125	FG001	FG024
31	EO26-3	sim_L31_M22	6126	FG001	FG006
31	EO26-3	sim_L31_M22	6127	FG001	FG023
31	EO26-3	sim_L31_M22	6128	FG001	FG024
31	EO26-3	sim_L31_M22	6129	FG001	FG002
31	EO26-3	sim_L31_M22	6130	FG001	FG024
31	EO26-3	sim_L31_M22	6131	FG001	FG023
31	EO26-3	sim_L31_M22	6132	FG001	FG024
31	EO26-3	sim_L31_M22	6133	FG001	FG024
31	EO26-3	sim_L31_M22	6134	FG001	FG024
31	EO26-3	sim_L31_M22	6135	FG001	FG024
31	EO26-3	sim_L31_M22	6136	FG001	FG001
31	EO26-3	sim_L31_M22	6137	FG001	FG002
31	EO26-3	sim_L31_M22	6138	FG001	FG024
31	EO26-3	sim_L31_M23	6139	FG024	FG001
31	EO26-3	sim_L31_M23	6140	FG024	FG001
31	EO26-3	sim_L31_M23	6141	FG024	FG001
31	EO26-3	sim_L31_M23	6142	FG024	FG012
31	EO26-3	sim_L31_M23	6143	FG024	FG024
31	EO26-3	sim_L31_M23	6144	FG028	FG019
31	EO26-3	sim_L31_M23	6145	FG028	FG005
31	EO26-3	sim_L31_M23	6146	FG028	FG002
31	EO26-3	sim_L31_M23	6147	FG028	FG001
31	EO26-3	sim_L31_M23	6148	FG028	FG001
31	EO26-3	sim_L31_M23	6149	FG028	FG001
31	EO26-3	sim_L31_M23	6150	FG028	FG006
31	EO26-3	sim_L31_M23	6151	FG028	FG001
31	EO26-3	sim_L31_M23	6152	FG024	FG002
31	EO26-3	sim_L31_M23	6153	FG024	FG003
31	EO26-3	sim_L31_M23	6154	FG024	FG002
31	EO26-3	sim_L31_M23	6155	FG024	FG024
31	EO26-3	sim_L31_M23	6156	FG024	FG002
31	EO26-3	sim_L31_M23	6157	FG028	FG001
31	EO26-3	sim_L31_M23	6158	FG028	FG001
31	EO26-3	sim_L31_M23	6159	FG028	FG001
31	EO26-3	sim_L31_M23	6160	FG024	FG001
31	EO26-3	sim_L31_M23	6161	FG024	FG002
31	EO26-3	sim_L31_M23	6162	FG024	FG005
31	EO26-3	sim_L31_M23	6163	FG024	FG001
31	EO26-3	sim_L31_M24	6164	FG001	FG024
31	EO26-3	sim_L31_M24	6165	FG002	FG010
31	EO26-3	sim_L31_M24	6166	FG001	FG021
31	EO26-3	sim_L31_M24	6167	FG001	FG003
31	EO26-3	sim_L31_M24	6168	FG001	FG024
31	EO26-3	sim_L31_M24	6169	FG002	FG001
31	EO26-3	sim_L31_M24	6170	FG002	FG024
31	EO26-3	sim_L31_M24	6171	FG001	FG024
31	EO26-3	sim_L31_M24	6172	FG001	FG012
31	EO26-3	sim_L31_M24	6173	FG002	FG024
31	EO26-3	sim_L31_M24	6174	FG002	FG001
31	EO26-3	sim_L31_M24	6175	FG001	FG024
31	EO26-3	sim_L31_M24	6176	FG002	FG003
31	EO26-3	sim_L31_M24	6177	FG002	FG024
31	EO26-3	sim_L31_M24	6178	FG001	FG006
31	EO26-3	sim_L31_M24	6179	FG002	FG010
31	EO26-3	sim_L31_M24	6180	FG001	FG019
31	EO26-3	sim_L31_M24	6181	FG001	FG012
31	EO26-3	sim_L31_M25	6182	FG005	FG024
31	EO26-3	sim_L31_M25	6183	FG005	FG024
31	EO26-3	sim_L31_M25	6184	FG005	FG002
31	EO26-3	sim_L31_M25	6185	FG005	FG017
31	EO26-3	sim_L31_M25	6186	FG001	FG023
31	EO26-3	sim_L31_M25	6187	FG005	FG006
31	EO26-3	sim_L31_M25	6188	FG005	FG002
31	EO26-3	sim_L31_M25	6189	FG001	FG012
31	EO26-3	sim_L31_M25	6190	FG001	FG024
31	EO26-3	sim_L31_M25	6191	FG001	FG006
31	EO26-3	sim_L31_M25	6192	FG001	FG003
31	EO26-3	sim_L31_M25	6193	FG005	FG024
31	EO26-3	sim_L31_M25	6194	FG005	FG024
31	EO26-3	sim_L31_M25	6195	FG001	FG024
31	EO26-3	sim_L31_M25	6196	FG001	FG024
31	EO26-3	sim_L31_M25	6197	FG001	FG024
31	EO26-3	sim_L31_M25	6198	FG001	FG024
31	EO26-3	sim_L31_M25	6199	FG001	FG023
31	EO26-3	sim_L31_M26	6200	FG001	FG024
31	EO26-3	sim_L31_M26	6201	FG006	FG024
31	EO26-3	sim_L31_M26	6202	FG001	FG024
31	EO26-3	sim_L31_M26	6203	FG006	FG017
31	EO26-3	sim_L31_M26	6204	FG006	FG002
31	EO26-3	sim_L31_M26	6205	FG001	FG024
31	EO26-3	sim_L31_M26	6206	FG006	FG021
31	EO26-3	sim_L31_M26	6207	FG001	FG002
31	EO26-3	sim_L31_M26	6208	FG006	FG002
31	EO26-3	sim_L31_M26	6209	FG001	FG002
31	EO26-3	sim_L31_M26	6210	FG001	FG024
31	EO26-3	sim_L31_M26	6211	FG001	FG005
31	EO26-3	sim_L31_M26	6212	FG006	FG024
31	EO26-3	sim_L31_M26	6213	FG006	FG024
31	EO26-3	sim_L31_M26	6214	FG006	FG024
31	EO26-3	sim_L31_M26	6215	FG001	FG030
31	EO26-3	sim_L31_M26	6216	FG001	FG024
31	EO26-3	sim_L31_M26	6217	FG001	FG024
31	EO26-3	sim_L31_M27	6218	FG006	FG002
31	EO26-3	sim_L31_M27	6219	FG001	FG002
31	EO26-3	sim_L31_M27	6220	FG001	FG012
31	EO26-3	sim_L31_M27	6221	FG001	FG024
31	EO26-3	sim_L31_M27	6222	FG001	FG024
31	EO26-3	sim_L31_M27	6223	FG001	FG012
31	EO26-3	sim_L31_M27	6224	FG006	FG024
31	EO26-3	sim_L31_M27	6225	FG001	FG024
31	EO26-3	sim_L31_M27	6226	FG001	FG024
31	EO26-3	sim_L31_M27	6227	FG001	FG024
31	EO26-3	sim_L31_M27	6228	FG001	FG001
31	EO26-3	sim_L31_M27	6229	FG006	FG003
31	EO26-3	sim_L31_M27	6230	FG006	FG015
31	EO26-3	sim_L31_M27	6231	FG001	FG001
31	EO26-3	sim_L31_M28	6232	FG001	FG024
31	EO26-3	sim_L31_M28	6233	FG001	FG032
31	EO26-3	sim_L31_M28	6234	FG001	FG024
31	EO26-3	sim_L31_M28	6235	FG001	FG024
31	EO26-3	sim_L31_M28	6236	FG001	FG003
31	EO26-3	sim_L31_M28	6237	FG001	FG024
31	EO26-3	sim_L31_M28	6238	FG001	FG024
31	EO26-3	sim_L31_M28	6239	FG010	FG021
31	EO26-3	sim_L31_M28	6240	FG001	FG003
31	EO26-3	sim_L31_M28	6241	FG010	FG024
31	EO26-3	sim_L31_M28	6242	FG001	FG024
31	EO26-3	sim_L31_M28	6243	FG001	FG024
31	EO26-3	sim_L31_M28	6244	FG001	FG002
31	EO26-3	sim_L31_M28	6245	FG001	FG006
31	EO26-3	sim_L31_M28	6246	FG001	FG002
31	EO26-3	sim_L31_M28	6247	FG010	FG003
31	EO26-3	sim_L31_M28	6248	FG010	FG032
31	EO26-3	sim_L31_M28	6249	FG010	FG006
31	EO26-3	sim_L31_M28	6250	FG001	FG001
31	EO26-3	sim_L31_M28	6251	FG001	FG024
31	EO26-3	sim_L31_M28	6252	FG001	FG006
31	EO26-3	sim_L31_M29	6253	FG004	FG024
31	EO26-3	sim_L31_M29	6254	FG004	FG006
31	EO26-3	sim_L31_M29	6255	FG004	FG002
31	EO26-3	sim_L31_M29	6256	FG006	FG001
31	EO26-3	sim_L31_M29	6257	FG004	FG001
31	EO26-3	sim_L31_M29	6258	FG004	FG031
31	EO26-3	sim_L31_M29	6259	FG006	FG024
31	EO26-3	sim_L31_M29	6260	FG004	FG024
31	EO26-3	sim_L31_M29	6261	FG004	FG024
31	EO26-3	sim_L31_M29	6262	FG006	FG024
31	EO26-3	sim_L31_M29	6263	FG004	FG024
31	EO26-3	sim_L31_M29	6264	FG006	FG024
31	EO26-3	sim_L31_M29	6265	FG004	FG001
31	EO26-3	sim_L31_M29	6266	FG004	FG001
31	EO26-3	sim_L31_M29	6267	FG004	FG003
31	EO26-3	sim_L31_M29	6268	FG004	FG001
31	EO26-3	sim_L31_M29	6269	FG006	FG001
31	EO26-3	sim_L31_M29	6270	FG004	FG002
31	EO26-3	sim_L31_M29	6271	FG004	FG001
31	EO26-3	sim_L31_M29	6272	FG006	FG024
31	EO26-3	sim_L31_M29	6273	FG006	FG001
31	EO26-3	sim_L31_M29	6274	FG004	FG024
31	EO26-3	sim_L31_M29	6275	FG004	FG024
31	EO26-3	sim_L31_M29	6276	FG006	FG001
31	EO26-3	sim_L31_M29	6277	FG006	FG019
31	EO26-3	sim_L31_M29	6278	FG004	FG001
31	EO26-3	sim_L31_M29	6279	FG006	FG018
18	EO18-8	sim_L18_M0	6280	FG002	FG001
18	EO18-8	sim_L18_M0	6281	FG002	FG003
18	EO18-8	sim_L18_M0	6282	FG006	FG001
18	EO18-8	sim_L18_M0	6283	FG002	FG001
18	EO18-8	sim_L18_M0	6284	FG006	FG001
18	EO18-8	sim_L18_M0	6285	FG002	FG001
18	EO18-8	sim_L18_M0	6286	FG002	FG001
18	EO18-8	sim_L18_M0	6287	FG002	FG002
18	EO18-8	sim_L18_M0	6288	FG006	FG001
18	EO18-8	sim_L18_M0	6289	FG006	FG021
18	EO18-8	sim_L18_M0	6290	FG006	FG015
18	EO18-8	sim_L18_M0	6291	FG006	FG024
18	EO18-8	sim_L18_M0	6292	FG006	FG024
18	EO18-8	sim_L18_M0	6293	FG002	FG024
18	EO18-8	sim_L18_M0	6294	FG002	FG001
18	EO18-8	sim_L18_M0	6295	FG006	FG001
18	EO18-8	sim_L18_M0	6296	FG002	FG024
18	EO18-8	sim_L18_M0	6297	FG006	FG024
18	EO18-8	sim_L18_M0	6298	FG006	FG010
18	EO18-8	sim_L18_M0	6299	FG006	FG001
18	EO18-8	sim_L18_M0	6300	FG006	FG001
18	EO18-8	sim_L18_M0	6301	FG006	FG024
18	EO18-8	sim_L18_M0	6302	FG002	FG004
18	EO18-8	sim_L18_M1	6303	FG001	FG012
18	EO18-8	sim_L18_M1	6304	FG024	FG002
18	EO18-8	sim_L18_M1	6305	FG001	FG009
18	EO18-8	sim_L18_M1	6306	FG024	FG002
18	EO18-8	sim_L18_M1	6307	FG001	FG002
18	EO18-8	sim_L18_M1	6308	FG024	FG006
18	EO18-8	sim_L18_M1	6309	FG001	FG001
18	EO18-8	sim_L18_M1	6310	FG024	FG015
18	EO18-8	sim_L18_M1	6311	FG001	FG002
18	EO18-8	sim_L18_M1	6312	FG001	FG006
18	EO18-8	sim_L18_M2	6313	FG006	FG001
18	EO18-8	sim_L18_M2	6314	FG006	FG021
18	EO18-8	sim_L18_M2	6315	FG006	FG024
18	EO18-8	sim_L18_M2	6316	FG006	FG024
18	EO18-8	sim_L18_M2	6317	FG006	FG001
18	EO18-8	sim_L18_M2	6318	FG006	FG001
18	EO18-8	sim_L18_M2	6319	FG006	FG002
18	EO18-8	sim_L18_M2	6320	FG006	FG010
18	EO18-8	sim_L18_M2	6321	FG006	FG001
18	EO18-8	sim_L18_M2	6322	FG006	FG004
18	EO18-8	sim_L18_M2	6323	FG006	FG001
18	EO18-8	sim_L18_M2	6324	FG006	FG002
18	EO18-8	sim_L18_M2	6325	FG006	FG001
18	EO18-8	sim_L18_M2	6326	FG006	FG024
18	EO18-8	sim_L18_M2	6327	FG006	FG024
18	EO18-8	sim_L18_M2	6328	FG006	FG001
18	EO18-8	sim_L18_M2	6329	FG006	FG021
18	EO18-8	sim_L18_M2	6330	FG006	FG002
18	EO18-8	sim_L18_M2	6331	FG006	FG001
18	EO18-8	sim_L18_M2	6332	FG006	FG006
18	EO18-8	sim_L18_M2	6333	FG006	FG024
18	EO18-8	sim_L18_M2	6334	FG006	FG002
18	EO18-8	sim_L18_M2	6335	FG006	FG024
18	EO18-8	sim_L18_M2	6336	FG006	FG001
18	EO18-8	sim_L18_M2	6337	FG006	FG001
18	EO18-8	sim_L18_M2	6338	FG006	FG001
18	EO18-8	sim_L18_M2	6339	FG006	FG017
18	EO18-8	sim_L18_M2	6340	FG006	FG024
18	EO18-8	sim_L18_M3	6341	FG024	FG006
18	EO18-8	sim_L18_M3	6342	FG001	FG004
18	EO18-8	sim_L18_M3	6343	FG024	FG003
18	EO18-8	sim_L18_M3	6344	FG001	FG008
18	EO18-8	sim_L18_M3	6345	FG024	FG006
18	EO18-8	sim_L18_M3	6346	FG024	FG004
18	EO18-8	sim_L18_M3	6347	FG001	FG015
18	EO18-8	sim_L18_M3	6348	FG024	FG001
18	EO18-8	sim_L18_M3	6349	FG024	FG030
18	EO18-8	sim_L18_M3	6350	FG024	FG002
18	EO18-8	sim_L18_M3	6351	FG001	FG002
18	EO18-8	sim_L18_M3	6352	FG024	FG002
18	EO18-8	sim_L18_M3	6353	FG001	FG005
18	EO18-8	sim_L18_M3	6354	FG024	FG006
18	EO18-8	sim_L18_M3	6355	FG001	FG001
18	EO18-8	sim_L18_M4	6356	FG001	FG001
18	EO18-8	sim_L18_M4	6357	FG001	FG009
18	EO18-8	sim_L18_M4	6358	FG001	FG024
18	EO18-8	sim_L18_M4	6359	FG001	FG002
18	EO18-8	sim_L18_M4	6360	FG001	FG002
18	EO18-8	sim_L18_M4	6361	FG001	FG014
18	EO18-8	sim_L18_M4	6362	FG001	FG014
18	EO18-8	sim_L18_M4	6363	FG001	FG006
18	EO18-8	sim_L18_M4	6364	FG001	FG024
18	EO18-8	sim_L18_M4	6365	FG001	FG006
18	EO18-8	sim_L18_M4	6366	FG001	FG017
18	EO18-8	sim_L18_M4	6367	FG001	FG024
18	EO18-8	sim_L18_M4	6368	FG001	FG024
18	EO18-8	sim_L18_M4	6369	FG001	FG004
18	EO18-8	sim_L18_M4	6370	FG001	FG002
18	EO18-8	sim_L18_M4	6371	FG001	FG002
18	EO18-8	sim_L18_M4	6372	FG001	FG006
18	EO18-8	sim_L18_M4	6373	FG001	FG006
18	EO18-8	sim_L18_M4	6374	FG001	FG024
18	EO18-8	sim_L18_M5	6375	FG024	FG012
18	EO18-8	sim_L18_M5	6376	FG024	FG002
18	EO18-8	sim_L18_M5	6377	FG024	FG013
18	EO18-8	sim_L18_M5	6378	FG001	FG006
18	EO18-8	sim_L18_M5	6379	FG001	FG014
18	EO18-8	sim_L18_M5	6380	FG001	FG002
18	EO18-8	sim_L18_M5	6381	FG001	FG003
18	EO18-8	sim_L18_M5	6382	FG024	FG002
18	EO18-8	sim_L18_M5	6383	FG001	FG002
18	EO18-8	sim_L18_M5	6384	FG001	FG003
18	EO18-8	sim_L18_M5	6385	FG001	FG002
18	EO18-8	sim_L18_M5	6386	FG001	FG006
18	EO18-8	sim_L18_M5	6387	FG024	FG006
18	EO18-8	sim_L18_M5	6388	FG001	FG006
18	EO18-8	sim_L18_M5	6389	FG024	FG004
18	EO18-8	sim_L18_M5	6390	FG001	FG019
18	EO18-8	sim_L18_M5	6391	FG001	FG002
18	EO18-8	sim_L18_M6	6392	FG006	FG024
18	EO18-8	sim_L18_M6	6393	FG006	FG019
18	EO18-8	sim_L18_M6	6394	FG006	FG002
18	EO18-8	sim_L18_M6	6395	FG001	FG024
18	EO18-8	sim_L18_M6	6396	FG006	FG024
18	EO18-8	sim_L18_M6	6397	FG006	FG024
18	EO18-8	sim_L18_M6	6398	FG006	FG019
18	EO18-8	sim_L18_M6	6399	FG001	FG017
18	EO18-8	sim_L18_M6	6400	FG001	FG018
18	EO18-8	sim_L18_M6	6401	FG006	FG002
18	EO18-8	sim_L18_M6	6402	FG006	FG019
18	EO18-8	sim_L18_M6	6403	FG001	FG024
18	EO18-8	sim_L18_M6	6404	FG001	FG024
18	EO18-8	sim_L18_M6	6405	FG001	FG019
18	EO18-8	sim_L18_M6	6406	FG006	FG024
18	EO18-8	sim_L18_M6	6407	FG006	FG002
18	EO18-8	sim_L18_M6	6408	FG006	FG002
18	EO18-8	sim_L18_M6	6409	FG006	FG001
18	EO18-8	sim_L18_M6	6410	FG001	FG002
18	EO18-8	sim_L18_M7	6411	FG002	FG001
18	EO18-8	sim_L18_M7	6412	FG003	FG002
18	EO18-8	sim_L18_M7	6413	FG002	FG001
18	EO18-8	sim_L18_M7	6414	FG003	FG029
18	EO18-8	sim_L18_M7	6415	FG002	FG010
18	EO18-8	sim_L18_M7	6416	FG003	FG024
18	EO18-8	sim_L18_M7	6417	FG002	FG001
18	EO18-8	sim_L18_M7	6418	FG002	FG001
18	EO18-8	sim_L18_M7	6419	FG003	FG001
18	EO18-8	sim_L18_M7	6420	FG003	FG024
18	EO18-8	sim_L18_M7	6421	FG003	FG024
18	EO18-8	sim_L18_M7	6422	FG003	FG001
18	EO18-8	sim_L18_M7	6423	FG003	FG024
18	EO18-8	sim_L18_M7	6424	FG003	FG001
18	EO18-8	sim_L18_M7	6425	FG003	FG001
18	EO18-8	sim_L18_M7	6426	FG002	FG001
18	EO18-8	sim_L18_M7	6427	FG003	FG006
18	EO18-8	sim_L18_M7	6428	FG002	FG001
18	EO18-8	sim_L18_M7	6429	FG003	FG001
18	EO18-8	sim_L18_M7	6430	FG002	FG024
18	EO18-8	sim_L18_M7	6431	FG003	FG001
18	EO18-8	sim_L18_M7	6432	FG002	FG006
18	EO18-8	sim_L18_M7	6433	FG002	FG001
18	EO18-8	sim_L18_M8	6434	FG001	FG015
18	EO18-8	sim_L18_M8	6435	FG024	FG002
18	EO18-8	sim_L18_M8	6436	FG024	FG001
18	EO18-8	sim_L18_M8	6437	FG024	FG012
18	EO18-8	sim_L18_M8	6438	FG024	FG003
18	EO18-8	sim_L18_M8	6439	FG024	FG002
18	EO18-8	sim_L18_M8	6440	FG024	FG004
18	EO18-8	sim_L18_M8	6441	FG024	FG002
18	EO18-8	sim_L18_M8	6442	FG001	FG002
18	EO18-8	sim_L18_M8	6443	FG024	FG003
18	EO18-8	sim_L18_M8	6444	FG024	FG002
18	EO18-8	sim_L18_M8	6445	FG024	FG006
18	EO18-8	sim_L18_M8	6446	FG001	FG005
18	EO18-8	sim_L18_M9	6447	FG024	FG022
18	EO18-8	sim_L18_M9	6448	FG001	FG002
18	EO18-8	sim_L18_M9	6449	FG001	FG006
18	EO18-8	sim_L18_M9	6450	FG001	FG019
18	EO18-8	sim_L18_M9	6451	FG024	FG006
18	EO18-8	sim_L18_M9	6452	FG001	FG006
18	EO18-8	sim_L18_M9	6453	FG024	FG001
18	EO18-8	sim_L18_M9	6454	FG001	FG002
18	EO18-8	sim_L18_M9	6455	FG024	FG021
18	EO18-8	sim_L18_M9	6456	FG001	FG006
18	EO18-8	sim_L18_M9	6457	FG024	FG006
18	EO18-8	sim_L18_M9	6458	FG024	FG027
18	EO18-8	sim_L18_M9	6459	FG001	FG024
18	EO18-8	sim_L18_M9	6460	FG024	FG018
18	EO18-8	sim_L18_M10	6461	FG023	FG024
18	EO18-8	sim_L18_M10	6462	FG023	FG024
18	EO18-8	sim_L18_M10	6463	FG023	FG024
18	EO18-8	sim_L18_M10	6464	FG001	FG004
18	EO18-8	sim_L18_M10	6465	FG023	FG002
18	EO18-8	sim_L18_M10	6466	FG001	FG002
18	EO18-8	sim_L18_M10	6467	FG001	FG002
18	EO18-8	sim_L18_M10	6468	FG001	FG006
18	EO18-8	sim_L18_M10	6469	FG023	FG012
18	EO18-8	sim_L18_M10	6470	FG001	FG001
18	EO18-8	sim_L18_M10	6471	FG001	FG024
18	EO18-8	sim_L18_M10	6472	FG001	FG023
18	EO18-8	sim_L18_M10	6473	FG023	FG005
18	EO18-8	sim_L18_M10	6474	FG001	FG002
18	EO18-8	sim_L18_M10	6475	FG001	FG024
18	EO18-8	sim_L18_M10	6476	FG023	FG002
18	EO18-8	sim_L18_M11	6477	FG001	FG003
18	EO18-8	sim_L18_M11	6478	FG001	FG024
18	EO18-8	sim_L18_M11	6479	FG018	FG024
18	EO18-8	sim_L18_M11	6480	FG001	FG004
18	EO18-8	sim_L18_M11	6481	FG001	FG024
18	EO18-8	sim_L18_M11	6482	FG001	FG024
18	EO18-8	sim_L18_M11	6483	FG001	FG024
18	EO18-8	sim_L18_M11	6484	FG018	FG002
18	EO18-8	sim_L18_M11	6485	FG018	FG003
18	EO18-8	sim_L18_M11	6486	FG001	FG012
18	EO18-8	sim_L18_M11	6487	FG001	FG006
18	EO18-8	sim_L18_M11	6488	FG018	FG024
18	EO18-8	sim_L18_M11	6489	FG018	FG004
18	EO18-8	sim_L18_M11	6490	FG018	FG024
18	EO18-8	sim_L18_M11	6491	FG001	FG015
18	EO18-8	sim_L18_M11	6492	FG018	FG006
18	EO18-8	sim_L18_M11	6493	FG018	FG024
18	EO18-8	sim_L18_M11	6494	FG001	FG002
18	EO18-8	sim_L18_M11	6495	FG001	FG003
18	EO18-8	sim_L18_M11	6496	FG018	FG002
18	EO18-8	sim_L18_M11	6497	FG001	FG002
18	EO18-8	sim_L18_M11	6498	FG018	FG005
18	EO18-8	sim_L18_M12	6499	FG024	FG003
18	EO18-8	sim_L18_M12	6500	FG024	FG012
18	EO18-8	sim_L18_M12	6501	FG024	FG002
18	EO18-8	sim_L18_M12	6502	FG001	FG011
18	EO18-8	sim_L18_M12	6503	FG001	FG024
18	EO18-8	sim_L18_M12	6504	FG001	FG010
18	EO18-8	sim_L18_M12	6505	FG001	FG003
18	EO18-8	sim_L18_M12	6506	FG001	FG013
18	EO18-8	sim_L18_M13	6507	FG001	FG006
18	EO18-8	sim_L18_M13	6508	FG001	FG024
18	EO18-8	sim_L18_M13	6509	FG024	FG001
18	EO18-8	sim_L18_M13	6510	FG024	FG002
18	EO18-8	sim_L18_M13	6511	FG024	FG002
18	EO18-8	sim_L18_M13	6512	FG001	FG001
18	EO18-8	sim_L18_M13	6513	FG024	FG012
18	EO18-8	sim_L18_M13	6514	FG001	FG001
18	EO18-8	sim_L18_M13	6515	FG024	FG002
18	EO18-8	sim_L18_M13	6516	FG024	FG001
18	EO18-8	sim_L18_M13	6517	FG024	FG002
18	EO18-8	sim_L18_M13	6518	FG001	FG010
18	EO18-8	sim_L18_M13	6519	FG001	FG002
18	EO18-8	sim_L18_M14	6520	FG003	FG005
18	EO18-8	sim_L18_M14	6521	FG003	FG024
18	EO18-8	sim_L18_M14	6522	FG003	FG016
18	EO18-8	sim_L18_M14	6523	FG001	FG023
18	EO18-8	sim_L18_M14	6524	FG001	FG005
18	EO18-8	sim_L18_M14	6525	FG003	FG002
18	EO18-8	sim_L18_M14	6526	FG001	FG002
18	EO18-8	sim_L18_M14	6527	FG003	FG002
18	EO18-8	sim_L18_M14	6528	FG003	FG024
18	EO18-8	sim_L18_M14	6529	FG001	FG024
18	EO18-8	sim_L18_M14	6530	FG001	FG024
18	EO18-8	sim_L18_M14	6531	FG001	FG023
18	EO18-8	sim_L18_M15	6532	FG024	FG001
18	EO18-8	sim_L18_M15	6533	FG024	FG001
18	EO18-8	sim_L18_M15	6534	FG017	FG001
18	EO18-8	sim_L18_M15	6535	FG024	FG006
18	EO18-8	sim_L18_M15	6536	FG024	FG001
18	EO18-8	sim_L18_M15	6537	FG024	FG005
18	EO18-8	sim_L18_M15	6538	FG017	FG032
18	EO18-8	sim_L18_M15	6539	FG017	FG002
18	EO18-8	sim_L18_M15	6540	FG024	FG032
18	EO18-8	sim_L18_M15	6541	FG024	FG003
18	EO18-8	sim_L18_M15	6542	FG024	FG004
18	EO18-8	sim_L18_M15	6543	FG017	FG001
18	EO18-8	sim_L18_M15	6544	FG024	FG024
18	EO18-8	sim_L18_M15	6545	FG017	FG001
18	EO18-8	sim_L18_M15	6546	FG017	FG003
18	EO18-8	sim_L18_M15	6547	FG024	FG002
18	EO18-8	sim_L18_M15	6548	FG024	FG001
18	EO18-8	sim_L18_M15	6549	FG017	FG001
18	EO18-8	sim_L18_M15	6550	FG024	FG001
18	EO18-8	sim_L18_M15	6551	FG024	FG022
18	EO18-8	sim_L18_M15	6552	FG017	FG001
18	EO18-8	sim_L18_M15	6553	FG024	FG001
18	EO18-8	sim_L18_M15	6554	FG024	FG001
18	EO18-8	sim_L18_M16	6555	FG010	FG024
18	EO18-8	sim_L18_M16	6556	FG010	FG024
18	EO18-8	sim_L18_M16	6557	FG001	FG019
18	EO18-8	sim_L18_M16	6558	FG010	FG002
18	EO18-8	sim_L18_M16	6559	FG001	FG024
18	EO18-8	sim_L18_M16	6560	FG010	FG016
18	EO18-8	sim_L18_M16	6561	FG001	FG006
18	EO18-8	sim_L18_M16	6562	FG010	FG002
18	EO18-8	sim_L18_M16	6563	FG010	FG019
18	EO18-8	sim_L18_M16	6564	FG001	FG004
18	EO18-8	sim_L18_M16	6565	FG010	FG024
18	EO18-8	sim_L18_M16	6566	FG010	FG032
18	EO18-8	sim_L18_M16	6567	FG010	FG021
18	EO18-8	sim_L18_M16	6568	FG010	FG024
18	EO18-8	sim_L18_M16	6569	FG001	FG006
18	EO18-8	sim_L18_M16	6570	FG010	FG012
18	EO18-8	sim_L18_M16	6571	FG010	FG002
18	EO18-8	sim_L18_M16	6572	FG010	FG024
18	EO18-8	sim_L18_M17	6573	FG001	FG010
18	EO18-8	sim_L18_M17	6574	FG006	FG024
18	EO18-8	sim_L18_M17	6575	FG001	FG019
18	EO18-8	sim_L18_M17	6576	FG001	FG012
18	EO18-8	sim_L18_M17	6577	FG001	FG010
18	EO18-8	sim_L18_M17	6578	FG001	FG012
18	EO18-8	sim_L18_M17	6579	FG006	FG021
18	EO18-8	sim_L18_M17	6580	FG001	FG005
18	EO18-8	sim_L18_M17	6581	FG006	FG026
18	EO18-8	sim_L18_M17	6582	FG001	FG011
18	EO18-8	sim_L18_M17	6583	FG001	FG004
18	EO18-8	sim_L18_M17	6584	FG006	FG001
18	EO18-8	sim_L18_M17	6585	FG001	FG002
18	EO18-8	sim_L18_M17	6586	FG006	FG024
18	EO18-8	sim_L18_M17	6587	FG001	FG017
18	EO18-8	sim_L18_M17	6588	FG001	FG031
18	EO18-8	sim_L18_M17	6589	FG001	FG001
18	EO18-8	sim_L18_M18	6590	FG017	FG001
18	EO18-8	sim_L18_M18	6591	FG018	FG001
18	EO18-8	sim_L18_M18	6592	FG018	FG024
18	EO18-8	sim_L18_M18	6593	FG017	FG003
18	EO18-8	sim_L18_M18	6594	FG017	FG006
18	EO18-8	sim_L18_M18	6595	FG018	FG001
18	EO18-8	sim_L18_M18	6596	FG018	FG001
18	EO18-8	sim_L18_M18	6597	FG017	FG024
18	EO18-8	sim_L18_M18	6598	FG018	FG001
18	EO18-8	sim_L18_M18	6599	FG018	FG001
18	EO18-8	sim_L18_M18	6600	FG018	FG001
18	EO18-8	sim_L18_M18	6601	FG017	FG010
18	EO18-8	sim_L18_M18	6602	FG017	FG001
18	EO18-8	sim_L18_M18	6603	FG018	FG012
18	EO18-8	sim_L18_M18	6604	FG017	FG024
18	EO18-8	sim_L18_M18	6605	FG018	FG001
18	EO18-8	sim_L18_M18	6606	FG018	FG001
18	EO18-8	sim_L18_M18	6607	FG017	FG006
18	EO18-8	sim_L18_M18	6608	FG018	FG001
18	EO18-8	sim_L18_M18	6609	FG017	FG016
18	EO18-8	sim_L18_M18	6610	FG017	FG024
18	EO18-8	sim_L18_M18	6611	FG017	FG001
18	EO18-8	sim_L18_M18	6612	FG017	FG001
18	EO18-8	sim_L18_M18	6613	FG018	FG024
18	EO18-8	sim_L18_M18	6614	FG017	FG001
18	EO18-8	sim_L18_M18	6615	FG018	FG002
18	EO18-8	sim_L18_M18	6616	FG018	FG006
18	EO18-8	sim_L18_M18	6617	FG017	FG005
18	EO18-8	sim_L18_M19	6618	FG001	FG001
18	EO18-8	sim_L18_M19	6619	FG001	FG017
18	EO18-8	sim_L18_M19	6620	FG001	FG010
18	EO18-8	sim_L18_M19	6621	FG001	FG024
18	EO18-8	sim_L18_M19	6622	FG001	FG024
18	EO18-8	sim_L18_M19	6623	FG001	FG024
18	EO18-8	sim_L18_M19	6624	FG001	FG024
18	EO18-8	sim_L18_M19	6625	FG001	FG017
18	EO18-8	sim_L18_M19	6626	FG001	FG006
18	EO18-8	sim_L18_M19	6627	FG001	FG003
18	EO18-8	sim_L18_M19	6628	FG001	FG002
18	EO18-8	sim_L18_M19	6629	FG001	FG024
18	EO18-8	sim_L18_M19	6630	FG001	FG001
18	EO18-8	sim_L18_M19	6631	FG001	FG002
18	EO18-8	sim_L18_M19	6632	FG001	FG024
18	EO18-8	sim_L18_M19	6633	FG001	FG002
18	EO18-8	sim_L18_M19	6634	FG001	FG024
18	EO18-8	sim_L18_M20	6635	FG021	FG001
18	EO18-8	sim_L18_M20	6636	FG021	FG024
18	EO18-8	sim_L18_M20	6637	FG015	FG001
18	EO18-8	sim_L18_M20	6638	FG015	FG001
18	EO18-8	sim_L18_M20	6639	FG015	FG001
18	EO18-8	sim_L18_M20	6640	FG021	FG001
18	EO18-8	sim_L18_M20	6641	FG015	FG017
18	EO18-8	sim_L18_M20	6642	FG015	FG004
18	EO18-8	sim_L18_M20	6643	FG015	FG001
18	EO18-8	sim_L18_M20	6644	FG015	FG001
18	EO18-8	sim_L18_M20	6645	FG021	FG001
18	EO18-8	sim_L18_M20	6646	FG015	FG002
18	EO18-8	sim_L18_M20	6647	FG015	FG018
18	EO18-8	sim_L18_M20	6648	FG015	FG024
18	EO18-8	sim_L18_M20	6649	FG021	FG003
18	EO18-8	sim_L18_M20	6650	FG015	FG001
18	EO18-8	sim_L18_M20	6651	FG015	FG001
18	EO18-8	sim_L18_M20	6652	FG021	FG006
18	EO18-8	sim_L18_M20	6653	FG021	FG024
18	EO18-8	sim_L18_M20	6654	FG015	FG001
18	EO18-8	sim_L18_M20	6655	FG015	FG001
18	EO18-8	sim_L18_M20	6656	FG021	FG002
18	EO18-8	sim_L18_M20	6657	FG021	FG002
18	EO18-8	sim_L18_M20	6658	FG015	FG001
18	EO18-8	sim_L18_M20	6659	FG021	FG024
18	EO18-8	sim_L18_M20	6660	FG015	FG001
18	EO18-8	sim_L18_M20	6661	FG015	FG009
18	EO18-8	sim_L18_M20	6662	FG021	FG001
18	EO18-8	sim_L18_M21	6663	FG001	FG024
18	EO18-8	sim_L18_M21	6664	FG001	FG012
18	EO18-8	sim_L18_M21	6665	FG001	FG005
18	EO18-8	sim_L18_M21	6666	FG001	FG005
18	EO18-8	sim_L18_M21	6667	FG001	FG006
18	EO18-8	sim_L18_M21	6668	FG001	FG012
18	EO18-8	sim_L18_M22	6669	FG001	FG024
18	EO18-8	sim_L18_M22	6670	FG001	FG010
18	EO18-8	sim_L18_M22	6671	FG001	FG024
18	EO18-8	sim_L18_M22	6672	FG001	FG002
18	EO18-8	sim_L18_M22	6673	FG001	FG012
18	EO18-8	sim_L18_M22	6674	FG001	FG002
18	EO18-8	sim_L18_M22	6675	FG001	FG024
18	EO18-8	sim_L18_M22	6676	FG001	FG024
18	EO18-8	sim_L18_M22	6677	FG001	FG024
18	EO18-8	sim_L18_M22	6678	FG001	FG002
18	EO18-8	sim_L18_M22	6679	FG001	FG024
18	EO18-8	sim_L18_M22	6680	FG001	FG006
18	EO18-8	sim_L18_M22	6681	FG001	FG006
18	EO18-8	sim_L18_M22	6682	FG001	FG006
18	EO18-8	sim_L18_M22	6683	FG001	FG010
18	EO18-8	sim_L18_M22	6684	FG001	FG024
18	EO18-8	sim_L18_M23	6685	FG001	FG002
18	EO18-8	sim_L18_M23	6686	FG001	FG001
18	EO18-8	sim_L18_M23	6687	FG001	FG002
18	EO18-8	sim_L18_M23	6688	FG001	FG021
18	EO18-8	sim_L18_M23	6689	FG001	FG004
18	EO18-8	sim_L18_M23	6690	FG001	FG006
18	EO18-8	sim_L18_M23	6691	FG001	FG012
18	EO18-8	sim_L18_M23	6692	FG001	FG002
18	EO18-8	sim_L18_M23	6693	FG001	FG027
18	EO18-8	sim_L18_M23	6694	FG001	FG024
18	EO18-8	sim_L18_M23	6695	FG001	FG024
18	EO18-8	sim_L18_M23	6696	FG001	FG002
18	EO18-8	sim_L18_M23	6697	FG001	FG024
18	EO18-8	sim_L18_M23	6698	FG001	FG002
18	EO18-8	sim_L18_M23	6699	FG001	FG002
30	EO26-1	sim_L30_M0	6700	FG006	FG024
30	EO26-1	sim_L30_M0	6701	FG006	FG002
30	EO26-1	sim_L30_M0	6702	FG006	FG015
30	EO26-1	sim_L30_M0	6703	FG001	FG024
30	EO26-1	sim_L30_M0	6704	FG006	FG010
30	EO26-1	sim_L30_M0	6705	FG001	FG027
30	EO26-1	sim_L30_M0	6706	FG001	FG001
30	EO26-1	sim_L30_M0	6707	FG006	FG024
30	EO26-1	sim_L30_M0	6708	FG006	FG002
30	EO26-1	sim_L30_M0	6709	FG006	FG009
30	EO26-1	sim_L30_M0	6710	FG001	FG024
30	EO26-1	sim_L30_M0	6711	FG001	FG002
30	EO26-1	sim_L30_M0	6712	FG001	FG019
30	EO26-1	sim_L30_M0	6713	FG006	FG005
30	EO26-1	sim_L30_M0	6714	FG001	FG024
30	EO26-1	sim_L30_M0	6715	FG006	FG021
30	EO26-1	sim_L30_M0	6716	FG001	FG021
30	EO26-1	sim_L30_M0	6717	FG006	FG002
30	EO26-1	sim_L30_M1	6718	FG001	FG021
30	EO26-1	sim_L30_M1	6719	FG019	FG024
30	EO26-1	sim_L30_M1	6720	FG019	FG017
30	EO26-1	sim_L30_M1	6721	FG001	FG024
30	EO26-1	sim_L30_M1	6722	FG001	FG024
30	EO26-1	sim_L30_M1	6723	FG001	FG024
30	EO26-1	sim_L30_M1	6724	FG019	FG006
30	EO26-1	sim_L30_M1	6725	FG001	FG002
30	EO26-1	sim_L30_M1	6726	FG001	FG001
30	EO26-1	sim_L30_M1	6727	FG019	FG002
30	EO26-1	sim_L30_M1	6728	FG001	FG032
30	EO26-1	sim_L30_M1	6729	FG019	FG010
30	EO26-1	sim_L30_M1	6730	FG019	FG021
30	EO26-1	sim_L30_M1	6731	FG001	FG006
30	EO26-1	sim_L30_M1	6732	FG001	FG026
30	EO26-1	sim_L30_M1	6733	FG001	FG006
30	EO26-1	sim_L30_M1	6734	FG001	FG012
30	EO26-1	sim_L30_M2	6735	FG001	FG018
30	EO26-1	sim_L30_M2	6736	FG001	FG015
30	EO26-1	sim_L30_M2	6737	FG001	FG024
30	EO26-1	sim_L30_M2	6738	FG001	FG009
30	EO26-1	sim_L30_M2	6739	FG001	FG006
30	EO26-1	sim_L30_M2	6740	FG001	FG003
30	EO26-1	sim_L30_M2	6741	FG001	FG024
30	EO26-1	sim_L30_M2	6742	FG001	FG019
30	EO26-1	sim_L30_M2	6743	FG001	FG021
30	EO26-1	sim_L30_M2	6744	FG001	FG017
30	EO26-1	sim_L30_M2	6745	FG001	FG001
30	EO26-1	sim_L30_M2	6746	FG001	FG024
30	EO26-1	sim_L30_M2	6747	FG001	FG002
30	EO26-1	sim_L30_M2	6748	FG001	FG021
30	EO26-1	sim_L30_M2	6749	FG001	FG002
30	EO26-1	sim_L30_M2	6750	FG001	FG024
30	EO26-1	sim_L30_M2	6751	FG001	FG005
30	EO26-1	sim_L30_M2	6752	FG001	FG002
30	EO26-1	sim_L30_M3	6753	FG006	FG001
30	EO26-1	sim_L30_M3	6754	FG024	FG001
30	EO26-1	sim_L30_M3	6755	FG006	FG001
30	EO26-1	sim_L30_M3	6756	FG006	FG003
30	EO26-1	sim_L30_M3	6757	FG006	FG019
30	EO26-1	sim_L30_M3	6758	FG024	FG001
30	EO26-1	sim_L30_M3	6759	FG006	FG001
30	EO26-1	sim_L30_M3	6760	FG024	FG001
30	EO26-1	sim_L30_M3	6761	FG024	FG002
30	EO26-1	sim_L30_M3	6762	FG006	FG001
30	EO26-1	sim_L30_M3	6763	FG024	FG013
30	EO26-1	sim_L30_M3	6764	FG006	FG001
30	EO26-1	sim_L30_M3	6765	FG006	FG001
30	EO26-1	sim_L30_M3	6766	FG006	FG002
30	EO26-1	sim_L30_M3	6767	FG024	FG022
30	EO26-1	sim_L30_M3	6768	FG006	FG001
30	EO26-1	sim_L30_M3	6769	FG006	FG012
30	EO26-1	sim_L30_M3	6770	FG006	FG001
30	EO26-1	sim_L30_M3	6771	FG006	FG001
30	EO26-1	sim_L30_M3	6772	FG024	FG002
30	EO26-1	sim_L30_M3	6773	FG024	FG001
30	EO26-1	sim_L30_M3	6774	FG024	FG002
30	EO26-1	sim_L30_M3	6775	FG006	FG024
30	EO26-1	sim_L30_M3	6776	FG006	FG001
30	EO26-1	sim_L30_M3	6777	FG024	FG029
30	EO26-1	sim_L30_M4	6778	FG002	FG006
30	EO26-1	sim_L30_M4	6779	FG001	FG019
30	EO26-1	sim_L30_M4	6780	FG002	FG010
30	EO26-1	sim_L30_M4	6781	FG002	FG003
30	EO26-1	sim_L30_M4	6782	FG002	FG001
30	EO26-1	sim_L30_M4	6783	FG002	FG024
30	EO26-1	sim_L30_M4	6784	FG001	FG012
30	EO26-1	sim_L30_M4	6785	FG001	FG006
30	EO26-1	sim_L30_M4	6786	FG002	FG024
30	EO26-1	sim_L30_M4	6787	FG002	FG006
30	EO26-1	sim_L30_M4	6788	FG002	FG017
30	EO26-1	sim_L30_M4	6789	FG002	FG001
30	EO26-1	sim_L30_M4	6790	FG002	FG003
30	EO26-1	sim_L30_M4	6791	FG001	FG024
30	EO26-1	sim_L30_M4	6792	FG001	FG024
30	EO26-1	sim_L30_M4	6793	FG001	FG007
30	EO26-1	sim_L30_M5	6794	FG027	FG001
30	EO26-1	sim_L30_M5	6795	FG018	FG007
30	EO26-1	sim_L30_M5	6796	FG027	FG001
30	EO26-1	sim_L30_M5	6797	FG018	FG005
30	EO26-1	sim_L30_M5	6798	FG018	FG023
30	EO26-1	sim_L30_M5	6799	FG027	FG019
30	EO26-1	sim_L30_M5	6800	FG027	FG002
30	EO26-1	sim_L30_M5	6801	FG027	FG001
30	EO26-1	sim_L30_M5	6802	FG018	FG002
30	EO26-1	sim_L30_M5	6803	FG027	FG024
30	EO26-1	sim_L30_M5	6804	FG027	FG002
30	EO26-1	sim_L30_M5	6805	FG027	FG024
30	EO26-1	sim_L30_M5	6806	FG027	FG006
30	EO26-1	sim_L30_M5	6807	FG018	FG007
30	EO26-1	sim_L30_M5	6808	FG027	FG001
30	EO26-1	sim_L30_M5	6809	FG018	FG001
30	EO26-1	sim_L30_M5	6810	FG027	FG001
30	EO26-1	sim_L30_M5	6811	FG018	FG006
30	EO26-1	sim_L30_M5	6812	FG027	FG024
30	EO26-1	sim_L30_M5	6813	FG018	FG024
30	EO26-1	sim_L30_M5	6814	FG018	FG001
30	EO26-1	sim_L30_M5	6815	FG027	FG003
30	EO26-1	sim_L30_M5	6816	FG027	FG002
30	EO26-1	sim_L30_M5	6817	FG027	FG014
30	EO26-1	sim_L30_M5	6818	FG027	FG024
30	EO26-1	sim_L30_M5	6819	FG018	FG001
30	EO26-1	sim_L30_M5	6820	FG018	FG001
30	EO26-1	sim_L30_M5	6821	FG018	FG020
30	EO26-1	sim_L30_M6	6822	FG001	FG024
30	EO26-1	sim_L30_M6	6823	FG001	FG006
30	EO26-1	sim_L30_M6	6824	FG001	FG006
30	EO26-1	sim_L30_M6	6825	FG001	FG003
30	EO26-1	sim_L30_M6	6826	FG001	FG002
30	EO26-1	sim_L30_M6	6827	FG001	FG002
30	EO26-1	sim_L30_M6	6828	FG001	FG024
30	EO26-1	sim_L30_M6	6829	FG001	FG015
30	EO26-1	sim_L30_M6	6830	FG001	FG015
30	EO26-1	sim_L30_M6	6831	FG001	FG002
30	EO26-1	sim_L30_M6	6832	FG001	FG024
30	EO26-1	sim_L30_M6	6833	FG001	FG006
30	EO26-1	sim_L30_M6	6834	FG001	FG003
30	EO26-1	sim_L30_M6	6835	FG001	FG024
30	EO26-1	sim_L30_M6	6836	FG001	FG024
30	EO26-1	sim_L30_M6	6837	FG001	FG006
30	EO26-1	sim_L30_M6	6838	FG001	FG024
30	EO26-1	sim_L30_M6	6839	FG001	FG003
30	EO26-1	sim_L30_M6	6840	FG001	FG006
30	EO26-1	sim_L30_M7	6841	FG024	FG029
30	EO26-1	sim_L30_M7	6842	FG005	FG003
30	EO26-1	sim_L30_M7	6843	FG024	FG001
30	EO26-1	sim_L30_M7	6844	FG024	FG002
30	EO26-1	sim_L30_M7	6845	FG005	FG001
30	EO26-1	sim_L30_M7	6846	FG024	FG001
30	EO26-1	sim_L30_M7	6847	FG024	FG002
30	EO26-1	sim_L30_M7	6848	FG005	FG001
30	EO26-1	sim_L30_M7	6849	FG024	FG001
30	EO26-1	sim_L30_M7	6850	FG005	FG012
30	EO26-1	sim_L30_M7	6851	FG005	FG002
30	EO26-1	sim_L30_M7	6852	FG005	FG001
30	EO26-1	sim_L30_M7	6853	FG024	FG004
30	EO26-1	sim_L30_M7	6854	FG005	FG001
30	EO26-1	sim_L30_M7	6855	FG005	FG001
30	EO26-1	sim_L30_M7	6856	FG024	FG001
30	EO26-1	sim_L30_M7	6857	FG005	FG002
30	EO26-1	sim_L30_M7	6858	FG024	FG019
30	EO26-1	sim_L30_M7	6859	FG024	FG006
30	EO26-1	sim_L30_M7	6860	FG024	FG001
30	EO26-1	sim_L30_M7	6861	FG024	FG012
30	EO26-1	sim_L30_M8	6862	FG002	FG019
30	EO26-1	sim_L30_M8	6863	FG002	FG006
30	EO26-1	sim_L30_M8	6864	FG001	FG024
30	EO26-1	sim_L30_M8	6865	FG001	FG018
30	EO26-1	sim_L30_M8	6866	FG002	FG032
30	EO26-1	sim_L30_M8	6867	FG002	FG018
30	EO26-1	sim_L30_M8	6868	FG002	FG001
30	EO26-1	sim_L30_M8	6869	FG002	FG024
30	EO26-1	sim_L30_M8	6870	FG001	FG019
30	EO26-1	sim_L30_M8	6871	FG001	FG019
30	EO26-1	sim_L30_M8	6872	FG001	FG024
30	EO26-1	sim_L30_M9	6873	FG001	FG002
30	EO26-1	sim_L30_M9	6874	FG001	FG024
30	EO26-1	sim_L30_M9	6875	FG001	FG002
30	EO26-1	sim_L30_M9	6876	FG001	FG024
30	EO26-1	sim_L30_M9	6877	FG001	FG024
30	EO26-1	sim_L30_M9	6878	FG001	FG024
30	EO26-1	sim_L30_M9	6879	FG001	FG002
30	EO26-1	sim_L30_M9	6880	FG001	FG004
30	EO26-1	sim_L30_M9	6881	FG001	FG012
30	EO26-1	sim_L30_M9	6882	FG001	FG003
30	EO26-1	sim_L30_M9	6883	FG001	FG003
30	EO26-1	sim_L30_M9	6884	FG001	FG002
30	EO26-1	sim_L30_M9	6885	FG001	FG023
30	EO26-1	sim_L30_M9	6886	FG001	FG004
30	EO26-1	sim_L30_M9	6887	FG001	FG012
30	EO26-1	sim_L30_M9	6888	FG001	FG003
30	EO26-1	sim_L30_M9	6889	FG001	FG024
30	EO26-1	sim_L30_M9	6890	FG001	FG006
30	EO26-1	sim_L30_M10	6891	FG031	FG005
30	EO26-1	sim_L30_M10	6892	FG012	FG002
30	EO26-1	sim_L30_M10	6893	FG012	FG001
30	EO26-1	sim_L30_M10	6894	FG012	FG001
30	EO26-1	sim_L30_M10	6895	FG031	FG002
30	EO26-1	sim_L30_M10	6896	FG012	FG001
30	EO26-1	sim_L30_M10	6897	FG012	FG024
30	EO26-1	sim_L30_M10	6898	FG031	FG008
30	EO26-1	sim_L30_M10	6899	FG012	FG024
30	EO26-1	sim_L30_M10	6900	FG031	FG024
30	EO26-1	sim_L30_M10	6901	FG012	FG001
30	EO26-1	sim_L30_M10	6902	FG012	FG001
30	EO26-1	sim_L30_M10	6903	FG031	FG006
30	EO26-1	sim_L30_M10	6904	FG031	FG001
30	EO26-1	sim_L30_M10	6905	FG031	FG024
30	EO26-1	sim_L30_M10	6906	FG031	FG006
30	EO26-1	sim_L30_M10	6907	FG012	FG001
30	EO26-1	sim_L30_M10	6908	FG012	FG001
30	EO26-1	sim_L30_M10	6909	FG012	FG006
30	EO26-1	sim_L30_M10	6910	FG031	FG001
30	EO26-1	sim_L30_M10	6911	FG031	FG001
30	EO26-1	sim_L30_M10	6912	FG012	FG003
30	EO26-1	sim_L30_M10	6913	FG012	FG002
30	EO26-1	sim_L30_M10	6914	FG012	FG001
30	EO26-1	sim_L30_M10	6915	FG031	FG023
30	EO26-1	sim_L30_M10	6916	FG031	FG024
30	EO26-1	sim_L30_M10	6917	FG031	FG018
30	EO26-1	sim_L30_M11	6918	FG002	FG012
30	EO26-1	sim_L30_M11	6919	FG002	FG024
30	EO26-1	sim_L30_M11	6920	FG002	FG003
30	EO26-1	sim_L30_M11	6921	FG001	FG024
30	EO26-1	sim_L30_M11	6922	FG002	FG012
30	EO26-1	sim_L30_M11	6923	FG002	FG013
30	EO26-1	sim_L30_M11	6924	FG002	FG006
30	EO26-1	sim_L30_M11	6925	FG002	FG015
30	EO26-1	sim_L30_M11	6926	FG001	FG024
30	EO26-1	sim_L30_M11	6927	FG002	FG017
30	EO26-1	sim_L30_M11	6928	FG002	FG010
30	EO26-1	sim_L30_M11	6929	FG001	FG024
30	EO26-1	sim_L30_M11	6930	FG001	FG024
30	EO26-1	sim_L30_M11	6931	FG001	FG022
30	EO26-1	sim_L30_M11	6932	FG001	FG024
30	EO26-1	sim_L30_M11	6933	FG001	FG024
30	EO26-1	sim_L30_M11	6934	FG002	FG024
30	EO26-1	sim_L30_M11	6935	FG002	FG024
30	EO26-1	sim_L30_M11	6936	FG002	FG031
30	EO26-1	sim_L30_M11	6937	FG002	FG024
30	EO26-1	sim_L30_M12	6938	FG021	FG006
30	EO26-1	sim_L30_M12	6939	FG002	FG024
30	EO26-1	sim_L30_M12	6940	FG021	FG024
30	EO26-1	sim_L30_M12	6941	FG021	FG001
30	EO26-1	sim_L30_M12	6942	FG002	FG001
30	EO26-1	sim_L30_M12	6943	FG021	FG001
30	EO26-1	sim_L30_M12	6944	FG021	FG001
30	EO26-1	sim_L30_M12	6945	FG021	FG002
30	EO26-1	sim_L30_M12	6946	FG002	FG001
30	EO26-1	sim_L30_M12	6947	FG002	FG001
30	EO26-1	sim_L30_M12	6948	FG002	FG012
30	EO26-1	sim_L30_M12	6949	FG002	FG001
30	EO26-1	sim_L30_M12	6950	FG002	FG001
30	EO26-1	sim_L30_M12	6951	FG021	FG003
30	EO26-1	sim_L30_M12	6952	FG021	FG006
30	EO26-1	sim_L30_M12	6953	FG002	FG001
30	EO26-1	sim_L30_M12	6954	FG021	FG001
30	EO26-1	sim_L30_M12	6955	FG002	FG024
30	EO26-1	sim_L30_M12	6956	FG021	FG001
30	EO26-1	sim_L30_M12	6957	FG002	FG010
30	EO26-1	sim_L30_M12	6958	FG021	FG009
30	EO26-1	sim_L30_M12	6959	FG002	FG018
30	EO26-1	sim_L30_M12	6960	FG021	FG001
30	EO26-1	sim_L30_M12	6961	FG021	FG001
30	EO26-1	sim_L30_M12	6962	FG021	FG018
30	EO26-1	sim_L30_M13	6963	FG006	FG012
30	EO26-1	sim_L30_M13	6964	FG024	FG002
30	EO26-1	sim_L30_M13	6965	FG024	FG002
30	EO26-1	sim_L30_M13	6966	FG024	FG001
30	EO26-1	sim_L30_M13	6967	FG024	FG002
30	EO26-1	sim_L30_M13	6968	FG006	FG007
30	EO26-1	sim_L30_M13	6969	FG024	FG003
30	EO26-1	sim_L30_M13	6970	FG024	FG001
30	EO26-1	sim_L30_M13	6971	FG024	FG001
30	EO26-1	sim_L30_M13	6972	FG024	FG017
30	EO26-1	sim_L30_M13	6973	FG006	FG001
30	EO26-1	sim_L30_M13	6974	FG024	FG018
30	EO26-1	sim_L30_M13	6975	FG006	FG014
30	EO26-1	sim_L30_M13	6976	FG024	FG017
30	EO26-1	sim_L30_M13	6977	FG024	FG001
30	EO26-1	sim_L30_M13	6978	FG024	FG004
30	EO26-1	sim_L30_M13	6979	FG006	FG024
30	EO26-1	sim_L30_M13	6980	FG024	FG001
30	EO26-1	sim_L30_M13	6981	FG024	FG010
30	EO26-1	sim_L30_M13	6982	FG006	FG002
30	EO26-1	sim_L30_M13	6983	FG006	FG015
30	EO26-1	sim_L30_M13	6984	FG024	FG001
30	EO26-1	sim_L30_M13	6985	FG024	FG001
30	EO26-1	sim_L30_M13	6986	FG024	FG002
30	EO26-1	sim_L30_M14	6987	FG024	FG012
30	EO26-1	sim_L30_M14	6988	FG024	FG026
30	EO26-1	sim_L30_M14	6989	FG001	FG012
30	EO26-1	sim_L30_M14	6990	FG001	FG002
30	EO26-1	sim_L30_M14	6991	FG001	FG006
30	EO26-1	sim_L30_M14	6992	FG024	FG004
30	EO26-1	sim_L30_M14	6993	FG024	FG005
30	EO26-1	sim_L30_M14	6994	FG001	FG002
30	EO26-1	sim_L30_M14	6995	FG001	FG020
30	EO26-1	sim_L30_M14	6996	FG024	FG002
30	EO26-1	sim_L30_M14	6997	FG001	FG015
30	EO26-1	sim_L30_M14	6998	FG001	FG006
30	EO26-1	sim_L30_M15	6999	FG001	FG012
30	EO26-1	sim_L30_M15	7000	FG001	FG024
30	EO26-1	sim_L30_M15	7001	FG001	FG001
30	EO26-1	sim_L30_M15	7002	FG001	FG012
30	EO26-1	sim_L30_M15	7003	FG001	FG006
30	EO26-1	sim_L30_M15	7004	FG001	FG023
30	EO26-1	sim_L30_M15	7005	FG001	FG024
30	EO26-1	sim_L30_M15	7006	FG001	FG024
30	EO26-1	sim_L30_M15	7007	FG001	FG006
30	EO26-1	sim_L30_M15	7008	FG001	FG001
30	EO26-1	sim_L30_M15	7009	FG001	FG001
30	EO26-1	sim_L30_M15	7010	FG001	FG015
30	EO26-1	sim_L30_M15	7011	FG001	FG012
30	EO26-1	sim_L30_M15	7012	FG001	FG024
30	EO26-1	sim_L30_M15	7013	FG001	FG006
30	EO26-1	sim_L30_M15	7014	FG001	FG006
30	EO26-1	sim_L30_M15	7015	FG001	FG010
30	EO26-1	sim_L30_M16	7016	FG001	FG010
30	EO26-1	sim_L30_M16	7017	FG001	FG024
30	EO26-1	sim_L30_M16	7018	FG001	FG003
30	EO26-1	sim_L30_M16	7019	FG001	FG015
30	EO26-1	sim_L30_M16	7020	FG001	FG024
30	EO26-1	sim_L30_M16	7021	FG001	FG002
30	EO26-1	sim_L30_M16	7022	FG001	FG022
30	EO26-1	sim_L30_M16	7023	FG001	FG005
30	EO26-1	sim_L30_M16	7024	FG001	FG012
30	EO26-1	sim_L30_M16	7025	FG001	FG024
30	EO26-1	sim_L30_M16	7026	FG001	FG024
30	EO26-1	sim_L30_M16	7027	FG001	FG004
30	EO26-1	sim_L30_M16	7028	FG001	FG024
30	EO26-1	sim_L30_M16	7029	FG001	FG015
30	EO26-1	sim_L30_M16	7030	FG001	FG009
30	EO26-1	sim_L30_M16	7031	FG001	FG018
30	EO26-1	sim_L30_M16	7032	FG001	FG002
30	EO26-1	sim_L30_M17	7033	FG001	FG006
30	EO26-1	sim_L30_M17	7034	FG001	FG003
30	EO26-1	sim_L30_M17	7035	FG029	FG013
30	EO26-1	sim_L30_M17	7036	FG029	FG024
30	EO26-1	sim_L30_M17	7037	FG001	FG002
30	EO26-1	sim_L30_M17	7038	FG029	FG002
30	EO26-1	sim_L30_M17	7039	FG029	FG024
30	EO26-1	sim_L30_M17	7040	FG029	FG024
30	EO26-1	sim_L30_M17	7041	FG029	FG012
30	EO26-1	sim_L30_M17	7042	FG029	FG001
30	EO26-1	sim_L30_M17	7043	FG001	FG001
30	EO26-1	sim_L30_M17	7044	FG001	FG019
30	EO26-1	sim_L30_M17	7045	FG029	FG024
30	EO26-1	sim_L30_M17	7046	FG001	FG024
30	EO26-1	sim_L30_M17	7047	FG001	FG019
30	EO26-1	sim_L30_M17	7048	FG001	FG024
30	EO26-1	sim_L30_M17	7049	FG029	FG012
30	EO26-1	sim_L30_M17	7050	FG001	FG024
30	EO26-1	sim_L30_M17	7051	FG001	FG004
30	EO26-1	sim_L30_M17	7052	FG001	FG010
30	EO26-1	sim_L30_M17	7053	FG029	FG002
30	EO26-1	sim_L30_M18	7054	FG001	FG010
30	EO26-1	sim_L30_M18	7055	FG001	FG001
30	EO26-1	sim_L30_M18	7056	FG001	FG006
30	EO26-1	sim_L30_M18	7057	FG001	FG019
30	EO26-1	sim_L30_M18	7058	FG001	FG023
30	EO26-1	sim_L30_M18	7059	FG024	FG001
30	EO26-1	sim_L30_M18	7060	FG001	FG006
30	EO26-1	sim_L30_M18	7061	FG024	FG002
30	EO26-1	sim_L30_M18	7062	FG001	FG003
30	EO26-1	sim_L30_M18	7063	FG001	FG024
30	EO26-1	sim_L30_M18	7064	FG001	FG025
30	EO26-1	sim_L30_M18	7065	FG001	FG002
30	EO26-1	sim_L30_M18	7066	FG001	FG002
30	EO26-1	sim_L30_M18	7067	FG024	FG002
30	EO26-1	sim_L30_M18	7068	FG024	FG010
30	EO26-1	sim_L30_M19	7069	FG001	FG001
30	EO26-1	sim_L30_M19	7070	FG001	FG002
30	EO26-1	sim_L30_M19	7071	FG001	FG003
30	EO26-1	sim_L30_M19	7072	FG001	FG024
30	EO26-1	sim_L30_M19	7073	FG001	FG032
30	EO26-1	sim_L30_M19	7074	FG001	FG005
30	EO26-1	sim_L30_M19	7075	FG001	FG003
30	EO26-1	sim_L30_M19	7076	FG001	FG018
30	EO26-1	sim_L30_M19	7077	FG001	FG018
30	EO26-1	sim_L30_M19	7078	FG001	FG006
30	EO26-1	sim_L30_M19	7079	FG001	FG024
30	EO26-1	sim_L30_M19	7080	FG001	FG024
30	EO26-1	sim_L30_M19	7081	FG001	FG001
30	EO26-1	sim_L30_M19	7082	FG001	FG027
30	EO26-1	sim_L30_M19	7083	FG001	FG024
30	EO26-1	sim_L30_M20	7084	FG002	FG024
30	EO26-1	sim_L30_M20	7085	FG001	FG003
30	EO26-1	sim_L30_M20	7086	FG002	FG001
30	EO26-1	sim_L30_M20	7087	FG001	FG006
30	EO26-1	sim_L30_M20	7088	FG001	FG024
30	EO26-1	sim_L30_M20	7089	FG001	FG010
30	EO26-1	sim_L30_M20	7090	FG002	FG018
30	EO26-1	sim_L30_M20	7091	FG002	FG014
30	EO26-1	sim_L30_M20	7092	FG001	FG018
30	EO26-1	sim_L30_M20	7093	FG001	FG024
30	EO26-1	sim_L30_M20	7094	FG001	FG004
30	EO26-1	sim_L30_M20	7095	FG001	FG024
30	EO26-1	sim_L30_M20	7096	FG002	FG018
30	EO26-1	sim_L30_M21	7097	FG006	FG001
30	EO26-1	sim_L30_M21	7098	FG017	FG001
30	EO26-1	sim_L30_M21	7099	FG006	FG024
30	EO26-1	sim_L30_M21	7100	FG006	FG002
30	EO26-1	sim_L30_M21	7101	FG017	FG024
30	EO26-1	sim_L30_M21	7102	FG006	FG001
30	EO26-1	sim_L30_M21	7103	FG006	FG001
30	EO26-1	sim_L30_M21	7104	FG006	FG012
30	EO26-1	sim_L30_M21	7105	FG017	FG021
30	EO26-1	sim_L30_M21	7106	FG006	FG001
30	EO26-1	sim_L30_M21	7107	FG006	FG024
30	EO26-1	sim_L30_M21	7108	FG017	FG001
30	EO26-1	sim_L30_M21	7109	FG017	FG002
30	EO26-1	sim_L30_M21	7110	FG006	FG030
30	EO26-1	sim_L30_M21	7111	FG006	FG004
30	EO26-1	sim_L30_M21	7112	FG006	FG001
30	EO26-1	sim_L30_M21	7113	FG017	FG001
30	EO26-1	sim_L30_M21	7114	FG006	FG002
30	EO26-1	sim_L30_M21	7115	FG017	FG024
30	EO26-1	sim_L30_M21	7116	FG006	FG024
30	EO26-1	sim_L30_M21	7117	FG017	FG001
30	EO26-1	sim_L30_M21	7118	FG017	FG024
30	EO26-1	sim_L30_M21	7119	FG006	FG001
30	EO26-1	sim_L30_M21	7120	FG017	FG024
30	EO26-1	sim_L30_M21	7121	FG006	FG021
30	EO26-1	sim_L30_M21	7122	FG017	FG024
29	EO8	sim_L29_M0	7123	FG002	FG005
29	EO8	sim_L29_M0	7124	FG002	FG006
29	EO8	sim_L29_M0	7125	FG001	FG030
29	EO8	sim_L29_M0	7126	FG002	FG006
29	EO8	sim_L29_M0	7127	FG001	FG017
29	EO8	sim_L29_M0	7128	FG002	FG021
29	EO8	sim_L29_M0	7129	FG002	FG017
29	EO8	sim_L29_M0	7130	FG002	FG017
29	EO8	sim_L29_M0	7131	FG002	FG003
29	EO8	sim_L29_M0	7132	FG002	FG012
29	EO8	sim_L29_M0	7133	FG002	FG015
29	EO8	sim_L29_M0	7134	FG002	FG024
29	EO8	sim_L29_M1	7135	FG003	FG002
29	EO8	sim_L29_M1	7136	FG018	FG002
29	EO8	sim_L29_M1	7137	FG018	FG001
29	EO8	sim_L29_M1	7138	FG018	FG001
29	EO8	sim_L29_M1	7139	FG003	FG024
29	EO8	sim_L29_M1	7140	FG003	FG001
29	EO8	sim_L29_M1	7141	FG018	FG024
29	EO8	sim_L29_M1	7142	FG018	FG001
29	EO8	sim_L29_M1	7143	FG018	FG027
29	EO8	sim_L29_M1	7144	FG018	FG001
29	EO8	sim_L29_M1	7145	FG003	FG001
29	EO8	sim_L29_M1	7146	FG018	FG024
29	EO8	sim_L29_M1	7147	FG018	FG024
29	EO8	sim_L29_M1	7148	FG003	FG024
29	EO8	sim_L29_M1	7149	FG018	FG001
29	EO8	sim_L29_M1	7150	FG018	FG001
29	EO8	sim_L29_M1	7151	FG018	FG024
29	EO8	sim_L29_M1	7152	FG018	FG001
29	EO8	sim_L29_M1	7153	FG003	FG024
29	EO8	sim_L29_M1	7154	FG018	FG001
29	EO8	sim_L29_M1	7155	FG018	FG001
29	EO8	sim_L29_M1	7156	FG003	FG001
29	EO8	sim_L29_M1	7157	FG018	FG027
29	EO8	sim_L29_M1	7158	FG018	FG006
29	EO8	sim_L29_M1	7159	FG018	FG024
29	EO8	sim_L29_M1	7160	FG018	FG024
29	EO8	sim_L29_M1	7161	FG003	FG002
29	EO8	sim_L29_M2	7162	FG024	FG024
29	EO8	sim_L29_M2	7163	FG024	FG004
29	EO8	sim_L29_M2	7164	FG024	FG006
29	EO8	sim_L29_M2	7165	FG024	FG006
29	EO8	sim_L29_M2	7166	FG024	FG010
29	EO8	sim_L29_M2	7167	FG024	FG002
29	EO8	sim_L29_M2	7168	FG024	FG024
29	EO8	sim_L29_M2	7169	FG024	FG006
29	EO8	sim_L29_M2	7170	FG024	FG002
29	EO8	sim_L29_M2	7171	FG001	FG001
29	EO8	sim_L29_M2	7172	FG001	FG021
29	EO8	sim_L29_M2	7173	FG001	FG023
29	EO8	sim_L29_M2	7174	FG024	FG002
29	EO8	sim_L29_M3	7175	FG001	FG018
29	EO8	sim_L29_M3	7176	FG001	FG005
29	EO8	sim_L29_M3	7177	FG001	FG003
29	EO8	sim_L29_M3	7178	FG001	FG002
29	EO8	sim_L29_M3	7179	FG001	FG028
29	EO8	sim_L29_M3	7180	FG001	FG012
29	EO8	sim_L29_M3	7181	FG001	FG024
29	EO8	sim_L29_M3	7182	FG001	FG002
29	EO8	sim_L29_M3	7183	FG001	FG002
29	EO8	sim_L29_M3	7184	FG001	FG002
29	EO8	sim_L29_M3	7185	FG001	FG002
29	EO8	sim_L29_M3	7186	FG001	FG015
29	EO8	sim_L29_M3	7187	FG001	FG006
29	EO8	sim_L29_M3	7188	FG001	FG010
29	EO8	sim_L29_M3	7189	FG001	FG002
29	EO8	sim_L29_M3	7190	FG001	FG017
29	EO8	sim_L29_M3	7191	FG001	FG007
29	EO8	sim_L29_M3	7192	FG001	FG024
29	EO8	sim_L29_M3	7193	FG001	FG010
29	EO8	sim_L29_M3	7194	FG001	FG024
29	EO8	sim_L29_M4	7195	FG024	FG010
29	EO8	sim_L29_M4	7196	FG024	FG003
29	EO8	sim_L29_M4	7197	FG024	FG018
29	EO8	sim_L29_M4	7198	FG024	FG002
29	EO8	sim_L29_M4	7199	FG006	FG008
29	EO8	sim_L29_M4	7200	FG006	FG001
29	EO8	sim_L29_M4	7201	FG006	FG002
29	EO8	sim_L29_M4	7202	FG024	FG003
29	EO8	sim_L29_M4	7203	FG006	FG001
29	EO8	sim_L29_M4	7204	FG024	FG017
29	EO8	sim_L29_M4	7205	FG024	FG023
29	EO8	sim_L29_M4	7206	FG006	FG029
29	EO8	sim_L29_M4	7207	FG006	FG003
29	EO8	sim_L29_M4	7208	FG024	FG005
29	EO8	sim_L29_M4	7209	FG006	FG001
29	EO8	sim_L29_M4	7210	FG024	FG018
29	EO8	sim_L29_M4	7211	FG024	FG001
29	EO8	sim_L29_M4	7212	FG006	FG001
29	EO8	sim_L29_M4	7213	FG006	FG028
29	EO8	sim_L29_M4	7214	FG006	FG028
29	EO8	sim_L29_M4	7215	FG006	FG007
29	EO8	sim_L29_M4	7216	FG006	FG012
29	EO8	sim_L29_M5	7217	FG002	FG024
29	EO8	sim_L29_M5	7218	FG002	FG024
29	EO8	sim_L29_M5	7219	FG001	FG005
29	EO8	sim_L29_M5	7220	FG002	FG024
29	EO8	sim_L29_M5	7221	FG001	FG006
29	EO8	sim_L29_M5	7222	FG001	FG005
29	EO8	sim_L29_M5	7223	FG001	FG024
29	EO8	sim_L29_M5	7224	FG002	FG002
29	EO8	sim_L29_M5	7225	FG001	FG003
29	EO8	sim_L29_M5	7226	FG001	FG015
29	EO8	sim_L29_M5	7227	FG002	FG001
29	EO8	sim_L29_M5	7228	FG002	FG001
29	EO8	sim_L29_M5	7229	FG001	FG004
29	EO8	sim_L29_M5	7230	FG002	FG024
29	EO8	sim_L29_M5	7231	FG002	FG010
29	EO8	sim_L29_M5	7232	FG002	FG003
29	EO8	sim_L29_M5	7233	FG002	FG024
29	EO8	sim_L29_M5	7234	FG002	FG006
29	EO8	sim_L29_M5	7235	FG002	FG024
29	EO8	sim_L29_M5	7236	FG001	FG024
29	EO8	sim_L29_M6	7237	FG015	FG002
29	EO8	sim_L29_M6	7238	FG015	FG002
29	EO8	sim_L29_M6	7239	FG001	FG002
29	EO8	sim_L29_M6	7240	FG015	FG024
29	EO8	sim_L29_M6	7241	FG015	FG021
29	EO8	sim_L29_M6	7242	FG001	FG024
29	EO8	sim_L29_M6	7243	FG015	FG024
29	EO8	sim_L29_M6	7244	FG015	FG013
29	EO8	sim_L29_M6	7245	FG001	FG024
29	EO8	sim_L29_M6	7246	FG015	FG023
29	EO8	sim_L29_M6	7247	FG001	FG006
29	EO8	sim_L29_M6	7248	FG015	FG012
29	EO8	sim_L29_M6	7249	FG015	FG024
29	EO8	sim_L29_M6	7250	FG015	FG002
29	EO8	sim_L29_M6	7251	FG001	FG024
29	EO8	sim_L29_M6	7252	FG015	FG002
29	EO8	sim_L29_M6	7253	FG015	FG002
29	EO8	sim_L29_M6	7254	FG015	FG002
29	EO8	sim_L29_M6	7255	FG015	FG006
29	EO8	sim_L29_M6	7256	FG015	FG003
29	EO8	sim_L29_M6	7257	FG001	FG012
29	EO8	sim_L29_M7	7258	FG023	FG024
29	EO8	sim_L29_M7	7259	FG006	FG001
29	EO8	sim_L29_M7	7260	FG006	FG001
29	EO8	sim_L29_M7	7261	FG006	FG024
29	EO8	sim_L29_M7	7262	FG023	FG024
29	EO8	sim_L29_M7	7263	FG023	FG024
29	EO8	sim_L29_M7	7264	FG006	FG002
29	EO8	sim_L29_M7	7265	FG023	FG024
29	EO8	sim_L29_M7	7266	FG023	FG001
29	EO8	sim_L29_M7	7267	FG023	FG001
29	EO8	sim_L29_M7	7268	FG023	FG024
29	EO8	sim_L29_M7	7269	FG023	FG024
29	EO8	sim_L29_M7	7270	FG006	FG001
29	EO8	sim_L29_M7	7271	FG023	FG002
29	EO8	sim_L29_M7	7272	FG023	FG009
29	EO8	sim_L29_M7	7273	FG023	FG002
29	EO8	sim_L29_M7	7274	FG006	FG001
29	EO8	sim_L29_M7	7275	FG006	FG024
29	EO8	sim_L29_M7	7276	FG006	FG009
29	EO8	sim_L29_M7	7277	FG023	FG002
29	EO8	sim_L29_M7	7278	FG023	FG002
29	EO8	sim_L29_M7	7279	FG023	FG002
29	EO8	sim_L29_M7	7280	FG023	FG003
29	EO8	sim_L29_M7	7281	FG023	FG024
29	EO8	sim_L29_M7	7282	FG023	FG012
29	EO8	sim_L29_M7	7283	FG023	FG019
29	EO8	sim_L29_M7	7284	FG023	FG015
29	EO8	sim_L29_M8	7285	FG001	FG002
29	EO8	sim_L29_M8	7286	FG001	FG024
29	EO8	sim_L29_M8	7287	FG001	FG011
29	EO8	sim_L29_M8	7288	FG001	FG001
29	EO8	sim_L29_M8	7289	FG001	FG024
29	EO8	sim_L29_M8	7290	FG001	FG002
29	EO8	sim_L29_M8	7291	FG001	FG003
29	EO8	sim_L29_M8	7292	FG001	FG002
29	EO8	sim_L29_M8	7293	FG001	FG003
29	EO8	sim_L29_M8	7294	FG001	FG012
29	EO8	sim_L29_M8	7295	FG001	FG024
29	EO8	sim_L29_M8	7296	FG001	FG006
29	EO8	sim_L29_M8	7297	FG001	FG010
29	EO8	sim_L29_M8	7298	FG001	FG024
29	EO8	sim_L29_M8	7299	FG001	FG024
29	EO8	sim_L29_M8	7300	FG001	FG017
29	EO8	sim_L29_M8	7301	FG001	FG001
29	EO8	sim_L29_M9	7302	FG001	FG024
29	EO8	sim_L29_M9	7303	FG001	FG006
29	EO8	sim_L29_M9	7304	FG026	FG024
29	EO8	sim_L29_M9	7305	FG026	FG002
29	EO8	sim_L29_M9	7306	FG026	FG024
29	EO8	sim_L29_M9	7307	FG026	FG005
29	EO8	sim_L29_M9	7308	FG026	FG024
29	EO8	sim_L29_M9	7309	FG001	FG024
29	EO8	sim_L29_M9	7310	FG001	FG006
29	EO8	sim_L29_M9	7311	FG001	FG002
29	EO8	sim_L29_M9	7312	FG001	FG015
29	EO8	sim_L29_M9	7313	FG026	FG002
29	EO8	sim_L29_M9	7314	FG001	FG001
29	EO8	sim_L29_M9	7315	FG026	FG001
29	EO8	sim_L29_M9	7316	FG026	FG001
29	EO8	sim_L29_M9	7317	FG001	FG024
29	EO8	sim_L29_M9	7318	FG001	FG002
29	EO8	sim_L29_M9	7319	FG001	FG024
29	EO8	sim_L29_M10	7320	FG017	FG001
29	EO8	sim_L29_M10	7321	FG024	FG006
29	EO8	sim_L29_M10	7322	FG017	FG003
29	EO8	sim_L29_M10	7323	FG024	FG003
29	EO8	sim_L29_M10	7324	FG024	FG001
29	EO8	sim_L29_M10	7325	FG024	FG001
29	EO8	sim_L29_M10	7326	FG024	FG001
29	EO8	sim_L29_M10	7327	FG017	FG001
29	EO8	sim_L29_M10	7328	FG024	FG001
29	EO8	sim_L29_M10	7329	FG017	FG001
29	EO8	sim_L29_M10	7330	FG017	FG012
29	EO8	sim_L29_M10	7331	FG024	FG001
29	EO8	sim_L29_M10	7332	FG017	FG002
29	EO8	sim_L29_M10	7333	FG024	FG023
29	EO8	sim_L29_M10	7334	FG017	FG001
29	EO8	sim_L29_M10	7335	FG017	FG002
29	EO8	sim_L29_M10	7336	FG024	FG012
29	EO8	sim_L29_M11	7337	FG006	FG001
29	EO8	sim_L29_M11	7338	FG007	FG002
29	EO8	sim_L29_M11	7339	FG006	FG001
29	EO8	sim_L29_M11	7340	FG007	FG002
29	EO8	sim_L29_M11	7341	FG007	FG001
29	EO8	sim_L29_M11	7342	FG007	FG001
29	EO8	sim_L29_M11	7343	FG007	FG024
29	EO8	sim_L29_M11	7344	FG007	FG017
29	EO8	sim_L29_M11	7345	FG007	FG024
29	EO8	sim_L29_M11	7346	FG006	FG024
29	EO8	sim_L29_M11	7347	FG007	FG024
29	EO8	sim_L29_M11	7348	FG006	FG015
29	EO8	sim_L29_M11	7349	FG006	FG024
29	EO8	sim_L29_M11	7350	FG007	FG001
29	EO8	sim_L29_M11	7351	FG007	FG001
29	EO8	sim_L29_M11	7352	FG006	FG001
29	EO8	sim_L29_M11	7353	FG006	FG001
29	EO8	sim_L29_M11	7354	FG007	FG015
29	EO8	sim_L29_M11	7355	FG006	FG018
29	EO8	sim_L29_M11	7356	FG006	FG009
29	EO8	sim_L29_M11	7357	FG007	FG001
29	EO8	sim_L29_M11	7358	FG007	FG001
29	EO8	sim_L29_M11	7359	FG006	FG001
29	EO8	sim_L29_M11	7360	FG007	FG004
29	EO8	sim_L29_M11	7361	FG006	FG001
29	EO8	sim_L29_M11	7362	FG006	FG024
29	EO8	sim_L29_M11	7363	FG007	FG010
29	EO8	sim_L29_M11	7364	FG006	FG002
29	EO8	sim_L29_M12	7365	FG001	FG007
29	EO8	sim_L29_M12	7366	FG001	FG010
29	EO8	sim_L29_M12	7367	FG001	FG006
29	EO8	sim_L29_M12	7368	FG001	FG002
29	EO8	sim_L29_M12	7369	FG001	FG002
29	EO8	sim_L29_M12	7370	FG001	FG024
29	EO8	sim_L29_M12	7371	FG001	FG024
29	EO8	sim_L29_M12	7372	FG001	FG012
29	EO8	sim_L29_M12	7373	FG001	FG012
29	EO8	sim_L29_M12	7374	FG001	FG010
29	EO8	sim_L29_M12	7375	FG001	FG006
29	EO8	sim_L29_M12	7376	FG001	FG012
29	EO8	sim_L29_M12	7377	FG001	FG006
29	EO8	sim_L29_M12	7378	FG001	FG002
29	EO8	sim_L29_M12	7379	FG001	FG024
29	EO8	sim_L29_M13	7380	FG006	FG024
29	EO8	sim_L29_M13	7381	FG001	FG001
29	EO8	sim_L29_M13	7382	FG006	FG009
29	EO8	sim_L29_M13	7383	FG006	FG003
29	EO8	sim_L29_M13	7384	FG006	FG002
29	EO8	sim_L29_M13	7385	FG001	FG018
29	EO8	sim_L29_M13	7386	FG001	FG012
29	EO8	sim_L29_M13	7387	FG001	FG024
29	EO8	sim_L29_M13	7388	FG001	FG021
29	EO8	sim_L29_M13	7389	FG001	FG012
29	EO8	sim_L29_M13	7390	FG006	FG005
29	EO8	sim_L29_M13	7391	FG006	FG001
29	EO8	sim_L29_M13	7392	FG006	FG002
29	EO8	sim_L29_M13	7393	FG001	FG024
29	EO8	sim_L29_M13	7394	FG006	FG024
29	EO8	sim_L29_M14	7395	FG003	FG001
29	EO8	sim_L29_M14	7396	FG024	FG001
29	EO8	sim_L29_M14	7397	FG024	FG001
29	EO8	sim_L29_M14	7398	FG024	FG001
29	EO8	sim_L29_M14	7399	FG003	FG002
29	EO8	sim_L29_M14	7400	FG024	FG001
29	EO8	sim_L29_M14	7401	FG024	FG026
29	EO8	sim_L29_M14	7402	FG024	FG001
29	EO8	sim_L29_M14	7403	FG003	FG019
29	EO8	sim_L29_M14	7404	FG003	FG001
29	EO8	sim_L29_M14	7405	FG024	FG002
29	EO8	sim_L29_M14	7406	FG003	FG017
29	EO8	sim_L29_M14	7407	FG003	FG002
29	EO8	sim_L29_M14	7408	FG024	FG002
29	EO8	sim_L29_M14	7409	FG024	FG006
29	EO8	sim_L29_M14	7410	FG003	FG001
29	EO8	sim_L29_M14	7411	FG024	FG002
29	EO8	sim_L29_M14	7412	FG003	FG001
29	EO8	sim_L29_M14	7413	FG024	FG001
29	EO8	sim_L29_M14	7414	FG024	FG001
29	EO8	sim_L29_M14	7415	FG003	FG001
29	EO8	sim_L29_M14	7416	FG003	FG006
29	EO8	sim_L29_M14	7417	FG003	FG014
29	EO8	sim_L29_M14	7418	FG024	FG001
29	EO8	sim_L29_M15	7419	FG024	FG001
29	EO8	sim_L29_M15	7420	FG024	FG001
29	EO8	sim_L29_M15	7421	FG024	FG001
29	EO8	sim_L29_M15	7422	FG024	FG004
29	EO8	sim_L29_M15	7423	FG024	FG001
29	EO8	sim_L29_M15	7424	FG024	FG005
29	EO8	sim_L29_M15	7425	FG024	FG012
29	EO8	sim_L29_M15	7426	FG024	FG001
29	EO8	sim_L29_M15	7427	FG024	FG001
29	EO8	sim_L29_M15	7428	FG024	FG001
29	EO8	sim_L29_M15	7429	FG024	FG001
29	EO8	sim_L29_M15	7430	FG024	FG006
29	EO8	sim_L29_M15	7431	FG024	FG017
29	EO8	sim_L29_M15	7432	FG024	FG012
29	EO8	sim_L29_M15	7433	FG024	FG001
29	EO8	sim_L29_M15	7434	FG024	FG001
29	EO8	sim_L29_M15	7435	FG024	FG001
29	EO8	sim_L29_M15	7436	FG024	FG010
29	EO8	sim_L29_M15	7437	FG024	FG002
29	EO8	sim_L29_M15	7438	FG024	FG014
29	EO8	sim_L29_M15	7439	FG024	FG001
29	EO8	sim_L29_M15	7440	FG024	FG006
29	EO8	sim_L29_M15	7441	FG024	FG004
29	EO8	sim_L29_M15	7442	FG024	FG001
29	EO8	sim_L29_M16	7443	FG003	FG001
29	EO8	sim_L29_M16	7444	FG003	FG024
29	EO8	sim_L29_M16	7445	FG003	FG024
29	EO8	sim_L29_M16	7446	FG003	FG001
29	EO8	sim_L29_M16	7447	FG002	FG001
29	EO8	sim_L29_M16	7448	FG002	FG017
29	EO8	sim_L29_M16	7449	FG002	FG006
29	EO8	sim_L29_M16	7450	FG002	FG009
29	EO8	sim_L29_M16	7451	FG002	FG006
29	EO8	sim_L29_M16	7452	FG002	FG001
29	EO8	sim_L29_M16	7453	FG003	FG024
29	EO8	sim_L29_M16	7454	FG003	FG001
29	EO8	sim_L29_M16	7455	FG002	FG006
29	EO8	sim_L29_M16	7456	FG003	FG024
29	EO8	sim_L29_M16	7457	FG003	FG001
29	EO8	sim_L29_M16	7458	FG002	FG024
29	EO8	sim_L29_M16	7459	FG002	FG024
29	EO8	sim_L29_M16	7460	FG002	FG023
29	EO8	sim_L29_M16	7461	FG003	FG010
29	EO8	sim_L29_M16	7462	FG002	FG024
29	EO8	sim_L29_M16	7463	FG003	FG001
29	EO8	sim_L29_M17	7464	FG027	FG001
29	EO8	sim_L29_M17	7465	FG027	FG007
29	EO8	sim_L29_M17	7466	FG027	FG028
29	EO8	sim_L29_M17	7467	FG027	FG024
29	EO8	sim_L29_M17	7468	FG002	FG001
29	EO8	sim_L29_M17	7469	FG027	FG001
29	EO8	sim_L29_M17	7470	FG002	FG024
29	EO8	sim_L29_M17	7471	FG027	FG007
29	EO8	sim_L29_M17	7472	FG027	FG001
29	EO8	sim_L29_M17	7473	FG002	FG001
29	EO8	sim_L29_M17	7474	FG027	FG001
29	EO8	sim_L29_M17	7475	FG027	FG006
29	EO8	sim_L29_M17	7476	FG002	FG001
29	EO8	sim_L29_M17	7477	FG002	FG012
29	EO8	sim_L29_M17	7478	FG027	FG024
29	EO8	sim_L29_M17	7479	FG002	FG001
29	EO8	sim_L29_M17	7480	FG002	FG001
29	EO8	sim_L29_M17	7481	FG027	FG001
29	EO8	sim_L29_M17	7482	FG002	FG001
29	EO8	sim_L29_M17	7483	FG002	FG001
29	EO8	sim_L29_M17	7484	FG027	FG019
29	EO8	sim_L29_M17	7485	FG002	FG024
29	EO8	sim_L29_M17	7486	FG002	FG015
29	EO8	sim_L29_M17	7487	FG002	FG001
29	EO8	sim_L29_M17	7488	FG002	FG001
29	EO8	sim_L29_M17	7489	FG027	FG024
29	EO8	sim_L29_M17	7490	FG027	FG024
29	EO8	sim_L29_M18	7491	FG001	FG024
29	EO8	sim_L29_M18	7492	FG001	FG027
29	EO8	sim_L29_M18	7493	FG001	FG006
29	EO8	sim_L29_M18	7494	FG001	FG002
29	EO8	sim_L29_M18	7495	FG001	FG024
29	EO8	sim_L29_M18	7496	FG001	FG024
29	EO8	sim_L29_M18	7497	FG001	FG001
29	EO8	sim_L29_M18	7498	FG001	FG024
29	EO8	sim_L29_M18	7499	FG001	FG024
29	EO8	sim_L29_M18	7500	FG001	FG023
29	EO8	sim_L29_M18	7501	FG001	FG024
29	EO8	sim_L29_M18	7502	FG001	FG024
29	EO8	sim_L29_M18	7503	FG001	FG006
29	EO8	sim_L29_M18	7504	FG001	FG024
29	EO8	sim_L29_M19	7505	FG001	FG017
29	EO8	sim_L29_M19	7506	FG001	FG002
29	EO8	sim_L29_M19	7507	FG001	FG019
29	EO8	sim_L29_M19	7508	FG001	FG017
29	EO8	sim_L29_M19	7509	FG001	FG024
29	EO8	sim_L29_M19	7510	FG001	FG002
29	EO8	sim_L29_M19	7511	FG001	FG003
29	EO8	sim_L29_M19	7512	FG001	FG005
29	EO8	sim_L29_M19	7513	FG001	FG002
29	EO8	sim_L29_M19	7514	FG001	FG024
29	EO8	sim_L29_M19	7515	FG001	FG006
29	EO8	sim_L29_M19	7516	FG001	FG024
29	EO8	sim_L29_M19	7517	FG001	FG006
29	EO8	sim_L29_M19	7518	FG001	FG002
29	EO8	sim_L29_M19	7519	FG001	FG002
29	EO8	sim_L29_M19	7520	FG001	FG012
29	EO8	sim_L29_M19	7521	FG001	FG032
29	EO8	sim_L29_M19	7522	FG001	FG001
29	EO8	sim_L29_M19	7523	FG001	FG006
29	EO8	sim_L29_M19	7524	FG001	FG003
29	EO8	sim_L29_M19	7525	FG001	FG024
29	EO8	sim_L29_M19	7526	FG001	FG001
29	EO8	sim_L29_M20	7527	FG001	FG003
29	EO8	sim_L29_M20	7528	FG030	FG020
29	EO8	sim_L29_M20	7529	FG030	FG002
29	EO8	sim_L29_M20	7530	FG001	FG002
29	EO8	sim_L29_M20	7531	FG001	FG005
29	EO8	sim_L29_M20	7532	FG001	FG002
29	EO8	sim_L29_M20	7533	FG030	FG024
29	EO8	sim_L29_M20	7534	FG030	FG001
29	EO8	sim_L29_M20	7535	FG030	FG024
29	EO8	sim_L29_M20	7536	FG001	FG003
29	EO8	sim_L29_M20	7537	FG001	FG002
29	EO8	sim_L29_M20	7538	FG001	FG024
29	EO8	sim_L29_M20	7539	FG001	FG002
29	EO8	sim_L29_M20	7540	FG001	FG012
29	EO8	sim_L29_M20	7541	FG001	FG017
29	EO8	sim_L29_M20	7542	FG030	FG017
29	EO8	sim_L29_M20	7543	FG001	FG002
29	EO8	sim_L29_M20	7544	FG001	FG002
29	EO8	sim_L29_M20	7545	FG001	FG019
29	EO8	sim_L29_M20	7546	FG001	FG002
29	EO8	sim_L29_M20	7547	FG001	FG024
29	EO8	sim_L29_M20	7548	FG030	FG021
29	EO8	sim_L29_M21	7549	FG001	FG012
29	EO8	sim_L29_M21	7550	FG001	FG002
29	EO8	sim_L29_M21	7551	FG001	FG024
29	EO8	sim_L29_M21	7552	FG001	FG012
29	EO8	sim_L29_M21	7553	FG001	FG009
29	EO8	sim_L29_M21	7554	FG001	FG002
29	EO8	sim_L29_M21	7555	FG001	FG006
29	EO8	sim_L29_M21	7556	FG001	FG002
29	EO8	sim_L29_M21	7557	FG001	FG006
29	EO8	sim_L29_M21	7558	FG001	FG024
29	EO8	sim_L29_M21	7559	FG001	FG002
29	EO8	sim_L29_M21	7560	FG001	FG002
29	EO8	sim_L29_M21	7561	FG001	FG024
29	EO8	sim_L29_M21	7562	FG001	FG002
29	EO8	sim_L29_M21	7563	FG001	FG024
29	EO8	sim_L29_M21	7564	FG001	FG006
29	EO8	sim_L29_M21	7565	FG001	FG002
29	EO8	sim_L29_M21	7566	FG001	FG006
29	EO8	sim_L29_M21	7567	FG001	FG002
29	EO8	sim_L29_M21	7568	FG001	FG010
29	EO8	sim_L29_M21	7569	FG001	FG024
29	EO8	sim_L29_M22	7570	FG002	FG024
29	EO8	sim_L29_M22	7571	FG001	FG006
29	EO8	sim_L29_M22	7572	FG001	FG004
29	EO8	sim_L29_M22	7573	FG001	FG012
29	EO8	sim_L29_M22	7574	FG002	FG021
29	EO8	sim_L29_M22	7575	FG001	FG006
29	EO8	sim_L29_M22	7576	FG001	FG024
29	EO8	sim_L29_M22	7577	FG001	FG024
29	EO8	sim_L29_M22	7578	FG001	FG009
29	EO8	sim_L29_M22	7579	FG002	FG024
29	EO8	sim_L29_M22	7580	FG002	FG024
29	EO8	sim_L29_M22	7581	FG001	FG001
29	EO8	sim_L29_M22	7582	FG002	FG003
29	EO8	sim_L29_M22	7583	FG002	FG001
29	EO8	sim_L29_M22	7584	FG001	FG005
29	EO8	sim_L29_M22	7585	FG001	FG006
29	EO8	sim_L29_M22	7586	FG002	FG003
29	EO8	sim_L29_M22	7587	FG002	FG017
29	EO8	sim_L29_M23	7588	FG001	FG006
29	EO8	sim_L29_M23	7589	FG001	FG024
29	EO8	sim_L29_M23	7590	FG001	FG002
29	EO8	sim_L29_M23	7591	FG001	FG024
29	EO8	sim_L29_M23	7592	FG001	FG006
29	EO8	sim_L29_M23	7593	FG001	FG001
29	EO8	sim_L29_M23	7594	FG001	FG002
29	EO8	sim_L29_M23	7595	FG001	FG023
29	EO8	sim_L29_M23	7596	FG001	FG002
29	EO8	sim_L29_M23	7597	FG001	FG006
29	EO8	sim_L29_M23	7598	FG001	FG019
29	EO8	sim_L29_M23	7599	FG001	FG024
29	EO8	sim_L29_M23	7600	FG001	FG010
29	EO8	sim_L29_M23	7601	FG001	FG030
29	EO8	sim_L29_M23	7602	FG001	FG024
29	EO8	sim_L29_M23	7603	FG001	FG024
29	EO8	sim_L29_M23	7604	FG001	FG004
29	EO8	sim_L29_M23	7605	FG001	FG024
29	EO8	sim_L29_M23	7606	FG001	FG024
29	EO8	sim_L29_M23	7607	FG001	FG002
29	EO8	sim_L29_M23	7608	FG001	FG006
29	EO8	sim_L29_M24	7609	FG024	FG006
29	EO8	sim_L29_M24	7610	FG017	FG019
29	EO8	sim_L29_M24	7611	FG017	FG001
29	EO8	sim_L29_M24	7612	FG024	FG002
29	EO8	sim_L29_M24	7613	FG024	FG005
29	EO8	sim_L29_M24	7614	FG024	FG006
29	EO8	sim_L29_M24	7615	FG024	FG012
29	EO8	sim_L29_M24	7616	FG017	FG001
29	EO8	sim_L29_M24	7617	FG024	FG002
29	EO8	sim_L29_M24	7618	FG024	FG001
29	EO8	sim_L29_M24	7619	FG024	FG001
29	EO8	sim_L29_M24	7620	FG024	FG001
29	EO8	sim_L29_M24	7621	FG024	FG001
29	EO8	sim_L29_M24	7622	FG024	FG002
29	EO8	sim_L29_M24	7623	FG017	FG010
29	EO8	sim_L29_M24	7624	FG017	FG001
29	EO8	sim_L29_M24	7625	FG017	FG001
29	EO8	sim_L29_M24	7626	FG017	FG004
29	EO8	sim_L29_M24	7627	FG017	FG006
29	EO8	sim_L29_M24	7628	FG024	FG002
29	EO8	sim_L29_M24	7629	FG017	FG027
29	EO8	sim_L29_M24	7630	FG024	FG010
29	EO8	sim_L29_M24	7631	FG024	FG003
29	EO8	sim_L29_M24	7632	FG024	FG001
29	EO8	sim_L29_M24	7633	FG024	FG001
26	EO70	sim_L26_M0	7634	FG006	FG014
26	EO70	sim_L26_M0	7635	FG001	FG003
26	EO70	sim_L26_M0	7636	FG006	FG003
26	EO70	sim_L26_M0	7637	FG001	FG024
26	EO70	sim_L26_M0	7638	FG001	FG024
26	EO70	sim_L26_M0	7639	FG001	FG024
26	EO70	sim_L26_M0	7640	FG006	FG020
26	EO70	sim_L26_M0	7641	FG006	FG021
26	EO70	sim_L26_M0	7642	FG001	FG002
26	EO70	sim_L26_M0	7643	FG006	FG005
26	EO70	sim_L26_M0	7644	FG006	FG012
26	EO70	sim_L26_M0	7645	FG001	FG001
26	EO70	sim_L26_M0	7646	FG001	FG008
26	EO70	sim_L26_M0	7647	FG006	FG024
26	EO70	sim_L26_M0	7648	FG006	FG024
26	EO70	sim_L26_M0	7649	FG001	FG020
26	EO70	sim_L26_M0	7650	FG001	FG015
26	EO70	sim_L26_M1	7651	FG014	FG013
26	EO70	sim_L26_M1	7652	FG001	FG024
26	EO70	sim_L26_M1	7653	FG001	FG024
26	EO70	sim_L26_M1	7654	FG014	FG002
26	EO70	sim_L26_M1	7655	FG001	FG024
26	EO70	sim_L26_M1	7656	FG001	FG017
26	EO70	sim_L26_M1	7657	FG001	FG024
26	EO70	sim_L26_M1	7658	FG001	FG005
26	EO70	sim_L26_M1	7659	FG001	FG024
26	EO70	sim_L26_M1	7660	FG014	FG015
26	EO70	sim_L26_M1	7661	FG014	FG010
26	EO70	sim_L26_M1	7662	FG014	FG002
26	EO70	sim_L26_M1	7663	FG014	FG002
26	EO70	sim_L26_M1	7664	FG001	FG006
26	EO70	sim_L26_M1	7665	FG001	FG003
26	EO70	sim_L26_M1	7666	FG014	FG004
26	EO70	sim_L26_M1	7667	FG001	FG010
26	EO70	sim_L26_M1	7668	FG001	FG010
26	EO70	sim_L26_M1	7669	FG001	FG003
26	EO70	sim_L26_M1	7670	FG001	FG006
26	EO70	sim_L26_M1	7671	FG001	FG025
26	EO70	sim_L26_M2	7672	FG021	FG006
26	EO70	sim_L26_M2	7673	FG021	FG017
26	EO70	sim_L26_M2	7674	FG021	FG003
26	EO70	sim_L26_M2	7675	FG002	FG019
26	EO70	sim_L26_M2	7676	FG002	FG003
26	EO70	sim_L26_M2	7677	FG021	FG024
26	EO70	sim_L26_M2	7678	FG021	FG001
26	EO70	sim_L26_M2	7679	FG021	FG001
26	EO70	sim_L26_M2	7680	FG021	FG001
26	EO70	sim_L26_M2	7681	FG002	FG024
26	EO70	sim_L26_M2	7682	FG021	FG001
26	EO70	sim_L26_M2	7683	FG021	FG017
26	EO70	sim_L26_M2	7684	FG002	FG024
26	EO70	sim_L26_M2	7685	FG021	FG024
26	EO70	sim_L26_M2	7686	FG021	FG001
26	EO70	sim_L26_M2	7687	FG021	FG005
26	EO70	sim_L26_M2	7688	FG021	FG023
26	EO70	sim_L26_M2	7689	FG002	FG003
26	EO70	sim_L26_M2	7690	FG002	FG024
26	EO70	sim_L26_M2	7691	FG021	FG001
26	EO70	sim_L26_M2	7692	FG021	FG001
26	EO70	sim_L26_M2	7693	FG021	FG010
26	EO70	sim_L26_M2	7694	FG021	FG012
26	EO70	sim_L26_M2	7695	FG021	FG024
26	EO70	sim_L26_M2	7696	FG002	FG001
26	EO70	sim_L26_M2	7697	FG021	FG005
26	EO70	sim_L26_M2	7698	FG021	FG001
26	EO70	sim_L26_M3	7699	FG006	FG024
26	EO70	sim_L26_M3	7700	FG001	FG001
26	EO70	sim_L26_M3	7701	FG006	FG012
26	EO70	sim_L26_M3	7702	FG001	FG024
26	EO70	sim_L26_M3	7703	FG001	FG005
26	EO70	sim_L26_M3	7704	FG001	FG001
26	EO70	sim_L26_M3	7705	FG006	FG002
26	EO70	sim_L26_M3	7706	FG006	FG024
26	EO70	sim_L26_M3	7707	FG001	FG012
26	EO70	sim_L26_M3	7708	FG006	FG017
26	EO70	sim_L26_M3	7709	FG006	FG012
26	EO70	sim_L26_M3	7710	FG001	FG002
26	EO70	sim_L26_M3	7711	FG006	FG006
26	EO70	sim_L26_M3	7712	FG006	FG002
26	EO70	sim_L26_M3	7713	FG001	FG019
26	EO70	sim_L26_M3	7714	FG001	FG002
26	EO70	sim_L26_M3	7715	FG006	FG024
26	EO70	sim_L26_M3	7716	FG006	FG024
26	EO70	sim_L26_M3	7717	FG006	FG003
26	EO70	sim_L26_M4	7718	FG001	FG005
26	EO70	sim_L26_M4	7719	FG001	FG024
26	EO70	sim_L26_M4	7720	FG006	FG002
26	EO70	sim_L26_M4	7721	FG001	FG019
26	EO70	sim_L26_M4	7722	FG006	FG005
26	EO70	sim_L26_M4	7723	FG006	FG005
26	EO70	sim_L26_M4	7724	FG006	FG024
26	EO70	sim_L26_M4	7725	FG006	FG002
26	EO70	sim_L26_M4	7726	FG001	FG007
26	EO70	sim_L26_M4	7727	FG006	FG024
26	EO70	sim_L26_M4	7728	FG006	FG002
26	EO70	sim_L26_M4	7729	FG006	FG004
26	EO70	sim_L26_M4	7730	FG001	FG019
26	EO70	sim_L26_M4	7731	FG006	FG002
26	EO70	sim_L26_M4	7732	FG006	FG003
26	EO70	sim_L26_M5	7733	FG024	FG006
26	EO70	sim_L26_M5	7734	FG001	FG006
26	EO70	sim_L26_M5	7735	FG024	FG015
26	EO70	sim_L26_M5	7736	FG001	FG006
26	EO70	sim_L26_M5	7737	FG024	FG001
26	EO70	sim_L26_M5	7738	FG024	FG001
26	EO70	sim_L26_M5	7739	FG001	FG001
26	EO70	sim_L26_M5	7740	FG001	FG002
26	EO70	sim_L26_M5	7741	FG024	FG012
26	EO70	sim_L26_M5	7742	FG024	FG006
26	EO70	sim_L26_M5	7743	FG001	FG002
26	EO70	sim_L26_M5	7744	FG024	FG012
26	EO70	sim_L26_M6	7745	FG001	FG004
26	EO70	sim_L26_M6	7746	FG015	FG002
26	EO70	sim_L26_M6	7747	FG001	FG024
26	EO70	sim_L26_M6	7748	FG015	FG024
26	EO70	sim_L26_M6	7749	FG001	FG012
26	EO70	sim_L26_M6	7750	FG001	FG006
26	EO70	sim_L26_M6	7751	FG001	FG001
26	EO70	sim_L26_M6	7752	FG015	FG002
26	EO70	sim_L26_M6	7753	FG015	FG002
26	EO70	sim_L26_M6	7754	FG015	FG024
26	EO70	sim_L26_M6	7755	FG001	FG024
26	EO70	sim_L26_M6	7756	FG015	FG002
26	EO70	sim_L26_M6	7757	FG015	FG002
26	EO70	sim_L26_M6	7758	FG001	FG024
26	EO70	sim_L26_M6	7759	FG015	FG001
26	EO70	sim_L26_M6	7760	FG015	FG024
26	EO70	sim_L26_M6	7761	FG015	FG002
26	EO70	sim_L26_M6	7762	FG015	FG019
26	EO70	sim_L26_M6	7763	FG001	FG002
26	EO70	sim_L26_M7	7764	FG002	FG024
26	EO70	sim_L26_M7	7765	FG001	FG019
26	EO70	sim_L26_M7	7766	FG002	FG001
26	EO70	sim_L26_M7	7767	FG001	FG003
26	EO70	sim_L26_M7	7768	FG001	FG006
26	EO70	sim_L26_M7	7769	FG001	FG024
26	EO70	sim_L26_M7	7770	FG001	FG024
26	EO70	sim_L26_M7	7771	FG002	FG003
26	EO70	sim_L26_M7	7772	FG001	FG024
26	EO70	sim_L26_M7	7773	FG001	FG024
26	EO70	sim_L26_M7	7774	FG001	FG018
26	EO70	sim_L26_M7	7775	FG001	FG012
26	EO70	sim_L26_M7	7776	FG002	FG024
26	EO70	sim_L26_M7	7777	FG001	FG006
26	EO70	sim_L26_M7	7778	FG002	FG010
26	EO70	sim_L26_M7	7779	FG001	FG024
26	EO70	sim_L26_M7	7780	FG002	FG024
26	EO70	sim_L26_M8	7781	FG001	FG001
26	EO70	sim_L26_M8	7782	FG001	FG019
26	EO70	sim_L26_M8	7783	FG001	FG027
26	EO70	sim_L26_M8	7784	FG017	FG003
26	EO70	sim_L26_M8	7785	FG017	FG006
26	EO70	sim_L26_M8	7786	FG017	FG020
26	EO70	sim_L26_M8	7787	FG017	FG006
26	EO70	sim_L26_M8	7788	FG001	FG024
26	EO70	sim_L26_M8	7789	FG001	FG003
26	EO70	sim_L26_M8	7790	FG017	FG024
26	EO70	sim_L26_M8	7791	FG017	FG006
26	EO70	sim_L26_M8	7792	FG001	FG024
26	EO70	sim_L26_M8	7793	FG001	FG021
26	EO70	sim_L26_M8	7794	FG001	FG002
26	EO70	sim_L26_M8	7795	FG001	FG019
26	EO70	sim_L26_M9	7796	FG001	FG020
26	EO70	sim_L26_M9	7797	FG001	FG002
26	EO70	sim_L26_M9	7798	FG024	FG006
26	EO70	sim_L26_M9	7799	FG001	FG017
26	EO70	sim_L26_M9	7800	FG024	FG030
26	EO70	sim_L26_M9	7801	FG001	FG009
26	EO70	sim_L26_M9	7802	FG024	FG006
26	EO70	sim_L26_M9	7803	FG001	FG015
26	EO70	sim_L26_M9	7804	FG024	FG003
26	EO70	sim_L26_M9	7805	FG001	FG002
26	EO70	sim_L26_M9	7806	FG024	FG014
26	EO70	sim_L26_M9	7807	FG024	FG006
26	EO70	sim_L26_M10	7808	FG001	FG011
26	EO70	sim_L26_M10	7809	FG001	FG024
26	EO70	sim_L26_M10	7810	FG001	FG002
26	EO70	sim_L26_M10	7811	FG001	FG010
26	EO70	sim_L26_M10	7812	FG001	FG024
26	EO70	sim_L26_M10	7813	FG001	FG001
26	EO70	sim_L26_M10	7814	FG001	FG030
26	EO70	sim_L26_M10	7815	FG001	FG024
26	EO70	sim_L26_M10	7816	FG001	FG030
26	EO70	sim_L26_M10	7817	FG001	FG008
26	EO70	sim_L26_M10	7818	FG001	FG023
26	EO70	sim_L26_M10	7819	FG001	FG002
26	EO70	sim_L26_M10	7820	FG001	FG006
26	EO70	sim_L26_M10	7821	FG001	FG031
26	EO70	sim_L26_M10	7822	FG001	FG024
26	EO70	sim_L26_M10	7823	FG001	FG006
26	EO70	sim_L26_M10	7824	FG001	FG024
26	EO70	sim_L26_M10	7825	FG001	FG002
26	EO70	sim_L26_M10	7826	FG001	FG015
26	EO70	sim_L26_M10	7827	FG001	FG024
26	EO70	sim_L26_M10	7828	FG001	FG001
26	EO70	sim_L26_M11	7829	FG001	FG022
26	EO70	sim_L26_M11	7830	FG001	FG002
26	EO70	sim_L26_M11	7831	FG001	FG001
26	EO70	sim_L26_M11	7832	FG001	FG003
26	EO70	sim_L26_M11	7833	FG001	FG006
26	EO70	sim_L26_M11	7834	FG024	FG001
26	EO70	sim_L26_M11	7835	FG001	FG016
26	EO70	sim_L26_M11	7836	FG024	FG001
26	EO70	sim_L26_M11	7837	FG024	FG006
26	EO70	sim_L26_M11	7838	FG024	FG017
26	EO70	sim_L26_M11	7839	FG001	FG002
26	EO70	sim_L26_M11	7840	FG024	FG017
26	EO70	sim_L26_M12	7841	FG001	FG019
26	EO70	sim_L26_M12	7842	FG001	FG002
26	EO70	sim_L26_M12	7843	FG001	FG002
26	EO70	sim_L26_M12	7844	FG001	FG002
26	EO70	sim_L26_M12	7845	FG001	FG011
26	EO70	sim_L26_M12	7846	FG024	FG023
26	EO70	sim_L26_M12	7847	FG001	FG006
26	EO70	sim_L26_M12	7848	FG024	FG006
26	EO70	sim_L26_M12	7849	FG024	FG009
26	EO70	sim_L26_M12	7850	FG001	FG024
26	EO70	sim_L26_M12	7851	FG024	FG006
26	EO70	sim_L26_M12	7852	FG024	FG002
26	EO70	sim_L26_M12	7853	FG024	FG002
26	EO70	sim_L26_M12	7854	FG001	FG006
26	EO70	sim_L26_M12	7855	FG001	FG002
26	EO70	sim_L26_M13	7856	FG001	FG021
26	EO70	sim_L26_M13	7857	FG001	FG021
26	EO70	sim_L26_M13	7858	FG004	FG012
26	EO70	sim_L26_M13	7859	FG001	FG024
26	EO70	sim_L26_M13	7860	FG004	FG024
26	EO70	sim_L26_M13	7861	FG001	FG032
26	EO70	sim_L26_M13	7862	FG004	FG024
26	EO70	sim_L26_M13	7863	FG001	FG002
26	EO70	sim_L26_M13	7864	FG001	FG004
26	EO70	sim_L26_M13	7865	FG004	FG002
26	EO70	sim_L26_M13	7866	FG001	FG024
26	EO70	sim_L26_M13	7867	FG001	FG024
26	EO70	sim_L26_M13	7868	FG001	FG005
26	EO70	sim_L26_M13	7869	FG001	FG010
26	EO70	sim_L26_M13	7870	FG004	FG024
26	EO70	sim_L26_M14	7871	FG024	FG001
26	EO70	sim_L26_M14	7872	FG024	FG021
26	EO70	sim_L26_M14	7873	FG002	FG001
26	EO70	sim_L26_M14	7874	FG024	FG006
26	EO70	sim_L26_M14	7875	FG024	FG001
26	EO70	sim_L26_M14	7876	FG024	FG001
26	EO70	sim_L26_M14	7877	FG002	FG001
26	EO70	sim_L26_M14	7878	FG024	FG025
26	EO70	sim_L26_M14	7879	FG002	FG001
26	EO70	sim_L26_M14	7880	FG024	FG001
26	EO70	sim_L26_M14	7881	FG002	FG001
26	EO70	sim_L26_M14	7882	FG024	FG001
26	EO70	sim_L26_M14	7883	FG024	FG002
26	EO70	sim_L26_M14	7884	FG024	FG001
26	EO70	sim_L26_M14	7885	FG002	FG001
26	EO70	sim_L26_M14	7886	FG002	FG001
26	EO70	sim_L26_M14	7887	FG024	FG001
26	EO70	sim_L26_M14	7888	FG002	FG010
26	EO70	sim_L26_M14	7889	FG024	FG004
26	EO70	sim_L26_M14	7890	FG024	FG012
26	EO70	sim_L26_M14	7891	FG002	FG005
26	EO70	sim_L26_M15	7892	FG001	FG024
26	EO70	sim_L26_M15	7893	FG001	FG018
26	EO70	sim_L26_M15	7894	FG001	FG024
26	EO70	sim_L26_M15	7895	FG001	FG002
26	EO70	sim_L26_M15	7896	FG001	FG024
26	EO70	sim_L26_M15	7897	FG001	FG003
26	EO70	sim_L26_M15	7898	FG001	FG012
26	EO70	sim_L26_M15	7899	FG001	FG004
26	EO70	sim_L26_M15	7900	FG001	FG024
26	EO70	sim_L26_M15	7901	FG001	FG021
26	EO70	sim_L26_M15	7902	FG001	FG024
26	EO70	sim_L26_M15	7903	FG001	FG005
26	EO70	sim_L26_M15	7904	FG001	FG006
26	EO70	sim_L26_M15	7905	FG001	FG024
26	EO70	sim_L26_M15	7906	FG001	FG019
26	EO70	sim_L26_M15	7907	FG001	FG024
26	EO70	sim_L26_M15	7908	FG001	FG002
26	EO70	sim_L26_M15	7909	FG001	FG006
26	EO70	sim_L26_M15	7910	FG001	FG024
26	EO70	sim_L26_M15	7911	FG001	FG021
26	EO70	sim_L26_M15	7912	FG001	FG004
26	EO70	sim_L26_M16	7913	FG001	FG002
26	EO70	sim_L26_M16	7914	FG001	FG019
26	EO70	sim_L26_M16	7915	FG001	FG001
26	EO70	sim_L26_M16	7916	FG001	FG006
26	EO70	sim_L26_M16	7917	FG001	FG002
26	EO70	sim_L26_M16	7918	FG001	FG024
26	EO70	sim_L26_M16	7919	FG001	FG010
26	EO70	sim_L26_M16	7920	FG001	FG021
26	EO70	sim_L26_M16	7921	FG001	FG026
26	EO70	sim_L26_M16	7922	FG001	FG002
26	EO70	sim_L26_M16	7923	FG001	FG024
26	EO70	sim_L26_M16	7924	FG001	FG024
26	EO70	sim_L26_M16	7925	FG001	FG024
26	EO70	sim_L26_M16	7926	FG001	FG018
26	EO70	sim_L26_M16	7927	FG001	FG024
26	EO70	sim_L26_M16	7928	FG001	FG017
26	EO70	sim_L26_M16	7929	FG001	FG007
26	EO70	sim_L26_M16	7930	FG001	FG012
26	EO70	sim_L26_M16	7931	FG001	FG006
26	EO70	sim_L26_M17	7932	FG001	FG024
26	EO70	sim_L26_M17	7933	FG001	FG005
26	EO70	sim_L26_M17	7934	FG001	FG023
26	EO70	sim_L26_M17	7935	FG001	FG005
26	EO70	sim_L26_M17	7936	FG001	FG024
26	EO70	sim_L26_M17	7937	FG001	FG024
26	EO70	sim_L26_M17	7938	FG001	FG006
26	EO70	sim_L26_M17	7939	FG001	FG014
26	EO70	sim_L26_M17	7940	FG001	FG018
26	EO70	sim_L26_M17	7941	FG001	FG024
26	EO70	sim_L26_M17	7942	FG001	FG010
26	EO70	sim_L26_M17	7943	FG001	FG019
26	EO70	sim_L26_M17	7944	FG001	FG014
26	EO70	sim_L26_M17	7945	FG001	FG024
26	EO70	sim_L26_M17	7946	FG001	FG006
26	EO70	sim_L26_M17	7947	FG001	FG019
26	EO70	sim_L26_M17	7948	FG001	FG012
26	EO70	sim_L26_M18	7949	FG001	FG002
26	EO70	sim_L26_M18	7950	FG024	FG006
26	EO70	sim_L26_M18	7951	FG024	FG002
26	EO70	sim_L26_M18	7952	FG001	FG027
26	EO70	sim_L26_M18	7953	FG024	FG024
26	EO70	sim_L26_M18	7954	FG001	FG015
26	EO70	sim_L26_M18	7955	FG024	FG002
26	EO70	sim_L26_M18	7956	FG024	FG006
26	EO70	sim_L26_M18	7957	FG024	FG006
26	EO70	sim_L26_M18	7958	FG001	FG001
26	EO70	sim_L26_M18	7959	FG024	FG002
26	EO70	sim_L26_M18	7960	FG001	FG032
26	EO70	sim_L26_M19	7961	FG001	FG002
26	EO70	sim_L26_M19	7962	FG019	FG003
26	EO70	sim_L26_M19	7963	FG001	FG004
26	EO70	sim_L26_M19	7964	FG001	FG024
26	EO70	sim_L26_M19	7965	FG019	FG024
26	EO70	sim_L26_M19	7966	FG019	FG002
26	EO70	sim_L26_M19	7967	FG019	FG024
26	EO70	sim_L26_M19	7968	FG019	FG006
26	EO70	sim_L26_M19	7969	FG001	FG024
26	EO70	sim_L26_M19	7970	FG019	FG001
26	EO70	sim_L26_M19	7971	FG019	FG001
26	EO70	sim_L26_M19	7972	FG019	FG012
26	EO70	sim_L26_M19	7973	FG019	FG024
26	EO70	sim_L26_M19	7974	FG001	FG002
26	EO70	sim_L26_M19	7975	FG019	FG001
26	EO70	sim_L26_M19	7976	FG001	FG001
26	EO70	sim_L26_M19	7977	FG001	FG012
26	EO70	sim_L26_M19	7978	FG001	FG001
26	EO70	sim_L26_M19	7979	FG001	FG012
26	EO70	sim_L26_M19	7980	FG001	FG024
26	EO70	sim_L26_M20	7981	FG001	FG002
26	EO70	sim_L26_M20	7982	FG001	FG014
26	EO70	sim_L26_M20	7983	FG001	FG024
26	EO70	sim_L26_M20	7984	FG001	FG003
26	EO70	sim_L26_M20	7985	FG001	FG024
26	EO70	sim_L26_M20	7986	FG001	FG024
26	EO70	sim_L26_M20	7987	FG001	FG024
26	EO70	sim_L26_M20	7988	FG001	FG010
26	EO70	sim_L26_M20	7989	FG001	FG002
26	EO70	sim_L26_M20	7990	FG001	FG006
26	EO70	sim_L26_M20	7991	FG001	FG006
26	EO70	sim_L26_M20	7992	FG001	FG024
26	EO70	sim_L26_M20	7993	FG001	FG003
26	EO70	sim_L26_M20	7994	FG001	FG001
26	EO70	sim_L26_M20	7995	FG001	FG024
26	EO70	sim_L26_M20	7996	FG001	FG010
26	EO70	sim_L26_M20	7997	FG001	FG022
26	EO70	sim_L26_M20	7998	FG001	FG015
26	EO70	sim_L26_M21	7999	FG002	FG024
26	EO70	sim_L26_M21	8000	FG001	FG024
26	EO70	sim_L26_M21	8001	FG001	FG015
26	EO70	sim_L26_M21	8002	FG001	FG010
26	EO70	sim_L26_M21	8003	FG001	FG024
26	EO70	sim_L26_M21	8004	FG001	FG032
26	EO70	sim_L26_M21	8005	FG002	FG024
26	EO70	sim_L26_M21	8006	FG002	FG024
26	EO70	sim_L26_M21	8007	FG002	FG024
26	EO70	sim_L26_M21	8008	FG002	FG024
26	EO70	sim_L26_M22	8009	FG001	FG024
26	EO70	sim_L26_M22	8010	FG001	FG006
26	EO70	sim_L26_M22	8011	FG001	FG002
26	EO70	sim_L26_M22	8012	FG001	FG007
26	EO70	sim_L26_M22	8013	FG001	FG002
26	EO70	sim_L26_M22	8014	FG001	FG002
26	EO70	sim_L26_M22	8015	FG001	FG028
26	EO70	sim_L26_M22	8016	FG001	FG002
26	EO70	sim_L26_M22	8017	FG001	FG021
26	EO70	sim_L26_M22	8018	FG001	FG006
26	EO70	sim_L26_M22	8019	FG001	FG023
26	EO70	sim_L26_M22	8020	FG001	FG010
26	EO70	sim_L26_M22	8021	FG001	FG002
26	EO70	sim_L26_M22	8022	FG001	FG024
26	EO70	sim_L26_M22	8023	FG001	FG006
26	EO70	sim_L26_M22	8024	FG001	FG001
26	EO70	sim_L26_M22	8025	FG001	FG002
26	EO70	sim_L26_M22	8026	FG001	FG024
26	EO70	sim_L26_M22	8027	FG001	FG009
26	EO70	sim_L26_M22	8028	FG001	FG003
26	EO70	sim_L26_M22	8029	FG001	FG024
26	EO70	sim_L26_M22	8030	FG001	FG002
26	EO70	sim_L26_M22	8031	FG001	FG007
26	EO70	sim_L26_M23	8032	FG021	FG001
26	EO70	sim_L26_M23	8033	FG021	FG002
26	EO70	sim_L26_M23	8034	FG024	FG006
26	EO70	sim_L26_M23	8035	FG021	FG001
26	EO70	sim_L26_M23	8036	FG021	FG001
26	EO70	sim_L26_M23	8037	FG021	FG001
26	EO70	sim_L26_M23	8038	FG021	FG003
26	EO70	sim_L26_M23	8039	FG024	FG001
26	EO70	sim_L26_M23	8040	FG024	FG002
26	EO70	sim_L26_M23	8041	FG024	FG019
26	EO70	sim_L26_M23	8042	FG024	FG019
26	EO70	sim_L26_M23	8043	FG024	FG001
26	EO70	sim_L26_M23	8044	FG024	FG017
26	EO70	sim_L26_M23	8045	FG024	FG024
26	EO70	sim_L26_M23	8046	FG024	FG002
26	EO70	sim_L26_M23	8047	FG021	FG003
26	EO70	sim_L26_M23	8048	FG024	FG001
26	EO70	sim_L26_M23	8049	FG021	FG015
26	EO70	sim_L26_M23	8050	FG021	FG002
26	EO70	sim_L26_M23	8051	FG024	FG001
26	EO70	sim_L26_M23	8052	FG021	FG001
26	EO70	sim_L26_M23	8053	FG024	FG001
26	EO70	sim_L26_M23	8054	FG021	FG001
26	EO70	sim_L26_M23	8055	FG024	FG012
26	EO70	sim_L26_M23	8056	FG024	FG006
26	EO70	sim_L26_M24	8057	FG024	FG028
26	EO70	sim_L26_M24	8058	FG024	FG004
26	EO70	sim_L26_M24	8059	FG024	FG022
26	EO70	sim_L26_M24	8060	FG001	FG006
26	EO70	sim_L26_M24	8061	FG024	FG032
26	EO70	sim_L26_M24	8062	FG024	FG018
26	EO70	sim_L26_M24	8063	FG001	FG006
26	EO70	sim_L26_M24	8064	FG001	FG006
12	EO27RT	sim_L12_M0	8065	FG001	FG002
12	EO27RT	sim_L12_M0	8066	FG001	FG019
12	EO27RT	sim_L12_M0	8067	FG018	FG009
12	EO27RT	sim_L12_M0	8068	FG001	FG024
12	EO27RT	sim_L12_M0	8069	FG001	FG005
12	EO27RT	sim_L12_M0	8070	FG001	FG024
12	EO27RT	sim_L12_M0	8071	FG018	FG017
12	EO27RT	sim_L12_M0	8072	FG018	FG002
12	EO27RT	sim_L12_M0	8073	FG001	FG002
12	EO27RT	sim_L12_M0	8074	FG018	FG004
12	EO27RT	sim_L12_M0	8075	FG001	FG009
12	EO27RT	sim_L12_M0	8076	FG001	FG005
12	EO27RT	sim_L12_M0	8077	FG018	FG024
12	EO27RT	sim_L12_M0	8078	FG018	FG007
12	EO27RT	sim_L12_M0	8079	FG001	FG005
12	EO27RT	sim_L12_M1	8080	FG024	FG006
12	EO27RT	sim_L12_M1	8081	FG001	FG001
12	EO27RT	sim_L12_M1	8082	FG001	FG009
12	EO27RT	sim_L12_M1	8083	FG001	FG002
12	EO27RT	sim_L12_M1	8084	FG001	FG017
12	EO27RT	sim_L12_M1	8085	FG024	FG001
12	EO27RT	sim_L12_M1	8086	FG024	FG010
12	EO27RT	sim_L12_M1	8087	FG024	FG005
12	EO27RT	sim_L12_M2	8088	FG006	FG024
12	EO27RT	sim_L12_M2	8089	FG006	FG024
12	EO27RT	sim_L12_M2	8090	FG001	FG007
12	EO27RT	sim_L12_M2	8091	FG001	FG024
12	EO27RT	sim_L12_M2	8092	FG001	FG024
12	EO27RT	sim_L12_M2	8093	FG006	FG003
12	EO27RT	sim_L12_M2	8094	FG006	FG024
12	EO27RT	sim_L12_M2	8095	FG006	FG012
12	EO27RT	sim_L12_M2	8096	FG001	FG005
12	EO27RT	sim_L12_M2	8097	FG001	FG024
12	EO27RT	sim_L12_M2	8098	FG006	FG017
12	EO27RT	sim_L12_M3	8099	FG001	FG024
12	EO27RT	sim_L12_M3	8100	FG001	FG012
12	EO27RT	sim_L12_M3	8101	FG001	FG004
12	EO27RT	sim_L12_M3	8102	FG001	FG006
12	EO27RT	sim_L12_M3	8103	FG001	FG003
12	EO27RT	sim_L12_M3	8104	FG001	FG001
12	EO27RT	sim_L12_M3	8105	FG001	FG019
12	EO27RT	sim_L12_M3	8106	FG001	FG006
12	EO27RT	sim_L12_M3	8107	FG001	FG001
12	EO27RT	sim_L12_M3	8108	FG001	FG024
12	EO27RT	sim_L12_M3	8109	FG001	FG006
12	EO27RT	sim_L12_M3	8110	FG001	FG002
12	EO27RT	sim_L12_M3	8111	FG001	FG003
12	EO27RT	sim_L12_M3	8112	FG001	FG006
12	EO27RT	sim_L12_M3	8113	FG001	FG024
12	EO27RT	sim_L12_M3	8114	FG001	FG002
12	EO27RT	sim_L12_M3	8115	FG001	FG023
12	EO27RT	sim_L12_M3	8116	FG001	FG005
12	EO27RT	sim_L12_M3	8117	FG001	FG021
12	EO27RT	sim_L12_M3	8118	FG001	FG024
12	EO27RT	sim_L12_M3	8119	FG001	FG002
12	EO27RT	sim_L12_M4	8120	FG014	FG019
12	EO27RT	sim_L12_M4	8121	FG014	FG001
12	EO27RT	sim_L12_M4	8122	FG024	FG002
12	EO27RT	sim_L12_M4	8123	FG014	FG001
12	EO27RT	sim_L12_M4	8124	FG024	FG001
12	EO27RT	sim_L12_M4	8125	FG014	FG019
12	EO27RT	sim_L12_M4	8126	FG024	FG002
12	EO27RT	sim_L12_M4	8127	FG014	FG001
12	EO27RT	sim_L12_M4	8128	FG014	FG001
12	EO27RT	sim_L12_M4	8129	FG024	FG022
12	EO27RT	sim_L12_M4	8130	FG024	FG001
12	EO27RT	sim_L12_M4	8131	FG014	FG020
12	EO27RT	sim_L12_M4	8132	FG024	FG001
12	EO27RT	sim_L12_M4	8133	FG014	FG017
12	EO27RT	sim_L12_M4	8134	FG024	FG002
12	EO27RT	sim_L12_M4	8135	FG024	FG001
12	EO27RT	sim_L12_M4	8136	FG024	FG002
12	EO27RT	sim_L12_M4	8137	FG014	FG002
12	EO27RT	sim_L12_M4	8138	FG024	FG025
12	EO27RT	sim_L12_M4	8139	FG024	FG022
12	EO27RT	sim_L12_M4	8140	FG024	FG018
12	EO27RT	sim_L12_M4	8141	FG024	FG024
12	EO27RT	sim_L12_M4	8142	FG024	FG001
12	EO27RT	sim_L12_M4	8143	FG014	FG001
12	EO27RT	sim_L12_M4	8144	FG024	FG002
12	EO27RT	sim_L12_M4	8145	FG014	FG001
12	EO27RT	sim_L12_M4	8146	FG024	FG009
12	EO27RT	sim_L12_M5	8147	FG001	FG024
12	EO27RT	sim_L12_M5	8148	FG001	FG021
12	EO27RT	sim_L12_M5	8149	FG001	FG002
12	EO27RT	sim_L12_M5	8150	FG001	FG024
12	EO27RT	sim_L12_M5	8151	FG001	FG017
12	EO27RT	sim_L12_M5	8152	FG001	FG006
12	EO27RT	sim_L12_M5	8153	FG001	FG005
12	EO27RT	sim_L12_M5	8154	FG001	FG002
12	EO27RT	sim_L12_M5	8155	FG001	FG010
12	EO27RT	sim_L12_M5	8156	FG001	FG024
12	EO27RT	sim_L12_M5	8157	FG001	FG015
12	EO27RT	sim_L12_M5	8158	FG001	FG018
12	EO27RT	sim_L12_M5	8159	FG001	FG024
12	EO27RT	sim_L12_M5	8160	FG001	FG002
12	EO27RT	sim_L12_M5	8161	FG001	FG014
12	EO27RT	sim_L12_M5	8162	FG001	FG024
12	EO27RT	sim_L12_M5	8163	FG001	FG006
12	EO27RT	sim_L12_M5	8164	FG001	FG002
12	EO27RT	sim_L12_M5	8165	FG001	FG024
12	EO27RT	sim_L12_M6	8166	FG001	FG024
12	EO27RT	sim_L12_M6	8167	FG001	FG003
12	EO27RT	sim_L12_M6	8168	FG001	FG019
12	EO27RT	sim_L12_M6	8169	FG001	FG004
12	EO27RT	sim_L12_M6	8170	FG002	FG024
12	EO27RT	sim_L12_M6	8171	FG002	FG024
12	EO27RT	sim_L12_M6	8172	FG001	FG024
12	EO27RT	sim_L12_M6	8173	FG002	FG006
12	EO27RT	sim_L12_M6	8174	FG002	FG024
12	EO27RT	sim_L12_M6	8175	FG002	FG021
12	EO27RT	sim_L12_M6	8176	FG002	FG001
12	EO27RT	sim_L12_M6	8177	FG002	FG018
12	EO27RT	sim_L12_M6	8178	FG001	FG024
12	EO27RT	sim_L12_M6	8179	FG001	FG024
12	EO27RT	sim_L12_M6	8180	FG001	FG008
12	EO27RT	sim_L12_M6	8181	FG002	FG006
12	EO27RT	sim_L12_M6	8182	FG001	FG024
12	EO27RT	sim_L12_M7	8183	FG002	FG012
12	EO27RT	sim_L12_M7	8184	FG024	FG015
12	EO27RT	sim_L12_M7	8185	FG024	FG001
12	EO27RT	sim_L12_M7	8186	FG002	FG001
12	EO27RT	sim_L12_M7	8187	FG002	FG004
12	EO27RT	sim_L12_M7	8188	FG002	FG001
12	EO27RT	sim_L12_M7	8189	FG024	FG004
12	EO27RT	sim_L12_M7	8190	FG024	FG011
12	EO27RT	sim_L12_M7	8191	FG002	FG001
12	EO27RT	sim_L12_M7	8192	FG024	FG001
12	EO27RT	sim_L12_M7	8193	FG024	FG001
12	EO27RT	sim_L12_M7	8194	FG024	FG001
12	EO27RT	sim_L12_M7	8195	FG002	FG004
12	EO27RT	sim_L12_M7	8196	FG002	FG001
12	EO27RT	sim_L12_M7	8197	FG024	FG001
12	EO27RT	sim_L12_M7	8198	FG002	FG001
12	EO27RT	sim_L12_M7	8199	FG002	FG001
12	EO27RT	sim_L12_M7	8200	FG024	FG021
12	EO27RT	sim_L12_M7	8201	FG002	FG001
12	EO27RT	sim_L12_M7	8202	FG002	FG001
12	EO27RT	sim_L12_M7	8203	FG024	FG001
12	EO27RT	sim_L12_M7	8204	FG002	FG001
12	EO27RT	sim_L12_M7	8205	FG024	FG006
12	EO27RT	sim_L12_M8	8206	FG001	FG010
12	EO27RT	sim_L12_M8	8207	FG001	FG006
12	EO27RT	sim_L12_M8	8208	FG017	FG024
12	EO27RT	sim_L12_M8	8209	FG001	FG013
12	EO27RT	sim_L12_M8	8210	FG017	FG002
12	EO27RT	sim_L12_M8	8211	FG017	FG024
12	EO27RT	sim_L12_M8	8212	FG017	FG004
12	EO27RT	sim_L12_M8	8213	FG001	FG002
12	EO27RT	sim_L12_M8	8214	FG017	FG002
12	EO27RT	sim_L12_M8	8215	FG017	FG002
12	EO27RT	sim_L12_M8	8216	FG017	FG021
12	EO27RT	sim_L12_M8	8217	FG017	FG002
12	EO27RT	sim_L12_M8	8218	FG017	FG006
12	EO27RT	sim_L12_M8	8219	FG001	FG010
12	EO27RT	sim_L12_M8	8220	FG017	FG002
12	EO27RT	sim_L12_M8	8221	FG001	FG010
12	EO27RT	sim_L12_M8	8222	FG017	FG006
12	EO27RT	sim_L12_M8	8223	FG001	FG006
12	EO27RT	sim_L12_M9	8224	FG019	FG010
12	EO27RT	sim_L12_M9	8225	FG001	FG002
12	EO27RT	sim_L12_M9	8226	FG001	FG002
12	EO27RT	sim_L12_M9	8227	FG001	FG004
12	EO27RT	sim_L12_M9	8228	FG001	FG024
12	EO27RT	sim_L12_M9	8229	FG001	FG006
12	EO27RT	sim_L12_M9	8230	FG019	FG021
12	EO27RT	sim_L12_M9	8231	FG019	FG003
12	EO27RT	sim_L12_M9	8232	FG001	FG006
12	EO27RT	sim_L12_M9	8233	FG019	FG024
12	EO27RT	sim_L12_M9	8234	FG001	FG024
12	EO27RT	sim_L12_M9	8235	FG019	FG028
12	EO27RT	sim_L12_M9	8236	FG001	FG002
12	EO27RT	sim_L12_M9	8237	FG001	FG012
12	EO27RT	sim_L12_M10	8238	FG001	FG021
12	EO27RT	sim_L12_M10	8239	FG001	FG002
12	EO27RT	sim_L12_M10	8240	FG001	FG002
12	EO27RT	sim_L12_M10	8241	FG001	FG005
12	EO27RT	sim_L12_M10	8242	FG001	FG001
12	EO27RT	sim_L12_M10	8243	FG001	FG023
12	EO27RT	sim_L12_M10	8244	FG001	FG015
12	EO27RT	sim_L12_M10	8245	FG001	FG017
12	EO27RT	sim_L12_M10	8246	FG001	FG010
12	EO27RT	sim_L12_M10	8247	FG001	FG024
12	EO27RT	sim_L12_M10	8248	FG001	FG012
12	EO27RT	sim_L12_M10	8249	FG001	FG024
12	EO27RT	sim_L12_M10	8250	FG001	FG018
12	EO27RT	sim_L12_M10	8251	FG001	FG024
12	EO27RT	sim_L12_M10	8252	FG001	FG024
12	EO27RT	sim_L12_M10	8253	FG001	FG004
12	EO27RT	sim_L12_M10	8254	FG001	FG002
12	EO27RT	sim_L12_M10	8255	FG001	FG002
12	EO27RT	sim_L12_M10	8256	FG001	FG002
12	EO27RT	sim_L12_M10	8257	FG001	FG024
12	EO27RT	sim_L12_M11	8258	FG024	FG010
12	EO27RT	sim_L12_M11	8259	FG024	FG002
12	EO27RT	sim_L12_M11	8260	FG001	FG006
12	EO27RT	sim_L12_M11	8261	FG001	FG006
12	EO27RT	sim_L12_M11	8262	FG001	FG002
12	EO27RT	sim_L12_M11	8263	FG024	FG006
12	EO27RT	sim_L12_M11	8264	FG001	FG002
12	EO27RT	sim_L12_M11	8265	FG001	FG003
12	EO27RT	sim_L12_M11	8266	FG001	FG005
12	EO27RT	sim_L12_M11	8267	FG024	FG002
12	EO27RT	sim_L12_M12	8268	FG024	FG002
12	EO27RT	sim_L12_M12	8269	FG001	FG005
12	EO27RT	sim_L12_M12	8270	FG024	FG006
12	EO27RT	sim_L12_M12	8271	FG024	FG021
12	EO27RT	sim_L12_M12	8272	FG024	FG001
12	EO27RT	sim_L12_M12	8273	FG024	FG001
12	EO27RT	sim_L12_M12	8274	FG024	FG024
12	EO27RT	sim_L12_M12	8275	FG001	FG006
12	EO27RT	sim_L12_M13	8276	FG010	FG007
12	EO27RT	sim_L12_M13	8277	FG010	FG001
12	EO27RT	sim_L12_M13	8278	FG017	FG001
12	EO27RT	sim_L12_M13	8279	FG010	FG001
12	EO27RT	sim_L12_M13	8280	FG017	FG002
12	EO27RT	sim_L12_M13	8281	FG017	FG022
12	EO27RT	sim_L12_M13	8282	FG010	FG024
12	EO27RT	sim_L12_M13	8283	FG010	FG001
12	EO27RT	sim_L12_M13	8284	FG010	FG001
12	EO27RT	sim_L12_M13	8285	FG010	FG001
12	EO27RT	sim_L12_M13	8286	FG017	FG012
12	EO27RT	sim_L12_M13	8287	FG010	FG024
12	EO27RT	sim_L12_M13	8288	FG017	FG001
12	EO27RT	sim_L12_M13	8289	FG010	FG003
12	EO27RT	sim_L12_M13	8290	FG010	FG001
12	EO27RT	sim_L12_M13	8291	FG017	FG001
12	EO27RT	sim_L12_M13	8292	FG017	FG001
12	EO27RT	sim_L12_M13	8293	FG017	FG004
12	EO27RT	sim_L12_M13	8294	FG010	FG001
12	EO27RT	sim_L12_M13	8295	FG017	FG001
12	EO27RT	sim_L12_M13	8296	FG010	FG002
12	EO27RT	sim_L12_M13	8297	FG017	FG001
12	EO27RT	sim_L12_M13	8298	FG017	FG001
12	EO27RT	sim_L12_M13	8299	FG010	FG001
12	EO27RT	sim_L12_M13	8300	FG010	FG024
12	EO27RT	sim_L12_M13	8301	FG017	FG003
12	EO27RT	sim_L12_M13	8302	FG017	FG005
12	EO27RT	sim_L12_M13	8303	FG017	FG024
12	EO27RT	sim_L12_M13	8304	FG010	FG015
12	EO27RT	sim_L12_M14	8305	FG024	FG024
12	EO27RT	sim_L12_M14	8306	FG004	FG005
12	EO27RT	sim_L12_M14	8307	FG004	FG001
12	EO27RT	sim_L12_M14	8308	FG024	FG001
12	EO27RT	sim_L12_M14	8309	FG024	FG012
12	EO27RT	sim_L12_M14	8310	FG024	FG012
12	EO27RT	sim_L12_M14	8311	FG024	FG002
12	EO27RT	sim_L12_M14	8312	FG024	FG002
12	EO27RT	sim_L12_M14	8313	FG004	FG002
12	EO27RT	sim_L12_M14	8314	FG024	FG012
12	EO27RT	sim_L12_M14	8315	FG024	FG001
12	EO27RT	sim_L12_M14	8316	FG004	FG001
12	EO27RT	sim_L12_M14	8317	FG024	FG001
12	EO27RT	sim_L12_M14	8318	FG004	FG001
12	EO27RT	sim_L12_M14	8319	FG004	FG016
12	EO27RT	sim_L12_M14	8320	FG004	FG002
12	EO27RT	sim_L12_M14	8321	FG024	FG023
12	EO27RT	sim_L12_M14	8322	FG004	FG001
12	EO27RT	sim_L12_M14	8323	FG024	FG001
12	EO27RT	sim_L12_M14	8324	FG024	FG001
12	EO27RT	sim_L12_M14	8325	FG004	FG001
12	EO27RT	sim_L12_M14	8326	FG024	FG015
12	EO27RT	sim_L12_M15	8327	FG001	FG021
12	EO27RT	sim_L12_M15	8328	FG024	FG010
12	EO27RT	sim_L12_M15	8329	FG024	FG013
12	EO27RT	sim_L12_M15	8330	FG024	FG006
12	EO27RT	sim_L12_M15	8331	FG001	FG001
12	EO27RT	sim_L12_M15	8332	FG001	FG012
12	EO27RT	sim_L12_M15	8333	FG001	FG024
12	EO27RT	sim_L12_M15	8334	FG001	FG004
12	EO27RT	sim_L12_M15	8335	FG024	FG012
12	EO27RT	sim_L12_M15	8336	FG024	FG002
12	EO27RT	sim_L12_M15	8337	FG001	FG001
12	EO27RT	sim_L12_M15	8338	FG024	FG002
12	EO27RT	sim_L12_M15	8339	FG001	FG002
12	EO27RT	sim_L12_M15	8340	FG001	FG019
12	EO27RT	sim_L12_M16	8341	FG024	FG002
12	EO27RT	sim_L12_M16	8342	FG024	FG002
12	EO27RT	sim_L12_M16	8343	FG024	FG002
12	EO27RT	sim_L12_M16	8344	FG024	FG026
12	EO27RT	sim_L12_M16	8345	FG024	FG019
12	EO27RT	sim_L12_M16	8346	FG024	FG004
12	EO27RT	sim_L12_M16	8347	FG024	FG017
12	EO27RT	sim_L12_M16	8348	FG024	FG001
12	EO27RT	sim_L12_M16	8349	FG024	FG002
12	EO27RT	sim_L12_M16	8350	FG024	FG001
12	EO27RT	sim_L12_M16	8351	FG024	FG001
12	EO27RT	sim_L12_M16	8352	FG024	FG002
12	EO27RT	sim_L12_M16	8353	FG024	FG001
12	EO27RT	sim_L12_M16	8354	FG024	FG001
12	EO27RT	sim_L12_M16	8355	FG024	FG001
12	EO27RT	sim_L12_M16	8356	FG024	FG001
12	EO27RT	sim_L12_M16	8357	FG024	FG003
12	EO27RT	sim_L12_M16	8358	FG024	FG001
12	EO27RT	sim_L12_M16	8359	FG024	FG029
12	EO27RT	sim_L12_M16	8360	FG024	FG012
12	EO27RT	sim_L12_M16	8361	FG024	FG001
12	EO27RT	sim_L12_M16	8362	FG024	FG001
12	EO27RT	sim_L12_M16	8363	FG024	FG001
12	EO27RT	sim_L12_M16	8364	FG024	FG024
12	EO27RT	sim_L12_M17	8365	FG002	FG024
12	EO27RT	sim_L12_M17	8366	FG001	FG024
12	EO27RT	sim_L12_M17	8367	FG001	FG004
12	EO27RT	sim_L12_M17	8368	FG001	FG006
12	EO27RT	sim_L12_M17	8369	FG001	FG006
12	EO27RT	sim_L12_M17	8370	FG002	FG004
12	EO27RT	sim_L12_M17	8371	FG002	FG018
12	EO27RT	sim_L12_M17	8372	FG001	FG001
12	EO27RT	sim_L12_M17	8373	FG002	FG024
12	EO27RT	sim_L12_M17	8374	FG002	FG030
12	EO27RT	sim_L12_M17	8375	FG001	FG019
12	EO27RT	sim_L12_M17	8376	FG001	FG001
12	EO27RT	sim_L12_M17	8377	FG001	FG005
12	EO27RT	sim_L12_M17	8378	FG002	FG015
12	EO27RT	sim_L12_M17	8379	FG001	FG003
12	EO27RT	sim_L12_M17	8380	FG002	FG024
12	EO27RT	sim_L12_M18	8381	FG006	FG024
12	EO27RT	sim_L12_M18	8382	FG006	FG024
12	EO27RT	sim_L12_M18	8383	FG002	FG012
12	EO27RT	sim_L12_M18	8384	FG002	FG024
12	EO27RT	sim_L12_M18	8385	FG002	FG001
12	EO27RT	sim_L12_M18	8386	FG002	FG024
12	EO27RT	sim_L12_M18	8387	FG006	FG024
12	EO27RT	sim_L12_M18	8388	FG002	FG024
12	EO27RT	sim_L12_M18	8389	FG002	FG001
12	EO27RT	sim_L12_M18	8390	FG006	FG001
12	EO27RT	sim_L12_M18	8391	FG002	FG024
12	EO27RT	sim_L12_M18	8392	FG006	FG001
12	EO27RT	sim_L12_M18	8393	FG006	FG024
12	EO27RT	sim_L12_M18	8394	FG006	FG001
12	EO27RT	sim_L12_M18	8395	FG002	FG015
12	EO27RT	sim_L12_M18	8396	FG006	FG001
12	EO27RT	sim_L12_M18	8397	FG006	FG001
12	EO27RT	sim_L12_M18	8398	FG002	FG001
12	EO27RT	sim_L12_M18	8399	FG002	FG024
12	EO27RT	sim_L12_M18	8400	FG002	FG001
12	EO27RT	sim_L12_M18	8401	FG006	FG002
12	EO27RT	sim_L12_M18	8402	FG002	FG002
12	EO27RT	sim_L12_M18	8403	FG006	FG024
12	EO27RT	sim_L12_M18	8404	FG006	FG001
12	EO27RT	sim_L12_M18	8405	FG002	FG005
12	EO27RT	sim_L12_M19	8406	FG001	FG010
12	EO27RT	sim_L12_M19	8407	FG024	FG002
12	EO27RT	sim_L12_M19	8408	FG001	FG021
12	EO27RT	sim_L12_M19	8409	FG024	FG006
12	EO27RT	sim_L12_M19	8410	FG001	FG002
12	EO27RT	sim_L12_M19	8411	FG024	FG002
12	EO27RT	sim_L12_M19	8412	FG001	FG003
12	EO27RT	sim_L12_M19	8413	FG001	FG002
12	EO27RT	sim_L12_M19	8414	FG024	FG012
12	EO27RT	sim_L12_M19	8415	FG001	FG002
12	EO27RT	sim_L12_M19	8416	FG001	FG004
12	EO27RT	sim_L12_M19	8417	FG001	FG023
12	EO27RT	sim_L12_M19	8418	FG001	FG018
12	EO27RT	sim_L12_M20	8419	FG001	FG006
12	EO27RT	sim_L12_M20	8420	FG001	FG002
12	EO27RT	sim_L12_M20	8421	FG001	FG005
12	EO27RT	sim_L12_M20	8422	FG001	FG021
12	EO27RT	sim_L12_M20	8423	FG001	FG002
12	EO27RT	sim_L12_M20	8424	FG001	FG024
12	EO27RT	sim_L12_M20	8425	FG001	FG031
12	EO27RT	sim_L12_M20	8426	FG001	FG002
12	EO27RT	sim_L12_M20	8427	FG001	FG010
12	EO27RT	sim_L12_M20	8428	FG001	FG021
12	EO27RT	sim_L12_M20	8429	FG001	FG018
12	EO27RT	sim_L12_M20	8430	FG001	FG024
12	EO27RT	sim_L12_M20	8431	FG001	FG003
12	EO27RT	sim_L12_M20	8432	FG001	FG010
12	EO27RT	sim_L12_M20	8433	FG001	FG003
12	EO27RT	sim_L12_M20	8434	FG001	FG003
12	EO27RT	sim_L12_M20	8435	FG001	FG006
12	EO27RT	sim_L12_M20	8436	FG001	FG017
12	EO27RT	sim_L12_M20	8437	FG001	FG017
12	EO27RT	sim_L12_M20	8438	FG001	FG019
12	EO27RT	sim_L12_M20	8439	FG001	FG004
12	EO27RT	sim_L12_M20	8440	FG001	FG002
12	EO27RT	sim_L12_M21	8441	FG002	FG001
12	EO27RT	sim_L12_M21	8442	FG002	FG024
12	EO27RT	sim_L12_M21	8443	FG002	FG006
12	EO27RT	sim_L12_M21	8444	FG002	FG001
12	EO27RT	sim_L12_M21	8445	FG002	FG024
12	EO27RT	sim_L12_M21	8446	FG002	FG001
12	EO27RT	sim_L12_M21	8447	FG002	FG015
12	EO27RT	sim_L12_M21	8448	FG002	FG021
12	EO27RT	sim_L12_M21	8449	FG002	FG006
12	EO27RT	sim_L12_M21	8450	FG002	FG001
12	EO27RT	sim_L12_M21	8451	FG002	FG001
12	EO27RT	sim_L12_M21	8452	FG002	FG001
12	EO27RT	sim_L12_M21	8453	FG002	FG024
12	EO27RT	sim_L12_M21	8454	FG002	FG001
12	EO27RT	sim_L12_M21	8455	FG002	FG001
12	EO27RT	sim_L12_M21	8456	FG002	FG001
12	EO27RT	sim_L12_M21	8457	FG002	FG001
12	EO27RT	sim_L12_M21	8458	FG002	FG018
12	EO27RT	sim_L12_M21	8459	FG002	FG006
12	EO27RT	sim_L12_M21	8460	FG002	FG024
12	EO27RT	sim_L12_M21	8461	FG002	FG006
12	EO27RT	sim_L12_M21	8462	FG002	FG001
12	EO27RT	sim_L12_M21	8463	FG002	FG006
12	EO27RT	sim_L12_M21	8464	FG002	FG001
12	EO27RT	sim_L12_M21	8465	FG002	FG023
12	EO27RT	sim_L12_M21	8466	FG002	FG001
12	EO27RT	sim_L12_M21	8467	FG002	FG024
10	EO27-3	sim_L10_M0	8468	FG001	FG024
10	EO27-3	sim_L10_M0	8469	FG002	FG024
10	EO27-3	sim_L10_M0	8470	FG001	FG024
10	EO27-3	sim_L10_M0	8471	FG001	FG006
10	EO27-3	sim_L10_M0	8472	FG001	FG018
10	EO27-3	sim_L10_M0	8473	FG001	FG003
10	EO27-3	sim_L10_M0	8474	FG002	FG021
10	EO27-3	sim_L10_M0	8475	FG002	FG006
10	EO27-3	sim_L10_M0	8476	FG001	FG001
10	EO27-3	sim_L10_M0	8477	FG001	FG024
10	EO27-3	sim_L10_M0	8478	FG001	FG017
10	EO27-3	sim_L10_M0	8479	FG002	FG024
10	EO27-3	sim_L10_M0	8480	FG001	FG024
10	EO27-3	sim_L10_M0	8481	FG002	FG017
10	EO27-3	sim_L10_M1	8482	FG001	FG024
10	EO27-3	sim_L10_M1	8483	FG001	FG025
10	EO27-3	sim_L10_M1	8484	FG001	FG002
10	EO27-3	sim_L10_M1	8485	FG001	FG010
10	EO27-3	sim_L10_M1	8486	FG001	FG024
10	EO27-3	sim_L10_M1	8487	FG001	FG024
10	EO27-3	sim_L10_M1	8488	FG001	FG006
10	EO27-3	sim_L10_M1	8489	FG001	FG024
10	EO27-3	sim_L10_M1	8490	FG001	FG002
10	EO27-3	sim_L10_M1	8491	FG001	FG003
10	EO27-3	sim_L10_M1	8492	FG001	FG006
10	EO27-3	sim_L10_M1	8493	FG001	FG002
10	EO27-3	sim_L10_M1	8494	FG001	FG024
10	EO27-3	sim_L10_M1	8495	FG001	FG015
10	EO27-3	sim_L10_M1	8496	FG001	FG006
10	EO27-3	sim_L10_M1	8497	FG001	FG001
10	EO27-3	sim_L10_M1	8498	FG001	FG005
10	EO27-3	sim_L10_M2	8499	FG024	FG024
10	EO27-3	sim_L10_M2	8500	FG001	FG021
10	EO27-3	sim_L10_M2	8501	FG024	FG006
10	EO27-3	sim_L10_M2	8502	FG024	FG006
10	EO27-3	sim_L10_M2	8503	FG024	FG010
10	EO27-3	sim_L10_M2	8504	FG024	FG002
10	EO27-3	sim_L10_M2	8505	FG024	FG001
10	EO27-3	sim_L10_M2	8506	FG001	FG024
10	EO27-3	sim_L10_M2	8507	FG001	FG006
10	EO27-3	sim_L10_M2	8508	FG024	FG002
10	EO27-3	sim_L10_M2	8509	FG001	FG012
10	EO27-3	sim_L10_M2	8510	FG001	FG009
10	EO27-3	sim_L10_M2	8511	FG001	FG025
10	EO27-3	sim_L10_M2	8512	FG001	FG002
10	EO27-3	sim_L10_M2	8513	FG024	FG006
10	EO27-3	sim_L10_M3	8514	FG024	FG001
10	EO27-3	sim_L10_M3	8515	FG024	FG012
10	EO27-3	sim_L10_M3	8516	FG024	FG001
10	EO27-3	sim_L10_M3	8517	FG024	FG001
10	EO27-3	sim_L10_M3	8518	FG024	FG001
10	EO27-3	sim_L10_M3	8519	FG024	FG002
10	EO27-3	sim_L10_M3	8520	FG024	FG001
10	EO27-3	sim_L10_M3	8521	FG024	FG001
10	EO27-3	sim_L10_M3	8522	FG024	FG001
10	EO27-3	sim_L10_M3	8523	FG024	FG002
10	EO27-3	sim_L10_M3	8524	FG024	FG006
10	EO27-3	sim_L10_M3	8525	FG024	FG001
10	EO27-3	sim_L10_M3	8526	FG024	FG004
10	EO27-3	sim_L10_M3	8527	FG024	FG002
10	EO27-3	sim_L10_M3	8528	FG024	FG001
10	EO27-3	sim_L10_M3	8529	FG024	FG019
10	EO27-3	sim_L10_M3	8530	FG024	FG001
10	EO27-3	sim_L10_M3	8531	FG024	FG001
10	EO27-3	sim_L10_M3	8532	FG024	FG001
10	EO27-3	sim_L10_M3	8533	FG024	FG003
10	EO27-3	sim_L10_M3	8534	FG024	FG002
10	EO27-3	sim_L10_M3	8535	FG024	FG001
10	EO27-3	sim_L10_M3	8536	FG024	FG006
10	EO27-3	sim_L10_M3	8537	FG024	FG001
10	EO27-3	sim_L10_M4	8538	FG001	FG003
10	EO27-3	sim_L10_M4	8539	FG001	FG006
10	EO27-3	sim_L10_M4	8540	FG001	FG024
10	EO27-3	sim_L10_M4	8541	FG001	FG017
10	EO27-3	sim_L10_M4	8542	FG001	FG024
10	EO27-3	sim_L10_M4	8543	FG001	FG024
10	EO27-3	sim_L10_M4	8544	FG001	FG024
10	EO27-3	sim_L10_M4	8545	FG001	FG009
10	EO27-3	sim_L10_M4	8546	FG001	FG024
10	EO27-3	sim_L10_M4	8547	FG001	FG024
10	EO27-3	sim_L10_M4	8548	FG001	FG006
10	EO27-3	sim_L10_M4	8549	FG001	FG023
10	EO27-3	sim_L10_M4	8550	FG001	FG010
10	EO27-3	sim_L10_M4	8551	FG001	FG024
10	EO27-3	sim_L10_M4	8552	FG001	FG024
10	EO27-3	sim_L10_M4	8553	FG001	FG021
10	EO27-3	sim_L10_M4	8554	FG001	FG006
10	EO27-3	sim_L10_M5	8555	FG024	FG001
10	EO27-3	sim_L10_M5	8556	FG024	FG001
10	EO27-3	sim_L10_M5	8557	FG024	FG002
10	EO27-3	sim_L10_M5	8558	FG024	FG001
10	EO27-3	sim_L10_M5	8559	FG024	FG001
10	EO27-3	sim_L10_M5	8560	FG024	FG015
10	EO27-3	sim_L10_M5	8561	FG024	FG006
10	EO27-3	sim_L10_M5	8562	FG024	FG017
10	EO27-3	sim_L10_M5	8563	FG024	FG020
10	EO27-3	sim_L10_M5	8564	FG024	FG001
10	EO27-3	sim_L10_M5	8565	FG024	FG021
10	EO27-3	sim_L10_M5	8566	FG024	FG024
10	EO27-3	sim_L10_M5	8567	FG024	FG001
10	EO27-3	sim_L10_M5	8568	FG024	FG001
10	EO27-3	sim_L10_M5	8569	FG024	FG001
10	EO27-3	sim_L10_M5	8570	FG024	FG021
10	EO27-3	sim_L10_M5	8571	FG024	FG001
10	EO27-3	sim_L10_M5	8572	FG024	FG001
10	EO27-3	sim_L10_M5	8573	FG024	FG001
10	EO27-3	sim_L10_M5	8574	FG024	FG002
10	EO27-3	sim_L10_M5	8575	FG024	FG001
10	EO27-3	sim_L10_M5	8576	FG024	FG001
10	EO27-3	sim_L10_M5	8577	FG024	FG024
10	EO27-3	sim_L10_M5	8578	FG024	FG001
10	EO27-3	sim_L10_M5	8579	FG024	FG001
10	EO27-3	sim_L10_M5	8580	FG024	FG001
10	EO27-3	sim_L10_M6	8581	FG001	FG006
10	EO27-3	sim_L10_M6	8582	FG001	FG024
10	EO27-3	sim_L10_M6	8583	FG001	FG003
10	EO27-3	sim_L10_M6	8584	FG001	FG001
10	EO27-3	sim_L10_M6	8585	FG001	FG005
10	EO27-3	sim_L10_M6	8586	FG001	FG012
10	EO27-3	sim_L10_M6	8587	FG001	FG012
10	EO27-3	sim_L10_M6	8588	FG001	FG002
10	EO27-3	sim_L10_M6	8589	FG001	FG002
10	EO27-3	sim_L10_M6	8590	FG001	FG024
10	EO27-3	sim_L10_M6	8591	FG001	FG006
10	EO27-3	sim_L10_M6	8592	FG001	FG024
10	EO27-3	sim_L10_M6	8593	FG001	FG024
10	EO27-3	sim_L10_M6	8594	FG001	FG002
10	EO27-3	sim_L10_M6	8595	FG001	FG012
10	EO27-3	sim_L10_M6	8596	FG001	FG002
10	EO27-3	sim_L10_M6	8597	FG001	FG024
10	EO27-3	sim_L10_M6	8598	FG001	FG005
10	EO27-3	sim_L10_M7	8599	FG001	FG024
10	EO27-3	sim_L10_M7	8600	FG021	FG012
10	EO27-3	sim_L10_M7	8601	FG021	FG004
10	EO27-3	sim_L10_M7	8602	FG001	FG002
10	EO27-3	sim_L10_M7	8603	FG021	FG019
10	EO27-3	sim_L10_M7	8604	FG001	FG024
10	EO27-3	sim_L10_M7	8605	FG001	FG015
10	EO27-3	sim_L10_M7	8606	FG021	FG002
10	EO27-3	sim_L10_M7	8607	FG001	FG024
10	EO27-3	sim_L10_M7	8608	FG021	FG001
10	EO27-3	sim_L10_M7	8609	FG021	FG002
10	EO27-3	sim_L10_M7	8610	FG001	FG024
10	EO27-3	sim_L10_M7	8611	FG021	FG024
10	EO27-3	sim_L10_M7	8612	FG001	FG002
10	EO27-3	sim_L10_M7	8613	FG021	FG001
10	EO27-3	sim_L10_M7	8614	FG021	FG003
10	EO27-3	sim_L10_M7	8615	FG021	FG001
10	EO27-3	sim_L10_M7	8616	FG001	FG006
10	EO27-3	sim_L10_M8	8617	FG001	FG019
10	EO27-3	sim_L10_M8	8618	FG001	FG004
10	EO27-3	sim_L10_M8	8619	FG001	FG024
10	EO27-3	sim_L10_M8	8620	FG001	FG024
10	EO27-3	sim_L10_M8	8621	FG001	FG006
10	EO27-3	sim_L10_M8	8622	FG001	FG002
10	EO27-3	sim_L10_M8	8623	FG001	FG006
10	EO27-3	sim_L10_M8	8624	FG001	FG024
10	EO27-3	sim_L10_M8	8625	FG001	FG006
10	EO27-3	sim_L10_M8	8626	FG001	FG002
10	EO27-3	sim_L10_M8	8627	FG001	FG020
10	EO27-3	sim_L10_M8	8628	FG001	FG024
10	EO27-3	sim_L10_M8	8629	FG001	FG002
10	EO27-3	sim_L10_M8	8630	FG001	FG003
10	EO27-3	sim_L10_M8	8631	FG001	FG024
10	EO27-3	sim_L10_M8	8632	FG001	FG008
10	EO27-3	sim_L10_M8	8633	FG001	FG024
10	EO27-3	sim_L10_M8	8634	FG001	FG003
10	EO27-3	sim_L10_M9	8635	FG001	FG002
10	EO27-3	sim_L10_M9	8636	FG001	FG001
10	EO27-3	sim_L10_M9	8637	FG001	FG024
10	EO27-3	sim_L10_M9	8638	FG001	FG030
10	EO27-3	sim_L10_M9	8639	FG001	FG024
10	EO27-3	sim_L10_M9	8640	FG001	FG030
10	EO27-3	sim_L10_M9	8641	FG001	FG001
10	EO27-3	sim_L10_M9	8642	FG001	FG003
10	EO27-3	sim_L10_M9	8643	FG001	FG003
10	EO27-3	sim_L10_M9	8644	FG001	FG024
10	EO27-3	sim_L10_M9	8645	FG001	FG028
10	EO27-3	sim_L10_M9	8646	FG001	FG001
10	EO27-3	sim_L10_M9	8647	FG001	FG002
10	EO27-3	sim_L10_M9	8648	FG001	FG011
10	EO27-3	sim_L10_M9	8649	FG001	FG003
10	EO27-3	sim_L10_M9	8650	FG001	FG001
10	EO27-3	sim_L10_M10	8651	FG002	FG001
10	EO27-3	sim_L10_M10	8652	FG002	FG003
10	EO27-3	sim_L10_M10	8653	FG002	FG018
10	EO27-3	sim_L10_M10	8654	FG001	FG024
10	EO27-3	sim_L10_M10	8655	FG002	FG001
10	EO27-3	sim_L10_M10	8656	FG002	FG024
10	EO27-3	sim_L10_M10	8657	FG001	FG014
10	EO27-3	sim_L10_M10	8658	FG002	FG010
10	EO27-3	sim_L10_M10	8659	FG002	FG006
10	EO27-3	sim_L10_M10	8660	FG002	FG024
10	EO27-3	sim_L10_M10	8661	FG002	FG015
10	EO27-3	sim_L10_M10	8662	FG001	FG021
10	EO27-3	sim_L10_M10	8663	FG002	FG003
10	EO27-3	sim_L10_M10	8664	FG002	FG015
10	EO27-3	sim_L10_M10	8665	FG001	FG024
10	EO27-3	sim_L10_M10	8666	FG002	FG012
10	EO27-3	sim_L10_M10	8667	FG002	FG024
10	EO27-3	sim_L10_M10	8668	FG002	FG024
10	EO27-3	sim_L10_M10	8669	FG002	FG023
10	EO27-3	sim_L10_M11	8670	FG024	FG001
10	EO27-3	sim_L10_M11	8671	FG024	FG001
10	EO27-3	sim_L10_M11	8672	FG024	FG018
10	EO27-3	sim_L10_M11	8673	FG024	FG018
10	EO27-3	sim_L10_M11	8674	FG024	FG001
10	EO27-3	sim_L10_M11	8675	FG024	FG006
10	EO27-3	sim_L10_M11	8676	FG024	FG001
10	EO27-3	sim_L10_M11	8677	FG024	FG001
10	EO27-3	sim_L10_M11	8678	FG024	FG001
10	EO27-3	sim_L10_M11	8679	FG024	FG012
10	EO27-3	sim_L10_M11	8680	FG024	FG001
10	EO27-3	sim_L10_M11	8681	FG024	FG001
10	EO27-3	sim_L10_M11	8682	FG024	FG002
10	EO27-3	sim_L10_M11	8683	FG024	FG002
10	EO27-3	sim_L10_M11	8684	FG024	FG001
10	EO27-3	sim_L10_M11	8685	FG024	FG006
10	EO27-3	sim_L10_M11	8686	FG024	FG001
10	EO27-3	sim_L10_M11	8687	FG024	FG017
10	EO27-3	sim_L10_M11	8688	FG024	FG010
10	EO27-3	sim_L10_M11	8689	FG024	FG001
10	EO27-3	sim_L10_M11	8690	FG024	FG001
10	EO27-3	sim_L10_M11	8691	FG024	FG010
10	EO27-3	sim_L10_M11	8692	FG024	FG001
10	EO27-3	sim_L10_M11	8693	FG024	FG001
10	EO27-3	sim_L10_M11	8694	FG024	FG001
10	EO27-3	sim_L10_M12	8695	FG001	FG008
10	EO27-3	sim_L10_M12	8696	FG024	FG001
10	EO27-3	sim_L10_M12	8697	FG024	FG002
10	EO27-3	sim_L10_M12	8698	FG024	FG019
10	EO27-3	sim_L10_M12	8699	FG024	FG020
10	EO27-3	sim_L10_M12	8700	FG024	FG006
10	EO27-3	sim_L10_M12	8701	FG024	FG002
10	EO27-3	sim_L10_M12	8702	FG001	FG001
10	EO27-3	sim_L10_M12	8703	FG024	FG004
10	EO27-3	sim_L10_M12	8704	FG024	FG002
10	EO27-3	sim_L10_M12	8705	FG001	FG006
10	EO27-3	sim_L10_M12	8706	FG001	FG006
10	EO27-3	sim_L10_M12	8707	FG024	FG015
10	EO27-3	sim_L10_M12	8708	FG024	FG019
10	EO27-3	sim_L10_M12	8709	FG024	FG002
10	EO27-3	sim_L10_M12	8710	FG001	FG006
10	EO27-3	sim_L10_M12	8711	FG001	FG023
10	EO27-3	sim_L10_M13	8712	FG006	FG001
10	EO27-3	sim_L10_M13	8713	FG006	FG024
10	EO27-3	sim_L10_M13	8714	FG021	FG002
10	EO27-3	sim_L10_M13	8715	FG021	FG019
10	EO27-3	sim_L10_M13	8716	FG006	FG001
10	EO27-3	sim_L10_M13	8717	FG006	FG001
10	EO27-3	sim_L10_M13	8718	FG006	FG002
10	EO27-3	sim_L10_M13	8719	FG006	FG024
10	EO27-3	sim_L10_M13	8720	FG021	FG024
10	EO27-3	sim_L10_M13	8721	FG006	FG002
10	EO27-3	sim_L10_M13	8722	FG021	FG024
10	EO27-3	sim_L10_M13	8723	FG021	FG001
10	EO27-3	sim_L10_M13	8724	FG021	FG001
10	EO27-3	sim_L10_M13	8725	FG021	FG004
10	EO27-3	sim_L10_M13	8726	FG006	FG001
10	EO27-3	sim_L10_M13	8727	FG021	FG024
10	EO27-3	sim_L10_M13	8728	FG021	FG024
10	EO27-3	sim_L10_M13	8729	FG021	FG001
10	EO27-3	sim_L10_M13	8730	FG021	FG002
10	EO27-3	sim_L10_M13	8731	FG006	FG024
10	EO27-3	sim_L10_M13	8732	FG006	FG001
10	EO27-3	sim_L10_M13	8733	FG006	FG001
10	EO27-3	sim_L10_M13	8734	FG021	FG004
10	EO27-3	sim_L10_M13	8735	FG006	FG004
10	EO27-3	sim_L10_M13	8736	FG006	FG024
10	EO27-3	sim_L10_M13	8737	FG006	FG002
10	EO27-3	sim_L10_M13	8738	FG021	FG001
10	EO27-3	sim_L10_M14	8739	FG001	FG002
10	EO27-3	sim_L10_M14	8740	FG001	FG021
10	EO27-3	sim_L10_M14	8741	FG001	FG006
10	EO27-3	sim_L10_M14	8742	FG001	FG006
10	EO27-3	sim_L10_M14	8743	FG001	FG002
10	EO27-3	sim_L10_M14	8744	FG001	FG019
10	EO27-3	sim_L10_M14	8745	FG024	FG024
10	EO27-3	sim_L10_M14	8746	FG024	FG017
10	EO27-3	sim_L10_M14	8747	FG024	FG012
10	EO27-3	sim_L10_M14	8748	FG001	FG026
10	EO27-3	sim_L10_M14	8749	FG001	FG002
10	EO27-3	sim_L10_M14	8750	FG001	FG002
10	EO27-3	sim_L10_M15	8751	FG024	FG002
10	EO27-3	sim_L10_M15	8752	FG001	FG002
10	EO27-3	sim_L10_M15	8753	FG001	FG002
10	EO27-3	sim_L10_M15	8754	FG001	FG002
10	EO27-3	sim_L10_M15	8755	FG001	FG010
10	EO27-3	sim_L10_M15	8756	FG024	FG002
10	EO27-3	sim_L10_M15	8757	FG024	FG002
10	EO27-3	sim_L10_M15	8758	FG001	FG002
10	EO27-3	sim_L10_M15	8759	FG001	FG013
10	EO27-3	sim_L10_M15	8760	FG001	FG009
10	EO27-3	sim_L10_M15	8761	FG024	FG006
10	EO27-3	sim_L10_M15	8762	FG024	FG012
10	EO27-3	sim_L10_M15	8763	FG024	FG024
10	EO27-3	sim_L10_M15	8764	FG001	FG002
17	EO18-7	sim_L17_M0	8765	FG001	FG001
17	EO18-7	sim_L17_M0	8766	FG024	FG012
17	EO18-7	sim_L17_M0	8767	FG001	FG006
17	EO18-7	sim_L17_M0	8768	FG024	FG010
17	EO18-7	sim_L17_M0	8769	FG001	FG002
17	EO18-7	sim_L17_M0	8770	FG001	FG021
17	EO18-7	sim_L17_M0	8771	FG024	FG004
17	EO18-7	sim_L17_M0	8772	FG024	FG001
17	EO18-7	sim_L17_M0	8773	FG001	FG012
17	EO18-7	sim_L17_M0	8774	FG001	FG002
17	EO18-7	sim_L17_M0	8775	FG024	FG002
17	EO18-7	sim_L17_M0	8776	FG001	FG019
17	EO18-7	sim_L17_M0	8777	FG001	FG002
17	EO18-7	sim_L17_M0	8778	FG024	FG017
17	EO18-7	sim_L17_M0	8779	FG001	FG002
17	EO18-7	sim_L17_M0	8780	FG024	FG002
17	EO18-7	sim_L17_M0	8781	FG024	FG002
17	EO18-7	sim_L17_M1	8782	FG006	FG024
17	EO18-7	sim_L17_M1	8783	FG001	FG012
17	EO18-7	sim_L17_M1	8784	FG006	FG024
17	EO18-7	sim_L17_M1	8785	FG006	FG024
17	EO18-7	sim_L17_M1	8786	FG001	FG024
17	EO18-7	sim_L17_M1	8787	FG006	FG002
17	EO18-7	sim_L17_M1	8788	FG001	FG024
17	EO18-7	sim_L17_M1	8789	FG006	FG024
17	EO18-7	sim_L17_M1	8790	FG006	FG001
17	EO18-7	sim_L17_M1	8791	FG001	FG001
17	EO18-7	sim_L17_M1	8792	FG001	FG024
17	EO18-7	sim_L17_M1	8793	FG001	FG001
17	EO18-7	sim_L17_M1	8794	FG001	FG024
17	EO18-7	sim_L17_M1	8795	FG006	FG001
17	EO18-7	sim_L17_M1	8796	FG006	FG001
17	EO18-7	sim_L17_M2	8797	FG014	FG001
17	EO18-7	sim_L17_M2	8798	FG014	FG001
17	EO18-7	sim_L17_M2	8799	FG014	FG024
17	EO18-7	sim_L17_M2	8800	FG014	FG010
17	EO18-7	sim_L17_M2	8801	FG014	FG006
17	EO18-7	sim_L17_M2	8802	FG014	FG006
17	EO18-7	sim_L17_M2	8803	FG003	FG026
17	EO18-7	sim_L17_M2	8804	FG014	FG018
17	EO18-7	sim_L17_M2	8805	FG003	FG001
17	EO18-7	sim_L17_M2	8806	FG003	FG001
17	EO18-7	sim_L17_M2	8807	FG003	FG024
17	EO18-7	sim_L17_M2	8808	FG003	FG017
17	EO18-7	sim_L17_M2	8809	FG003	FG024
17	EO18-7	sim_L17_M2	8810	FG014	FG001
17	EO18-7	sim_L17_M2	8811	FG014	FG001
17	EO18-7	sim_L17_M2	8812	FG003	FG001
17	EO18-7	sim_L17_M2	8813	FG003	FG001
17	EO18-7	sim_L17_M2	8814	FG003	FG012
17	EO18-7	sim_L17_M2	8815	FG003	FG001
17	EO18-7	sim_L17_M2	8816	FG014	FG024
17	EO18-7	sim_L17_M2	8817	FG014	FG001
17	EO18-7	sim_L17_M2	8818	FG014	FG024
17	EO18-7	sim_L17_M2	8819	FG003	FG015
17	EO18-7	sim_L17_M2	8820	FG003	FG023
17	EO18-7	sim_L17_M2	8821	FG014	FG017
17	EO18-7	sim_L17_M2	8822	FG014	FG018
17	EO18-7	sim_L17_M2	8823	FG003	FG018
17	EO18-7	sim_L17_M2	8824	FG014	FG002
17	EO18-7	sim_L17_M3	8825	FG001	FG024
17	EO18-7	sim_L17_M3	8826	FG001	FG024
17	EO18-7	sim_L17_M3	8827	FG001	FG001
17	EO18-7	sim_L17_M3	8828	FG001	FG025
17	EO18-7	sim_L17_M3	8829	FG001	FG001
17	EO18-7	sim_L17_M3	8830	FG001	FG002
17	EO18-7	sim_L17_M3	8831	FG001	FG024
17	EO18-7	sim_L17_M3	8832	FG001	FG024
17	EO18-7	sim_L17_M3	8833	FG001	FG006
17	EO18-7	sim_L17_M3	8834	FG001	FG024
17	EO18-7	sim_L17_M3	8835	FG001	FG024
17	EO18-7	sim_L17_M3	8836	FG001	FG006
17	EO18-7	sim_L17_M3	8837	FG001	FG006
17	EO18-7	sim_L17_M3	8838	FG001	FG024
17	EO18-7	sim_L17_M3	8839	FG001	FG002
17	EO18-7	sim_L17_M3	8840	FG001	FG024
17	EO18-7	sim_L17_M3	8841	FG001	FG001
17	EO18-7	sim_L17_M3	8842	FG001	FG002
17	EO18-7	sim_L17_M3	8843	FG001	FG002
17	EO18-7	sim_L17_M3	8844	FG001	FG021
17	EO18-7	sim_L17_M4	8845	FG001	FG024
17	EO18-7	sim_L17_M4	8846	FG001	FG024
17	EO18-7	sim_L17_M4	8847	FG001	FG024
17	EO18-7	sim_L17_M4	8848	FG001	FG001
17	EO18-7	sim_L17_M4	8849	FG001	FG006
17	EO18-7	sim_L17_M4	8850	FG001	FG024
17	EO18-7	sim_L17_M4	8851	FG001	FG006
17	EO18-7	sim_L17_M4	8852	FG001	FG024
17	EO18-7	sim_L17_M4	8853	FG001	FG024
17	EO18-7	sim_L17_M4	8854	FG001	FG006
17	EO18-7	sim_L17_M4	8855	FG001	FG024
17	EO18-7	sim_L17_M4	8856	FG001	FG024
17	EO18-7	sim_L17_M4	8857	FG001	FG014
17	EO18-7	sim_L17_M4	8858	FG001	FG008
17	EO18-7	sim_L17_M5	8859	FG001	FG017
17	EO18-7	sim_L17_M5	8860	FG001	FG002
17	EO18-7	sim_L17_M5	8861	FG024	FG006
17	EO18-7	sim_L17_M5	8862	FG001	FG012
17	EO18-7	sim_L17_M5	8863	FG001	FG018
17	EO18-7	sim_L17_M5	8864	FG001	FG020
17	EO18-7	sim_L17_M5	8865	FG024	FG010
17	EO18-7	sim_L17_M5	8866	FG024	FG002
17	EO18-7	sim_L17_M5	8867	FG024	FG022
17	EO18-7	sim_L17_M5	8868	FG001	FG005
17	EO18-7	sim_L17_M5	8869	FG024	FG002
17	EO18-7	sim_L17_M5	8870	FG024	FG001
17	EO18-7	sim_L17_M5	8871	FG001	FG002
17	EO18-7	sim_L17_M5	8872	FG024	FG006
17	EO18-7	sim_L17_M6	8873	FG001	FG004
17	EO18-7	sim_L17_M6	8874	FG001	FG024
17	EO18-7	sim_L17_M6	8875	FG001	FG004
17	EO18-7	sim_L17_M6	8876	FG001	FG001
17	EO18-7	sim_L17_M6	8877	FG001	FG002
17	EO18-7	sim_L17_M6	8878	FG001	FG007
17	EO18-7	sim_L17_M6	8879	FG001	FG002
17	EO18-7	sim_L17_M6	8880	FG001	FG024
17	EO18-7	sim_L17_M6	8881	FG001	FG024
17	EO18-7	sim_L17_M6	8882	FG001	FG002
17	EO18-7	sim_L17_M6	8883	FG001	FG010
17	EO18-7	sim_L17_M6	8884	FG001	FG021
17	EO18-7	sim_L17_M6	8885	FG001	FG024
17	EO18-7	sim_L17_M6	8886	FG001	FG006
17	EO18-7	sim_L17_M6	8887	FG001	FG032
17	EO18-7	sim_L17_M6	8888	FG001	FG002
17	EO18-7	sim_L17_M6	8889	FG001	FG024
17	EO18-7	sim_L17_M6	8890	FG001	FG006
17	EO18-7	sim_L17_M7	8891	FG001	FG002
17	EO18-7	sim_L17_M7	8892	FG001	FG013
17	EO18-7	sim_L17_M7	8893	FG024	FG021
17	EO18-7	sim_L17_M7	8894	FG024	FG002
17	EO18-7	sim_L17_M7	8895	FG024	FG023
17	EO18-7	sim_L17_M7	8896	FG024	FG021
17	EO18-7	sim_L17_M7	8897	FG024	FG006
17	EO18-7	sim_L17_M8	8898	FG024	FG002
17	EO18-7	sim_L17_M8	8899	FG024	FG001
17	EO18-7	sim_L17_M8	8900	FG024	FG004
17	EO18-7	sim_L17_M8	8901	FG024	FG024
17	EO18-7	sim_L17_M8	8902	FG024	FG002
17	EO18-7	sim_L17_M8	8903	FG024	FG002
17	EO18-7	sim_L17_M8	8904	FG024	FG001
17	EO18-7	sim_L17_M8	8905	FG024	FG001
17	EO18-7	sim_L17_M8	8906	FG024	FG001
17	EO18-7	sim_L17_M8	8907	FG024	FG024
17	EO18-7	sim_L17_M8	8908	FG024	FG002
17	EO18-7	sim_L17_M8	8909	FG024	FG001
17	EO18-7	sim_L17_M8	8910	FG024	FG001
17	EO18-7	sim_L17_M8	8911	FG024	FG021
17	EO18-7	sim_L17_M8	8912	FG024	FG001
17	EO18-7	sim_L17_M8	8913	FG024	FG001
17	EO18-7	sim_L17_M8	8914	FG024	FG002
17	EO18-7	sim_L17_M8	8915	FG024	FG001
17	EO18-7	sim_L17_M8	8916	FG024	FG024
17	EO18-7	sim_L17_M8	8917	FG024	FG001
17	EO18-7	sim_L17_M8	8918	FG024	FG001
17	EO18-7	sim_L17_M8	8919	FG024	FG005
17	EO18-7	sim_L17_M8	8920	FG024	FG003
17	EO18-7	sim_L17_M8	8921	FG024	FG001
17	EO18-7	sim_L17_M8	8922	FG024	FG002
17	EO18-7	sim_L17_M9	8923	FG002	FG004
17	EO18-7	sim_L17_M9	8924	FG002	FG001
17	EO18-7	sim_L17_M9	8925	FG002	FG001
17	EO18-7	sim_L17_M9	8926	FG002	FG017
17	EO18-7	sim_L17_M9	8927	FG024	FG001
17	EO18-7	sim_L17_M9	8928	FG024	FG012
17	EO18-7	sim_L17_M9	8929	FG002	FG001
17	EO18-7	sim_L17_M9	8930	FG024	FG003
17	EO18-7	sim_L17_M9	8931	FG024	FG001
17	EO18-7	sim_L17_M9	8932	FG024	FG019
17	EO18-7	sim_L17_M9	8933	FG024	FG001
17	EO18-7	sim_L17_M9	8934	FG024	FG006
17	EO18-7	sim_L17_M9	8935	FG002	FG001
17	EO18-7	sim_L17_M9	8936	FG024	FG012
17	EO18-7	sim_L17_M9	8937	FG002	FG009
17	EO18-7	sim_L17_M9	8938	FG024	FG012
17	EO18-7	sim_L17_M9	8939	FG024	FG001
17	EO18-7	sim_L17_M9	8940	FG024	FG001
17	EO18-7	sim_L17_M9	8941	FG002	FG010
17	EO18-7	sim_L17_M9	8942	FG002	FG006
17	EO18-7	sim_L17_M9	8943	FG002	FG001
17	EO18-7	sim_L17_M10	8944	FG001	FG024
17	EO18-7	sim_L17_M10	8945	FG001	FG001
17	EO18-7	sim_L17_M10	8946	FG001	FG024
17	EO18-7	sim_L17_M10	8947	FG006	FG024
17	EO18-7	sim_L17_M10	8948	FG006	FG004
17	EO18-7	sim_L17_M10	8949	FG001	FG019
17	EO18-7	sim_L17_M10	8950	FG001	FG024
17	EO18-7	sim_L17_M10	8951	FG001	FG002
17	EO18-7	sim_L17_M10	8952	FG001	FG024
17	EO18-7	sim_L17_M10	8953	FG001	FG002
17	EO18-7	sim_L17_M10	8954	FG001	FG023
17	EO18-7	sim_L17_M10	8955	FG001	FG024
17	EO18-7	sim_L17_M10	8956	FG001	FG002
17	EO18-7	sim_L17_M10	8957	FG001	FG003
17	EO18-7	sim_L17_M10	8958	FG001	FG002
17	EO18-7	sim_L17_M10	8959	FG001	FG024
17	EO18-7	sim_L17_M11	8960	FG002	FG024
17	EO18-7	sim_L17_M11	8961	FG001	FG010
17	EO18-7	sim_L17_M11	8962	FG001	FG018
17	EO18-7	sim_L17_M11	8963	FG002	FG024
17	EO18-7	sim_L17_M11	8964	FG001	FG003
17	EO18-7	sim_L17_M11	8965	FG002	FG024
17	EO18-7	sim_L17_M11	8966	FG001	FG012
17	EO18-7	sim_L17_M11	8967	FG001	FG001
17	EO18-7	sim_L17_M11	8968	FG002	FG006
17	EO18-7	sim_L17_M11	8969	FG001	FG006
17	EO18-7	sim_L17_M11	8970	FG002	FG026
17	EO18-7	sim_L17_M11	8971	FG001	FG024
17	EO18-7	sim_L17_M11	8972	FG002	FG024
17	EO18-7	sim_L17_M11	8973	FG001	FG017
17	EO18-7	sim_L17_M12	8974	FG001	FG024
17	EO18-7	sim_L17_M12	8975	FG001	FG024
17	EO18-7	sim_L17_M12	8976	FG001	FG024
17	EO18-7	sim_L17_M12	8977	FG001	FG024
17	EO18-7	sim_L17_M12	8978	FG001	FG024
17	EO18-7	sim_L17_M12	8979	FG001	FG024
17	EO18-7	sim_L17_M12	8980	FG001	FG002
17	EO18-7	sim_L17_M12	8981	FG001	FG002
17	EO18-7	sim_L17_M12	8982	FG001	FG024
17	EO18-7	sim_L17_M12	8983	FG001	FG012
17	EO18-7	sim_L17_M12	8984	FG001	FG028
17	EO18-7	sim_L17_M12	8985	FG001	FG006
17	EO18-7	sim_L17_M12	8986	FG001	FG017
17	EO18-7	sim_L17_M12	8987	FG001	FG001
17	EO18-7	sim_L17_M12	8988	FG001	FG003
17	EO18-7	sim_L17_M12	8989	FG001	FG002
17	EO18-7	sim_L17_M12	8990	FG001	FG006
17	EO18-7	sim_L17_M13	8991	FG024	FG004
17	EO18-7	sim_L17_M13	8992	FG024	FG005
17	EO18-7	sim_L17_M13	8993	FG024	FG024
17	EO18-7	sim_L17_M13	8994	FG024	FG006
17	EO18-7	sim_L17_M13	8995	FG024	FG002
17	EO18-7	sim_L17_M13	8996	FG001	FG006
17	EO18-7	sim_L17_M13	8997	FG024	FG003
17	EO18-7	sim_L17_M13	8998	FG001	FG002
17	EO18-7	sim_L17_M13	8999	FG001	FG006
17	EO18-7	sim_L17_M13	9000	FG024	FG006
17	EO18-7	sim_L17_M13	9001	FG001	FG018
17	EO18-7	sim_L17_M13	9002	FG024	FG006
17	EO18-7	sim_L17_M13	9003	FG001	FG004
17	EO18-7	sim_L17_M13	9004	FG001	FG010
17	EO18-7	sim_L17_M13	9005	FG024	FG018
17	EO18-7	sim_L17_M14	9006	FG001	FG002
17	EO18-7	sim_L17_M14	9007	FG001	FG012
17	EO18-7	sim_L17_M14	9008	FG001	FG002
17	EO18-7	sim_L17_M14	9009	FG001	FG006
17	EO18-7	sim_L17_M14	9010	FG001	FG023
17	EO18-7	sim_L17_M14	9011	FG001	FG018
17	EO18-7	sim_L17_M14	9012	FG001	FG001
17	EO18-7	sim_L17_M14	9013	FG001	FG024
17	EO18-7	sim_L17_M14	9014	FG001	FG003
17	EO18-7	sim_L17_M14	9015	FG001	FG024
17	EO18-7	sim_L17_M14	9016	FG001	FG024
17	EO18-7	sim_L17_M14	9017	FG001	FG002
17	EO18-7	sim_L17_M14	9018	FG001	FG012
17	EO18-7	sim_L17_M14	9019	FG001	FG017
17	EO18-7	sim_L17_M14	9020	FG001	FG006
17	EO18-7	sim_L17_M14	9021	FG001	FG028
17	EO18-7	sim_L17_M14	9022	FG001	FG024
17	EO18-7	sim_L17_M15	9023	FG001	FG004
17	EO18-7	sim_L17_M15	9024	FG024	FG002
17	EO18-7	sim_L17_M15	9025	FG001	FG010
17	EO18-7	sim_L17_M15	9026	FG024	FG006
17	EO18-7	sim_L17_M15	9027	FG001	FG004
17	EO18-7	sim_L17_M15	9028	FG024	FG024
17	EO18-7	sim_L17_M15	9029	FG024	FG006
17	EO18-7	sim_L17_M15	9030	FG001	FG002
17	EO18-7	sim_L17_M15	9031	FG024	FG023
17	EO18-7	sim_L17_M15	9032	FG024	FG010
17	EO18-7	sim_L17_M15	9033	FG024	FG001
17	EO18-7	sim_L17_M15	9034	FG001	FG021
17	EO18-7	sim_L17_M15	9035	FG024	FG002
17	EO18-7	sim_L17_M15	9036	FG001	FG002
17	EO18-7	sim_L17_M15	9037	FG001	FG002
17	EO18-7	sim_L17_M15	9038	FG001	FG014
17	EO18-7	sim_L17_M15	9039	FG001	FG001
17	EO18-7	sim_L17_M15	9040	FG024	FG012
17	EO18-7	sim_L17_M16	9041	FG024	FG001
17	EO18-7	sim_L17_M16	9042	FG024	FG021
17	EO18-7	sim_L17_M16	9043	FG024	FG003
17	EO18-7	sim_L17_M16	9044	FG012	FG018
17	EO18-7	sim_L17_M16	9045	FG012	FG017
17	EO18-7	sim_L17_M16	9046	FG012	FG001
17	EO18-7	sim_L17_M16	9047	FG012	FG007
17	EO18-7	sim_L17_M16	9048	FG024	FG001
17	EO18-7	sim_L17_M16	9049	FG024	FG001
17	EO18-7	sim_L17_M16	9050	FG024	FG001
17	EO18-7	sim_L17_M16	9051	FG012	FG001
17	EO18-7	sim_L17_M16	9052	FG024	FG005
17	EO18-7	sim_L17_M16	9053	FG024	FG001
17	EO18-7	sim_L17_M16	9054	FG024	FG002
17	EO18-7	sim_L17_M16	9055	FG024	FG002
17	EO18-7	sim_L17_M16	9056	FG024	FG001
17	EO18-7	sim_L17_M16	9057	FG012	FG001
17	EO18-7	sim_L17_M16	9058	FG024	FG001
17	EO18-7	sim_L17_M16	9059	FG012	FG001
17	EO18-7	sim_L17_M16	9060	FG024	FG001
17	EO18-7	sim_L17_M17	9061	FG024	FG001
17	EO18-7	sim_L17_M17	9062	FG024	FG006
17	EO18-7	sim_L17_M17	9063	FG024	FG001
17	EO18-7	sim_L17_M17	9064	FG024	FG001
17	EO18-7	sim_L17_M17	9065	FG024	FG019
17	EO18-7	sim_L17_M17	9066	FG002	FG010
17	EO18-7	sim_L17_M17	9067	FG024	FG001
17	EO18-7	sim_L17_M17	9068	FG002	FG018
17	EO18-7	sim_L17_M17	9069	FG024	FG014
17	EO18-7	sim_L17_M17	9070	FG024	FG019
17	EO18-7	sim_L17_M17	9071	FG002	FG001
17	EO18-7	sim_L17_M17	9072	FG002	FG001
17	EO18-7	sim_L17_M17	9073	FG024	FG001
17	EO18-7	sim_L17_M17	9074	FG002	FG001
17	EO18-7	sim_L17_M17	9075	FG002	FG004
17	EO18-7	sim_L17_M17	9076	FG002	FG001
17	EO18-7	sim_L17_M17	9077	FG002	FG012
17	EO18-7	sim_L17_M17	9078	FG024	FG001
17	EO18-7	sim_L17_M17	9079	FG024	FG019
17	EO18-7	sim_L17_M17	9080	FG024	FG001
17	EO18-7	sim_L17_M17	9081	FG024	FG018
17	EO18-7	sim_L17_M17	9082	FG024	FG001
17	EO18-7	sim_L17_M17	9083	FG002	FG004
17	EO18-7	sim_L17_M18	9084	FG001	FG006
17	EO18-7	sim_L17_M18	9085	FG001	FG024
17	EO18-7	sim_L17_M18	9086	FG001	FG024
17	EO18-7	sim_L17_M18	9087	FG001	FG003
17	EO18-7	sim_L17_M18	9088	FG001	FG019
17	EO18-7	sim_L17_M18	9089	FG001	FG024
17	EO18-7	sim_L17_M18	9090	FG001	FG024
17	EO18-7	sim_L17_M18	9091	FG001	FG003
17	EO18-7	sim_L17_M18	9092	FG001	FG012
17	EO18-7	sim_L17_M18	9093	FG001	FG002
17	EO18-7	sim_L17_M18	9094	FG001	FG023
17	EO18-7	sim_L17_M18	9095	FG001	FG015
17	EO18-7	sim_L17_M18	9096	FG001	FG027
17	EO18-7	sim_L17_M18	9097	FG001	FG001
17	EO18-7	sim_L17_M18	9098	FG001	FG002
17	EO18-7	sim_L17_M18	9099	FG001	FG027
17	EO18-7	sim_L17_M18	9100	FG001	FG002
17	EO18-7	sim_L17_M18	9101	FG001	FG017
17	EO18-7	sim_L17_M18	9102	FG001	FG010
17	EO18-7	sim_L17_M18	9103	FG001	FG006
17	EO18-7	sim_L17_M19	9104	FG021	FG001
17	EO18-7	sim_L17_M19	9105	FG002	FG001
17	EO18-7	sim_L17_M19	9106	FG002	FG024
17	EO18-7	sim_L17_M19	9107	FG002	FG001
17	EO18-7	sim_L17_M19	9108	FG002	FG024
17	EO18-7	sim_L17_M19	9109	FG002	FG006
17	EO18-7	sim_L17_M19	9110	FG002	FG004
17	EO18-7	sim_L17_M19	9111	FG021	FG001
17	EO18-7	sim_L17_M19	9112	FG021	FG004
17	EO18-7	sim_L17_M19	9113	FG002	FG001
17	EO18-7	sim_L17_M19	9114	FG002	FG001
17	EO18-7	sim_L17_M19	9115	FG021	FG024
17	EO18-7	sim_L17_M19	9116	FG021	FG001
17	EO18-7	sim_L17_M19	9117	FG021	FG001
17	EO18-7	sim_L17_M19	9118	FG021	FG024
17	EO18-7	sim_L17_M19	9119	FG021	FG001
17	EO18-7	sim_L17_M19	9120	FG002	FG001
17	EO18-7	sim_L17_M19	9121	FG021	FG001
17	EO18-7	sim_L17_M19	9122	FG021	FG006
17	EO18-7	sim_L17_M19	9123	FG002	FG024
17	EO18-7	sim_L17_M19	9124	FG002	FG001
17	EO18-7	sim_L17_M19	9125	FG002	FG001
17	EO18-7	sim_L17_M19	9126	FG002	FG001
17	EO18-7	sim_L17_M19	9127	FG002	FG010
17	EO18-7	sim_L17_M19	9128	FG002	FG003
17	EO18-7	sim_L17_M19	9129	FG002	FG024
17	EO18-7	sim_L17_M20	9130	FG001	FG002
17	EO18-7	sim_L17_M20	9131	FG001	FG002
17	EO18-7	sim_L17_M20	9132	FG001	FG024
17	EO18-7	sim_L17_M20	9133	FG001	FG024
17	EO18-7	sim_L17_M20	9134	FG001	FG012
17	EO18-7	sim_L17_M20	9135	FG001	FG008
17	EO18-7	sim_L17_M20	9136	FG001	FG023
17	EO18-7	sim_L17_M20	9137	FG001	FG024
17	EO18-7	sim_L17_M20	9138	FG001	FG015
17	EO18-7	sim_L17_M20	9139	FG001	FG012
17	EO18-7	sim_L17_M20	9140	FG001	FG005
17	EO18-7	sim_L17_M20	9141	FG001	FG002
17	EO18-7	sim_L17_M20	9142	FG001	FG002
17	EO18-7	sim_L17_M20	9143	FG001	FG024
17	EO18-7	sim_L17_M20	9144	FG001	FG001
17	EO18-7	sim_L17_M20	9145	FG001	FG002
17	EO18-7	sim_L17_M20	9146	FG001	FG003
17	EO18-7	sim_L17_M21	9147	FG010	FG015
17	EO18-7	sim_L17_M21	9148	FG010	FG001
17	EO18-7	sim_L17_M21	9149	FG010	FG001
17	EO18-7	sim_L17_M21	9150	FG010	FG001
17	EO18-7	sim_L17_M21	9151	FG010	FG001
17	EO18-7	sim_L17_M21	9152	FG010	FG019
17	EO18-7	sim_L17_M21	9153	FG024	FG001
17	EO18-7	sim_L17_M21	9154	FG024	FG003
17	EO18-7	sim_L17_M21	9155	FG024	FG001
17	EO18-7	sim_L17_M21	9156	FG024	FG002
17	EO18-7	sim_L17_M21	9157	FG024	FG002
17	EO18-7	sim_L17_M21	9158	FG024	FG002
17	EO18-7	sim_L17_M21	9159	FG010	FG001
17	EO18-7	sim_L17_M21	9160	FG010	FG001
17	EO18-7	sim_L17_M21	9161	FG010	FG002
17	EO18-7	sim_L17_M21	9162	FG010	FG001
17	EO18-7	sim_L17_M21	9163	FG010	FG018
17	EO18-7	sim_L17_M21	9164	FG010	FG002
17	EO18-7	sim_L17_M21	9165	FG010	FG001
17	EO18-7	sim_L17_M21	9166	FG024	FG024
17	EO18-7	sim_L17_M21	9167	FG024	FG001
17	EO18-7	sim_L17_M21	9168	FG024	FG014
17	EO18-7	sim_L17_M21	9169	FG024	FG001
17	EO18-7	sim_L17_M21	9170	FG010	FG006
17	EO18-7	sim_L17_M22	9171	FG005	FG015
17	EO18-7	sim_L17_M22	9172	FG006	FG010
17	EO18-7	sim_L17_M22	9173	FG006	FG001
17	EO18-7	sim_L17_M22	9174	FG005	FG001
17	EO18-7	sim_L17_M22	9175	FG005	FG019
17	EO18-7	sim_L17_M22	9176	FG006	FG024
17	EO18-7	sim_L17_M22	9177	FG006	FG024
17	EO18-7	sim_L17_M22	9178	FG006	FG019
17	EO18-7	sim_L17_M22	9179	FG006	FG024
17	EO18-7	sim_L17_M22	9180	FG005	FG024
17	EO18-7	sim_L17_M22	9181	FG006	FG007
17	EO18-7	sim_L17_M22	9182	FG005	FG024
17	EO18-7	sim_L17_M22	9183	FG005	FG019
17	EO18-7	sim_L17_M22	9184	FG005	FG001
17	EO18-7	sim_L17_M22	9185	FG006	FG015
17	EO18-7	sim_L17_M22	9186	FG006	FG001
17	EO18-7	sim_L17_M22	9187	FG005	FG012
17	EO18-7	sim_L17_M22	9188	FG006	FG024
17	EO18-7	sim_L17_M22	9189	FG005	FG001
17	EO18-7	sim_L17_M22	9190	FG005	FG024
17	EO18-7	sim_L17_M22	9191	FG006	FG001
17	EO18-7	sim_L17_M22	9192	FG006	FG003
17	EO18-7	sim_L17_M22	9193	FG005	FG001
17	EO18-7	sim_L17_M22	9194	FG006	FG015
17	EO18-7	sim_L17_M22	9195	FG006	FG001
17	EO18-7	sim_L17_M22	9196	FG006	FG024
17	EO18-7	sim_L17_M23	9197	FG024	FG005
17	EO18-7	sim_L17_M23	9198	FG024	FG014
17	EO18-7	sim_L17_M23	9199	FG001	FG002
17	EO18-7	sim_L17_M23	9200	FG001	FG018
17	EO18-7	sim_L17_M23	9201	FG024	FG002
17	EO18-7	sim_L17_M23	9202	FG001	FG002
17	EO18-7	sim_L17_M23	9203	FG024	FG002
17	EO18-7	sim_L17_M23	9204	FG024	FG003
17	EO18-7	sim_L17_M23	9205	FG024	FG019
17	EO18-7	sim_L17_M23	9206	FG001	FG002
17	EO18-7	sim_L17_M23	9207	FG001	FG004
17	EO18-7	sim_L17_M23	9208	FG024	FG006
17	EO18-7	sim_L17_M23	9209	FG001	FG002
17	EO18-7	sim_L17_M24	9210	FG002	FG013
17	EO18-7	sim_L17_M24	9211	FG001	FG024
17	EO18-7	sim_L17_M24	9212	FG001	FG001
17	EO18-7	sim_L17_M24	9213	FG001	FG024
17	EO18-7	sim_L17_M24	9214	FG002	FG024
17	EO18-7	sim_L17_M24	9215	FG001	FG024
17	EO18-7	sim_L17_M24	9216	FG001	FG024
17	EO18-7	sim_L17_M24	9217	FG002	FG003
17	EO18-7	sim_L17_M24	9218	FG001	FG024
17	EO18-7	sim_L17_M24	9219	FG002	FG024
17	EO18-7	sim_L17_M24	9220	FG001	FG017
17	EO18-7	sim_L17_M24	9221	FG001	FG024
17	EO18-7	sim_L17_M24	9222	FG001	FG003
17	EO18-7	sim_L17_M24	9223	FG002	FG024
17	EO18-7	sim_L17_M24	9224	FG001	FG024
17	EO18-7	sim_L17_M24	9225	FG002	FG001
17	EO18-7	sim_L17_M25	9226	FG024	FG024
17	EO18-7	sim_L17_M25	9227	FG024	FG021
17	EO18-7	sim_L17_M25	9228	FG001	FG030
17	EO18-7	sim_L17_M25	9229	FG001	FG019
17	EO18-7	sim_L17_M25	9230	FG024	FG002
17	EO18-7	sim_L17_M25	9231	FG001	FG006
17	EO18-7	sim_L17_M25	9232	FG024	FG012
17	EO18-7	sim_L17_M25	9233	FG024	FG001
17	EO18-7	sim_L17_M25	9234	FG024	FG012
17	EO18-7	sim_L17_M25	9235	FG001	FG001
17	EO18-7	sim_L17_M25	9236	FG024	FG002
17	EO18-7	sim_L17_M25	9237	FG024	FG005
17	EO18-7	sim_L17_M25	9238	FG024	FG015
17	EO18-7	sim_L17_M25	9239	FG001	FG002
17	EO18-7	sim_L17_M25	9240	FG001	FG024
17	EO18-7	sim_L17_M25	9241	FG001	FG022
17	EO18-7	sim_L17_M26	9242	FG001	FG002
17	EO18-7	sim_L17_M26	9243	FG001	FG024
17	EO18-7	sim_L17_M26	9244	FG001	FG018
17	EO18-7	sim_L17_M26	9245	FG001	FG006
17	EO18-7	sim_L17_M26	9246	FG001	FG002
17	EO18-7	sim_L17_M26	9247	FG001	FG024
17	EO18-7	sim_L17_M26	9248	FG001	FG021
17	EO18-7	sim_L17_M26	9249	FG001	FG024
17	EO18-7	sim_L17_M26	9250	FG001	FG012
17	EO18-7	sim_L17_M26	9251	FG001	FG020
17	EO18-7	sim_L17_M26	9252	FG001	FG021
17	EO18-7	sim_L17_M26	9253	FG001	FG002
17	EO18-7	sim_L17_M26	9254	FG001	FG001
17	EO18-7	sim_L17_M26	9255	FG001	FG007
17	EO18-7	sim_L17_M26	9256	FG001	FG002
17	EO18-7	sim_L17_M26	9257	FG001	FG006
17	EO18-7	sim_L17_M26	9258	FG001	FG003
17	EO18-7	sim_L17_M26	9259	FG001	FG015
17	EO18-7	sim_L17_M26	9260	FG001	FG005
17	EO18-7	sim_L17_M26	9261	FG001	FG024
17	EO18-7	sim_L17_M27	9262	FG015	FG006
17	EO18-7	sim_L17_M27	9263	FG024	FG004
17	EO18-7	sim_L17_M27	9264	FG015	FG001
17	EO18-7	sim_L17_M27	9265	FG015	FG001
17	EO18-7	sim_L17_M27	9266	FG024	FG001
17	EO18-7	sim_L17_M27	9267	FG015	FG001
17	EO18-7	sim_L17_M27	9268	FG024	FG001
17	EO18-7	sim_L17_M27	9269	FG024	FG001
17	EO18-7	sim_L17_M27	9270	FG024	FG004
17	EO18-7	sim_L17_M27	9271	FG024	FG001
17	EO18-7	sim_L17_M27	9272	FG015	FG021
17	EO18-7	sim_L17_M27	9273	FG015	FG028
17	EO18-7	sim_L17_M27	9274	FG024	FG001
17	EO18-7	sim_L17_M27	9275	FG024	FG018
17	EO18-7	sim_L17_M27	9276	FG024	FG001
17	EO18-7	sim_L17_M27	9277	FG024	FG001
17	EO18-7	sim_L17_M27	9278	FG015	FG010
17	EO18-7	sim_L17_M27	9279	FG015	FG003
17	EO18-7	sim_L17_M27	9280	FG015	FG001
17	EO18-7	sim_L17_M27	9281	FG024	FG001
17	EO18-7	sim_L17_M27	9282	FG024	FG001
17	EO18-7	sim_L17_M27	9283	FG024	FG001
17	EO18-7	sim_L17_M27	9284	FG015	FG010
17	EO18-7	sim_L17_M27	9285	FG015	FG006
17	EO18-7	sim_L17_M28	9286	FG003	FG001
17	EO18-7	sim_L17_M28	9287	FG003	FG024
17	EO18-7	sim_L17_M28	9288	FG003	FG024
17	EO18-7	sim_L17_M28	9289	FG003	FG024
17	EO18-7	sim_L17_M28	9290	FG003	FG002
17	EO18-7	sim_L17_M28	9291	FG003	FG012
17	EO18-7	sim_L17_M28	9292	FG003	FG024
17	EO18-7	sim_L17_M28	9293	FG003	FG001
17	EO18-7	sim_L17_M28	9294	FG003	FG024
17	EO18-7	sim_L17_M28	9295	FG003	FG001
17	EO18-7	sim_L17_M28	9296	FG003	FG024
17	EO18-7	sim_L17_M28	9297	FG003	FG018
17	EO18-7	sim_L17_M28	9298	FG003	FG024
17	EO18-7	sim_L17_M28	9299	FG003	FG001
17	EO18-7	sim_L17_M28	9300	FG003	FG010
17	EO18-7	sim_L17_M28	9301	FG003	FG002
17	EO18-7	sim_L17_M28	9302	FG003	FG002
17	EO18-7	sim_L17_M28	9303	FG003	FG001
17	EO18-7	sim_L17_M28	9304	FG003	FG001
17	EO18-7	sim_L17_M28	9305	FG003	FG001
17	EO18-7	sim_L17_M28	9306	FG003	FG001
17	EO18-7	sim_L17_M28	9307	FG003	FG002
17	EO18-7	sim_L17_M28	9308	FG003	FG002
17	EO18-7	sim_L17_M28	9309	FG003	FG012
17	EO18-7	sim_L17_M28	9310	FG003	FG005
17	EO18-7	sim_L17_M28	9311	FG003	FG001
17	EO18-7	sim_L17_M28	9312	FG003	FG001
17	EO18-7	sim_L17_M28	9313	FG003	FG006
17	EO18-7	sim_L17_M28	9314	FG003	FG001
17	EO18-7	sim_L17_M29	9315	FG002	FG006
17	EO18-7	sim_L17_M29	9316	FG002	FG001
17	EO18-7	sim_L17_M29	9317	FG002	FG004
17	EO18-7	sim_L17_M29	9318	FG002	FG001
17	EO18-7	sim_L17_M29	9319	FG002	FG012
17	EO18-7	sim_L17_M29	9320	FG002	FG001
17	EO18-7	sim_L17_M29	9321	FG002	FG001
17	EO18-7	sim_L17_M29	9322	FG024	FG012
17	EO18-7	sim_L17_M29	9323	FG024	FG006
17	EO18-7	sim_L17_M29	9324	FG024	FG001
17	EO18-7	sim_L17_M29	9325	FG024	FG001
17	EO18-7	sim_L17_M29	9326	FG002	FG001
17	EO18-7	sim_L17_M29	9327	FG024	FG001
17	EO18-7	sim_L17_M29	9328	FG002	FG001
17	EO18-7	sim_L17_M29	9329	FG024	FG001
17	EO18-7	sim_L17_M29	9330	FG002	FG015
17	EO18-7	sim_L17_M29	9331	FG002	FG003
17	EO18-7	sim_L17_M29	9332	FG024	FG001
17	EO18-7	sim_L17_M29	9333	FG024	FG001
17	EO18-7	sim_L17_M29	9334	FG024	FG021
17	EO18-7	sim_L17_M29	9335	FG002	FG017
17	EO18-7	sim_L17_M30	9336	FG001	FG024
17	EO18-7	sim_L17_M30	9337	FG001	FG013
17	EO18-7	sim_L17_M30	9338	FG001	FG024
17	EO18-7	sim_L17_M30	9339	FG001	FG004
17	EO18-7	sim_L17_M30	9340	FG001	FG002
17	EO18-7	sim_L17_M30	9341	FG001	FG019
17	EO18-7	sim_L17_M30	9342	FG001	FG002
17	EO18-7	sim_L17_M30	9343	FG001	FG024
17	EO18-7	sim_L17_M30	9344	FG001	FG002
17	EO18-7	sim_L17_M30	9345	FG001	FG003
17	EO18-7	sim_L17_M30	9346	FG001	FG024
17	EO18-7	sim_L17_M30	9347	FG001	FG004
17	EO18-7	sim_L17_M30	9348	FG001	FG017
17	EO18-7	sim_L17_M30	9349	FG001	FG019
17	EO18-7	sim_L17_M30	9350	FG001	FG007
17	EO18-7	sim_L17_M30	9351	FG001	FG024
17	EO18-7	sim_L17_M30	9352	FG001	FG002
17	EO18-7	sim_L17_M30	9353	FG001	FG024
17	EO18-7	sim_L17_M31	9354	FG002	FG001
17	EO18-7	sim_L17_M31	9355	FG024	FG001
17	EO18-7	sim_L17_M31	9356	FG002	FG007
17	EO18-7	sim_L17_M31	9357	FG002	FG001
17	EO18-7	sim_L17_M31	9358	FG024	FG018
17	EO18-7	sim_L17_M31	9359	FG002	FG001
17	EO18-7	sim_L17_M31	9360	FG002	FG001
17	EO18-7	sim_L17_M31	9361	FG002	FG001
17	EO18-7	sim_L17_M31	9362	FG002	FG006
17	EO18-7	sim_L17_M31	9363	FG024	FG001
17	EO18-7	sim_L17_M31	9364	FG002	FG001
17	EO18-7	sim_L17_M31	9365	FG024	FG001
17	EO18-7	sim_L17_M31	9366	FG024	FG003
17	EO18-7	sim_L17_M31	9367	FG024	FG014
17	EO18-7	sim_L17_M31	9368	FG024	FG001
17	EO18-7	sim_L17_M31	9369	FG002	FG006
17	EO18-7	sim_L17_M31	9370	FG024	FG007
17	EO18-7	sim_L17_M31	9371	FG002	FG001
17	EO18-7	sim_L17_M31	9372	FG024	FG006
17	EO18-7	sim_L17_M31	9373	FG002	FG010
17	EO18-7	sim_L17_M31	9374	FG002	FG001
17	EO18-7	sim_L17_M32	9375	FG004	FG017
17	EO18-7	sim_L17_M32	9376	FG004	FG015
17	EO18-7	sim_L17_M32	9377	FG001	FG006
17	EO18-7	sim_L17_M32	9378	FG001	FG024
17	EO18-7	sim_L17_M32	9379	FG004	FG024
17	EO18-7	sim_L17_M32	9380	FG004	FG006
17	EO18-7	sim_L17_M32	9381	FG004	FG002
17	EO18-7	sim_L17_M32	9382	FG001	FG003
17	EO18-7	sim_L17_M32	9383	FG004	FG024
17	EO18-7	sim_L17_M32	9384	FG004	FG001
17	EO18-7	sim_L17_M32	9385	FG001	FG024
17	EO18-7	sim_L17_M32	9386	FG001	FG010
17	EO18-7	sim_L17_M32	9387	FG001	FG001
17	EO18-7	sim_L17_M32	9388	FG004	FG017
17	EO18-7	sim_L17_M32	9389	FG001	FG012
17	EO18-7	sim_L17_M32	9390	FG001	FG024
17	EO18-7	sim_L17_M32	9391	FG004	FG017
17	EO18-7	sim_L17_M32	9392	FG004	FG024
17	EO18-7	sim_L17_M32	9393	FG001	FG002
17	EO18-7	sim_L17_M32	9394	FG004	FG030
9	EO27	sim_L9_M0	9395	FG001	FG005
9	EO27	sim_L9_M0	9396	FG001	FG006
9	EO27	sim_L9_M0	9397	FG001	FG006
9	EO27	sim_L9_M0	9398	FG001	FG024
9	EO27	sim_L9_M0	9399	FG001	FG024
9	EO27	sim_L9_M0	9400	FG001	FG004
9	EO27	sim_L9_M0	9401	FG001	FG024
9	EO27	sim_L9_M0	9402	FG001	FG012
9	EO27	sim_L9_M0	9403	FG001	FG002
9	EO27	sim_L9_M0	9404	FG001	FG014
9	EO27	sim_L9_M0	9405	FG001	FG006
9	EO27	sim_L9_M0	9406	FG001	FG003
9	EO27	sim_L9_M0	9407	FG001	FG024
9	EO27	sim_L9_M0	9408	FG001	FG006
9	EO27	sim_L9_M0	9409	FG001	FG024
9	EO27	sim_L9_M0	9410	FG001	FG024
9	EO27	sim_L9_M0	9411	FG001	FG024
9	EO27	sim_L9_M0	9412	FG001	FG006
9	EO27	sim_L9_M1	9413	FG001	FG012
9	EO27	sim_L9_M1	9414	FG001	FG019
9	EO27	sim_L9_M1	9415	FG001	FG024
9	EO27	sim_L9_M1	9416	FG004	FG024
9	EO27	sim_L9_M1	9417	FG001	FG002
9	EO27	sim_L9_M1	9418	FG001	FG006
9	EO27	sim_L9_M1	9419	FG004	FG006
9	EO27	sim_L9_M1	9420	FG001	FG012
9	EO27	sim_L9_M1	9421	FG004	FG010
9	EO27	sim_L9_M1	9422	FG004	FG024
9	EO27	sim_L9_M1	9423	FG004	FG023
9	EO27	sim_L9_M1	9424	FG004	FG002
9	EO27	sim_L9_M1	9425	FG004	FG001
9	EO27	sim_L9_M1	9426	FG004	FG002
9	EO27	sim_L9_M1	9427	FG001	FG017
9	EO27	sim_L9_M1	9428	FG004	FG015
9	EO27	sim_L9_M1	9429	FG004	FG024
9	EO27	sim_L9_M1	9430	FG001	FG002
9	EO27	sim_L9_M1	9431	FG001	FG018
9	EO27	sim_L9_M1	9432	FG004	FG024
9	EO27	sim_L9_M1	9433	FG004	FG001
9	EO27	sim_L9_M2	9434	FG027	FG002
9	EO27	sim_L9_M2	9435	FG027	FG006
9	EO27	sim_L9_M2	9436	FG005	FG002
9	EO27	sim_L9_M2	9437	FG027	FG001
9	EO27	sim_L9_M2	9438	FG027	FG001
9	EO27	sim_L9_M2	9439	FG005	FG024
9	EO27	sim_L9_M2	9440	FG005	FG021
9	EO27	sim_L9_M2	9441	FG027	FG001
9	EO27	sim_L9_M2	9442	FG027	FG001
9	EO27	sim_L9_M2	9443	FG005	FG001
9	EO27	sim_L9_M2	9444	FG005	FG024
9	EO27	sim_L9_M2	9445	FG027	FG014
9	EO27	sim_L9_M2	9446	FG005	FG011
9	EO27	sim_L9_M2	9447	FG005	FG002
9	EO27	sim_L9_M2	9448	FG027	FG003
9	EO27	sim_L9_M2	9449	FG027	FG024
9	EO27	sim_L9_M2	9450	FG005	FG019
9	EO27	sim_L9_M2	9451	FG027	FG010
9	EO27	sim_L9_M2	9452	FG005	FG002
9	EO27	sim_L9_M2	9453	FG005	FG001
9	EO27	sim_L9_M2	9454	FG027	FG003
9	EO27	sim_L9_M2	9455	FG027	FG024
9	EO27	sim_L9_M2	9456	FG027	FG001
9	EO27	sim_L9_M2	9457	FG027	FG003
9	EO27	sim_L9_M2	9458	FG005	FG024
9	EO27	sim_L9_M2	9459	FG027	FG001
9	EO27	sim_L9_M2	9460	FG005	FG001
9	EO27	sim_L9_M2	9461	FG027	FG001
9	EO27	sim_L9_M2	9462	FG005	FG024
9	EO27	sim_L9_M3	9463	FG006	FG013
9	EO27	sim_L9_M3	9464	FG001	FG004
9	EO27	sim_L9_M3	9465	FG001	FG010
9	EO27	sim_L9_M3	9466	FG006	FG001
9	EO27	sim_L9_M3	9467	FG001	FG002
9	EO27	sim_L9_M3	9468	FG006	FG002
9	EO27	sim_L9_M3	9469	FG006	FG024
9	EO27	sim_L9_M3	9470	FG006	FG017
9	EO27	sim_L9_M3	9471	FG001	FG002
9	EO27	sim_L9_M3	9472	FG006	FG003
9	EO27	sim_L9_M3	9473	FG006	FG024
9	EO27	sim_L9_M3	9474	FG006	FG024
9	EO27	sim_L9_M4	9475	FG002	FG024
9	EO27	sim_L9_M4	9476	FG002	FG024
9	EO27	sim_L9_M4	9477	FG002	FG024
9	EO27	sim_L9_M4	9478	FG002	FG010
9	EO27	sim_L9_M4	9479	FG002	FG004
9	EO27	sim_L9_M4	9480	FG002	FG001
9	EO27	sim_L9_M4	9481	FG002	FG024
9	EO27	sim_L9_M4	9482	FG002	FG001
9	EO27	sim_L9_M4	9483	FG002	FG024
9	EO27	sim_L9_M4	9484	FG002	FG001
9	EO27	sim_L9_M4	9485	FG002	FG006
9	EO27	sim_L9_M4	9486	FG002	FG001
9	EO27	sim_L9_M4	9487	FG002	FG024
9	EO27	sim_L9_M4	9488	FG002	FG004
9	EO27	sim_L9_M4	9489	FG002	FG001
9	EO27	sim_L9_M4	9490	FG002	FG021
9	EO27	sim_L9_M4	9491	FG002	FG001
9	EO27	sim_L9_M4	9492	FG002	FG001
9	EO27	sim_L9_M4	9493	FG002	FG001
9	EO27	sim_L9_M4	9494	FG002	FG001
9	EO27	sim_L9_M4	9495	FG002	FG006
9	EO27	sim_L9_M4	9496	FG002	FG001
9	EO27	sim_L9_M4	9497	FG002	FG001
9	EO27	sim_L9_M4	9498	FG002	FG001
9	EO27	sim_L9_M4	9499	FG002	FG024
9	EO27	sim_L9_M4	9500	FG002	FG001
9	EO27	sim_L9_M4	9501	FG002	FG001
9	EO27	sim_L9_M4	9502	FG002	FG001
9	EO27	sim_L9_M5	9503	FG030	FG006
9	EO27	sim_L9_M5	9504	FG030	FG003
9	EO27	sim_L9_M5	9505	FG030	FG006
9	EO27	sim_L9_M5	9506	FG030	FG001
9	EO27	sim_L9_M5	9507	FG030	FG010
9	EO27	sim_L9_M5	9508	FG030	FG021
9	EO27	sim_L9_M5	9509	FG030	FG006
9	EO27	sim_L9_M5	9510	FG001	FG024
9	EO27	sim_L9_M5	9511	FG030	FG024
9	EO27	sim_L9_M5	9512	FG030	FG002
9	EO27	sim_L9_M5	9513	FG001	FG024
9	EO27	sim_L9_M5	9514	FG030	FG024
9	EO27	sim_L9_M5	9515	FG030	FG001
9	EO27	sim_L9_M5	9516	FG001	FG010
9	EO27	sim_L9_M5	9517	FG030	FG002
9	EO27	sim_L9_M5	9518	FG030	FG006
9	EO27	sim_L9_M5	9519	FG001	FG002
9	EO27	sim_L9_M5	9520	FG030	FG012
9	EO27	sim_L9_M5	9521	FG001	FG024
9	EO27	sim_L9_M5	9522	FG030	FG027
9	EO27	sim_L9_M6	9523	FG006	FG002
9	EO27	sim_L9_M6	9524	FG001	FG010
9	EO27	sim_L9_M6	9525	FG001	FG024
9	EO27	sim_L9_M6	9526	FG006	FG024
9	EO27	sim_L9_M6	9527	FG001	FG001
9	EO27	sim_L9_M6	9528	FG001	FG024
9	EO27	sim_L9_M6	9529	FG001	FG024
9	EO27	sim_L9_M6	9530	FG001	FG024
9	EO27	sim_L9_M6	9531	FG006	FG002
9	EO27	sim_L9_M6	9532	FG001	FG005
9	EO27	sim_L9_M6	9533	FG001	FG007
9	EO27	sim_L9_M6	9534	FG006	FG024
9	EO27	sim_L9_M6	9535	FG001	FG024
9	EO27	sim_L9_M6	9536	FG006	FG002
9	EO27	sim_L9_M7	9537	FG001	FG010
9	EO27	sim_L9_M7	9538	FG001	FG006
9	EO27	sim_L9_M7	9539	FG001	FG031
9	EO27	sim_L9_M7	9540	FG001	FG023
9	EO27	sim_L9_M7	9541	FG001	FG024
9	EO27	sim_L9_M7	9542	FG001	FG024
9	EO27	sim_L9_M7	9543	FG001	FG002
9	EO27	sim_L9_M7	9544	FG001	FG006
9	EO27	sim_L9_M7	9545	FG001	FG010
9	EO27	sim_L9_M7	9546	FG001	FG024
9	EO27	sim_L9_M7	9547	FG001	FG019
9	EO27	sim_L9_M7	9548	FG001	FG024
9	EO27	sim_L9_M7	9549	FG001	FG019
9	EO27	sim_L9_M8	9550	FG001	FG002
9	EO27	sim_L9_M8	9551	FG001	FG008
9	EO27	sim_L9_M8	9552	FG001	FG021
9	EO27	sim_L9_M8	9553	FG001	FG017
9	EO27	sim_L9_M8	9554	FG001	FG001
9	EO27	sim_L9_M8	9555	FG001	FG024
9	EO27	sim_L9_M8	9556	FG001	FG024
9	EO27	sim_L9_M8	9557	FG001	FG032
9	EO27	sim_L9_M8	9558	FG001	FG003
9	EO27	sim_L9_M8	9559	FG001	FG019
9	EO27	sim_L9_M8	9560	FG001	FG003
9	EO27	sim_L9_M8	9561	FG001	FG018
9	EO27	sim_L9_M8	9562	FG001	FG002
9	EO27	sim_L9_M8	9563	FG001	FG002
9	EO27	sim_L9_M8	9564	FG001	FG021
9	EO27	sim_L9_M8	9565	FG001	FG006
9	EO27	sim_L9_M8	9566	FG001	FG001
9	EO27	sim_L9_M8	9567	FG001	FG004
9	EO27	sim_L9_M8	9568	FG001	FG024
9	EO27	sim_L9_M8	9569	FG001	FG024
9	EO27	sim_L9_M8	9570	FG001	FG006
9	EO27	sim_L9_M8	9571	FG001	FG012
9	EO27	sim_L9_M8	9572	FG001	FG024
9	EO27	sim_L9_M9	9573	FG001	FG006
9	EO27	sim_L9_M9	9574	FG001	FG023
9	EO27	sim_L9_M9	9575	FG001	FG024
9	EO27	sim_L9_M9	9576	FG001	FG018
9	EO27	sim_L9_M9	9577	FG001	FG005
9	EO27	sim_L9_M9	9578	FG001	FG017
9	EO27	sim_L9_M9	9579	FG001	FG006
9	EO27	sim_L9_M9	9580	FG001	FG002
9	EO27	sim_L9_M9	9581	FG001	FG014
9	EO27	sim_L9_M9	9582	FG001	FG024
9	EO27	sim_L9_M9	9583	FG001	FG012
9	EO27	sim_L9_M9	9584	FG001	FG002
9	EO27	sim_L9_M9	9585	FG001	FG017
9	EO27	sim_L9_M9	9586	FG001	FG015
9	EO27	sim_L9_M10	9587	FG001	FG002
9	EO27	sim_L9_M10	9588	FG001	FG002
9	EO27	sim_L9_M10	9589	FG024	FG024
9	EO27	sim_L9_M10	9590	FG001	FG006
9	EO27	sim_L9_M10	9591	FG001	FG006
9	EO27	sim_L9_M10	9592	FG024	FG019
9	EO27	sim_L9_M10	9593	FG001	FG012
9	EO27	sim_L9_M10	9594	FG001	FG021
9	EO27	sim_L9_M10	9595	FG024	FG006
9	EO27	sim_L9_M10	9596	FG001	FG008
9	EO27	sim_L9_M10	9597	FG001	FG018
9	EO27	sim_L9_M10	9598	FG001	FG012
9	EO27	sim_L9_M10	9599	FG001	FG024
9	EO27	sim_L9_M10	9600	FG024	FG002
9	EO27	sim_L9_M10	9601	FG001	FG003
9	EO27	sim_L9_M11	9602	FG001	FG021
9	EO27	sim_L9_M11	9603	FG001	FG007
9	EO27	sim_L9_M11	9604	FG019	FG002
9	EO27	sim_L9_M11	9605	FG019	FG024
9	EO27	sim_L9_M11	9606	FG001	FG002
9	EO27	sim_L9_M11	9607	FG019	FG024
9	EO27	sim_L9_M11	9608	FG001	FG017
9	EO27	sim_L9_M11	9609	FG001	FG010
9	EO27	sim_L9_M11	9610	FG001	FG017
9	EO27	sim_L9_M11	9611	FG019	FG012
9	EO27	sim_L9_M11	9612	FG001	FG002
9	EO27	sim_L9_M11	9613	FG019	FG006
9	EO27	sim_L9_M11	9614	FG019	FG013
9	EO27	sim_L9_M11	9615	FG019	FG006
9	EO27	sim_L9_M11	9616	FG019	FG005
9	EO27	sim_L9_M12	9617	FG006	FG001
9	EO27	sim_L9_M12	9618	FG006	FG001
9	EO27	sim_L9_M12	9619	FG006	FG001
9	EO27	sim_L9_M12	9620	FG004	FG017
9	EO27	sim_L9_M12	9621	FG006	FG001
9	EO27	sim_L9_M12	9622	FG004	FG002
9	EO27	sim_L9_M12	9623	FG006	FG001
9	EO27	sim_L9_M12	9624	FG006	FG023
9	EO27	sim_L9_M12	9625	FG006	FG003
9	EO27	sim_L9_M12	9626	FG006	FG024
9	EO27	sim_L9_M12	9627	FG004	FG010
9	EO27	sim_L9_M12	9628	FG006	FG024
9	EO27	sim_L9_M12	9629	FG004	FG028
9	EO27	sim_L9_M12	9630	FG004	FG002
9	EO27	sim_L9_M12	9631	FG004	FG024
9	EO27	sim_L9_M12	9632	FG006	FG024
9	EO27	sim_L9_M12	9633	FG004	FG001
9	EO27	sim_L9_M12	9634	FG004	FG001
9	EO27	sim_L9_M12	9635	FG006	FG015
9	EO27	sim_L9_M12	9636	FG006	FG024
9	EO27	sim_L9_M12	9637	FG004	FG012
9	EO27	sim_L9_M12	9638	FG006	FG024
9	EO27	sim_L9_M12	9639	FG004	FG006
9	EO27	sim_L9_M12	9640	FG006	FG001
9	EO27	sim_L9_M12	9641	FG006	FG001
9	EO27	sim_L9_M12	9642	FG006	FG024
9	EO27	sim_L9_M12	9643	FG006	FG024
9	EO27	sim_L9_M12	9644	FG006	FG024
9	EO27	sim_L9_M13	9645	FG024	FG005
9	EO27	sim_L9_M13	9646	FG001	FG002
9	EO27	sim_L9_M13	9647	FG024	FG030
9	EO27	sim_L9_M13	9648	FG024	FG004
9	EO27	sim_L9_M13	9649	FG024	FG021
9	EO27	sim_L9_M13	9650	FG001	FG002
9	EO27	sim_L9_M13	9651	FG024	FG012
9	EO27	sim_L9_M13	9652	FG024	FG002
9	EO27	sim_L9_M13	9653	FG024	FG002
9	EO27	sim_L9_M13	9654	FG024	FG002
9	EO27	sim_L9_M13	9655	FG024	FG012
9	EO27	sim_L9_M13	9656	FG024	FG002
9	EO27	sim_L9_M13	9657	FG024	FG001
9	EO27	sim_L9_M13	9658	FG001	FG006
9	EO27	sim_L9_M14	9659	FG001	FG002
9	EO27	sim_L9_M14	9660	FG001	FG024
9	EO27	sim_L9_M14	9661	FG001	FG024
9	EO27	sim_L9_M14	9662	FG001	FG024
9	EO27	sim_L9_M14	9663	FG001	FG009
9	EO27	sim_L9_M14	9664	FG001	FG002
9	EO27	sim_L9_M14	9665	FG001	FG021
9	EO27	sim_L9_M14	9666	FG001	FG024
9	EO27	sim_L9_M14	9667	FG001	FG024
9	EO27	sim_L9_M14	9668	FG001	FG024
9	EO27	sim_L9_M14	9669	FG001	FG006
9	EO27	sim_L9_M14	9670	FG001	FG024
9	EO27	sim_L9_M14	9671	FG001	FG001
9	EO27	sim_L9_M14	9672	FG001	FG024
9	EO27	sim_L9_M14	9673	FG001	FG003
9	EO27	sim_L9_M14	9674	FG001	FG016
9	EO27	sim_L9_M14	9675	FG001	FG001
9	EO27	sim_L9_M14	9676	FG001	FG002
11	EO27-1	sim_L11_M0	9677	FG001	FG024
11	EO27-1	sim_L11_M0	9678	FG001	FG024
11	EO27-1	sim_L11_M0	9679	FG001	FG019
11	EO27-1	sim_L11_M0	9680	FG001	FG005
11	EO27-1	sim_L11_M0	9681	FG002	FG018
11	EO27-1	sim_L11_M0	9682	FG002	FG006
11	EO27-1	sim_L11_M0	9683	FG002	FG012
11	EO27-1	sim_L11_M0	9684	FG002	FG006
11	EO27-1	sim_L11_M0	9685	FG002	FG003
11	EO27-1	sim_L11_M0	9686	FG001	FG017
11	EO27-1	sim_L11_M0	9687	FG001	FG015
11	EO27-1	sim_L11_M0	9688	FG002	FG012
11	EO27-1	sim_L11_M0	9689	FG002	FG023
11	EO27-1	sim_L11_M0	9690	FG002	FG030
11	EO27-1	sim_L11_M0	9691	FG001	FG024
11	EO27-1	sim_L11_M0	9692	FG002	FG024
11	EO27-1	sim_L11_M0	9693	FG001	FG010
11	EO27-1	sim_L11_M1	9694	FG024	FG029
11	EO27-1	sim_L11_M1	9695	FG024	FG003
11	EO27-1	sim_L11_M1	9696	FG024	FG001
11	EO27-1	sim_L11_M1	9697	FG024	FG002
11	EO27-1	sim_L11_M1	9698	FG024	FG001
11	EO27-1	sim_L11_M1	9699	FG024	FG001
11	EO27-1	sim_L11_M1	9700	FG024	FG021
11	EO27-1	sim_L11_M1	9701	FG024	FG002
11	EO27-1	sim_L11_M1	9702	FG024	FG001
11	EO27-1	sim_L11_M1	9703	FG024	FG002
11	EO27-1	sim_L11_M1	9704	FG024	FG002
11	EO27-1	sim_L11_M1	9705	FG024	FG004
11	EO27-1	sim_L11_M1	9706	FG024	FG002
11	EO27-1	sim_L11_M1	9707	FG024	FG006
11	EO27-1	sim_L11_M1	9708	FG024	FG017
11	EO27-1	sim_L11_M1	9709	FG024	FG017
11	EO27-1	sim_L11_M1	9710	FG024	FG001
11	EO27-1	sim_L11_M1	9711	FG024	FG005
11	EO27-1	sim_L11_M1	9712	FG024	FG001
11	EO27-1	sim_L11_M1	9713	FG024	FG032
11	EO27-1	sim_L11_M1	9714	FG024	FG001
11	EO27-1	sim_L11_M1	9715	FG024	FG001
11	EO27-1	sim_L11_M1	9716	FG024	FG001
11	EO27-1	sim_L11_M1	9717	FG024	FG003
11	EO27-1	sim_L11_M2	9718	FG001	FG001
11	EO27-1	sim_L11_M2	9719	FG001	FG002
11	EO27-1	sim_L11_M2	9720	FG001	FG002
11	EO27-1	sim_L11_M2	9721	FG019	FG006
11	EO27-1	sim_L11_M2	9722	FG019	FG010
11	EO27-1	sim_L11_M2	9723	FG019	FG024
11	EO27-1	sim_L11_M2	9724	FG001	FG003
11	EO27-1	sim_L11_M2	9725	FG019	FG001
11	EO27-1	sim_L11_M2	9726	FG001	FG024
11	EO27-1	sim_L11_M2	9727	FG019	FG004
11	EO27-1	sim_L11_M2	9728	FG001	FG023
11	EO27-1	sim_L11_M2	9729	FG019	FG002
11	EO27-1	sim_L11_M2	9730	FG019	FG005
11	EO27-1	sim_L11_M2	9731	FG019	FG015
11	EO27-1	sim_L11_M2	9732	FG001	FG002
11	EO27-1	sim_L11_M2	9733	FG001	FG024
11	EO27-1	sim_L11_M2	9734	FG019	FG024
11	EO27-1	sim_L11_M2	9735	FG019	FG024
11	EO27-1	sim_L11_M2	9736	FG019	FG024
11	EO27-1	sim_L11_M2	9737	FG001	FG024
11	EO27-1	sim_L11_M3	9738	FG004	FG006
11	EO27-1	sim_L11_M3	9739	FG012	FG001
11	EO27-1	sim_L11_M3	9740	FG004	FG002
11	EO27-1	sim_L11_M3	9741	FG012	FG002
11	EO27-1	sim_L11_M3	9742	FG004	FG024
11	EO27-1	sim_L11_M3	9743	FG004	FG024
11	EO27-1	sim_L11_M3	9744	FG012	FG001
11	EO27-1	sim_L11_M3	9745	FG004	FG001
11	EO27-1	sim_L11_M3	9746	FG012	FG006
11	EO27-1	sim_L11_M3	9747	FG004	FG001
11	EO27-1	sim_L11_M3	9748	FG012	FG024
11	EO27-1	sim_L11_M3	9749	FG012	FG006
11	EO27-1	sim_L11_M3	9750	FG012	FG002
11	EO27-1	sim_L11_M3	9751	FG004	FG003
11	EO27-1	sim_L11_M3	9752	FG004	FG001
11	EO27-1	sim_L11_M3	9753	FG004	FG012
11	EO27-1	sim_L11_M3	9754	FG012	FG001
11	EO27-1	sim_L11_M3	9755	FG012	FG018
11	EO27-1	sim_L11_M3	9756	FG004	FG030
11	EO27-1	sim_L11_M3	9757	FG004	FG001
11	EO27-1	sim_L11_M3	9758	FG012	FG024
11	EO27-1	sim_L11_M3	9759	FG012	FG001
11	EO27-1	sim_L11_M3	9760	FG004	FG001
11	EO27-1	sim_L11_M3	9761	FG012	FG002
11	EO27-1	sim_L11_M3	9762	FG012	FG001
11	EO27-1	sim_L11_M3	9763	FG004	FG008
11	EO27-1	sim_L11_M3	9764	FG004	FG005
11	EO27-1	sim_L11_M3	9765	FG012	FG002
11	EO27-1	sim_L11_M4	9766	FG024	FG008
11	EO27-1	sim_L11_M4	9767	FG024	FG001
11	EO27-1	sim_L11_M4	9768	FG001	FG004
11	EO27-1	sim_L11_M4	9769	FG024	FG023
11	EO27-1	sim_L11_M4	9770	FG024	FG006
11	EO27-1	sim_L11_M4	9771	FG024	FG030
11	EO27-1	sim_L11_M4	9772	FG024	FG024
11	EO27-1	sim_L11_M4	9773	FG024	FG023
11	EO27-1	sim_L11_M4	9774	FG024	FG006
11	EO27-1	sim_L11_M4	9775	FG001	FG006
11	EO27-1	sim_L11_M4	9776	FG024	FG002
11	EO27-1	sim_L11_M4	9777	FG001	FG002
11	EO27-1	sim_L11_M4	9778	FG001	FG021
11	EO27-1	sim_L11_M4	9779	FG024	FG017
11	EO27-1	sim_L11_M5	9780	FG017	FG001
11	EO27-1	sim_L11_M5	9781	FG017	FG021
11	EO27-1	sim_L11_M5	9782	FG007	FG001
11	EO27-1	sim_L11_M5	9783	FG007	FG015
11	EO27-1	sim_L11_M5	9784	FG007	FG001
11	EO27-1	sim_L11_M5	9785	FG007	FG001
11	EO27-1	sim_L11_M5	9786	FG007	FG001
11	EO27-1	sim_L11_M5	9787	FG017	FG024
11	EO27-1	sim_L11_M5	9788	FG007	FG001
11	EO27-1	sim_L11_M5	9789	FG017	FG024
11	EO27-1	sim_L11_M5	9790	FG007	FG012
11	EO27-1	sim_L11_M5	9791	FG007	FG001
11	EO27-1	sim_L11_M5	9792	FG007	FG001
11	EO27-1	sim_L11_M5	9793	FG007	FG012
11	EO27-1	sim_L11_M5	9794	FG007	FG001
11	EO27-1	sim_L11_M5	9795	FG007	FG004
11	EO27-1	sim_L11_M5	9796	FG017	FG001
11	EO27-1	sim_L11_M5	9797	FG017	FG001
11	EO27-1	sim_L11_M5	9798	FG017	FG001
11	EO27-1	sim_L11_M5	9799	FG007	FG024
11	EO27-1	sim_L11_M5	9800	FG017	FG002
11	EO27-1	sim_L11_M5	9801	FG007	FG002
11	EO27-1	sim_L11_M5	9802	FG007	FG001
11	EO27-1	sim_L11_M5	9803	FG007	FG001
11	EO27-1	sim_L11_M5	9804	FG007	FG001
11	EO27-1	sim_L11_M5	9805	FG007	FG001
11	EO27-1	sim_L11_M5	9806	FG017	FG006
11	EO27-1	sim_L11_M5	9807	FG007	FG001
11	EO27-1	sim_L11_M6	9808	FG001	FG032
11	EO27-1	sim_L11_M6	9809	FG001	FG006
11	EO27-1	sim_L11_M6	9810	FG001	FG012
11	EO27-1	sim_L11_M6	9811	FG001	FG024
11	EO27-1	sim_L11_M6	9812	FG001	FG002
11	EO27-1	sim_L11_M6	9813	FG001	FG024
11	EO27-1	sim_L11_M6	9814	FG001	FG024
11	EO27-1	sim_L11_M6	9815	FG001	FG001
11	EO27-1	sim_L11_M6	9816	FG001	FG012
11	EO27-1	sim_L11_M6	9817	FG001	FG024
11	EO27-1	sim_L11_M6	9818	FG001	FG002
11	EO27-1	sim_L11_M6	9819	FG001	FG012
11	EO27-1	sim_L11_M6	9820	FG001	FG002
11	EO27-1	sim_L11_M6	9821	FG001	FG024
11	EO27-1	sim_L11_M6	9822	FG001	FG002
11	EO27-1	sim_L11_M6	9823	FG001	FG005
11	EO27-1	sim_L11_M6	9824	FG001	FG024
11	EO27-1	sim_L11_M6	9825	FG001	FG004
11	EO27-1	sim_L11_M6	9826	FG001	FG030
11	EO27-1	sim_L11_M6	9827	FG001	FG003
11	EO27-1	sim_L11_M6	9828	FG001	FG024
11	EO27-1	sim_L11_M7	9829	FG024	FG001
11	EO27-1	sim_L11_M7	9830	FG024	FG001
11	EO27-1	sim_L11_M7	9831	FG024	FG001
11	EO27-1	sim_L11_M7	9832	FG024	FG025
11	EO27-1	sim_L11_M7	9833	FG024	FG006
11	EO27-1	sim_L11_M7	9834	FG024	FG003
11	EO27-1	sim_L11_M7	9835	FG002	FG004
11	EO27-1	sim_L11_M7	9836	FG002	FG001
11	EO27-1	sim_L11_M7	9837	FG024	FG001
11	EO27-1	sim_L11_M7	9838	FG002	FG001
11	EO27-1	sim_L11_M7	9839	FG002	FG001
11	EO27-1	sim_L11_M7	9840	FG024	FG006
11	EO27-1	sim_L11_M7	9841	FG024	FG001
11	EO27-1	sim_L11_M7	9842	FG002	FG006
11	EO27-1	sim_L11_M7	9843	FG024	FG001
11	EO27-1	sim_L11_M7	9844	FG002	FG001
11	EO27-1	sim_L11_M7	9845	FG002	FG001
11	EO27-1	sim_L11_M7	9846	FG002	FG001
11	EO27-1	sim_L11_M7	9847	FG024	FG006
11	EO27-1	sim_L11_M7	9848	FG024	FG031
11	EO27-1	sim_L11_M7	9849	FG024	FG024
11	EO27-1	sim_L11_M7	9850	FG002	FG012
11	EO27-1	sim_L11_M7	9851	FG002	FG001
11	EO27-1	sim_L11_M7	9852	FG024	FG006
11	EO27-1	sim_L11_M8	9853	FG001	FG024
11	EO27-1	sim_L11_M8	9854	FG001	FG002
11	EO27-1	sim_L11_M8	9855	FG002	FG017
11	EO27-1	sim_L11_M8	9856	FG001	FG006
11	EO27-1	sim_L11_M8	9857	FG002	FG015
11	EO27-1	sim_L11_M8	9858	FG001	FG024
11	EO27-1	sim_L11_M8	9859	FG002	FG029
11	EO27-1	sim_L11_M8	9860	FG002	FG024
11	EO27-1	sim_L11_M8	9861	FG001	FG027
11	EO27-1	sim_L11_M8	9862	FG001	FG003
11	EO27-1	sim_L11_M8	9863	FG002	FG024
11	EO27-1	sim_L11_M8	9864	FG002	FG024
11	EO27-1	sim_L11_M8	9865	FG002	FG024
11	EO27-1	sim_L11_M8	9866	FG002	FG019
11	EO27-1	sim_L11_M8	9867	FG001	FG012
11	EO27-1	sim_L11_M8	9868	FG002	FG001
11	EO27-1	sim_L11_M8	9869	FG002	FG006
11	EO27-1	sim_L11_M9	9870	FG003	FG001
11	EO27-1	sim_L11_M9	9871	FG012	FG001
11	EO27-1	sim_L11_M9	9872	FG012	FG001
11	EO27-1	sim_L11_M9	9873	FG012	FG021
11	EO27-1	sim_L11_M9	9874	FG012	FG002
11	EO27-1	sim_L11_M9	9875	FG012	FG001
11	EO27-1	sim_L11_M9	9876	FG003	FG001
11	EO27-1	sim_L11_M9	9877	FG003	FG001
11	EO27-1	sim_L11_M9	9878	FG003	FG001
11	EO27-1	sim_L11_M9	9879	FG003	FG026
11	EO27-1	sim_L11_M9	9880	FG012	FG006
11	EO27-1	sim_L11_M9	9881	FG012	FG024
11	EO27-1	sim_L11_M9	9882	FG003	FG001
11	EO27-1	sim_L11_M9	9883	FG012	FG002
11	EO27-1	sim_L11_M9	9884	FG012	FG023
11	EO27-1	sim_L11_M9	9885	FG012	FG001
11	EO27-1	sim_L11_M9	9886	FG003	FG006
11	EO27-1	sim_L11_M9	9887	FG012	FG001
11	EO27-1	sim_L11_M9	9888	FG012	FG023
11	EO27-1	sim_L11_M9	9889	FG003	FG021
11	EO27-1	sim_L11_M9	9890	FG012	FG024
11	EO27-1	sim_L11_M9	9891	FG003	FG024
11	EO27-1	sim_L11_M9	9892	FG003	FG002
11	EO27-1	sim_L11_M9	9893	FG003	FG002
11	EO27-1	sim_L11_M9	9894	FG003	FG001
11	EO27-1	sim_L11_M9	9895	FG003	FG001
11	EO27-1	sim_L11_M9	9896	FG003	FG002
11	EO27-1	sim_L11_M9	9897	FG012	FG001
11	EO27-1	sim_L11_M9	9898	FG012	FG005
11	EO27-1	sim_L11_M10	9899	FG017	FG002
11	EO27-1	sim_L11_M10	9900	FG024	FG001
11	EO27-1	sim_L11_M10	9901	FG024	FG012
11	EO27-1	sim_L11_M10	9902	FG024	FG001
11	EO27-1	sim_L11_M10	9903	FG017	FG001
11	EO27-1	sim_L11_M10	9904	FG017	FG004
11	EO27-1	sim_L11_M10	9905	FG017	FG001
11	EO27-1	sim_L11_M10	9906	FG024	FG001
11	EO27-1	sim_L11_M10	9907	FG024	FG001
11	EO27-1	sim_L11_M10	9908	FG024	FG001
11	EO27-1	sim_L11_M10	9909	FG017	FG010
11	EO27-1	sim_L11_M10	9910	FG017	FG006
11	EO27-1	sim_L11_M10	9911	FG017	FG001
11	EO27-1	sim_L11_M10	9912	FG017	FG001
11	EO27-1	sim_L11_M10	9913	FG024	FG001
11	EO27-1	sim_L11_M10	9914	FG017	FG023
11	EO27-1	sim_L11_M10	9915	FG024	FG015
11	EO27-1	sim_L11_M10	9916	FG017	FG002
11	EO27-1	sim_L11_M10	9917	FG017	FG010
11	EO27-1	sim_L11_M10	9918	FG017	FG008
11	EO27-1	sim_L11_M10	9919	FG024	FG001
11	EO27-1	sim_L11_M10	9920	FG024	FG002
11	EO27-1	sim_L11_M11	9921	FG024	FG004
11	EO27-1	sim_L11_M11	9922	FG024	FG015
11	EO27-1	sim_L11_M11	9923	FG024	FG002
11	EO27-1	sim_L11_M11	9924	FG024	FG001
11	EO27-1	sim_L11_M11	9925	FG024	FG002
11	EO27-1	sim_L11_M11	9926	FG024	FG001
11	EO27-1	sim_L11_M11	9927	FG024	FG009
11	EO27-1	sim_L11_M11	9928	FG024	FG001
11	EO27-1	sim_L11_M11	9929	FG024	FG001
11	EO27-1	sim_L11_M11	9930	FG024	FG024
11	EO27-1	sim_L11_M11	9931	FG024	FG002
11	EO27-1	sim_L11_M11	9932	FG024	FG002
11	EO27-1	sim_L11_M11	9933	FG024	FG006
11	EO27-1	sim_L11_M11	9934	FG024	FG002
11	EO27-1	sim_L11_M11	9935	FG024	FG001
11	EO27-1	sim_L11_M11	9936	FG024	FG001
11	EO27-1	sim_L11_M11	9937	FG024	FG001
11	EO27-1	sim_L11_M11	9938	FG024	FG001
11	EO27-1	sim_L11_M11	9939	FG024	FG003
11	EO27-1	sim_L11_M11	9940	FG024	FG001
11	EO27-1	sim_L11_M11	9941	FG024	FG002
11	EO27-1	sim_L11_M11	9942	FG024	FG001
11	EO27-1	sim_L11_M11	9943	FG024	FG003
11	EO27-1	sim_L11_M11	9944	FG024	FG002
11	EO27-1	sim_L11_M12	9945	FG019	FG018
11	EO27-1	sim_L11_M12	9946	FG001	FG015
11	EO27-1	sim_L11_M12	9947	FG001	FG002
11	EO27-1	sim_L11_M12	9948	FG019	FG024
11	EO27-1	sim_L11_M12	9949	FG019	FG024
11	EO27-1	sim_L11_M12	9950	FG019	FG006
11	EO27-1	sim_L11_M12	9951	FG019	FG010
11	EO27-1	sim_L11_M12	9952	FG019	FG002
11	EO27-1	sim_L11_M12	9953	FG001	FG002
11	EO27-1	sim_L11_M12	9954	FG019	FG015
11	EO27-1	sim_L11_M12	9955	FG001	FG006
11	EO27-1	sim_L11_M12	9956	FG001	FG024
11	EO27-1	sim_L11_M12	9957	FG019	FG003
11	EO27-1	sim_L11_M12	9958	FG019	FG001
11	EO27-1	sim_L11_M12	9959	FG001	FG002
11	EO27-1	sim_L11_M13	9960	FG023	FG002
11	EO27-1	sim_L11_M13	9961	FG001	FG024
11	EO27-1	sim_L11_M13	9962	FG023	FG019
11	EO27-1	sim_L11_M13	9963	FG023	FG009
11	EO27-1	sim_L11_M13	9964	FG001	FG001
11	EO27-1	sim_L11_M13	9965	FG001	FG024
11	EO27-1	sim_L11_M13	9966	FG001	FG024
11	EO27-1	sim_L11_M13	9967	FG001	FG015
11	EO27-1	sim_L11_M13	9968	FG023	FG003
11	EO27-1	sim_L11_M13	9969	FG001	FG015
11	EO27-1	sim_L11_M13	9970	FG023	FG021
11	EO27-1	sim_L11_M13	9971	FG023	FG024
11	EO27-1	sim_L11_M13	9972	FG023	FG001
11	EO27-1	sim_L11_M13	9973	FG001	FG012
11	EO27-1	sim_L11_M13	9974	FG001	FG024
11	EO27-1	sim_L11_M13	9975	FG023	FG024
11	EO27-1	sim_L11_M13	9976	FG023	FG002
11	EO27-1	sim_L11_M13	9977	FG023	FG024
11	EO27-1	sim_L11_M13	9978	FG023	FG012
11	EO27-1	sim_L11_M13	9979	FG023	FG024
11	EO27-1	sim_L11_M13	9980	FG001	FG030
11	EO27-1	sim_L11_M13	9981	FG023	FG024
11	EO27-1	sim_L11_M13	9982	FG001	FG012
11	EO27-1	sim_L11_M13	9983	FG001	FG003
11	EO27-1	sim_L11_M14	9984	FG001	FG024
11	EO27-1	sim_L11_M14	9985	FG002	FG012
11	EO27-1	sim_L11_M14	9986	FG002	FG006
11	EO27-1	sim_L11_M14	9987	FG001	FG024
11	EO27-1	sim_L11_M14	9988	FG002	FG001
11	EO27-1	sim_L11_M14	9989	FG001	FG031
11	EO27-1	sim_L11_M14	9990	FG002	FG019
11	EO27-1	sim_L11_M14	9991	FG001	FG010
11	EO27-1	sim_L11_M14	9992	FG002	FG006
11	EO27-1	sim_L11_M14	9993	FG001	FG006
11	EO27-1	sim_L11_M14	9994	FG002	FG024
11	EO27-1	sim_L11_M14	9995	FG001	FG024
11	EO27-1	sim_L11_M14	9996	FG001	FG003
11	EO27-1	sim_L11_M14	9997	FG001	FG024
11	EO27-1	sim_L11_M14	9998	FG001	FG003
11	EO27-1	sim_L11_M15	9999	FG019	FG002
11	EO27-1	sim_L11_M15	10000	FG019	FG024
11	EO27-1	sim_L11_M15	10001	FG019	FG030
11	EO27-1	sim_L11_M15	10002	FG001	FG024
11	EO27-1	sim_L11_M15	10003	FG019	FG002
11	EO27-1	sim_L11_M15	10004	FG019	FG001
11	EO27-1	sim_L11_M15	10005	FG019	FG008
11	EO27-1	sim_L11_M15	10006	FG001	FG024
11	EO27-1	sim_L11_M15	10007	FG001	FG002
11	EO27-1	sim_L11_M15	10008	FG001	FG002
11	EO27-1	sim_L11_M15	10009	FG019	FG004
11	EO27-1	sim_L11_M15	10010	FG001	FG024
11	EO27-1	sim_L11_M15	10011	FG019	FG006
11	EO27-1	sim_L11_M15	10012	FG001	FG024
11	EO27-1	sim_L11_M15	10013	FG019	FG024
11	EO27-1	sim_L11_M15	10014	FG019	FG007
11	EO27-1	sim_L11_M15	10015	FG019	FG018
11	EO27-1	sim_L11_M16	10016	FG001	FG008
11	EO27-1	sim_L11_M16	10017	FG001	FG012
11	EO27-1	sim_L11_M16	10018	FG001	FG002
11	EO27-1	sim_L11_M16	10019	FG001	FG012
11	EO27-1	sim_L11_M16	10020	FG001	FG002
11	EO27-1	sim_L11_M16	10021	FG024	FG015
11	EO27-1	sim_L11_M16	10022	FG001	FG002
11	EO27-1	sim_L11_M16	10023	FG024	FG006
11	EO27-1	sim_L11_M16	10024	FG024	FG006
11	EO27-1	sim_L11_M16	10025	FG001	FG002
11	EO27-1	sim_L11_M16	10026	FG001	FG001
11	EO27-1	sim_L11_M16	10027	FG001	FG002
11	EO27-1	sim_L11_M16	10028	FG024	FG017
11	EO27-1	sim_L11_M16	10029	FG024	FG012
11	EO27-1	sim_L11_M17	10030	FG024	FG019
11	EO27-1	sim_L11_M17	10031	FG024	FG005
11	EO27-1	sim_L11_M17	10032	FG001	FG023
11	EO27-1	sim_L11_M17	10033	FG001	FG032
11	EO27-1	sim_L11_M17	10034	FG024	FG006
11	EO27-1	sim_L11_M17	10035	FG024	FG015
11	EO27-1	sim_L11_M17	10036	FG001	FG002
11	EO27-1	sim_L11_M17	10037	FG024	FG006
11	EO27-1	sim_L11_M17	10038	FG024	FG017
11	EO27-1	sim_L11_M17	10039	FG001	FG002
11	EO27-1	sim_L11_M17	10040	FG001	FG002
11	EO27-1	sim_L11_M17	10041	FG024	FG027
11	EO27-1	sim_L11_M17	10042	FG024	FG019
11	EO27-1	sim_L11_M17	10043	FG024	FG006
11	EO27-1	sim_L11_M17	10044	FG001	FG028
11	EO27-1	sim_L11_M17	10045	FG024	FG003
11	EO27-1	sim_L11_M17	10046	FG001	FG002
11	EO27-1	sim_L11_M17	10047	FG024	FG014
11	EO27-1	sim_L11_M17	10048	FG024	FG003
11	EO27-1	sim_L11_M18	10049	FG001	FG004
11	EO27-1	sim_L11_M18	10050	FG001	FG024
11	EO27-1	sim_L11_M18	10051	FG001	FG006
11	EO27-1	sim_L11_M18	10052	FG016	FG002
11	EO27-1	sim_L11_M18	10053	FG001	FG005
11	EO27-1	sim_L11_M18	10054	FG016	FG015
11	EO27-1	sim_L11_M18	10055	FG016	FG024
11	EO27-1	sim_L11_M18	10056	FG001	FG002
11	EO27-1	sim_L11_M18	10057	FG016	FG024
11	EO27-1	sim_L11_M18	10058	FG016	FG010
11	EO27-1	sim_L11_M18	10059	FG001	FG024
11	EO27-1	sim_L11_M18	10060	FG001	FG009
11	EO27-1	sim_L11_M18	10061	FG001	FG021
11	EO27-1	sim_L11_M18	10062	FG001	FG032
11	EO27-1	sim_L11_M18	10063	FG001	FG008
11	EO27-1	sim_L11_M18	10064	FG001	FG023
11	EO27-1	sim_L11_M18	10065	FG016	FG025
11	EO27-1	sim_L11_M18	10066	FG001	FG003
11	EO27-1	sim_L11_M18	10067	FG016	FG006
11	EO27-1	sim_L11_M19	10068	FG021	FG003
11	EO27-1	sim_L11_M19	10069	FG021	FG012
11	EO27-1	sim_L11_M19	10070	FG021	FG001
11	EO27-1	sim_L11_M19	10071	FG002	FG001
11	EO27-1	sim_L11_M19	10072	FG002	FG001
11	EO27-1	sim_L11_M19	10073	FG002	FG001
11	EO27-1	sim_L11_M19	10074	FG021	FG001
11	EO27-1	sim_L11_M19	10075	FG021	FG024
11	EO27-1	sim_L11_M19	10076	FG021	FG001
11	EO27-1	sim_L11_M19	10077	FG021	FG001
11	EO27-1	sim_L11_M19	10078	FG021	FG001
11	EO27-1	sim_L11_M19	10079	FG021	FG024
11	EO27-1	sim_L11_M19	10080	FG002	FG001
11	EO27-1	sim_L11_M19	10081	FG021	FG001
11	EO27-1	sim_L11_M19	10082	FG002	FG001
11	EO27-1	sim_L11_M19	10083	FG021	FG001
11	EO27-1	sim_L11_M19	10084	FG002	FG001
11	EO27-1	sim_L11_M19	10085	FG002	FG018
11	EO27-1	sim_L11_M19	10086	FG002	FG026
11	EO27-1	sim_L11_M19	10087	FG021	FG001
11	EO27-1	sim_L11_M19	10088	FG002	FG001
11	EO27-1	sim_L11_M19	10089	FG021	FG002
11	EO27-1	sim_L11_M20	10090	FG024	FG001
11	EO27-1	sim_L11_M20	10091	FG002	FG015
11	EO27-1	sim_L11_M20	10092	FG002	FG001
11	EO27-1	sim_L11_M20	10093	FG002	FG001
11	EO27-1	sim_L11_M20	10094	FG002	FG001
11	EO27-1	sim_L11_M20	10095	FG024	FG001
11	EO27-1	sim_L11_M20	10096	FG024	FG006
11	EO27-1	sim_L11_M20	10097	FG024	FG001
11	EO27-1	sim_L11_M20	10098	FG024	FG001
11	EO27-1	sim_L11_M20	10099	FG024	FG001
11	EO27-1	sim_L11_M20	10100	FG002	FG006
11	EO27-1	sim_L11_M20	10101	FG024	FG006
11	EO27-1	sim_L11_M20	10102	FG002	FG007
11	EO27-1	sim_L11_M20	10103	FG024	FG004
11	EO27-1	sim_L11_M20	10104	FG024	FG001
11	EO27-1	sim_L11_M20	10105	FG002	FG024
11	EO27-1	sim_L11_M20	10106	FG002	FG018
11	EO27-1	sim_L11_M20	10107	FG024	FG006
11	EO27-1	sim_L11_M20	10108	FG024	FG001
11	EO27-1	sim_L11_M20	10109	FG024	FG001
11	EO27-1	sim_L11_M20	10110	FG024	FG001
11	EO27-1	sim_L11_M21	10111	FG002	FG015
11	EO27-1	sim_L11_M21	10112	FG006	FG001
11	EO27-1	sim_L11_M21	10113	FG006	FG001
11	EO27-1	sim_L11_M21	10114	FG006	FG001
11	EO27-1	sim_L11_M21	10115	FG006	FG008
11	EO27-1	sim_L11_M21	10116	FG002	FG024
11	EO27-1	sim_L11_M21	10117	FG002	FG024
11	EO27-1	sim_L11_M21	10118	FG002	FG012
11	EO27-1	sim_L11_M21	10119	FG002	FG001
11	EO27-1	sim_L11_M21	10120	FG006	FG010
11	EO27-1	sim_L11_M21	10121	FG006	FG001
11	EO27-1	sim_L11_M21	10122	FG002	FG024
11	EO27-1	sim_L11_M21	10123	FG006	FG001
11	EO27-1	sim_L11_M21	10124	FG002	FG001
11	EO27-1	sim_L11_M21	10125	FG002	FG020
11	EO27-1	sim_L11_M21	10126	FG002	FG021
11	EO27-1	sim_L11_M21	10127	FG002	FG001
11	EO27-1	sim_L11_M21	10128	FG002	FG012
11	EO27-1	sim_L11_M21	10129	FG006	FG001
11	EO27-1	sim_L11_M21	10130	FG006	FG001
11	EO27-1	sim_L11_M21	10131	FG002	FG001
11	EO27-1	sim_L11_M21	10132	FG002	FG001
11	EO27-1	sim_L11_M21	10133	FG006	FG024
11	EO27-1	sim_L11_M21	10134	FG006	FG001
11	EO27-1	sim_L11_M21	10135	FG002	FG001
11	EO27-1	sim_L11_M21	10136	FG002	FG001
11	EO27-1	sim_L11_M22	10137	FG001	FG001
11	EO27-1	sim_L11_M22	10138	FG001	FG002
11	EO27-1	sim_L11_M22	10139	FG001	FG002
11	EO27-1	sim_L11_M22	10140	FG001	FG023
11	EO27-1	sim_L11_M22	10141	FG001	FG012
11	EO27-1	sim_L11_M22	10142	FG001	FG004
11	EO27-1	sim_L11_M22	10143	FG001	FG002
11	EO27-1	sim_L11_M22	10144	FG001	FG030
11	EO27-1	sim_L11_M22	10145	FG001	FG005
11	EO27-1	sim_L11_M22	10146	FG001	FG024
11	EO27-1	sim_L11_M22	10147	FG001	FG024
11	EO27-1	sim_L11_M22	10148	FG001	FG018
11	EO27-1	sim_L11_M22	10149	FG001	FG001
11	EO27-1	sim_L11_M23	10150	FG024	FG001
11	EO27-1	sim_L11_M23	10151	FG024	FG001
11	EO27-1	sim_L11_M23	10152	FG024	FG017
11	EO27-1	sim_L11_M23	10153	FG004	FG001
11	EO27-1	sim_L11_M23	10154	FG004	FG002
11	EO27-1	sim_L11_M23	10155	FG024	FG002
11	EO27-1	sim_L11_M23	10156	FG024	FG023
11	EO27-1	sim_L11_M23	10157	FG004	FG001
11	EO27-1	sim_L11_M23	10158	FG024	FG006
11	EO27-1	sim_L11_M23	10159	FG004	FG012
11	EO27-1	sim_L11_M23	10160	FG024	FG001
11	EO27-1	sim_L11_M23	10161	FG024	FG008
11	EO27-1	sim_L11_M23	10162	FG024	FG001
11	EO27-1	sim_L11_M23	10163	FG024	FG001
11	EO27-1	sim_L11_M23	10164	FG024	FG010
11	EO27-1	sim_L11_M23	10165	FG024	FG018
11	EO27-1	sim_L11_M23	10166	FG024	FG001
11	EO27-1	sim_L11_M23	10167	FG004	FG001
11	EO27-1	sim_L11_M23	10168	FG024	FG001
11	EO27-1	sim_L11_M23	10169	FG004	FG001
11	EO27-1	sim_L11_M23	10170	FG004	FG016
11	EO27-1	sim_L11_M23	10171	FG004	FG032
11	EO27-1	sim_L11_M23	10172	FG024	FG001
11	EO27-1	sim_L11_M23	10173	FG004	FG003
11	EO27-1	sim_L11_M23	10174	FG024	FG002
11	EO27-1	sim_L11_M23	10175	FG004	FG001
11	EO27-1	sim_L11_M23	10176	FG004	FG023
11	EO27-1	sim_L11_M23	10177	FG024	FG001
11	EO27-1	sim_L11_M24	10178	FG002	FG001
11	EO27-1	sim_L11_M24	10179	FG024	FG001
11	EO27-1	sim_L11_M24	10180	FG024	FG011
11	EO27-1	sim_L11_M24	10181	FG002	FG001
11	EO27-1	sim_L11_M24	10182	FG002	FG003
11	EO27-1	sim_L11_M24	10183	FG002	FG001
11	EO27-1	sim_L11_M24	10184	FG024	FG015
11	EO27-1	sim_L11_M24	10185	FG002	FG001
11	EO27-1	sim_L11_M24	10186	FG002	FG019
11	EO27-1	sim_L11_M24	10187	FG024	FG001
11	EO27-1	sim_L11_M24	10188	FG024	FG001
11	EO27-1	sim_L11_M24	10189	FG024	FG003
11	EO27-1	sim_L11_M24	10190	FG002	FG001
11	EO27-1	sim_L11_M24	10191	FG024	FG006
11	EO27-1	sim_L11_M24	10192	FG002	FG001
11	EO27-1	sim_L11_M24	10193	FG024	FG012
11	EO27-1	sim_L11_M24	10194	FG002	FG001
11	EO27-1	sim_L11_M24	10195	FG002	FG012
11	EO27-1	sim_L11_M24	10196	FG024	FG001
11	EO27-1	sim_L11_M25	10197	FG003	FG011
11	EO27-1	sim_L11_M25	10198	FG006	FG024
11	EO27-1	sim_L11_M25	10199	FG003	FG021
11	EO27-1	sim_L11_M25	10200	FG006	FG001
11	EO27-1	sim_L11_M25	10201	FG003	FG016
11	EO27-1	sim_L11_M25	10202	FG006	FG002
11	EO27-1	sim_L11_M25	10203	FG006	FG001
11	EO27-1	sim_L11_M25	10204	FG006	FG026
11	EO27-1	sim_L11_M25	10205	FG003	FG015
11	EO27-1	sim_L11_M25	10206	FG003	FG001
11	EO27-1	sim_L11_M25	10207	FG006	FG009
11	EO27-1	sim_L11_M25	10208	FG006	FG001
11	EO27-1	sim_L11_M25	10209	FG006	FG001
11	EO27-1	sim_L11_M25	10210	FG003	FG001
11	EO27-1	sim_L11_M25	10211	FG006	FG001
11	EO27-1	sim_L11_M25	10212	FG006	FG024
11	EO27-1	sim_L11_M25	10213	FG003	FG001
11	EO27-1	sim_L11_M25	10214	FG006	FG012
11	EO27-1	sim_L11_M25	10215	FG006	FG001
11	EO27-1	sim_L11_M25	10216	FG006	FG024
11	EO27-1	sim_L11_M25	10217	FG006	FG015
11	EO27-1	sim_L11_M25	10218	FG003	FG004
11	EO27-1	sim_L11_M25	10219	FG006	FG001
11	EO27-1	sim_L11_M25	10220	FG003	FG020
11	EO27-1	sim_L11_M25	10221	FG006	FG015
11	EO27-1	sim_L11_M25	10222	FG006	FG017
11	EO27-1	sim_L11_M25	10223	FG006	FG002
11	EO27-1	sim_L11_M25	10224	FG003	FG001
11	EO27-1	sim_L11_M26	10225	FG026	FG024
11	EO27-1	sim_L11_M26	10226	FG006	FG001
11	EO27-1	sim_L11_M26	10227	FG026	FG024
11	EO27-1	sim_L11_M26	10228	FG026	FG024
11	EO27-1	sim_L11_M26	10229	FG026	FG024
11	EO27-1	sim_L11_M26	10230	FG026	FG002
11	EO27-1	sim_L11_M26	10231	FG026	FG024
11	EO27-1	sim_L11_M26	10232	FG026	FG011
11	EO27-1	sim_L11_M26	10233	FG026	FG012
11	EO27-1	sim_L11_M26	10234	FG026	FG012
11	EO27-1	sim_L11_M26	10235	FG006	FG001
11	EO27-1	sim_L11_M26	10236	FG006	FG024
11	EO27-1	sim_L11_M26	10237	FG006	FG024
11	EO27-1	sim_L11_M26	10238	FG006	FG001
11	EO27-1	sim_L11_M26	10239	FG026	FG024
11	EO27-1	sim_L11_M26	10240	FG026	FG024
11	EO27-1	sim_L11_M26	10241	FG006	FG003
11	EO27-1	sim_L11_M26	10242	FG026	FG001
11	EO27-1	sim_L11_M26	10243	FG026	FG015
11	EO27-1	sim_L11_M26	10244	FG026	FG001
11	EO27-1	sim_L11_M26	10245	FG006	FG001
11	EO27-1	sim_L11_M26	10246	FG026	FG001
11	EO27-1	sim_L11_M26	10247	FG026	FG024
11	EO27-1	sim_L11_M26	10248	FG026	FG001
11	EO27-1	sim_L11_M26	10249	FG006	FG024
11	EO27-1	sim_L11_M26	10250	FG026	FG001
11	EO27-1	sim_L11_M27	10251	FG024	FG002
11	EO27-1	sim_L11_M27	10252	FG024	FG003
11	EO27-1	sim_L11_M27	10253	FG001	FG002
11	EO27-1	sim_L11_M27	10254	FG024	FG002
11	EO27-1	sim_L11_M27	10255	FG024	FG002
11	EO27-1	sim_L11_M27	10256	FG024	FG023
11	EO27-1	sim_L11_M27	10257	FG001	FG010
11	EO27-1	sim_L11_M27	10258	FG001	FG015
11	EO27-1	sim_L11_M27	10259	FG001	FG003
11	EO27-1	sim_L11_M27	10260	FG024	FG015
11	EO27-1	sim_L11_M27	10261	FG024	FG004
11	EO27-1	sim_L11_M27	10262	FG001	FG019
11	EO27-1	sim_L11_M27	10263	FG001	FG006
11	EO27-1	sim_L11_M28	10264	FG029	FG003
11	EO27-1	sim_L11_M28	10265	FG029	FG015
11	EO27-1	sim_L11_M28	10266	FG029	FG001
11	EO27-1	sim_L11_M28	10267	FG029	FG017
11	EO27-1	sim_L11_M28	10268	FG012	FG020
11	EO27-1	sim_L11_M28	10269	FG012	FG001
11	EO27-1	sim_L11_M28	10270	FG029	FG014
11	EO27-1	sim_L11_M28	10271	FG012	FG001
11	EO27-1	sim_L11_M28	10272	FG012	FG001
11	EO27-1	sim_L11_M28	10273	FG012	FG019
11	EO27-1	sim_L11_M28	10274	FG029	FG003
11	EO27-1	sim_L11_M28	10275	FG012	FG001
11	EO27-1	sim_L11_M28	10276	FG012	FG024
11	EO27-1	sim_L11_M28	10277	FG012	FG024
11	EO27-1	sim_L11_M28	10278	FG029	FG024
11	EO27-1	sim_L11_M28	10279	FG012	FG018
11	EO27-1	sim_L11_M28	10280	FG029	FG001
11	EO27-1	sim_L11_M28	10281	FG029	FG002
11	EO27-1	sim_L11_M28	10282	FG012	FG001
11	EO27-1	sim_L11_M28	10283	FG029	FG001
11	EO27-1	sim_L11_M28	10284	FG029	FG018
11	EO27-1	sim_L11_M28	10285	FG012	FG017
11	EO27-1	sim_L11_M28	10286	FG012	FG001
11	EO27-1	sim_L11_M28	10287	FG029	FG002
11	EO27-1	sim_L11_M28	10288	FG012	FG001
11	EO27-1	sim_L11_M28	10289	FG029	FG024
11	EO27-1	sim_L11_M28	10290	FG029	FG001
11	EO27-1	sim_L11_M28	10291	FG029	FG004
11	EO27-1	sim_L11_M29	10292	FG024	FG019
11	EO27-1	sim_L11_M29	10293	FG024	FG003
11	EO27-1	sim_L11_M29	10294	FG024	FG002
11	EO27-1	sim_L11_M29	10295	FG001	FG023
11	EO27-1	sim_L11_M29	10296	FG001	FG017
11	EO27-1	sim_L11_M29	10297	FG001	FG001
11	EO27-1	sim_L11_M29	10298	FG024	FG024
11	EO27-1	sim_L11_M29	10299	FG024	FG017
11	EO27-1	sim_L11_M29	10300	FG024	FG016
11	EO27-1	sim_L11_M29	10301	FG001	FG018
11	EO27-1	sim_L11_M29	10302	FG001	FG005
11	EO27-1	sim_L11_M30	10303	FG006	FG002
11	EO27-1	sim_L11_M30	10304	FG006	FG002
11	EO27-1	sim_L11_M30	10305	FG001	FG003
11	EO27-1	sim_L11_M30	10306	FG006	FG024
11	EO27-1	sim_L11_M30	10307	FG001	FG024
11	EO27-1	sim_L11_M30	10308	FG001	FG019
11	EO27-1	sim_L11_M30	10309	FG006	FG024
11	EO27-1	sim_L11_M30	10310	FG001	FG010
11	EO27-1	sim_L11_M30	10311	FG001	FG024
11	EO27-1	sim_L11_M30	10312	FG001	FG001
11	EO27-1	sim_L11_M30	10313	FG006	FG021
11	EO27-1	sim_L11_M30	10314	FG006	FG024
11	EO27-1	sim_L11_M30	10315	FG006	FG026
11	EO27-1	sim_L11_M30	10316	FG001	FG003
11	EO27-1	sim_L11_M30	10317	FG001	FG024
11	EO27-1	sim_L11_M30	10318	FG001	FG001
11	EO27-1	sim_L11_M30	10319	FG001	FG004
11	EO27-1	sim_L11_M30	10320	FG006	FG024
11	EO27-1	sim_L11_M30	10321	FG006	FG002
11	EO27-1	sim_L11_M30	10322	FG006	FG024
11	EO27-1	sim_L11_M31	10323	FG003	FG001
11	EO27-1	sim_L11_M31	10324	FG001	FG006
11	EO27-1	sim_L11_M31	10325	FG001	FG024
11	EO27-1	sim_L11_M31	10326	FG001	FG019
11	EO27-1	sim_L11_M31	10327	FG003	FG024
11	EO27-1	sim_L11_M31	10328	FG003	FG024
11	EO27-1	sim_L11_M31	10329	FG003	FG024
11	EO27-1	sim_L11_M31	10330	FG001	FG030
11	EO27-1	sim_L11_M31	10331	FG003	FG006
11	EO27-1	sim_L11_M31	10332	FG001	FG002
11	EO27-1	sim_L11_M31	10333	FG001	FG024
11	EO27-1	sim_L11_M31	10334	FG003	FG005
11	EO27-1	sim_L11_M31	10335	FG001	FG024
11	EO27-1	sim_L11_M31	10336	FG001	FG024
11	EO27-1	sim_L11_M32	10337	FG024	FG002
11	EO27-1	sim_L11_M32	10338	FG024	FG006
11	EO27-1	sim_L11_M32	10339	FG024	FG010
11	EO27-1	sim_L11_M32	10340	FG024	FG001
11	EO27-1	sim_L11_M32	10341	FG024	FG001
11	EO27-1	sim_L11_M32	10342	FG024	FG001
11	EO27-1	sim_L11_M32	10343	FG024	FG001
11	EO27-1	sim_L11_M32	10344	FG024	FG002
11	EO27-1	sim_L11_M32	10345	FG024	FG001
11	EO27-1	sim_L11_M32	10346	FG024	FG001
11	EO27-1	sim_L11_M32	10347	FG024	FG001
11	EO27-1	sim_L11_M32	10348	FG024	FG018
11	EO27-1	sim_L11_M32	10349	FG024	FG024
11	EO27-1	sim_L11_M32	10350	FG024	FG019
11	EO27-1	sim_L11_M32	10351	FG024	FG002
11	EO27-1	sim_L11_M32	10352	FG024	FG001
11	EO27-1	sim_L11_M32	10353	FG024	FG001
11	EO27-1	sim_L11_M32	10354	FG024	FG001
11	EO27-1	sim_L11_M32	10355	FG024	FG009
11	EO27-1	sim_L11_M32	10356	FG024	FG010
11	EO27-1	sim_L11_M32	10357	FG024	FG001
11	EO27-1	sim_L11_M32	10358	FG024	FG001
11	EO27-1	sim_L11_M32	10359	FG024	FG001
11	EO27-1	sim_L11_M32	10360	FG024	FG003
37	EO27-1	sim_L37_M0	10361	FG017	FG001
37	EO27-1	sim_L37_M0	10362	FG001	FG002
37	EO27-1	sim_L37_M0	10363	FG001	FG024
37	EO27-1	sim_L37_M0	10364	FG017	FG002
37	EO27-1	sim_L37_M0	10365	FG001	FG018
37	EO27-1	sim_L37_M0	10366	FG001	FG024
37	EO27-1	sim_L37_M0	10367	FG001	FG009
37	EO27-1	sim_L37_M0	10368	FG001	FG002
37	EO27-1	sim_L37_M0	10369	FG001	FG003
37	EO27-1	sim_L37_M0	10370	FG001	FG006
37	EO27-1	sim_L37_M0	10371	FG001	FG024
37	EO27-1	sim_L37_M0	10372	FG001	FG019
37	EO27-1	sim_L37_M0	10373	FG017	FG002
37	EO27-1	sim_L37_M0	10374	FG017	FG005
37	EO27-1	sim_L37_M0	10375	FG001	FG002
37	EO27-1	sim_L37_M0	10376	FG001	FG021
37	EO27-1	sim_L37_M0	10377	FG001	FG024
37	EO27-1	sim_L37_M0	10378	FG001	FG006
37	EO27-1	sim_L37_M0	10379	FG001	FG002
37	EO27-1	sim_L37_M1	10380	FG024	FG002
37	EO27-1	sim_L37_M1	10381	FG009	FG002
37	EO27-1	sim_L37_M1	10382	FG009	FG024
37	EO27-1	sim_L37_M1	10383	FG009	FG002
37	EO27-1	sim_L37_M1	10384	FG009	FG001
37	EO27-1	sim_L37_M1	10385	FG024	FG003
37	EO27-1	sim_L37_M1	10386	FG009	FG001
37	EO27-1	sim_L37_M1	10387	FG024	FG003
37	EO27-1	sim_L37_M1	10388	FG009	FG001
37	EO27-1	sim_L37_M1	10389	FG024	FG006
37	EO27-1	sim_L37_M1	10390	FG009	FG001
37	EO27-1	sim_L37_M1	10391	FG009	FG001
37	EO27-1	sim_L37_M1	10392	FG009	FG006
37	EO27-1	sim_L37_M1	10393	FG024	FG019
37	EO27-1	sim_L37_M1	10394	FG024	FG001
37	EO27-1	sim_L37_M1	10395	FG024	FG003
37	EO27-1	sim_L37_M1	10396	FG009	FG002
37	EO27-1	sim_L37_M1	10397	FG024	FG001
37	EO27-1	sim_L37_M1	10398	FG024	FG001
37	EO27-1	sim_L37_M1	10399	FG009	FG001
37	EO27-1	sim_L37_M1	10400	FG024	FG010
37	EO27-1	sim_L37_M1	10401	FG024	FG017
37	EO27-1	sim_L37_M1	10402	FG009	FG002
37	EO27-1	sim_L37_M1	10403	FG009	FG010
37	EO27-1	sim_L37_M1	10404	FG024	FG002
37	EO27-1	sim_L37_M2	10405	FG024	FG001
37	EO27-1	sim_L37_M2	10406	FG024	FG001
37	EO27-1	sim_L37_M2	10407	FG004	FG001
37	EO27-1	sim_L37_M2	10408	FG024	FG003
37	EO27-1	sim_L37_M2	10409	FG024	FG001
37	EO27-1	sim_L37_M2	10410	FG004	FG003
37	EO27-1	sim_L37_M2	10411	FG024	FG006
37	EO27-1	sim_L37_M2	10412	FG004	FG002
37	EO27-1	sim_L37_M2	10413	FG024	FG002
37	EO27-1	sim_L37_M2	10414	FG004	FG001
37	EO27-1	sim_L37_M2	10415	FG024	FG001
37	EO27-1	sim_L37_M2	10416	FG024	FG001
37	EO27-1	sim_L37_M2	10417	FG004	FG003
37	EO27-1	sim_L37_M2	10418	FG024	FG001
37	EO27-1	sim_L37_M2	10419	FG004	FG001
37	EO27-1	sim_L37_M2	10420	FG024	FG001
37	EO27-1	sim_L37_M2	10421	FG024	FG019
37	EO27-1	sim_L37_M2	10422	FG024	FG001
37	EO27-1	sim_L37_M2	10423	FG024	FG002
37	EO27-1	sim_L37_M2	10424	FG024	FG001
37	EO27-1	sim_L37_M2	10425	FG004	FG001
37	EO27-1	sim_L37_M2	10426	FG004	FG001
37	EO27-1	sim_L37_M2	10427	FG024	FG001
37	EO27-1	sim_L37_M2	10428	FG024	FG001
37	EO27-1	sim_L37_M2	10429	FG024	FG012
37	EO27-1	sim_L37_M2	10430	FG024	FG010
37	EO27-1	sim_L37_M2	10431	FG024	FG030
37	EO27-1	sim_L37_M3	10432	FG024	FG001
37	EO27-1	sim_L37_M3	10433	FG002	FG001
37	EO27-1	sim_L37_M3	10434	FG002	FG001
37	EO27-1	sim_L37_M3	10435	FG002	FG017
37	EO27-1	sim_L37_M3	10436	FG002	FG027
37	EO27-1	sim_L37_M3	10437	FG002	FG001
37	EO27-1	sim_L37_M3	10438	FG002	FG031
37	EO27-1	sim_L37_M3	10439	FG024	FG006
37	EO27-1	sim_L37_M3	10440	FG024	FG001
37	EO27-1	sim_L37_M3	10441	FG024	FG001
37	EO27-1	sim_L37_M3	10442	FG002	FG001
37	EO27-1	sim_L37_M3	10443	FG002	FG001
37	EO27-1	sim_L37_M3	10444	FG002	FG001
37	EO27-1	sim_L37_M3	10445	FG024	FG001
37	EO27-1	sim_L37_M3	10446	FG002	FG024
37	EO27-1	sim_L37_M3	10447	FG002	FG025
37	EO27-1	sim_L37_M3	10448	FG002	FG001
37	EO27-1	sim_L37_M3	10449	FG002	FG001
37	EO27-1	sim_L37_M4	10450	FG001	FG024
37	EO27-1	sim_L37_M4	10451	FG001	FG024
37	EO27-1	sim_L37_M4	10452	FG001	FG006
37	EO27-1	sim_L37_M4	10453	FG001	FG012
37	EO27-1	sim_L37_M4	10454	FG001	FG002
37	EO27-1	sim_L37_M4	10455	FG001	FG024
37	EO27-1	sim_L37_M4	10456	FG001	FG004
37	EO27-1	sim_L37_M4	10457	FG001	FG004
37	EO27-1	sim_L37_M4	10458	FG001	FG002
37	EO27-1	sim_L37_M4	10459	FG001	FG024
37	EO27-1	sim_L37_M4	10460	FG001	FG024
37	EO27-1	sim_L37_M4	10461	FG001	FG024
37	EO27-1	sim_L37_M4	10462	FG001	FG002
37	EO27-1	sim_L37_M4	10463	FG001	FG030
37	EO27-1	sim_L37_M4	10464	FG001	FG006
37	EO27-1	sim_L37_M4	10465	FG001	FG006
37	EO27-1	sim_L37_M5	10466	FG002	FG005
37	EO27-1	sim_L37_M5	10467	FG001	FG031
37	EO27-1	sim_L37_M5	10468	FG001	FG006
37	EO27-1	sim_L37_M5	10469	FG001	FG024
37	EO27-1	sim_L37_M5	10470	FG001	FG017
37	EO27-1	sim_L37_M5	10471	FG002	FG024
37	EO27-1	sim_L37_M5	10472	FG002	FG024
37	EO27-1	sim_L37_M5	10473	FG002	FG006
37	EO27-1	sim_L37_M5	10474	FG001	FG004
37	EO27-1	sim_L37_M5	10475	FG002	FG019
37	EO27-1	sim_L37_M5	10476	FG002	FG024
37	EO27-1	sim_L37_M5	10477	FG001	FG006
37	EO27-1	sim_L37_M5	10478	FG002	FG024
37	EO27-1	sim_L37_M5	10479	FG002	FG012
37	EO27-1	sim_L37_M5	10480	FG002	FG012
37	EO27-1	sim_L37_M5	10481	FG001	FG024
37	EO27-1	sim_L37_M5	10482	FG001	FG024
37	EO27-1	sim_L37_M6	10483	FG003	FG024
37	EO27-1	sim_L37_M6	10484	FG001	FG024
37	EO27-1	sim_L37_M6	10485	FG003	FG024
37	EO27-1	sim_L37_M6	10486	FG003	FG004
37	EO27-1	sim_L37_M6	10487	FG003	FG004
37	EO27-1	sim_L37_M6	10488	FG003	FG001
37	EO27-1	sim_L37_M6	10489	FG003	FG002
37	EO27-1	sim_L37_M6	10490	FG003	FG002
37	EO27-1	sim_L37_M6	10491	FG001	FG024
37	EO27-1	sim_L37_M7	10492	FG004	FG001
37	EO27-1	sim_L37_M7	10493	FG004	FG024
37	EO27-1	sim_L37_M7	10494	FG019	FG003
37	EO27-1	sim_L37_M7	10495	FG004	FG024
37	EO27-1	sim_L37_M7	10496	FG019	FG024
37	EO27-1	sim_L37_M7	10497	FG004	FG006
37	EO27-1	sim_L37_M7	10498	FG019	FG001
37	EO27-1	sim_L37_M7	10499	FG004	FG002
37	EO27-1	sim_L37_M7	10500	FG019	FG012
37	EO27-1	sim_L37_M7	10501	FG004	FG024
37	EO27-1	sim_L37_M7	10502	FG019	FG015
37	EO27-1	sim_L37_M7	10503	FG004	FG001
37	EO27-1	sim_L37_M7	10504	FG019	FG024
37	EO27-1	sim_L37_M7	10505	FG019	FG001
37	EO27-1	sim_L37_M7	10506	FG004	FG010
37	EO27-1	sim_L37_M7	10507	FG019	FG001
37	EO27-1	sim_L37_M7	10508	FG019	FG002
37	EO27-1	sim_L37_M7	10509	FG019	FG002
37	EO27-1	sim_L37_M7	10510	FG004	FG024
37	EO27-1	sim_L37_M7	10511	FG019	FG002
37	EO27-1	sim_L37_M7	10512	FG019	FG024
37	EO27-1	sim_L37_M7	10513	FG004	FG003
37	EO27-1	sim_L37_M7	10514	FG019	FG001
37	EO27-1	sim_L37_M7	10515	FG004	FG024
37	EO27-1	sim_L37_M7	10516	FG004	FG001
37	EO27-1	sim_L37_M7	10517	FG019	FG001
37	EO27-1	sim_L37_M7	10518	FG004	FG001
37	EO27-1	sim_L37_M7	10519	FG019	FG001
37	EO27-1	sim_L37_M8	10520	FG024	FG020
37	EO27-1	sim_L37_M8	10521	FG024	FG001
37	EO27-1	sim_L37_M8	10522	FG002	FG001
37	EO27-1	sim_L37_M8	10523	FG002	FG030
37	EO27-1	sim_L37_M8	10524	FG002	FG001
37	EO27-1	sim_L37_M8	10525	FG002	FG001
37	EO27-1	sim_L37_M8	10526	FG002	FG006
37	EO27-1	sim_L37_M8	10527	FG002	FG019
37	EO27-1	sim_L37_M8	10528	FG024	FG001
37	EO27-1	sim_L37_M8	10529	FG002	FG001
37	EO27-1	sim_L37_M8	10530	FG024	FG005
37	EO27-1	sim_L37_M8	10531	FG002	FG001
37	EO27-1	sim_L37_M8	10532	FG002	FG001
37	EO27-1	sim_L37_M8	10533	FG024	FG006
37	EO27-1	sim_L37_M8	10534	FG024	FG001
37	EO27-1	sim_L37_M8	10535	FG024	FG001
37	EO27-1	sim_L37_M8	10536	FG024	FG001
37	EO27-1	sim_L37_M8	10537	FG002	FG001
37	EO27-1	sim_L37_M8	10538	FG002	FG001
37	EO27-1	sim_L37_M8	10539	FG024	FG001
37	EO27-1	sim_L37_M8	10540	FG002	FG001
37	EO27-1	sim_L37_M8	10541	FG002	FG001
37	EO27-1	sim_L37_M9	10542	FG002	FG024
37	EO27-1	sim_L37_M9	10543	FG002	FG010
37	EO27-1	sim_L37_M9	10544	FG002	FG024
37	EO27-1	sim_L37_M9	10545	FG001	FG010
37	EO27-1	sim_L37_M9	10546	FG001	FG024
37	EO27-1	sim_L37_M9	10547	FG002	FG009
37	EO27-1	sim_L37_M9	10548	FG001	FG012
37	EO27-1	sim_L37_M9	10549	FG001	FG017
37	EO27-1	sim_L37_M9	10550	FG001	FG024
37	EO27-1	sim_L37_M9	10551	FG002	FG017
37	EO27-1	sim_L37_M9	10552	FG001	FG006
37	EO27-1	sim_L37_M9	10553	FG001	FG001
37	EO27-1	sim_L37_M10	10554	FG002	FG004
37	EO27-1	sim_L37_M10	10555	FG002	FG024
37	EO27-1	sim_L37_M10	10556	FG001	FG009
37	EO27-1	sim_L37_M10	10557	FG001	FG010
37	EO27-1	sim_L37_M10	10558	FG001	FG012
37	EO27-1	sim_L37_M10	10559	FG001	FG026
37	EO27-1	sim_L37_M10	10560	FG001	FG024
37	EO27-1	sim_L37_M10	10561	FG001	FG004
37	EO27-1	sim_L37_M10	10562	FG002	FG001
37	EO27-1	sim_L37_M10	10563	FG002	FG003
37	EO27-1	sim_L37_M10	10564	FG002	FG015
37	EO27-1	sim_L37_M10	10565	FG002	FG019
37	EO27-1	sim_L37_M10	10566	FG002	FG024
37	EO27-1	sim_L37_M11	10567	FG004	FG024
37	EO27-1	sim_L37_M11	10568	FG002	FG024
37	EO27-1	sim_L37_M11	10569	FG002	FG001
37	EO27-1	sim_L37_M11	10570	FG004	FG003
37	EO27-1	sim_L37_M11	10571	FG004	FG029
37	EO27-1	sim_L37_M11	10572	FG002	FG001
37	EO27-1	sim_L37_M11	10573	FG004	FG001
37	EO27-1	sim_L37_M11	10574	FG002	FG001
37	EO27-1	sim_L37_M11	10575	FG002	FG024
37	EO27-1	sim_L37_M11	10576	FG004	FG001
37	EO27-1	sim_L37_M11	10577	FG002	FG001
37	EO27-1	sim_L37_M11	10578	FG002	FG018
37	EO27-1	sim_L37_M11	10579	FG004	FG017
37	EO27-1	sim_L37_M11	10580	FG002	FG001
37	EO27-1	sim_L37_M11	10581	FG004	FG001
37	EO27-1	sim_L37_M11	10582	FG004	FG023
37	EO27-1	sim_L37_M11	10583	FG002	FG001
37	EO27-1	sim_L37_M11	10584	FG002	FG024
37	EO27-1	sim_L37_M11	10585	FG004	FG017
37	EO27-1	sim_L37_M11	10586	FG002	FG017
37	EO27-1	sim_L37_M11	10587	FG004	FG006
37	EO27-1	sim_L37_M11	10588	FG004	FG001
37	EO27-1	sim_L37_M11	10589	FG004	FG019
37	EO27-1	sim_L37_M11	10590	FG002	FG001
37	EO27-1	sim_L37_M11	10591	FG004	FG024
37	EO27-1	sim_L37_M12	10592	FG019	FG024
37	EO27-1	sim_L37_M12	10593	FG019	FG002
37	EO27-1	sim_L37_M12	10594	FG001	FG024
37	EO27-1	sim_L37_M12	10595	FG019	FG021
37	EO27-1	sim_L37_M12	10596	FG001	FG024
37	EO27-1	sim_L37_M12	10597	FG001	FG024
37	EO27-1	sim_L37_M12	10598	FG019	FG024
37	EO27-1	sim_L37_M12	10599	FG001	FG024
37	EO27-1	sim_L37_M12	10600	FG019	FG024
37	EO27-1	sim_L37_M12	10601	FG001	FG021
37	EO27-1	sim_L37_M12	10602	FG019	FG001
37	EO27-1	sim_L37_M12	10603	FG001	FG001
37	EO27-1	sim_L37_M12	10604	FG001	FG002
37	EO27-1	sim_L37_M12	10605	FG019	FG024
37	EO27-1	sim_L37_M12	10606	FG019	FG024
37	EO27-1	sim_L37_M12	10607	FG019	FG002
37	EO27-1	sim_L37_M12	10608	FG001	FG006
37	EO27-1	sim_L37_M12	10609	FG019	FG023
37	EO27-1	sim_L37_M12	10610	FG019	FG024
37	EO27-1	sim_L37_M12	10611	FG001	FG021
37	EO27-1	sim_L37_M12	10612	FG019	FG027
37	EO27-1	sim_L37_M12	10613	FG019	FG002
37	EO27-1	sim_L37_M12	10614	FG001	FG004
37	EO27-1	sim_L37_M13	10615	FG017	FG001
37	EO27-1	sim_L37_M13	10616	FG017	FG001
37	EO27-1	sim_L37_M13	10617	FG002	FG012
37	EO27-1	sim_L37_M13	10618	FG017	FG001
37	EO27-1	sim_L37_M13	10619	FG002	FG024
37	EO27-1	sim_L37_M13	10620	FG017	FG001
37	EO27-1	sim_L37_M13	10621	FG002	FG001
37	EO27-1	sim_L37_M13	10622	FG002	FG006
37	EO27-1	sim_L37_M13	10623	FG017	FG006
37	EO27-1	sim_L37_M13	10624	FG002	FG001
37	EO27-1	sim_L37_M13	10625	FG002	FG001
37	EO27-1	sim_L37_M13	10626	FG017	FG024
37	EO27-1	sim_L37_M13	10627	FG002	FG001
37	EO27-1	sim_L37_M13	10628	FG002	FG024
37	EO27-1	sim_L37_M13	10629	FG017	FG024
37	EO27-1	sim_L37_M13	10630	FG017	FG001
37	EO27-1	sim_L37_M13	10631	FG017	FG012
37	EO27-1	sim_L37_M13	10632	FG002	FG024
37	EO27-1	sim_L37_M13	10633	FG002	FG001
37	EO27-1	sim_L37_M13	10634	FG017	FG002
37	EO27-1	sim_L37_M13	10635	FG017	FG024
37	EO27-1	sim_L37_M13	10636	FG017	FG001
37	EO27-1	sim_L37_M13	10637	FG002	FG024
37	EO27-1	sim_L37_M14	10638	FG023	FG001
37	EO27-1	sim_L37_M14	10639	FG024	FG024
37	EO27-1	sim_L37_M14	10640	FG024	FG006
37	EO27-1	sim_L37_M14	10641	FG024	FG006
37	EO27-1	sim_L37_M14	10642	FG023	FG001
37	EO27-1	sim_L37_M14	10643	FG024	FG001
37	EO27-1	sim_L37_M14	10644	FG023	FG001
37	EO27-1	sim_L37_M14	10645	FG023	FG001
37	EO27-1	sim_L37_M14	10646	FG023	FG001
37	EO27-1	sim_L37_M14	10647	FG023	FG001
37	EO27-1	sim_L37_M14	10648	FG024	FG001
37	EO27-1	sim_L37_M14	10649	FG023	FG006
37	EO27-1	sim_L37_M14	10650	FG023	FG002
37	EO27-1	sim_L37_M14	10651	FG024	FG001
37	EO27-1	sim_L37_M14	10652	FG023	FG012
37	EO27-1	sim_L37_M14	10653	FG023	FG001
37	EO27-1	sim_L37_M14	10654	FG024	FG024
37	EO27-1	sim_L37_M14	10655	FG024	FG012
37	EO27-1	sim_L37_M14	10656	FG024	FG006
37	EO27-1	sim_L37_M14	10657	FG023	FG012
37	EO27-1	sim_L37_M14	10658	FG024	FG001
37	EO27-1	sim_L37_M15	10659	FG030	FG002
37	EO27-1	sim_L37_M15	10660	FG024	FG004
37	EO27-1	sim_L37_M15	10661	FG030	FG006
37	EO27-1	sim_L37_M15	10662	FG030	FG001
37	EO27-1	sim_L37_M15	10663	FG024	FG001
37	EO27-1	sim_L37_M15	10664	FG030	FG005
37	EO27-1	sim_L37_M15	10665	FG030	FG002
37	EO27-1	sim_L37_M15	10666	FG024	FG001
37	EO27-1	sim_L37_M15	10667	FG024	FG012
37	EO27-1	sim_L37_M15	10668	FG024	FG024
37	EO27-1	sim_L37_M15	10669	FG030	FG001
37	EO27-1	sim_L37_M15	10670	FG030	FG001
37	EO27-1	sim_L37_M15	10671	FG030	FG001
37	EO27-1	sim_L37_M15	10672	FG030	FG002
37	EO27-1	sim_L37_M15	10673	FG030	FG012
37	EO27-1	sim_L37_M15	10674	FG024	FG001
37	EO27-1	sim_L37_M15	10675	FG030	FG004
37	EO27-1	sim_L37_M15	10676	FG030	FG001
37	EO27-1	sim_L37_M15	10677	FG030	FG005
37	EO27-1	sim_L37_M15	10678	FG030	FG006
37	EO27-1	sim_L37_M15	10679	FG030	FG006
37	EO27-1	sim_L37_M15	10680	FG024	FG001
37	EO27-1	sim_L37_M15	10681	FG030	FG009
37	EO27-1	sim_L37_M15	10682	FG030	FG001
37	EO27-1	sim_L37_M15	10683	FG024	FG001
37	EO27-1	sim_L37_M15	10684	FG024	FG001
37	EO27-1	sim_L37_M16	10685	FG001	FG006
37	EO27-1	sim_L37_M16	10686	FG001	FG001
37	EO27-1	sim_L37_M16	10687	FG019	FG002
37	EO27-1	sim_L37_M16	10688	FG001	FG012
37	EO27-1	sim_L37_M16	10689	FG001	FG003
37	EO27-1	sim_L37_M16	10690	FG019	FG017
37	EO27-1	sim_L37_M16	10691	FG001	FG024
37	EO27-1	sim_L37_M16	10692	FG019	FG024
37	EO27-1	sim_L37_M16	10693	FG001	FG002
37	EO27-1	sim_L37_M16	10694	FG001	FG002
37	EO27-1	sim_L37_M16	10695	FG019	FG006
37	EO27-1	sim_L37_M16	10696	FG019	FG023
37	EO27-1	sim_L37_M16	10697	FG019	FG012
37	EO27-1	sim_L37_M16	10698	FG019	FG002
37	EO27-1	sim_L37_M16	10699	FG019	FG024
37	EO27-1	sim_L37_M16	10700	FG019	FG002
37	EO27-1	sim_L37_M16	10701	FG019	FG006
37	EO27-1	sim_L37_M17	10702	FG006	FG024
37	EO27-1	sim_L37_M17	10703	FG015	FG001
37	EO27-1	sim_L37_M17	10704	FG006	FG002
37	EO27-1	sim_L37_M17	10705	FG006	FG001
37	EO27-1	sim_L37_M17	10706	FG015	FG024
37	EO27-1	sim_L37_M17	10707	FG015	FG005
37	EO27-1	sim_L37_M17	10708	FG015	FG003
37	EO27-1	sim_L37_M17	10709	FG006	FG024
37	EO27-1	sim_L37_M17	10710	FG006	FG001
37	EO27-1	sim_L37_M17	10711	FG015	FG031
37	EO27-1	sim_L37_M17	10712	FG006	FG001
37	EO27-1	sim_L37_M17	10713	FG006	FG002
37	EO27-1	sim_L37_M17	10714	FG006	FG001
37	EO27-1	sim_L37_M17	10715	FG006	FG024
37	EO27-1	sim_L37_M17	10716	FG015	FG001
37	EO27-1	sim_L37_M17	10717	FG006	FG024
37	EO27-1	sim_L37_M17	10718	FG006	FG001
37	EO27-1	sim_L37_M17	10719	FG006	FG001
37	EO27-1	sim_L37_M17	10720	FG006	FG032
37	EO27-1	sim_L37_M17	10721	FG015	FG024
37	EO27-1	sim_L37_M17	10722	FG015	FG024
37	EO27-1	sim_L37_M17	10723	FG006	FG008
37	EO27-1	sim_L37_M17	10724	FG006	FG002
37	EO27-1	sim_L37_M17	10725	FG015	FG001
37	EO27-1	sim_L37_M18	10726	FG002	FG024
37	EO27-1	sim_L37_M18	10727	FG001	FG024
37	EO27-1	sim_L37_M18	10728	FG001	FG024
37	EO27-1	sim_L37_M18	10729	FG002	FG024
37	EO27-1	sim_L37_M18	10730	FG002	FG002
37	EO27-1	sim_L37_M18	10731	FG001	FG004
37	EO27-1	sim_L37_M18	10732	FG002	FG011
37	EO27-1	sim_L37_M18	10733	FG001	FG031
37	EO27-1	sim_L37_M18	10734	FG001	FG009
37	EO27-1	sim_L37_M18	10735	FG001	FG024
37	EO27-1	sim_L37_M18	10736	FG002	FG005
37	EO27-1	sim_L37_M18	10737	FG001	FG005
37	EO27-1	sim_L37_M18	10738	FG002	FG002
37	EO27-1	sim_L37_M18	10739	FG002	FG024
37	EO27-1	sim_L37_M18	10740	FG002	FG012
37	EO27-1	sim_L37_M18	10741	FG002	FG024
37	EO27-1	sim_L37_M18	10742	FG001	FG024
37	EO27-1	sim_L37_M19	10743	FG015	FG002
37	EO27-1	sim_L37_M19	10744	FG015	FG006
37	EO27-1	sim_L37_M19	10745	FG015	FG007
37	EO27-1	sim_L37_M19	10746	FG015	FG012
37	EO27-1	sim_L37_M19	10747	FG015	FG024
37	EO27-1	sim_L37_M19	10748	FG015	FG012
37	EO27-1	sim_L37_M19	10749	FG015	FG024
37	EO27-1	sim_L37_M19	10750	FG001	FG023
37	EO27-1	sim_L37_M19	10751	FG015	FG002
37	EO27-1	sim_L37_M19	10752	FG001	FG012
37	EO27-1	sim_L37_M19	10753	FG001	FG017
37	EO27-1	sim_L37_M19	10754	FG001	FG021
37	EO27-1	sim_L37_M19	10755	FG001	FG002
37	EO27-1	sim_L37_M20	10756	FG001	FG002
37	EO27-1	sim_L37_M20	10757	FG001	FG024
37	EO27-1	sim_L37_M20	10758	FG001	FG002
37	EO27-1	sim_L37_M20	10759	FG001	FG006
37	EO27-1	sim_L37_M20	10760	FG001	FG004
37	EO27-1	sim_L37_M20	10761	FG001	FG018
37	EO27-1	sim_L37_M20	10762	FG001	FG006
37	EO27-1	sim_L37_M20	10763	FG001	FG006
37	EO27-1	sim_L37_M20	10764	FG001	FG024
37	EO27-1	sim_L37_M20	10765	FG001	FG023
37	EO27-1	sim_L37_M20	10766	FG001	FG024
37	EO27-1	sim_L37_M20	10767	FG001	FG024
37	EO27-1	sim_L37_M20	10768	FG001	FG024
37	EO27-1	sim_L37_M20	10769	FG001	FG003
37	EO27-1	sim_L37_M20	10770	FG001	FG024
37	EO27-1	sim_L37_M20	10771	FG001	FG024
37	EO27-1	sim_L37_M20	10772	FG001	FG012
37	EO27-1	sim_L37_M21	10773	FG001	FG010
37	EO27-1	sim_L37_M21	10774	FG001	FG006
37	EO27-1	sim_L37_M21	10775	FG001	FG004
37	EO27-1	sim_L37_M21	10776	FG001	FG010
37	EO27-1	sim_L37_M21	10777	FG001	FG024
37	EO27-1	sim_L37_M21	10778	FG001	FG004
37	EO27-1	sim_L37_M21	10779	FG001	FG002
37	EO27-1	sim_L37_M21	10780	FG001	FG002
37	EO27-1	sim_L37_M21	10781	FG001	FG024
37	EO27-1	sim_L37_M21	10782	FG001	FG006
37	EO27-1	sim_L37_M21	10783	FG001	FG024
37	EO27-1	sim_L37_M21	10784	FG001	FG006
37	EO27-1	sim_L37_M21	10785	FG001	FG002
37	EO27-1	sim_L37_M21	10786	FG001	FG001
37	EO27-1	sim_L37_M21	10787	FG001	FG002
37	EO27-1	sim_L37_M21	10788	FG001	FG024
37	EO27-1	sim_L37_M21	10789	FG001	FG001
37	EO27-1	sim_L37_M21	10790	FG001	FG002
37	EO27-1	sim_L37_M21	10791	FG001	FG021
37	EO27-1	sim_L37_M21	10792	FG001	FG005
37	EO27-1	sim_L37_M21	10793	FG001	FG007
37	EO27-1	sim_L37_M21	10794	FG001	FG005
37	EO27-1	sim_L37_M21	10795	FG001	FG021
37	EO27-1	sim_L37_M22	10796	FG001	FG015
37	EO27-1	sim_L37_M22	10797	FG024	FG023
37	EO27-1	sim_L37_M22	10798	FG024	FG002
37	EO27-1	sim_L37_M22	10799	FG001	FG003
37	EO27-1	sim_L37_M22	10800	FG024	FG021
37	EO27-1	sim_L37_M22	10801	FG024	FG027
37	EO27-1	sim_L37_M22	10802	FG001	FG018
37	EO27-1	sim_L37_M22	10803	FG001	FG021
37	EO27-1	sim_L37_M22	10804	FG024	FG012
37	EO27-1	sim_L37_M22	10805	FG001	FG008
37	EO27-1	sim_L37_M22	10806	FG001	FG002
37	EO27-1	sim_L37_M22	10807	FG001	FG003
37	EO27-1	sim_L37_M22	10808	FG001	FG002
37	EO27-1	sim_L37_M22	10809	FG024	FG002
37	EO27-1	sim_L37_M22	10810	FG024	FG003
37	EO27-1	sim_L37_M22	10811	FG024	FG002
37	EO27-1	sim_L37_M22	10812	FG024	FG002
37	EO27-1	sim_L37_M23	10813	FG023	FG002
37	EO27-1	sim_L37_M23	10814	FG001	FG024
37	EO27-1	sim_L37_M23	10815	FG001	FG024
37	EO27-1	sim_L37_M23	10816	FG023	FG021
37	EO27-1	sim_L37_M23	10817	FG023	FG002
37	EO27-1	sim_L37_M23	10818	FG023	FG006
37	EO27-1	sim_L37_M23	10819	FG001	FG002
37	EO27-1	sim_L37_M23	10820	FG023	FG024
37	EO27-1	sim_L37_M23	10821	FG023	FG019
37	EO27-1	sim_L37_M23	10822	FG023	FG005
37	EO27-1	sim_L37_M23	10823	FG001	FG024
37	EO27-1	sim_L37_M23	10824	FG023	FG002
37	EO27-1	sim_L37_M23	10825	FG023	FG024
37	EO27-1	sim_L37_M23	10826	FG023	FG002
37	EO27-1	sim_L37_M23	10827	FG001	FG004
37	EO27-1	sim_L37_M23	10828	FG023	FG003
37	EO27-1	sim_L37_M24	10829	FG001	FG002
37	EO27-1	sim_L37_M24	10830	FG001	FG003
37	EO27-1	sim_L37_M24	10831	FG001	FG002
37	EO27-1	sim_L37_M24	10832	FG001	FG024
37	EO27-1	sim_L37_M24	10833	FG001	FG002
37	EO27-1	sim_L37_M24	10834	FG001	FG002
37	EO27-1	sim_L37_M24	10835	FG001	FG004
37	EO27-1	sim_L37_M24	10836	FG001	FG024
37	EO27-1	sim_L37_M24	10837	FG001	FG006
37	EO27-1	sim_L37_M24	10838	FG001	FG006
37	EO27-1	sim_L37_M24	10839	FG001	FG002
37	EO27-1	sim_L37_M24	10840	FG001	FG024
37	EO27-1	sim_L37_M24	10841	FG001	FG006
37	EO27-1	sim_L37_M24	10842	FG001	FG015
37	EO27-1	sim_L37_M24	10843	FG001	FG024
37	EO27-1	sim_L37_M24	10844	FG001	FG006
37	EO27-1	sim_L37_M24	10845	FG001	FG024
37	EO27-1	sim_L37_M24	10846	FG001	FG024
37	EO27-1	sim_L37_M25	10847	FG001	FG002
37	EO27-1	sim_L37_M25	10848	FG001	FG002
37	EO27-1	sim_L37_M25	10849	FG001	FG002
37	EO27-1	sim_L37_M25	10850	FG001	FG024
37	EO27-1	sim_L37_M25	10851	FG001	FG023
37	EO27-1	sim_L37_M25	10852	FG001	FG024
37	EO27-1	sim_L37_M25	10853	FG001	FG004
37	EO27-1	sim_L37_M25	10854	FG001	FG030
37	EO27-1	sim_L37_M25	10855	FG001	FG010
37	EO27-1	sim_L37_M25	10856	FG001	FG002
37	EO27-1	sim_L37_M25	10857	FG001	FG024
37	EO27-1	sim_L37_M25	10858	FG001	FG012
37	EO27-1	sim_L37_M25	10859	FG001	FG021
37	EO27-1	sim_L37_M25	10860	FG001	FG024
37	EO27-1	sim_L37_M25	10861	FG001	FG010
37	EO27-1	sim_L37_M25	10862	FG001	FG002
37	EO27-1	sim_L37_M25	10863	FG001	FG015
8	EO29	sim_L8_M0	10864	FG001	FG029
8	EO29	sim_L8_M0	10865	FG001	FG024
8	EO29	sim_L8_M0	10866	FG001	FG002
8	EO29	sim_L8_M0	10867	FG001	FG024
8	EO29	sim_L8_M0	10868	FG001	FG006
8	EO29	sim_L8_M0	10869	FG001	FG024
8	EO29	sim_L8_M0	10870	FG001	FG024
8	EO29	sim_L8_M0	10871	FG001	FG005
8	EO29	sim_L8_M0	10872	FG001	FG024
8	EO29	sim_L8_M0	10873	FG001	FG019
8	EO29	sim_L8_M0	10874	FG001	FG024
8	EO29	sim_L8_M0	10875	FG001	FG005
8	EO29	sim_L8_M0	10876	FG001	FG018
8	EO29	sim_L8_M0	10877	FG001	FG004
8	EO29	sim_L8_M0	10878	FG001	FG010
8	EO29	sim_L8_M0	10879	FG001	FG002
8	EO29	sim_L8_M0	10880	FG001	FG003
8	EO29	sim_L8_M1	10881	FG001	FG024
8	EO29	sim_L8_M1	10882	FG030	FG002
8	EO29	sim_L8_M1	10883	FG030	FG006
8	EO29	sim_L8_M1	10884	FG030	FG024
8	EO29	sim_L8_M1	10885	FG001	FG017
8	EO29	sim_L8_M1	10886	FG001	FG003
8	EO29	sim_L8_M1	10887	FG030	FG006
8	EO29	sim_L8_M1	10888	FG001	FG006
8	EO29	sim_L8_M1	10889	FG030	FG018
8	EO29	sim_L8_M1	10890	FG030	FG024
8	EO29	sim_L8_M1	10891	FG030	FG024
8	EO29	sim_L8_M1	10892	FG001	FG002
8	EO29	sim_L8_M2	10893	FG001	FG012
8	EO29	sim_L8_M2	10894	FG001	FG024
8	EO29	sim_L8_M2	10895	FG001	FG005
8	EO29	sim_L8_M2	10896	FG001	FG024
8	EO29	sim_L8_M2	10897	FG001	FG024
8	EO29	sim_L8_M2	10898	FG001	FG024
8	EO29	sim_L8_M2	10899	FG001	FG005
8	EO29	sim_L8_M2	10900	FG001	FG008
8	EO29	sim_L8_M2	10901	FG001	FG032
8	EO29	sim_L8_M2	10902	FG001	FG001
8	EO29	sim_L8_M2	10903	FG001	FG024
8	EO29	sim_L8_M2	10904	FG001	FG012
8	EO29	sim_L8_M2	10905	FG001	FG024
8	EO29	sim_L8_M2	10906	FG001	FG002
8	EO29	sim_L8_M2	10907	FG001	FG003
8	EO29	sim_L8_M2	10908	FG001	FG003
8	EO29	sim_L8_M2	10909	FG001	FG024
8	EO29	sim_L8_M3	10910	FG024	FG001
8	EO29	sim_L8_M3	10911	FG024	FG024
8	EO29	sim_L8_M3	10912	FG024	FG002
8	EO29	sim_L8_M3	10913	FG024	FG002
8	EO29	sim_L8_M3	10914	FG006	FG001
8	EO29	sim_L8_M3	10915	FG024	FG017
8	EO29	sim_L8_M3	10916	FG024	FG001
8	EO29	sim_L8_M3	10917	FG006	FG001
8	EO29	sim_L8_M3	10918	FG006	FG003
8	EO29	sim_L8_M3	10919	FG024	FG001
8	EO29	sim_L8_M3	10920	FG024	FG001
8	EO29	sim_L8_M3	10921	FG024	FG001
8	EO29	sim_L8_M3	10922	FG006	FG001
8	EO29	sim_L8_M3	10923	FG024	FG001
8	EO29	sim_L8_M3	10924	FG006	FG001
8	EO29	sim_L8_M3	10925	FG006	FG010
8	EO29	sim_L8_M3	10926	FG006	FG003
8	EO29	sim_L8_M3	10927	FG024	FG001
8	EO29	sim_L8_M3	10928	FG006	FG001
8	EO29	sim_L8_M3	10929	FG024	FG001
8	EO29	sim_L8_M3	10930	FG024	FG001
8	EO29	sim_L8_M3	10931	FG024	FG032
8	EO29	sim_L8_M4	10932	FG019	FG002
8	EO29	sim_L8_M4	10933	FG019	FG023
8	EO29	sim_L8_M4	10934	FG019	FG001
8	EO29	sim_L8_M4	10935	FG019	FG002
8	EO29	sim_L8_M4	10936	FG019	FG001
8	EO29	sim_L8_M4	10937	FG019	FG001
8	EO29	sim_L8_M4	10938	FG019	FG001
8	EO29	sim_L8_M4	10939	FG019	FG024
8	EO29	sim_L8_M4	10940	FG019	FG030
8	EO29	sim_L8_M4	10941	FG006	FG001
8	EO29	sim_L8_M4	10942	FG006	FG024
8	EO29	sim_L8_M4	10943	FG006	FG012
8	EO29	sim_L8_M4	10944	FG019	FG001
8	EO29	sim_L8_M4	10945	FG019	FG024
8	EO29	sim_L8_M4	10946	FG019	FG001
8	EO29	sim_L8_M4	10947	FG006	FG024
8	EO29	sim_L8_M4	10948	FG006	FG001
8	EO29	sim_L8_M4	10949	FG006	FG001
8	EO29	sim_L8_M4	10950	FG019	FG024
8	EO29	sim_L8_M4	10951	FG019	FG001
8	EO29	sim_L8_M4	10952	FG019	FG001
8	EO29	sim_L8_M4	10953	FG019	FG024
8	EO29	sim_L8_M4	10954	FG006	FG001
8	EO29	sim_L8_M4	10955	FG006	FG003
8	EO29	sim_L8_M4	10956	FG019	FG001
8	EO29	sim_L8_M4	10957	FG019	FG001
8	EO29	sim_L8_M4	10958	FG006	FG002
8	EO29	sim_L8_M4	10959	FG006	FG001
8	EO29	sim_L8_M5	10960	FG002	FG024
8	EO29	sim_L8_M5	10961	FG002	FG001
8	EO29	sim_L8_M5	10962	FG002	FG012
8	EO29	sim_L8_M5	10963	FG001	FG024
8	EO29	sim_L8_M5	10964	FG001	FG012
8	EO29	sim_L8_M5	10965	FG002	FG006
8	EO29	sim_L8_M5	10966	FG002	FG012
8	EO29	sim_L8_M5	10967	FG002	FG005
8	EO29	sim_L8_M5	10968	FG001	FG006
8	EO29	sim_L8_M5	10969	FG002	FG024
8	EO29	sim_L8_M5	10970	FG001	FG010
8	EO29	sim_L8_M5	10971	FG002	FG024
8	EO29	sim_L8_M5	10972	FG001	FG024
8	EO29	sim_L8_M5	10973	FG002	FG024
8	EO29	sim_L8_M6	10974	FG024	FG012
8	EO29	sim_L8_M6	10975	FG024	FG002
8	EO29	sim_L8_M6	10976	FG001	FG002
8	EO29	sim_L8_M6	10977	FG024	FG006
8	EO29	sim_L8_M6	10978	FG024	FG002
8	EO29	sim_L8_M6	10979	FG024	FG017
8	EO29	sim_L8_M6	10980	FG001	FG006
8	EO29	sim_L8_M6	10981	FG001	FG023
8	EO29	sim_L8_M6	10982	FG001	FG021
8	EO29	sim_L8_M6	10983	FG001	FG002
8	EO29	sim_L8_M6	10984	FG024	FG027
8	EO29	sim_L8_M6	10985	FG001	FG006
8	EO29	sim_L8_M7	10986	FG024	FG003
8	EO29	sim_L8_M7	10987	FG001	FG019
8	EO29	sim_L8_M7	10988	FG001	FG006
8	EO29	sim_L8_M7	10989	FG001	FG012
8	EO29	sim_L8_M7	10990	FG001	FG006
8	EO29	sim_L8_M7	10991	FG024	FG002
8	EO29	sim_L8_M7	10992	FG001	FG005
8	EO29	sim_L8_M7	10993	FG024	FG002
8	EO29	sim_L8_M7	10994	FG024	FG002
8	EO29	sim_L8_M7	10995	FG001	FG010
8	EO29	sim_L8_M7	10996	FG001	FG006
8	EO29	sim_L8_M7	10997	FG024	FG002
8	EO29	sim_L8_M7	10998	FG024	FG024
8	EO29	sim_L8_M8	10999	FG001	FG002
8	EO29	sim_L8_M8	11000	FG001	FG010
8	EO29	sim_L8_M8	11001	FG006	FG024
8	EO29	sim_L8_M8	11002	FG006	FG001
8	EO29	sim_L8_M8	11003	FG001	FG006
8	EO29	sim_L8_M8	11004	FG006	FG024
8	EO29	sim_L8_M8	11005	FG006	FG005
8	EO29	sim_L8_M8	11006	FG001	FG010
8	EO29	sim_L8_M8	11007	FG001	FG024
8	EO29	sim_L8_M8	11008	FG006	FG024
8	EO29	sim_L8_M8	11009	FG001	FG002
8	EO29	sim_L8_M8	11010	FG001	FG017
8	EO29	sim_L8_M8	11011	FG006	FG021
8	EO29	sim_L8_M8	11012	FG001	FG024
8	EO29	sim_L8_M8	11013	FG006	FG003
8	EO29	sim_L8_M8	11014	FG006	FG031
8	EO29	sim_L8_M8	11015	FG001	FG001
8	EO29	sim_L8_M8	11016	FG006	FG003
8	EO29	sim_L8_M8	11017	FG001	FG024
8	EO29	sim_L8_M8	11018	FG006	FG024
8	EO29	sim_L8_M9	11019	FG001	FG002
8	EO29	sim_L8_M9	11020	FG024	FG006
8	EO29	sim_L8_M9	11021	FG024	FG004
8	EO29	sim_L8_M9	11022	FG024	FG003
8	EO29	sim_L8_M9	11023	FG001	FG006
8	EO29	sim_L8_M9	11024	FG001	FG002
8	EO29	sim_L8_M9	11025	FG024	FG006
8	EO29	sim_L8_M9	11026	FG001	FG021
8	EO29	sim_L8_M9	11027	FG024	FG006
8	EO29	sim_L8_M9	11028	FG024	FG002
8	EO29	sim_L8_M9	11029	FG001	FG002
8	EO29	sim_L8_M9	11030	FG024	FG002
8	EO29	sim_L8_M9	11031	FG024	FG019
8	EO29	sim_L8_M9	11032	FG001	FG003
8	EO29	sim_L8_M9	11033	FG024	FG002
8	EO29	sim_L8_M10	11034	FG002	FG024
8	EO29	sim_L8_M10	11035	FG002	FG024
8	EO29	sim_L8_M10	11036	FG001	FG006
8	EO29	sim_L8_M10	11037	FG002	FG024
8	EO29	sim_L8_M10	11038	FG002	FG023
8	EO29	sim_L8_M10	11039	FG002	FG024
8	EO29	sim_L8_M10	11040	FG002	FG004
8	EO29	sim_L8_M10	11041	FG002	FG001
8	EO29	sim_L8_M10	11042	FG001	FG004
8	EO29	sim_L8_M10	11043	FG002	FG024
8	EO29	sim_L8_M10	11044	FG001	FG010
8	EO29	sim_L8_M10	11045	FG002	FG006
8	EO29	sim_L8_M10	11046	FG002	FG006
8	EO29	sim_L8_M10	11047	FG001	FG001
8	EO29	sim_L8_M10	11048	FG001	FG026
8	EO29	sim_L8_M11	11049	FG024	FG001
8	EO29	sim_L8_M11	11050	FG024	FG001
8	EO29	sim_L8_M11	11051	FG024	FG003
8	EO29	sim_L8_M11	11052	FG024	FG001
8	EO29	sim_L8_M11	11053	FG024	FG001
8	EO29	sim_L8_M11	11054	FG024	FG006
8	EO29	sim_L8_M11	11055	FG024	FG007
8	EO29	sim_L8_M11	11056	FG024	FG001
8	EO29	sim_L8_M11	11057	FG024	FG006
8	EO29	sim_L8_M11	11058	FG024	FG011
8	EO29	sim_L8_M11	11059	FG024	FG021
8	EO29	sim_L8_M11	11060	FG024	FG024
8	EO29	sim_L8_M11	11061	FG024	FG003
8	EO29	sim_L8_M11	11062	FG024	FG006
8	EO29	sim_L8_M11	11063	FG024	FG005
8	EO29	sim_L8_M11	11064	FG024	FG012
8	EO29	sim_L8_M11	11065	FG024	FG001
8	EO29	sim_L8_M11	11066	FG024	FG001
8	EO29	sim_L8_M11	11067	FG024	FG001
8	EO29	sim_L8_M11	11068	FG024	FG002
8	EO29	sim_L8_M11	11069	FG024	FG010
8	EO29	sim_L8_M11	11070	FG024	FG003
8	EO29	sim_L8_M11	11071	FG024	FG027
8	EO29	sim_L8_M12	11072	FG001	FG010
8	EO29	sim_L8_M12	11073	FG024	FG001
8	EO29	sim_L8_M12	11074	FG001	FG001
8	EO29	sim_L8_M12	11075	FG001	FG006
8	EO29	sim_L8_M12	11076	FG001	FG007
8	EO29	sim_L8_M12	11077	FG001	FG002
8	EO29	sim_L8_M12	11078	FG001	FG006
8	EO29	sim_L8_M12	11079	FG001	FG012
8	EO29	sim_L8_M12	11080	FG024	FG006
8	EO29	sim_L8_M12	11081	FG001	FG002
8	EO29	sim_L8_M12	11082	FG024	FG017
8	EO29	sim_L8_M12	11083	FG024	FG019
8	EO29	sim_L8_M12	11084	FG024	FG002
8	EO29	sim_L8_M12	11085	FG024	FG002
8	EO29	sim_L8_M13	11086	FG001	FG006
8	EO29	sim_L8_M13	11087	FG001	FG012
8	EO29	sim_L8_M13	11088	FG001	FG015
8	EO29	sim_L8_M13	11089	FG002	FG024
8	EO29	sim_L8_M13	11090	FG001	FG024
8	EO29	sim_L8_M13	11091	FG002	FG019
8	EO29	sim_L8_M13	11092	FG001	FG024
8	EO29	sim_L8_M13	11093	FG002	FG001
8	EO29	sim_L8_M13	11094	FG002	FG024
8	EO29	sim_L8_M13	11095	FG001	FG003
8	EO29	sim_L8_M13	11096	FG002	FG012
8	EO29	sim_L8_M13	11097	FG001	FG030
8	EO29	sim_L8_M13	11098	FG002	FG024
8	EO29	sim_L8_M13	11099	FG002	FG010
8	EO29	sim_L8_M13	11100	FG002	FG024
8	EO29	sim_L8_M13	11101	FG002	FG023
8	EO29	sim_L8_M14	11102	FG006	FG002
8	EO29	sim_L8_M14	11103	FG006	FG002
8	EO29	sim_L8_M14	11104	FG006	FG024
8	EO29	sim_L8_M14	11105	FG006	FG003
8	EO29	sim_L8_M14	11106	FG006	FG024
8	EO29	sim_L8_M14	11107	FG006	FG002
8	EO29	sim_L8_M14	11108	FG006	FG002
8	EO29	sim_L8_M14	11109	FG006	FG003
8	EO29	sim_L8_M14	11110	FG001	FG002
8	EO29	sim_L8_M14	11111	FG001	FG002
8	EO29	sim_L8_M14	11112	FG001	FG002
8	EO29	sim_L8_M14	11113	FG006	FG003
8	EO29	sim_L8_M14	11114	FG001	FG024
8	EO29	sim_L8_M14	11115	FG001	FG024
8	EO29	sim_L8_M14	11116	FG006	FG024
8	EO29	sim_L8_M15	11117	FG002	FG009
8	EO29	sim_L8_M15	11118	FG002	FG001
8	EO29	sim_L8_M15	11119	FG002	FG005
8	EO29	sim_L8_M15	11120	FG002	FG001
8	EO29	sim_L8_M15	11121	FG002	FG024
8	EO29	sim_L8_M15	11122	FG002	FG024
8	EO29	sim_L8_M15	11123	FG007	FG003
8	EO29	sim_L8_M15	11124	FG002	FG001
8	EO29	sim_L8_M15	11125	FG007	FG001
8	EO29	sim_L8_M15	11126	FG007	FG030
8	EO29	sim_L8_M15	11127	FG002	FG024
8	EO29	sim_L8_M15	11128	FG002	FG001
8	EO29	sim_L8_M15	11129	FG007	FG010
8	EO29	sim_L8_M15	11130	FG002	FG005
8	EO29	sim_L8_M15	11131	FG002	FG024
8	EO29	sim_L8_M15	11132	FG002	FG024
8	EO29	sim_L8_M15	11133	FG007	FG001
8	EO29	sim_L8_M15	11134	FG002	FG001
8	EO29	sim_L8_M15	11135	FG007	FG010
8	EO29	sim_L8_M15	11136	FG007	FG003
8	EO29	sim_L8_M15	11137	FG002	FG001
8	EO29	sim_L8_M15	11138	FG007	FG001
8	EO29	sim_L8_M15	11139	FG002	FG001
8	EO29	sim_L8_M15	11140	FG002	FG001
8	EO29	sim_L8_M15	11141	FG007	FG024
8	EO29	sim_L8_M16	11142	FG001	FG024
8	EO29	sim_L8_M16	11143	FG001	FG024
8	EO29	sim_L8_M16	11144	FG001	FG002
8	EO29	sim_L8_M16	11145	FG001	FG024
8	EO29	sim_L8_M16	11146	FG001	FG010
8	EO29	sim_L8_M16	11147	FG001	FG002
8	EO29	sim_L8_M16	11148	FG001	FG001
8	EO29	sim_L8_M16	11149	FG001	FG012
8	EO29	sim_L8_M16	11150	FG001	FG023
8	EO29	sim_L8_M16	11151	FG001	FG017
8	EO29	sim_L8_M16	11152	FG001	FG024
8	EO29	sim_L8_M16	11153	FG001	FG024
8	EO29	sim_L8_M16	11154	FG001	FG002
8	EO29	sim_L8_M16	11155	FG001	FG024
8	EO29	sim_L8_M17	11156	FG024	FG006
8	EO29	sim_L8_M17	11157	FG030	FG001
8	EO29	sim_L8_M17	11158	FG030	FG004
8	EO29	sim_L8_M17	11159	FG030	FG001
8	EO29	sim_L8_M17	11160	FG030	FG001
8	EO29	sim_L8_M17	11161	FG024	FG001
8	EO29	sim_L8_M17	11162	FG030	FG001
8	EO29	sim_L8_M17	11163	FG024	FG006
8	EO29	sim_L8_M17	11164	FG024	FG001
8	EO29	sim_L8_M17	11165	FG024	FG001
8	EO29	sim_L8_M17	11166	FG030	FG001
8	EO29	sim_L8_M17	11167	FG024	FG007
8	EO29	sim_L8_M17	11168	FG030	FG024
8	EO29	sim_L8_M17	11169	FG030	FG001
8	EO29	sim_L8_M17	11170	FG030	FG006
8	EO29	sim_L8_M17	11171	FG030	FG004
8	EO29	sim_L8_M17	11172	FG030	FG001
8	EO29	sim_L8_M17	11173	FG024	FG001
8	EO29	sim_L8_M17	11174	FG030	FG001
8	EO29	sim_L8_M17	11175	FG024	FG012
8	EO29	sim_L8_M17	11176	FG024	FG001
8	EO29	sim_L8_M17	11177	FG030	FG001
8	EO29	sim_L8_M17	11178	FG024	FG001
8	EO29	sim_L8_M17	11179	FG030	FG001
8	EO29	sim_L8_M17	11180	FG030	FG015
8	EO29	sim_L8_M17	11181	FG030	FG001
8	EO29	sim_L8_M17	11182	FG030	FG001
8	EO29	sim_L8_M17	11183	FG024	FG012
8	EO29	sim_L8_M17	11184	FG030	FG001
8	EO29	sim_L8_M18	11185	FG001	FG001
8	EO29	sim_L8_M18	11186	FG001	FG024
8	EO29	sim_L8_M18	11187	FG001	FG002
8	EO29	sim_L8_M18	11188	FG001	FG024
8	EO29	sim_L8_M18	11189	FG001	FG024
8	EO29	sim_L8_M18	11190	FG001	FG001
8	EO29	sim_L8_M18	11191	FG001	FG006
8	EO29	sim_L8_M18	11192	FG001	FG002
8	EO29	sim_L8_M18	11193	FG001	FG002
8	EO29	sim_L8_M18	11194	FG001	FG015
8	EO29	sim_L8_M18	11195	FG001	FG024
8	EO29	sim_L8_M18	11196	FG001	FG024
8	EO29	sim_L8_M18	11197	FG001	FG014
8	EO29	sim_L8_M18	11198	FG001	FG021
8	EO29	sim_L8_M18	11199	FG001	FG002
8	EO29	sim_L8_M18	11200	FG001	FG024
8	EO29	sim_L8_M18	11201	FG001	FG002
8	EO29	sim_L8_M18	11202	FG001	FG006
8	EO29	sim_L8_M18	11203	FG001	FG019
8	EO29	sim_L8_M18	11204	FG001	FG024
8	EO29	sim_L8_M18	11205	FG001	FG024
8	EO29	sim_L8_M19	11206	FG012	FG002
8	EO29	sim_L8_M19	11207	FG012	FG024
8	EO29	sim_L8_M19	11208	FG024	FG024
8	EO29	sim_L8_M19	11209	FG024	FG001
8	EO29	sim_L8_M19	11210	FG024	FG002
8	EO29	sim_L8_M19	11211	FG012	FG002
8	EO29	sim_L8_M19	11212	FG012	FG001
8	EO29	sim_L8_M19	11213	FG024	FG006
8	EO29	sim_L8_M19	11214	FG024	FG010
8	EO29	sim_L8_M19	11215	FG024	FG021
8	EO29	sim_L8_M19	11216	FG024	FG001
8	EO29	sim_L8_M19	11217	FG024	FG032
8	EO29	sim_L8_M19	11218	FG024	FG001
8	EO29	sim_L8_M19	11219	FG024	FG026
8	EO29	sim_L8_M19	11220	FG024	FG001
8	EO29	sim_L8_M19	11221	FG012	FG001
8	EO29	sim_L8_M19	11222	FG012	FG001
8	EO29	sim_L8_M19	11223	FG024	FG001
8	EO29	sim_L8_M19	11224	FG024	FG001
8	EO29	sim_L8_M19	11225	FG024	FG001
8	EO29	sim_L8_M19	11226	FG024	FG002
8	EO29	sim_L8_M19	11227	FG024	FG019
8	EO29	sim_L8_M19	11228	FG024	FG001
8	EO29	sim_L8_M19	11229	FG012	FG006
8	EO29	sim_L8_M20	11230	FG024	FG018
8	EO29	sim_L8_M20	11231	FG002	FG001
8	EO29	sim_L8_M20	11232	FG024	FG012
8	EO29	sim_L8_M20	11233	FG024	FG018
8	EO29	sim_L8_M20	11234	FG002	FG001
8	EO29	sim_L8_M20	11235	FG002	FG001
8	EO29	sim_L8_M20	11236	FG002	FG001
8	EO29	sim_L8_M20	11237	FG024	FG004
8	EO29	sim_L8_M20	11238	FG002	FG010
8	EO29	sim_L8_M20	11239	FG002	FG001
8	EO29	sim_L8_M20	11240	FG002	FG001
8	EO29	sim_L8_M20	11241	FG002	FG024
8	EO29	sim_L8_M20	11242	FG002	FG001
8	EO29	sim_L8_M20	11243	FG002	FG001
8	EO29	sim_L8_M20	11244	FG002	FG023
8	EO29	sim_L8_M20	11245	FG002	FG006
8	EO29	sim_L8_M20	11246	FG002	FG010
8	EO29	sim_L8_M20	11247	FG002	FG001
8	EO29	sim_L8_M21	11248	FG002	FG001
8	EO29	sim_L8_M21	11249	FG002	FG005
8	EO29	sim_L8_M21	11250	FG004	FG024
8	EO29	sim_L8_M21	11251	FG004	FG006
8	EO29	sim_L8_M21	11252	FG004	FG024
8	EO29	sim_L8_M21	11253	FG002	FG001
8	EO29	sim_L8_M21	11254	FG004	FG005
8	EO29	sim_L8_M21	11255	FG004	FG015
8	EO29	sim_L8_M21	11256	FG004	FG001
8	EO29	sim_L8_M21	11257	FG004	FG030
8	EO29	sim_L8_M21	11258	FG004	FG001
8	EO29	sim_L8_M21	11259	FG004	FG001
8	EO29	sim_L8_M21	11260	FG002	FG001
8	EO29	sim_L8_M21	11261	FG004	FG024
8	EO29	sim_L8_M21	11262	FG002	FG003
8	EO29	sim_L8_M21	11263	FG004	FG001
8	EO29	sim_L8_M21	11264	FG004	FG005
8	EO29	sim_L8_M21	11265	FG002	FG024
8	EO29	sim_L8_M21	11266	FG002	FG024
8	EO29	sim_L8_M21	11267	FG004	FG024
8	EO29	sim_L8_M21	11268	FG002	FG001
8	EO29	sim_L8_M21	11269	FG002	FG001
8	EO29	sim_L8_M21	11270	FG002	FG009
8	EO29	sim_L8_M21	11271	FG002	FG024
8	EO29	sim_L8_M21	11272	FG002	FG024
6	EO32	sim_L6_M0	11273	FG001	FG024
6	EO32	sim_L6_M0	11274	FG001	FG006
6	EO32	sim_L6_M0	11275	FG001	FG002
6	EO32	sim_L6_M0	11276	FG001	FG024
6	EO32	sim_L6_M0	11277	FG001	FG002
6	EO32	sim_L6_M0	11278	FG001	FG018
6	EO32	sim_L6_M0	11279	FG001	FG006
6	EO32	sim_L6_M0	11280	FG001	FG015
6	EO32	sim_L6_M0	11281	FG001	FG018
6	EO32	sim_L6_M0	11282	FG001	FG024
6	EO32	sim_L6_M0	11283	FG001	FG024
6	EO32	sim_L6_M0	11284	FG001	FG005
6	EO32	sim_L6_M0	11285	FG001	FG024
6	EO32	sim_L6_M0	11286	FG001	FG024
6	EO32	sim_L6_M0	11287	FG001	FG001
6	EO32	sim_L6_M0	11288	FG001	FG017
6	EO32	sim_L6_M1	11289	FG001	FG018
6	EO32	sim_L6_M1	11290	FG001	FG009
6	EO32	sim_L6_M1	11291	FG001	FG015
6	EO32	sim_L6_M1	11292	FG021	FG003
6	EO32	sim_L6_M1	11293	FG021	FG024
6	EO32	sim_L6_M1	11294	FG021	FG024
6	EO32	sim_L6_M1	11295	FG001	FG024
6	EO32	sim_L6_M1	11296	FG001	FG002
6	EO32	sim_L6_M1	11297	FG021	FG024
6	EO32	sim_L6_M1	11298	FG021	FG024
6	EO32	sim_L6_M1	11299	FG021	FG024
6	EO32	sim_L6_M1	11300	FG021	FG015
6	EO32	sim_L6_M1	11301	FG021	FG024
6	EO32	sim_L6_M1	11302	FG021	FG004
6	EO32	sim_L6_M1	11303	FG021	FG003
6	EO32	sim_L6_M2	11304	FG001	FG019
6	EO32	sim_L6_M2	11305	FG001	FG024
6	EO32	sim_L6_M2	11306	FG001	FG001
6	EO32	sim_L6_M2	11307	FG001	FG024
6	EO32	sim_L6_M2	11308	FG001	FG031
6	EO32	sim_L6_M2	11309	FG001	FG014
6	EO32	sim_L6_M2	11310	FG001	FG010
6	EO32	sim_L6_M2	11311	FG001	FG024
6	EO32	sim_L6_M2	11312	FG001	FG010
6	EO32	sim_L6_M2	11313	FG001	FG024
6	EO32	sim_L6_M2	11314	FG001	FG012
6	EO32	sim_L6_M2	11315	FG001	FG003
6	EO32	sim_L6_M2	11316	FG001	FG021
6	EO32	sim_L6_M2	11317	FG001	FG003
6	EO32	sim_L6_M2	11318	FG001	FG010
6	EO32	sim_L6_M2	11319	FG001	FG024
6	EO32	sim_L6_M2	11320	FG001	FG012
6	EO32	sim_L6_M2	11321	FG001	FG023
6	EO32	sim_L6_M2	11322	FG001	FG024
6	EO32	sim_L6_M2	11323	FG001	FG012
6	EO32	sim_L6_M2	11324	FG001	FG016
6	EO32	sim_L6_M3	11325	FG030	FG001
6	EO32	sim_L6_M3	11326	FG024	FG006
6	EO32	sim_L6_M3	11327	FG024	FG001
6	EO32	sim_L6_M3	11328	FG024	FG001
6	EO32	sim_L6_M3	11329	FG024	FG006
6	EO32	sim_L6_M3	11330	FG024	FG006
6	EO32	sim_L6_M3	11331	FG030	FG024
6	EO32	sim_L6_M3	11332	FG024	FG001
6	EO32	sim_L6_M3	11333	FG024	FG001
6	EO32	sim_L6_M3	11334	FG024	FG001
6	EO32	sim_L6_M3	11335	FG030	FG006
6	EO32	sim_L6_M3	11336	FG030	FG001
6	EO32	sim_L6_M3	11337	FG024	FG002
6	EO32	sim_L6_M3	11338	FG030	FG001
6	EO32	sim_L6_M3	11339	FG024	FG002
6	EO32	sim_L6_M3	11340	FG030	FG001
6	EO32	sim_L6_M3	11341	FG030	FG006
6	EO32	sim_L6_M3	11342	FG024	FG002
6	EO32	sim_L6_M3	11343	FG024	FG009
6	EO32	sim_L6_M3	11344	FG024	FG006
6	EO32	sim_L6_M3	11345	FG030	FG001
6	EO32	sim_L6_M3	11346	FG024	FG001
6	EO32	sim_L6_M3	11347	FG030	FG001
6	EO32	sim_L6_M3	11348	FG024	FG001
6	EO32	sim_L6_M3	11349	FG030	FG001
6	EO32	sim_L6_M4	11350	FG001	FG024
6	EO32	sim_L6_M4	11351	FG001	FG021
6	EO32	sim_L6_M4	11352	FG001	FG024
6	EO32	sim_L6_M4	11353	FG001	FG024
6	EO32	sim_L6_M4	11354	FG001	FG017
6	EO32	sim_L6_M4	11355	FG002	FG003
6	EO32	sim_L6_M4	11356	FG002	FG009
6	EO32	sim_L6_M4	11357	FG002	FG002
6	EO32	sim_L6_M4	11358	FG001	FG024
6	EO32	sim_L6_M4	11359	FG001	FG006
6	EO32	sim_L6_M4	11360	FG002	FG003
6	EO32	sim_L6_M4	11361	FG002	FG029
6	EO32	sim_L6_M4	11362	FG002	FG024
6	EO32	sim_L6_M4	11363	FG001	FG024
6	EO32	sim_L6_M5	11364	FG001	FG010
6	EO32	sim_L6_M5	11365	FG024	FG005
6	EO32	sim_L6_M5	11366	FG001	FG001
6	EO32	sim_L6_M5	11367	FG001	FG005
6	EO32	sim_L6_M5	11368	FG024	FG003
6	EO32	sim_L6_M5	11369	FG001	FG006
6	EO32	sim_L6_M5	11370	FG024	FG030
6	EO32	sim_L6_M5	11371	FG001	FG002
6	EO32	sim_L6_M5	11372	FG024	FG019
6	EO32	sim_L6_M5	11373	FG024	FG012
6	EO32	sim_L6_M5	11374	FG024	FG013
6	EO32	sim_L6_M5	11375	FG001	FG002
6	EO32	sim_L6_M5	11376	FG001	FG010
6	EO32	sim_L6_M6	11377	FG001	FG024
6	EO32	sim_L6_M6	11378	FG001	FG010
6	EO32	sim_L6_M6	11379	FG001	FG024
6	EO32	sim_L6_M6	11380	FG002	FG005
6	EO32	sim_L6_M6	11381	FG002	FG006
6	EO32	sim_L6_M6	11382	FG002	FG020
6	EO32	sim_L6_M6	11383	FG001	FG024
6	EO32	sim_L6_M6	11384	FG001	FG024
6	EO32	sim_L6_M6	11385	FG002	FG024
6	EO32	sim_L6_M6	11386	FG001	FG024
6	EO32	sim_L6_M6	11387	FG002	FG024
6	EO32	sim_L6_M6	11388	FG002	FG024
6	EO32	sim_L6_M6	11389	FG002	FG024
6	EO32	sim_L6_M6	11390	FG002	FG002
6	EO32	sim_L6_M6	11391	FG001	FG019
6	EO32	sim_L6_M7	11392	FG001	FG031
6	EO32	sim_L6_M7	11393	FG001	FG017
6	EO32	sim_L6_M7	11394	FG001	FG002
6	EO32	sim_L6_M7	11395	FG010	FG006
6	EO32	sim_L6_M7	11396	FG001	FG024
6	EO32	sim_L6_M7	11397	FG010	FG002
6	EO32	sim_L6_M7	11398	FG010	FG002
6	EO32	sim_L6_M7	11399	FG010	FG024
6	EO32	sim_L6_M7	11400	FG010	FG001
6	EO32	sim_L6_M7	11401	FG001	FG012
6	EO32	sim_L6_M7	11402	FG001	FG024
6	EO32	sim_L6_M7	11403	FG010	FG003
6	EO32	sim_L6_M7	11404	FG010	FG001
6	EO32	sim_L6_M7	11405	FG001	FG006
6	EO32	sim_L6_M7	11406	FG010	FG004
6	EO32	sim_L6_M7	11407	FG010	FG024
6	EO32	sim_L6_M7	11408	FG010	FG006
6	EO32	sim_L6_M8	11409	FG021	FG001
6	EO32	sim_L6_M8	11410	FG002	FG001
6	EO32	sim_L6_M8	11411	FG002	FG001
6	EO32	sim_L6_M8	11412	FG021	FG001
6	EO32	sim_L6_M8	11413	FG002	FG006
6	EO32	sim_L6_M8	11414	FG002	FG009
6	EO32	sim_L6_M8	11415	FG002	FG001
6	EO32	sim_L6_M8	11416	FG002	FG001
6	EO32	sim_L6_M8	11417	FG021	FG001
6	EO32	sim_L6_M8	11418	FG021	FG006
6	EO32	sim_L6_M8	11419	FG002	FG001
6	EO32	sim_L6_M8	11420	FG021	FG001
6	EO32	sim_L6_M8	11421	FG021	FG001
6	EO32	sim_L6_M8	11422	FG021	FG012
6	EO32	sim_L6_M8	11423	FG021	FG001
6	EO32	sim_L6_M8	11424	FG021	FG001
6	EO32	sim_L6_M8	11425	FG002	FG024
6	EO32	sim_L6_M8	11426	FG021	FG001
6	EO32	sim_L6_M8	11427	FG021	FG019
6	EO32	sim_L6_M8	11428	FG002	FG024
6	EO32	sim_L6_M8	11429	FG021	FG024
6	EO32	sim_L6_M8	11430	FG021	FG001
6	EO32	sim_L6_M8	11431	FG021	FG024
6	EO32	sim_L6_M8	11432	FG002	FG024
6	EO32	sim_L6_M8	11433	FG002	FG024
6	EO32	sim_L6_M8	11434	FG002	FG024
6	EO32	sim_L6_M9	11435	FG009	FG015
6	EO32	sim_L6_M9	11436	FG001	FG030
6	EO32	sim_L6_M9	11437	FG009	FG001
6	EO32	sim_L6_M9	11438	FG001	FG024
6	EO32	sim_L6_M9	11439	FG009	FG021
6	EO32	sim_L6_M9	11440	FG001	FG024
6	EO32	sim_L6_M9	11441	FG009	FG012
6	EO32	sim_L6_M9	11442	FG009	FG024
6	EO32	sim_L6_M9	11443	FG001	FG005
6	EO32	sim_L6_M9	11444	FG009	FG005
6	EO32	sim_L6_M9	11445	FG001	FG010
6	EO32	sim_L6_M9	11446	FG009	FG005
6	EO32	sim_L6_M9	11447	FG001	FG001
6	EO32	sim_L6_M9	11448	FG001	FG019
6	EO32	sim_L6_M9	11449	FG009	FG002
6	EO32	sim_L6_M9	11450	FG001	FG024
6	EO32	sim_L6_M9	11451	FG001	FG006
6	EO32	sim_L6_M9	11452	FG009	FG006
6	EO32	sim_L6_M9	11453	FG009	FG017
6	EO32	sim_L6_M10	11454	FG001	FG024
6	EO32	sim_L6_M10	11455	FG001	FG005
6	EO32	sim_L6_M10	11456	FG001	FG017
6	EO32	sim_L6_M10	11457	FG001	FG024
6	EO32	sim_L6_M10	11458	FG001	FG019
6	EO32	sim_L6_M10	11459	FG001	FG002
6	EO32	sim_L6_M10	11460	FG001	FG004
6	EO32	sim_L6_M10	11461	FG001	FG024
6	EO32	sim_L6_M10	11462	FG001	FG002
6	EO32	sim_L6_M10	11463	FG001	FG024
6	EO32	sim_L6_M10	11464	FG001	FG001
6	EO32	sim_L6_M10	11465	FG001	FG024
6	EO32	sim_L6_M10	11466	FG001	FG006
6	EO32	sim_L6_M10	11467	FG001	FG026
6	EO32	sim_L6_M10	11468	FG001	FG006
6	EO32	sim_L6_M10	11469	FG001	FG024
6	EO32	sim_L6_M10	11470	FG001	FG001
6	EO32	sim_L6_M10	11471	FG001	FG027
6	EO32	sim_L6_M11	11472	FG001	FG002
6	EO32	sim_L6_M11	11473	FG001	FG024
6	EO32	sim_L6_M11	11474	FG001	FG001
6	EO32	sim_L6_M11	11475	FG001	FG024
6	EO32	sim_L6_M11	11476	FG001	FG021
6	EO32	sim_L6_M11	11477	FG001	FG017
6	EO32	sim_L6_M11	11478	FG001	FG006
6	EO32	sim_L6_M11	11479	FG001	FG024
6	EO32	sim_L6_M11	11480	FG001	FG002
6	EO32	sim_L6_M11	11481	FG001	FG003
6	EO32	sim_L6_M11	11482	FG001	FG012
6	EO32	sim_L6_M11	11483	FG001	FG024
6	EO32	sim_L6_M11	11484	FG001	FG003
6	EO32	sim_L6_M11	11485	FG001	FG022
6	EO32	sim_L6_M11	11486	FG001	FG002
6	EO32	sim_L6_M12	11487	FG024	FG001
6	EO32	sim_L6_M12	11488	FG024	FG006
6	EO32	sim_L6_M12	11489	FG024	FG002
6	EO32	sim_L6_M12	11490	FG024	FG006
6	EO32	sim_L6_M12	11491	FG024	FG001
6	EO32	sim_L6_M12	11492	FG024	FG001
6	EO32	sim_L6_M12	11493	FG024	FG002
6	EO32	sim_L6_M12	11494	FG024	FG001
6	EO32	sim_L6_M12	11495	FG024	FG002
6	EO32	sim_L6_M12	11496	FG024	FG002
6	EO32	sim_L6_M12	11497	FG024	FG002
6	EO32	sim_L6_M12	11498	FG024	FG006
6	EO32	sim_L6_M12	11499	FG024	FG007
6	EO32	sim_L6_M12	11500	FG024	FG001
6	EO32	sim_L6_M12	11501	FG024	FG001
6	EO32	sim_L6_M12	11502	FG024	FG001
6	EO32	sim_L6_M12	11503	FG024	FG021
6	EO32	sim_L6_M12	11504	FG024	FG006
6	EO32	sim_L6_M12	11505	FG024	FG002
6	EO32	sim_L6_M12	11506	FG024	FG004
6	EO32	sim_L6_M12	11507	FG024	FG010
6	EO32	sim_L6_M12	11508	FG024	FG001
6	EO32	sim_L6_M12	11509	FG024	FG001
6	EO32	sim_L6_M12	11510	FG024	FG012
6	EO32	sim_L6_M12	11511	FG024	FG001
6	EO32	sim_L6_M12	11512	FG024	FG001
6	EO32	sim_L6_M12	11513	FG024	FG001
6	EO32	sim_L6_M13	11514	FG001	FG009
6	EO32	sim_L6_M13	11515	FG001	FG024
6	EO32	sim_L6_M13	11516	FG001	FG024
6	EO32	sim_L6_M13	11517	FG001	FG011
6	EO32	sim_L6_M13	11518	FG001	FG001
6	EO32	sim_L6_M13	11519	FG001	FG019
6	EO32	sim_L6_M13	11520	FG001	FG021
6	EO32	sim_L6_M13	11521	FG001	FG002
6	EO32	sim_L6_M13	11522	FG001	FG006
6	EO32	sim_L6_M13	11523	FG001	FG024
6	EO32	sim_L6_M13	11524	FG001	FG006
6	EO32	sim_L6_M13	11525	FG001	FG003
6	EO32	sim_L6_M13	11526	FG001	FG010
6	EO32	sim_L6_M13	11527	FG001	FG015
6	EO32	sim_L6_M13	11528	FG001	FG017
6	EO32	sim_L6_M13	11529	FG001	FG008
6	EO32	sim_L6_M13	11530	FG001	FG024
6	EO32	sim_L6_M14	11531	FG002	FG024
6	EO32	sim_L6_M14	11532	FG001	FG024
6	EO32	sim_L6_M14	11533	FG001	FG006
6	EO32	sim_L6_M14	11534	FG001	FG002
6	EO32	sim_L6_M14	11535	FG001	FG021
6	EO32	sim_L6_M14	11536	FG001	FG010
6	EO32	sim_L6_M14	11537	FG001	FG006
6	EO32	sim_L6_M14	11538	FG001	FG009
6	EO32	sim_L6_M14	11539	FG002	FG004
6	EO32	sim_L6_M14	11540	FG001	FG004
6	EO32	sim_L6_M14	11541	FG002	FG004
6	EO32	sim_L6_M14	11542	FG002	FG021
6	EO32	sim_L6_M14	11543	FG001	FG006
6	EO32	sim_L6_M14	11544	FG002	FG006
6	EO32	sim_L6_M15	11545	FG017	FG003
6	EO32	sim_L6_M15	11546	FG017	FG024
6	EO32	sim_L6_M15	11547	FG001	FG024
6	EO32	sim_L6_M15	11548	FG001	FG002
6	EO32	sim_L6_M15	11549	FG017	FG019
6	EO32	sim_L6_M15	11550	FG001	FG024
6	EO32	sim_L6_M15	11551	FG017	FG002
6	EO32	sim_L6_M15	11552	FG017	FG003
6	EO32	sim_L6_M15	11553	FG001	FG019
6	EO32	sim_L6_M15	11554	FG001	FG024
6	EO32	sim_L6_M15	11555	FG017	FG024
6	EO32	sim_L6_M15	11556	FG017	FG024
6	EO32	sim_L6_M16	11557	FG002	FG003
6	EO32	sim_L6_M16	11558	FG002	FG021
6	EO32	sim_L6_M16	11559	FG001	FG006
6	EO32	sim_L6_M16	11560	FG001	FG003
6	EO32	sim_L6_M16	11561	FG001	FG006
6	EO32	sim_L6_M16	11562	FG002	FG021
6	EO32	sim_L6_M16	11563	FG002	FG012
6	EO32	sim_L6_M16	11564	FG001	FG009
6	EO32	sim_L6_M16	11565	FG002	FG021
6	EO32	sim_L6_M16	11566	FG001	FG024
6	EO32	sim_L6_M16	11567	FG001	FG024
6	EO32	sim_L6_M16	11568	FG002	FG006
6	EO32	sim_L6_M16	11569	FG001	FG010
6	EO32	sim_L6_M17	11570	FG001	FG024
6	EO32	sim_L6_M17	11571	FG001	FG012
6	EO32	sim_L6_M17	11572	FG001	FG024
6	EO32	sim_L6_M17	11573	FG001	FG001
6	EO32	sim_L6_M17	11574	FG001	FG005
6	EO32	sim_L6_M17	11575	FG001	FG002
6	EO32	sim_L6_M17	11576	FG001	FG006
6	EO32	sim_L6_M17	11577	FG001	FG002
6	EO32	sim_L6_M17	11578	FG001	FG024
6	EO32	sim_L6_M17	11579	FG001	FG008
6	EO32	sim_L6_M17	11580	FG001	FG003
6	EO32	sim_L6_M17	11581	FG001	FG024
6	EO32	sim_L6_M17	11582	FG001	FG024
6	EO32	sim_L6_M17	11583	FG001	FG015
6	EO32	sim_L6_M17	11584	FG001	FG024
6	EO32	sim_L6_M17	11585	FG001	FG006
6	EO32	sim_L6_M17	11586	FG001	FG002
6	EO32	sim_L6_M17	11587	FG001	FG002
6	EO32	sim_L6_M18	11588	FG001	FG005
6	EO32	sim_L6_M18	11589	FG024	FG002
6	EO32	sim_L6_M18	11590	FG001	FG006
6	EO32	sim_L6_M18	11591	FG024	FG002
6	EO32	sim_L6_M18	11592	FG001	FG012
6	EO32	sim_L6_M18	11593	FG001	FG002
6	EO32	sim_L6_M18	11594	FG001	FG012
6	EO32	sim_L6_M18	11595	FG024	FG023
6	EO32	sim_L6_M18	11596	FG024	FG002
6	EO32	sim_L6_M18	11597	FG001	FG003
6	EO32	sim_L6_M18	11598	FG001	FG004
6	EO32	sim_L6_M18	11599	FG001	FG022
6	EO32	sim_L6_M18	11600	FG024	FG006
6	EO32	sim_L6_M18	11601	FG001	FG006
6	EO32	sim_L6_M18	11602	FG024	FG021
6	EO32	sim_L6_M19	11603	FG013	FG002
6	EO32	sim_L6_M19	11604	FG001	FG007
6	EO32	sim_L6_M19	11605	FG001	FG024
6	EO32	sim_L6_M19	11606	FG013	FG004
6	EO32	sim_L6_M19	11607	FG001	FG024
6	EO32	sim_L6_M19	11608	FG013	FG024
6	EO32	sim_L6_M19	11609	FG001	FG002
6	EO32	sim_L6_M19	11610	FG013	FG012
6	EO32	sim_L6_M19	11611	FG013	FG017
6	EO32	sim_L6_M19	11612	FG013	FG012
6	EO32	sim_L6_M19	11613	FG013	FG021
6	EO32	sim_L6_M19	11614	FG013	FG024
6	EO32	sim_L6_M19	11615	FG013	FG024
6	EO32	sim_L6_M19	11616	FG013	FG006
6	EO32	sim_L6_M19	11617	FG001	FG002
6	EO32	sim_L6_M19	11618	FG013	FG024
6	EO32	sim_L6_M19	11619	FG001	FG002
6	EO32	sim_L6_M20	11620	FG017	FG010
6	EO32	sim_L6_M20	11621	FG017	FG024
6	EO32	sim_L6_M20	11622	FG017	FG001
6	EO32	sim_L6_M20	11623	FG017	FG024
6	EO32	sim_L6_M20	11624	FG006	FG001
6	EO32	sim_L6_M20	11625	FG006	FG010
6	EO32	sim_L6_M20	11626	FG006	FG001
6	EO32	sim_L6_M20	11627	FG006	FG001
6	EO32	sim_L6_M20	11628	FG017	FG006
6	EO32	sim_L6_M20	11629	FG006	FG001
6	EO32	sim_L6_M20	11630	FG017	FG002
6	EO32	sim_L6_M20	11631	FG006	FG002
6	EO32	sim_L6_M20	11632	FG017	FG001
6	EO32	sim_L6_M20	11633	FG017	FG024
6	EO32	sim_L6_M20	11634	FG006	FG024
6	EO32	sim_L6_M20	11635	FG006	FG001
6	EO32	sim_L6_M20	11636	FG006	FG001
6	EO32	sim_L6_M20	11637	FG017	FG001
6	EO32	sim_L6_M20	11638	FG017	FG001
6	EO32	sim_L6_M20	11639	FG017	FG001
6	EO32	sim_L6_M20	11640	FG017	FG002
6	EO32	sim_L6_M20	11641	FG017	FG024
6	EO32	sim_L6_M20	11642	FG017	FG029
6	EO32	sim_L6_M20	11643	FG006	FG023
6	EO32	sim_L6_M21	11644	FG002	FG001
6	EO32	sim_L6_M21	11645	FG001	FG006
6	EO32	sim_L6_M21	11646	FG001	FG021
6	EO32	sim_L6_M21	11647	FG001	FG024
6	EO32	sim_L6_M21	11648	FG001	FG024
6	EO32	sim_L6_M21	11649	FG001	FG014
6	EO32	sim_L6_M21	11650	FG002	FG024
6	EO32	sim_L6_M21	11651	FG001	FG024
6	EO32	sim_L6_M21	11652	FG002	FG012
6	EO32	sim_L6_M21	11653	FG001	FG024
6	EO32	sim_L6_M21	11654	FG002	FG010
6	EO32	sim_L6_M21	11655	FG001	FG003
6	EO32	sim_L6_M21	11656	FG001	FG006
6	EO32	sim_L6_M21	11657	FG002	FG003
6	EO32	sim_L6_M22	11658	FG023	FG015
6	EO32	sim_L6_M22	11659	FG023	FG001
6	EO32	sim_L6_M22	11660	FG023	FG002
6	EO32	sim_L6_M22	11661	FG024	FG001
6	EO32	sim_L6_M22	11662	FG023	FG001
6	EO32	sim_L6_M22	11663	FG023	FG001
6	EO32	sim_L6_M22	11664	FG023	FG002
6	EO32	sim_L6_M22	11665	FG023	FG003
6	EO32	sim_L6_M22	11666	FG024	FG001
6	EO32	sim_L6_M22	11667	FG023	FG001
6	EO32	sim_L6_M22	11668	FG024	FG019
6	EO32	sim_L6_M22	11669	FG023	FG001
6	EO32	sim_L6_M22	11670	FG023	FG001
6	EO32	sim_L6_M22	11671	FG024	FG015
6	EO32	sim_L6_M22	11672	FG024	FG006
6	EO32	sim_L6_M22	11673	FG023	FG001
6	EO32	sim_L6_M22	11674	FG023	FG024
6	EO32	sim_L6_M22	11675	FG024	FG001
6	EO32	sim_L6_M22	11676	FG023	FG006
6	EO32	sim_L6_M22	11677	FG024	FG001
6	EO32	sim_L6_M22	11678	FG024	FG021
6	EO32	sim_L6_M22	11679	FG024	FG001
6	EO32	sim_L6_M23	11680	FG024	FG019
6	EO32	sim_L6_M23	11681	FG024	FG010
6	EO32	sim_L6_M23	11682	FG001	FG002
6	EO32	sim_L6_M23	11683	FG024	FG008
6	EO32	sim_L6_M23	11684	FG024	FG002
6	EO32	sim_L6_M23	11685	FG024	FG003
6	EO32	sim_L6_M23	11686	FG024	FG002
6	EO32	sim_L6_M23	11687	FG001	FG001
6	EO32	sim_L6_M23	11688	FG001	FG002
6	EO32	sim_L6_M23	11689	FG001	FG015
6	EO32	sim_L6_M23	11690	FG001	FG023
6	EO32	sim_L6_M23	11691	FG001	FG012
6	EO32	sim_L6_M23	11692	FG001	FG002
6	EO32	sim_L6_M23	11693	FG001	FG015
6	EO32	sim_L6_M23	11694	FG001	FG001
6	EO32	sim_L6_M24	11695	FG001	FG014
6	EO32	sim_L6_M24	11696	FG001	FG004
6	EO32	sim_L6_M24	11697	FG001	FG024
6	EO32	sim_L6_M24	11698	FG001	FG019
6	EO32	sim_L6_M24	11699	FG001	FG024
6	EO32	sim_L6_M24	11700	FG001	FG002
6	EO32	sim_L6_M24	11701	FG001	FG002
6	EO32	sim_L6_M24	11702	FG001	FG024
6	EO32	sim_L6_M24	11703	FG001	FG002
6	EO32	sim_L6_M24	11704	FG001	FG016
6	EO32	sim_L6_M24	11705	FG001	FG024
6	EO32	sim_L6_M24	11706	FG001	FG011
6	EO32	sim_L6_M24	11707	FG001	FG021
6	EO32	sim_L6_M24	11708	FG001	FG012
6	EO32	sim_L6_M24	11709	FG001	FG024
6	EO32	sim_L6_M24	11710	FG001	FG024
6	EO32	sim_L6_M24	11711	FG001	FG006
6	EO32	sim_L6_M24	11712	FG001	FG015
6	EO32	sim_L6_M25	11713	FG001	FG004
6	EO32	sim_L6_M25	11714	FG012	FG006
6	EO32	sim_L6_M25	11715	FG012	FG024
6	EO32	sim_L6_M25	11716	FG012	FG017
6	EO32	sim_L6_M25	11717	FG001	FG005
6	EO32	sim_L6_M25	11718	FG001	FG001
6	EO32	sim_L6_M25	11719	FG012	FG003
6	EO32	sim_L6_M25	11720	FG001	FG002
6	EO32	sim_L6_M25	11721	FG012	FG024
6	EO32	sim_L6_M25	11722	FG012	FG017
6	EO32	sim_L6_M25	11723	FG012	FG021
6	EO32	sim_L6_M25	11724	FG001	FG024
6	EO32	sim_L6_M25	11725	FG001	FG016
6	EO32	sim_L6_M25	11726	FG012	FG018
6	EO32	sim_L6_M25	11727	FG012	FG002
6	EO32	sim_L6_M25	11728	FG001	FG006
6	EO32	sim_L6_M25	11729	FG012	FG024
6	EO32	sim_L6_M25	11730	FG012	FG006
6	EO32	sim_L6_M25	11731	FG001	FG024
6	EO32	sim_L6_M26	11732	FG005	FG001
6	EO32	sim_L6_M26	11733	FG002	FG001
6	EO32	sim_L6_M26	11734	FG005	FG018
6	EO32	sim_L6_M26	11735	FG002	FG012
6	EO32	sim_L6_M26	11736	FG005	FG024
6	EO32	sim_L6_M26	11737	FG005	FG012
6	EO32	sim_L6_M26	11738	FG005	FG001
6	EO32	sim_L6_M26	11739	FG005	FG006
6	EO32	sim_L6_M26	11740	FG005	FG012
6	EO32	sim_L6_M26	11741	FG002	FG012
6	EO32	sim_L6_M26	11742	FG005	FG001
6	EO32	sim_L6_M26	11743	FG005	FG001
6	EO32	sim_L6_M26	11744	FG002	FG017
6	EO32	sim_L6_M26	11745	FG005	FG010
6	EO32	sim_L6_M26	11746	FG002	FG006
6	EO32	sim_L6_M26	11747	FG005	FG018
6	EO32	sim_L6_M26	11748	FG002	FG012
6	EO32	sim_L6_M26	11749	FG005	FG003
6	EO32	sim_L6_M26	11750	FG002	FG024
6	EO32	sim_L6_M26	11751	FG002	FG003
6	EO32	sim_L6_M26	11752	FG002	FG006
6	EO32	sim_L6_M26	11753	FG002	FG001
6	EO32	sim_L6_M26	11754	FG002	FG001
6	EO32	sim_L6_M26	11755	FG002	FG019
6	EO32	sim_L6_M27	11756	FG024	FG001
6	EO32	sim_L6_M27	11757	FG024	FG002
6	EO32	sim_L6_M27	11758	FG024	FG001
6	EO32	sim_L6_M27	11759	FG024	FG001
6	EO32	sim_L6_M27	11760	FG024	FG001
6	EO32	sim_L6_M27	11761	FG024	FG008
6	EO32	sim_L6_M27	11762	FG024	FG001
6	EO32	sim_L6_M27	11763	FG024	FG002
6	EO32	sim_L6_M27	11764	FG024	FG012
6	EO32	sim_L6_M27	11765	FG024	FG001
6	EO32	sim_L6_M27	11766	FG024	FG001
6	EO32	sim_L6_M27	11767	FG024	FG014
6	EO32	sim_L6_M27	11768	FG024	FG019
6	EO32	sim_L6_M27	11769	FG024	FG001
6	EO32	sim_L6_M27	11770	FG024	FG001
6	EO32	sim_L6_M27	11771	FG024	FG001
6	EO32	sim_L6_M27	11772	FG024	FG001
6	EO32	sim_L6_M27	11773	FG024	FG012
6	EO32	sim_L6_M27	11774	FG024	FG001
6	EO32	sim_L6_M27	11775	FG024	FG001
6	EO32	sim_L6_M27	11776	FG024	FG001
6	EO32	sim_L6_M27	11777	FG024	FG024
6	EO32	sim_L6_M27	11778	FG024	FG021
6	EO32	sim_L6_M27	11779	FG024	FG002
6	EO32	sim_L6_M28	11780	FG005	FG001
6	EO32	sim_L6_M28	11781	FG005	FG019
6	EO32	sim_L6_M28	11782	FG005	FG002
6	EO32	sim_L6_M28	11783	FG005	FG002
6	EO32	sim_L6_M28	11784	FG005	FG006
6	EO32	sim_L6_M28	11785	FG005	FG024
6	EO32	sim_L6_M28	11786	FG005	FG002
6	EO32	sim_L6_M28	11787	FG005	FG001
6	EO32	sim_L6_M28	11788	FG001	FG002
6	EO32	sim_L6_M28	11789	FG001	FG006
6	EO32	sim_L6_M28	11790	FG001	FG022
6	EO32	sim_L6_M28	11791	FG005	FG006
6	EO32	sim_L6_M28	11792	FG005	FG002
6	EO32	sim_L6_M28	11793	FG005	FG024
6	EO32	sim_L6_M28	11794	FG001	FG024
6	EO32	sim_L6_M28	11795	FG005	FG002
6	EO32	sim_L6_M28	11796	FG005	FG009
6	EO32	sim_L6_M28	11797	FG005	FG027
6	EO32	sim_L6_M29	11798	FG024	FG006
6	EO32	sim_L6_M29	11799	FG024	FG019
6	EO32	sim_L6_M29	11800	FG024	FG024
6	EO32	sim_L6_M29	11801	FG020	FG019
6	EO32	sim_L6_M29	11802	FG024	FG002
6	EO32	sim_L6_M29	11803	FG024	FG001
6	EO32	sim_L6_M29	11804	FG020	FG002
6	EO32	sim_L6_M29	11805	FG024	FG001
6	EO32	sim_L6_M29	11806	FG024	FG001
6	EO32	sim_L6_M29	11807	FG024	FG018
6	EO32	sim_L6_M29	11808	FG020	FG006
6	EO32	sim_L6_M29	11809	FG024	FG002
6	EO32	sim_L6_M29	11810	FG020	FG006
6	EO32	sim_L6_M29	11811	FG024	FG001
6	EO32	sim_L6_M29	11812	FG024	FG002
6	EO32	sim_L6_M29	11813	FG020	FG002
6	EO32	sim_L6_M29	11814	FG024	FG001
6	EO32	sim_L6_M29	11815	FG024	FG001
6	EO32	sim_L6_M29	11816	FG020	FG001
6	EO32	sim_L6_M29	11817	FG024	FG001
6	EO32	sim_L6_M29	11818	FG020	FG003
6	EO32	sim_L6_M29	11819	FG024	FG001
6	EO32	sim_L6_M29	11820	FG024	FG001
6	EO32	sim_L6_M29	11821	FG024	FG005
6	EO32	sim_L6_M29	11822	FG020	FG001
6	EO32	sim_L6_M30	11823	FG023	FG001
6	EO32	sim_L6_M30	11824	FG003	FG002
6	EO32	sim_L6_M30	11825	FG003	FG024
6	EO32	sim_L6_M30	11826	FG003	FG001
6	EO32	sim_L6_M30	11827	FG023	FG001
6	EO32	sim_L6_M30	11828	FG003	FG012
6	EO32	sim_L6_M30	11829	FG003	FG012
6	EO32	sim_L6_M30	11830	FG003	FG001
6	EO32	sim_L6_M30	11831	FG023	FG001
6	EO32	sim_L6_M30	11832	FG003	FG002
6	EO32	sim_L6_M30	11833	FG023	FG001
6	EO32	sim_L6_M30	11834	FG023	FG002
6	EO32	sim_L6_M30	11835	FG003	FG014
6	EO32	sim_L6_M30	11836	FG023	FG001
6	EO32	sim_L6_M30	11837	FG023	FG001
6	EO32	sim_L6_M30	11838	FG023	FG024
6	EO32	sim_L6_M30	11839	FG023	FG001
6	EO32	sim_L6_M30	11840	FG023	FG001
6	EO32	sim_L6_M30	11841	FG023	FG002
6	EO32	sim_L6_M30	11842	FG003	FG001
6	EO32	sim_L6_M30	11843	FG023	FG001
6	EO32	sim_L6_M30	11844	FG023	FG010
6	EO32	sim_L6_M30	11845	FG003	FG001
6	EO32	sim_L6_M30	11846	FG003	FG002
6	EO32	sim_L6_M30	11847	FG003	FG001
6	EO32	sim_L6_M30	11848	FG023	FG001
6	EO32	sim_L6_M30	11849	FG023	FG024
6	EO32	sim_L6_M30	11850	FG023	FG001
6	EO32	sim_L6_M30	11851	FG003	FG024
6	EO32	sim_L6_M31	11852	FG002	FG024
6	EO32	sim_L6_M31	11853	FG001	FG010
6	EO32	sim_L6_M31	11854	FG002	FG019
6	EO32	sim_L6_M31	11855	FG002	FG008
6	EO32	sim_L6_M31	11856	FG001	FG024
6	EO32	sim_L6_M31	11857	FG002	FG024
6	EO32	sim_L6_M31	11858	FG001	FG024
6	EO32	sim_L6_M31	11859	FG001	FG024
6	EO32	sim_L6_M31	11860	FG001	FG001
6	EO32	sim_L6_M31	11861	FG002	FG002
6	EO32	sim_L6_M31	11862	FG002	FG015
6	EO32	sim_L6_M31	11863	FG002	FG017
6	EO32	sim_L6_M31	11864	FG002	FG006
6	EO32	sim_L6_M32	11865	FG001	FG002
6	EO32	sim_L6_M32	11866	FG001	FG012
6	EO32	sim_L6_M32	11867	FG001	FG024
6	EO32	sim_L6_M32	11868	FG001	FG002
6	EO32	sim_L6_M32	11869	FG001	FG002
6	EO32	sim_L6_M32	11870	FG001	FG024
6	EO32	sim_L6_M32	11871	FG001	FG006
6	EO32	sim_L6_M32	11872	FG001	FG012
6	EO32	sim_L6_M32	11873	FG001	FG004
6	EO32	sim_L6_M32	11874	FG001	FG002
6	EO32	sim_L6_M32	11875	FG001	FG006
6	EO32	sim_L6_M32	11876	FG001	FG006
6	EO32	sim_L6_M32	11877	FG001	FG021
6	EO32	sim_L6_M32	11878	FG001	FG003
6	EO32	sim_L6_M32	11879	FG001	FG002
6	EO32	sim_L6_M32	11880	FG001	FG024
6	EO32	sim_L6_M32	11881	FG001	FG024
6	EO32	sim_L6_M32	11882	FG001	FG006
6	EO32	sim_L6_M32	11883	FG001	FG004
6	EO32	sim_L6_M32	11884	FG001	FG010
6	EO32	sim_L6_M32	11885	FG001	FG024
6	EO32	sim_L6_M32	11886	FG001	FG024
6	EO32	sim_L6_M33	11887	FG024	FG001
6	EO32	sim_L6_M33	11888	FG010	FG006
6	EO32	sim_L6_M33	11889	FG010	FG001
6	EO32	sim_L6_M33	11890	FG024	FG001
6	EO32	sim_L6_M33	11891	FG024	FG001
6	EO32	sim_L6_M33	11892	FG024	FG006
6	EO32	sim_L6_M33	11893	FG010	FG002
6	EO32	sim_L6_M33	11894	FG010	FG001
6	EO32	sim_L6_M33	11895	FG010	FG001
6	EO32	sim_L6_M33	11896	FG010	FG002
6	EO32	sim_L6_M33	11897	FG010	FG001
6	EO32	sim_L6_M33	11898	FG024	FG001
6	EO32	sim_L6_M33	11899	FG024	FG002
6	EO32	sim_L6_M33	11900	FG010	FG001
6	EO32	sim_L6_M33	11901	FG024	FG001
6	EO32	sim_L6_M33	11902	FG010	FG001
6	EO32	sim_L6_M33	11903	FG024	FG004
6	EO32	sim_L6_M33	11904	FG024	FG001
6	EO32	sim_L6_M33	11905	FG024	FG003
6	EO32	sim_L6_M33	11906	FG024	FG002
6	EO32	sim_L6_M33	11907	FG010	FG006
6	EO32	sim_L6_M33	11908	FG024	FG001
6	EO32	sim_L6_M33	11909	FG010	FG016
6	EO32	sim_L6_M34	11910	FG001	FG024
6	EO32	sim_L6_M34	11911	FG024	FG006
6	EO32	sim_L6_M34	11912	FG024	FG002
6	EO32	sim_L6_M34	11913	FG024	FG017
6	EO32	sim_L6_M34	11914	FG024	FG006
6	EO32	sim_L6_M34	11915	FG024	FG015
6	EO32	sim_L6_M34	11916	FG024	FG017
6	EO32	sim_L6_M34	11917	FG001	FG001
6	EO32	sim_L6_M34	11918	FG024	FG024
6	EO32	sim_L6_M34	11919	FG001	FG019
6	EO32	sim_L6_M34	11920	FG024	FG006
6	EO32	sim_L6_M34	11921	FG001	FG023
6	EO32	sim_L6_M34	11922	FG024	FG001
6	EO32	sim_L6_M34	11923	FG024	FG024
6	EO32	sim_L6_M34	11924	FG024	FG006
6	EO32	sim_L6_M34	11925	FG001	FG012
6	EO32	sim_L6_M34	11926	FG024	FG012
6	EO32	sim_L6_M35	11927	FG010	FG018
6	EO32	sim_L6_M35	11928	FG010	FG012
6	EO32	sim_L6_M35	11929	FG001	FG024
6	EO32	sim_L6_M35	11930	FG010	FG002
6	EO32	sim_L6_M35	11931	FG010	FG024
6	EO32	sim_L6_M35	11932	FG010	FG024
6	EO32	sim_L6_M35	11933	FG010	FG024
6	EO32	sim_L6_M35	11934	FG010	FG006
6	EO32	sim_L6_M35	11935	FG001	FG006
6	EO32	sim_L6_M35	11936	FG010	FG003
6	EO32	sim_L6_M35	11937	FG010	FG006
6	EO32	sim_L6_M35	11938	FG001	FG006
6	EO32	sim_L6_M35	11939	FG010	FG024
6	EO32	sim_L6_M35	11940	FG001	FG002
6	EO32	sim_L6_M35	11941	FG010	FG003
6	EO32	sim_L6_M35	11942	FG001	FG006
6	EO32	sim_L6_M35	11943	FG010	FG004
6	EO32	sim_L6_M35	11944	FG001	FG024
6	EO32	sim_L6_M35	11945	FG010	FG014
6	EO32	sim_L6_M35	11946	FG010	FG005
6	EO32	sim_L6_M35	11947	FG010	FG019
6	EO32	sim_L6_M36	11948	FG024	FG012
6	EO32	sim_L6_M36	11949	FG024	FG017
6	EO32	sim_L6_M36	11950	FG024	FG002
6	EO32	sim_L6_M36	11951	FG024	FG001
6	EO32	sim_L6_M36	11952	FG001	FG004
6	EO32	sim_L6_M36	11953	FG001	FG004
6	EO32	sim_L6_M36	11954	FG001	FG012
6	EO32	sim_L6_M36	11955	FG024	FG002
6	EO32	sim_L6_M36	11956	FG024	FG031
6	EO32	sim_L6_M36	11957	FG024	FG004
6	EO32	sim_L6_M36	11958	FG001	FG005
6	EO32	sim_L6_M36	11959	FG001	FG002
6	EO32	sim_L6_M36	11960	FG001	FG010
6	EO32	sim_L6_M36	11961	FG024	FG002
6	EO32	sim_L6_M36	11962	FG001	FG002
6	EO32	sim_L6_M36	11963	FG001	FG019
6	EO32	sim_L6_M36	11964	FG001	FG024
6	EO32	sim_L6_M36	11965	FG001	FG002
6	EO32	sim_L6_M36	11966	FG001	FG002
6	EO32	sim_L6_M36	11967	FG001	FG002
6	EO32	sim_L6_M37	11968	FG001	FG023
6	EO32	sim_L6_M37	11969	FG024	FG006
6	EO32	sim_L6_M37	11970	FG024	FG002
6	EO32	sim_L6_M37	11971	FG024	FG002
6	EO32	sim_L6_M37	11972	FG001	FG015
6	EO32	sim_L6_M37	11973	FG024	FG003
6	EO32	sim_L6_M37	11974	FG001	FG002
6	EO32	sim_L6_M37	11975	FG024	FG021
6	EO32	sim_L6_M37	11976	FG024	FG002
6	EO32	sim_L6_M37	11977	FG024	FG023
6	EO32	sim_L6_M37	11978	FG001	FG017
6	EO32	sim_L6_M37	11979	FG001	FG006
6	EO32	sim_L6_M37	11980	FG001	FG003
6	EO32	sim_L6_M37	11981	FG024	FG001
6	EO32	sim_L6_M37	11982	FG001	FG002
6	EO32	sim_L6_M37	11983	FG024	FG024
13	EO30-1	sim_L13_M0	11984	FG001	FG008
13	EO30-1	sim_L13_M0	11985	FG001	FG015
13	EO30-1	sim_L13_M0	11986	FG001	FG024
13	EO30-1	sim_L13_M0	11987	FG001	FG024
13	EO30-1	sim_L13_M0	11988	FG001	FG024
13	EO30-1	sim_L13_M0	11989	FG001	FG024
13	EO30-1	sim_L13_M0	11990	FG001	FG002
13	EO30-1	sim_L13_M0	11991	FG001	FG010
13	EO30-1	sim_L13_M0	11992	FG001	FG024
13	EO30-1	sim_L13_M0	11993	FG001	FG004
13	EO30-1	sim_L13_M0	11994	FG001	FG006
13	EO30-1	sim_L13_M0	11995	FG001	FG002
13	EO30-1	sim_L13_M0	11996	FG001	FG027
13	EO30-1	sim_L13_M0	11997	FG001	FG024
13	EO30-1	sim_L13_M0	11998	FG001	FG006
13	EO30-1	sim_L13_M0	11999	FG001	FG010
13	EO30-1	sim_L13_M1	12000	FG001	FG024
13	EO30-1	sim_L13_M1	12001	FG001	FG012
13	EO30-1	sim_L13_M1	12002	FG001	FG006
13	EO30-1	sim_L13_M1	12003	FG001	FG023
13	EO30-1	sim_L13_M1	12004	FG001	FG012
13	EO30-1	sim_L13_M1	12005	FG001	FG023
13	EO30-1	sim_L13_M1	12006	FG001	FG024
13	EO30-1	sim_L13_M1	12007	FG001	FG019
13	EO30-1	sim_L13_M1	12008	FG001	FG010
13	EO30-1	sim_L13_M1	12009	FG001	FG024
13	EO30-1	sim_L13_M1	12010	FG001	FG001
13	EO30-1	sim_L13_M1	12011	FG001	FG031
13	EO30-1	sim_L13_M1	12012	FG001	FG024
13	EO30-1	sim_L13_M1	12013	FG001	FG006
13	EO30-1	sim_L13_M2	12014	FG004	FG028
13	EO30-1	sim_L13_M2	12015	FG004	FG002
13	EO30-1	sim_L13_M2	12016	FG001	FG024
13	EO30-1	sim_L13_M2	12017	FG004	FG005
13	EO30-1	sim_L13_M2	12018	FG001	FG024
13	EO30-1	sim_L13_M2	12019	FG001	FG024
13	EO30-1	sim_L13_M2	12020	FG004	FG024
13	EO30-1	sim_L13_M2	12021	FG001	FG024
13	EO30-1	sim_L13_M2	12022	FG001	FG021
13	EO30-1	sim_L13_M2	12023	FG004	FG017
13	EO30-1	sim_L13_M2	12024	FG001	FG024
13	EO30-1	sim_L13_M2	12025	FG004	FG013
13	EO30-1	sim_L13_M2	12026	FG004	FG024
13	EO30-1	sim_L13_M2	12027	FG004	FG002
13	EO30-1	sim_L13_M2	12028	FG001	FG010
13	EO30-1	sim_L13_M2	12029	FG004	FG002
13	EO30-1	sim_L13_M2	12030	FG001	FG002
13	EO30-1	sim_L13_M2	12031	FG004	FG001
13	EO30-1	sim_L13_M2	12032	FG004	FG024
13	EO30-1	sim_L13_M3	12033	FG001	FG006
13	EO30-1	sim_L13_M3	12034	FG001	FG010
13	EO30-1	sim_L13_M3	12035	FG001	FG012
13	EO30-1	sim_L13_M3	12036	FG001	FG024
13	EO30-1	sim_L13_M3	12037	FG001	FG003
13	EO30-1	sim_L13_M3	12038	FG001	FG002
13	EO30-1	sim_L13_M3	12039	FG001	FG002
13	EO30-1	sim_L13_M3	12040	FG001	FG024
13	EO30-1	sim_L13_M3	12041	FG001	FG015
13	EO30-1	sim_L13_M3	12042	FG001	FG004
13	EO30-1	sim_L13_M3	12043	FG001	FG006
13	EO30-1	sim_L13_M3	12044	FG001	FG017
13	EO30-1	sim_L13_M3	12045	FG001	FG024
13	EO30-1	sim_L13_M3	12046	FG001	FG002
13	EO30-1	sim_L13_M3	12047	FG001	FG024
13	EO30-1	sim_L13_M3	12048	FG001	FG024
13	EO30-1	sim_L13_M3	12049	FG001	FG012
13	EO30-1	sim_L13_M4	12050	FG005	FG012
13	EO30-1	sim_L13_M4	12051	FG005	FG001
13	EO30-1	sim_L13_M4	12052	FG005	FG001
13	EO30-1	sim_L13_M4	12053	FG002	FG001
13	EO30-1	sim_L13_M4	12054	FG002	FG001
13	EO30-1	sim_L13_M4	12055	FG005	FG024
13	EO30-1	sim_L13_M4	12056	FG002	FG004
13	EO30-1	sim_L13_M4	12057	FG005	FG004
13	EO30-1	sim_L13_M4	12058	FG002	FG024
13	EO30-1	sim_L13_M4	12059	FG005	FG024
13	EO30-1	sim_L13_M4	12060	FG002	FG008
13	EO30-1	sim_L13_M4	12061	FG002	FG001
13	EO30-1	sim_L13_M4	12062	FG002	FG025
13	EO30-1	sim_L13_M4	12063	FG005	FG001
13	EO30-1	sim_L13_M4	12064	FG002	FG001
13	EO30-1	sim_L13_M4	12065	FG002	FG001
13	EO30-1	sim_L13_M4	12066	FG002	FG001
13	EO30-1	sim_L13_M4	12067	FG005	FG001
13	EO30-1	sim_L13_M4	12068	FG005	FG024
13	EO30-1	sim_L13_M4	12069	FG005	FG006
13	EO30-1	sim_L13_M4	12070	FG002	FG001
13	EO30-1	sim_L13_M4	12071	FG002	FG001
13	EO30-1	sim_L13_M4	12072	FG002	FG017
13	EO30-1	sim_L13_M4	12073	FG002	FG001
13	EO30-1	sim_L13_M4	12074	FG002	FG001
13	EO30-1	sim_L13_M5	12075	FG024	FG010
13	EO30-1	sim_L13_M5	12076	FG024	FG001
13	EO30-1	sim_L13_M5	12077	FG024	FG006
13	EO30-1	sim_L13_M5	12078	FG024	FG010
13	EO30-1	sim_L13_M5	12079	FG024	FG001
13	EO30-1	sim_L13_M5	12080	FG024	FG003
13	EO30-1	sim_L13_M5	12081	FG024	FG024
13	EO30-1	sim_L13_M5	12082	FG024	FG001
13	EO30-1	sim_L13_M5	12083	FG024	FG001
13	EO30-1	sim_L13_M5	12084	FG024	FG001
13	EO30-1	sim_L13_M5	12085	FG024	FG012
13	EO30-1	sim_L13_M5	12086	FG024	FG029
13	EO30-1	sim_L13_M5	12087	FG024	FG001
13	EO30-1	sim_L13_M5	12088	FG024	FG002
13	EO30-1	sim_L13_M5	12089	FG024	FG023
13	EO30-1	sim_L13_M5	12090	FG024	FG001
13	EO30-1	sim_L13_M5	12091	FG024	FG019
13	EO30-1	sim_L13_M5	12092	FG024	FG024
13	EO30-1	sim_L13_M5	12093	FG024	FG023
13	EO30-1	sim_L13_M5	12094	FG024	FG010
13	EO30-1	sim_L13_M5	12095	FG024	FG001
13	EO30-1	sim_L13_M5	12096	FG024	FG001
13	EO30-1	sim_L13_M5	12097	FG024	FG012
13	EO30-1	sim_L13_M5	12098	FG024	FG001
13	EO30-1	sim_L13_M6	12099	FG001	FG004
13	EO30-1	sim_L13_M6	12100	FG010	FG018
13	EO30-1	sim_L13_M6	12101	FG010	FG006
13	EO30-1	sim_L13_M6	12102	FG010	FG003
13	EO30-1	sim_L13_M6	12103	FG010	FG006
13	EO30-1	sim_L13_M6	12104	FG010	FG024
13	EO30-1	sim_L13_M6	12105	FG010	FG012
13	EO30-1	sim_L13_M6	12106	FG001	FG012
13	EO30-1	sim_L13_M6	12107	FG010	FG024
13	EO30-1	sim_L13_M6	12108	FG010	FG009
13	EO30-1	sim_L13_M6	12109	FG010	FG001
13	EO30-1	sim_L13_M6	12110	FG001	FG024
13	EO30-1	sim_L13_M6	12111	FG001	FG003
13	EO30-1	sim_L13_M6	12112	FG001	FG024
13	EO30-1	sim_L13_M6	12113	FG001	FG015
13	EO30-1	sim_L13_M6	12114	FG010	FG021
13	EO30-1	sim_L13_M6	12115	FG010	FG002
13	EO30-1	sim_L13_M6	12116	FG001	FG015
13	EO30-1	sim_L13_M7	12117	FG001	FG009
13	EO30-1	sim_L13_M7	12118	FG001	FG024
13	EO30-1	sim_L13_M7	12119	FG001	FG001
13	EO30-1	sim_L13_M7	12120	FG001	FG002
13	EO30-1	sim_L13_M7	12121	FG001	FG002
13	EO30-1	sim_L13_M7	12122	FG001	FG024
13	EO30-1	sim_L13_M7	12123	FG001	FG002
13	EO30-1	sim_L13_M7	12124	FG001	FG002
13	EO30-1	sim_L13_M7	12125	FG001	FG010
13	EO30-1	sim_L13_M7	12126	FG001	FG006
13	EO30-1	sim_L13_M7	12127	FG001	FG003
13	EO30-1	sim_L13_M7	12128	FG001	FG006
13	EO30-1	sim_L13_M7	12129	FG001	FG024
13	EO30-1	sim_L13_M7	12130	FG001	FG002
13	EO30-1	sim_L13_M7	12131	FG001	FG001
13	EO30-1	sim_L13_M8	12132	FG002	FG023
13	EO30-1	sim_L13_M8	12133	FG002	FG006
13	EO30-1	sim_L13_M8	12134	FG002	FG024
13	EO30-1	sim_L13_M8	12135	FG001	FG019
13	EO30-1	sim_L13_M8	12136	FG002	FG024
13	EO30-1	sim_L13_M8	12137	FG001	FG001
13	EO30-1	sim_L13_M8	12138	FG001	FG003
13	EO30-1	sim_L13_M8	12139	FG002	FG012
13	EO30-1	sim_L13_M8	12140	FG001	FG001
13	EO30-1	sim_L13_M8	12141	FG002	FG006
13	EO30-1	sim_L13_M8	12142	FG002	FG012
13	EO30-1	sim_L13_M8	12143	FG002	FG001
13	EO30-1	sim_L13_M8	12144	FG001	FG017
13	EO30-1	sim_L13_M8	12145	FG001	FG029
13	EO30-1	sim_L13_M9	12146	FG001	FG023
13	EO30-1	sim_L13_M9	12147	FG001	FG024
13	EO30-1	sim_L13_M9	12148	FG002	FG006
13	EO30-1	sim_L13_M9	12149	FG002	FG026
13	EO30-1	sim_L13_M9	12150	FG001	FG024
13	EO30-1	sim_L13_M9	12151	FG001	FG018
13	EO30-1	sim_L13_M9	12152	FG002	FG024
13	EO30-1	sim_L13_M9	12153	FG001	FG024
13	EO30-1	sim_L13_M9	12154	FG002	FG014
13	EO30-1	sim_L13_M9	12155	FG001	FG024
13	EO30-1	sim_L13_M9	12156	FG002	FG006
13	EO30-1	sim_L13_M9	12157	FG001	FG025
13	EO30-1	sim_L13_M9	12158	FG002	FG003
13	EO30-1	sim_L13_M9	12159	FG001	FG015
13	EO30-1	sim_L13_M9	12160	FG001	FG018
13	EO30-1	sim_L13_M9	12161	FG001	FG024
13	EO30-1	sim_L13_M9	12162	FG001	FG006
13	EO30-1	sim_L13_M10	12163	FG024	FG024
13	EO30-1	sim_L13_M10	12164	FG024	FG002
13	EO30-1	sim_L13_M10	12165	FG001	FG006
13	EO30-1	sim_L13_M10	12166	FG024	FG012
13	EO30-1	sim_L13_M10	12167	FG024	FG006
13	EO30-1	sim_L13_M10	12168	FG001	FG002
13	EO30-1	sim_L13_M10	12169	FG024	FG006
13	EO30-1	sim_L13_M10	12170	FG001	FG001
13	EO30-1	sim_L13_M10	12171	FG001	FG001
13	EO30-1	sim_L13_M10	12172	FG001	FG024
13	EO30-1	sim_L13_M11	12173	FG006	FG024
13	EO30-1	sim_L13_M11	12174	FG006	FG024
13	EO30-1	sim_L13_M11	12175	FG006	FG024
13	EO30-1	sim_L13_M11	12176	FG001	FG024
13	EO30-1	sim_L13_M11	12177	FG001	FG018
13	EO30-1	sim_L13_M11	12178	FG006	FG024
13	EO30-1	sim_L13_M11	12179	FG001	FG002
13	EO30-1	sim_L13_M11	12180	FG006	FG024
13	EO30-1	sim_L13_M11	12181	FG001	FG018
13	EO30-1	sim_L13_M11	12182	FG006	FG024
13	EO30-1	sim_L13_M11	12183	FG006	FG027
13	EO30-1	sim_L13_M11	12184	FG006	FG024
13	EO30-1	sim_L13_M11	12185	FG001	FG024
13	EO30-1	sim_L13_M11	12186	FG001	FG018
13	EO30-1	sim_L13_M12	12187	FG017	FG024
13	EO30-1	sim_L13_M12	12188	FG017	FG005
13	EO30-1	sim_L13_M12	12189	FG001	FG006
13	EO30-1	sim_L13_M12	12190	FG017	FG024
13	EO30-1	sim_L13_M12	12191	FG017	FG002
13	EO30-1	sim_L13_M12	12192	FG017	FG024
13	EO30-1	sim_L13_M12	12193	FG017	FG006
13	EO30-1	sim_L13_M12	12194	FG017	FG012
13	EO30-1	sim_L13_M12	12195	FG001	FG009
13	EO30-1	sim_L13_M12	12196	FG017	FG024
13	EO30-1	sim_L13_M12	12197	FG017	FG010
13	EO30-1	sim_L13_M12	12198	FG001	FG012
13	EO30-1	sim_L13_M12	12199	FG001	FG001
13	EO30-1	sim_L13_M12	12200	FG001	FG002
13	EO30-1	sim_L13_M12	12201	FG001	FG016
13	EO30-1	sim_L13_M12	12202	FG017	FG004
13	EO30-1	sim_L13_M12	12203	FG001	FG002
13	EO30-1	sim_L13_M12	12204	FG001	FG002
13	EO30-1	sim_L13_M12	12205	FG017	FG002
13	EO30-1	sim_L13_M13	12206	FG024	FG001
13	EO30-1	sim_L13_M13	12207	FG024	FG001
13	EO30-1	sim_L13_M13	12208	FG024	FG004
13	EO30-1	sim_L13_M13	12209	FG021	FG001
13	EO30-1	sim_L13_M13	12210	FG021	FG001
13	EO30-1	sim_L13_M13	12211	FG021	FG001
13	EO30-1	sim_L13_M13	12212	FG024	FG001
13	EO30-1	sim_L13_M13	12213	FG024	FG001
13	EO30-1	sim_L13_M13	12214	FG021	FG001
13	EO30-1	sim_L13_M13	12215	FG024	FG006
13	EO30-1	sim_L13_M13	12216	FG021	FG001
13	EO30-1	sim_L13_M13	12217	FG024	FG001
13	EO30-1	sim_L13_M13	12218	FG021	FG002
13	EO30-1	sim_L13_M13	12219	FG021	FG030
13	EO30-1	sim_L13_M13	12220	FG021	FG001
13	EO30-1	sim_L13_M13	12221	FG024	FG002
13	EO30-1	sim_L13_M13	12222	FG021	FG005
13	EO30-1	sim_L13_M13	12223	FG021	FG004
13	EO30-1	sim_L13_M13	12224	FG021	FG001
13	EO30-1	sim_L13_M13	12225	FG024	FG001
13	EO30-1	sim_L13_M13	12226	FG021	FG001
13	EO30-1	sim_L13_M13	12227	FG021	FG002
13	EO30-1	sim_L13_M13	12228	FG021	FG001
13	EO30-1	sim_L13_M14	12229	FG002	FG001
13	EO30-1	sim_L13_M14	12230	FG005	FG001
13	EO30-1	sim_L13_M14	12231	FG002	FG001
13	EO30-1	sim_L13_M14	12232	FG005	FG001
13	EO30-1	sim_L13_M14	12233	FG002	FG006
13	EO30-1	sim_L13_M14	12234	FG002	FG001
13	EO30-1	sim_L13_M14	12235	FG002	FG024
13	EO30-1	sim_L13_M14	12236	FG005	FG001
13	EO30-1	sim_L13_M14	12237	FG002	FG001
13	EO30-1	sim_L13_M14	12238	FG002	FG017
13	EO30-1	sim_L13_M14	12239	FG002	FG006
13	EO30-1	sim_L13_M14	12240	FG005	FG001
13	EO30-1	sim_L13_M14	12241	FG005	FG003
13	EO30-1	sim_L13_M14	12242	FG005	FG024
13	EO30-1	sim_L13_M14	12243	FG002	FG003
13	EO30-1	sim_L13_M14	12244	FG005	FG001
13	EO30-1	sim_L13_M14	12245	FG005	FG024
13	EO30-1	sim_L13_M14	12246	FG005	FG024
13	EO30-1	sim_L13_M14	12247	FG005	FG024
13	EO30-1	sim_L13_M14	12248	FG002	FG024
13	EO30-1	sim_L13_M14	12249	FG002	FG010
13	EO30-1	sim_L13_M14	12250	FG005	FG001
13	EO30-1	sim_L13_M14	12251	FG002	FG024
13	EO30-1	sim_L13_M14	12252	FG005	FG024
13	EO30-1	sim_L13_M15	12253	FG019	FG024
13	EO30-1	sim_L13_M15	12254	FG001	FG002
13	EO30-1	sim_L13_M15	12255	FG001	FG002
13	EO30-1	sim_L13_M15	12256	FG019	FG002
13	EO30-1	sim_L13_M15	12257	FG019	FG002
13	EO30-1	sim_L13_M15	12258	FG001	FG001
13	EO30-1	sim_L13_M15	12259	FG019	FG024
13	EO30-1	sim_L13_M15	12260	FG001	FG005
13	EO30-1	sim_L13_M15	12261	FG019	FG024
13	EO30-1	sim_L13_M15	12262	FG019	FG030
13	EO30-1	sim_L13_M15	12263	FG001	FG024
13	EO30-1	sim_L13_M15	12264	FG019	FG006
13	EO30-1	sim_L13_M15	12265	FG001	FG002
13	EO30-1	sim_L13_M16	12266	FG024	FG012
13	EO30-1	sim_L13_M16	12267	FG024	FG002
13	EO30-1	sim_L13_M16	12268	FG024	FG001
13	EO30-1	sim_L13_M16	12269	FG024	FG002
13	EO30-1	sim_L13_M16	12270	FG024	FG001
13	EO30-1	sim_L13_M16	12271	FG024	FG001
13	EO30-1	sim_L13_M16	12272	FG024	FG002
13	EO30-1	sim_L13_M16	12273	FG024	FG008
13	EO30-1	sim_L13_M16	12274	FG024	FG001
13	EO30-1	sim_L13_M16	12275	FG024	FG001
13	EO30-1	sim_L13_M16	12276	FG024	FG023
13	EO30-1	sim_L13_M16	12277	FG024	FG021
13	EO30-1	sim_L13_M16	12278	FG024	FG001
13	EO30-1	sim_L13_M16	12279	FG024	FG001
13	EO30-1	sim_L13_M16	12280	FG024	FG001
13	EO30-1	sim_L13_M16	12281	FG024	FG001
13	EO30-1	sim_L13_M16	12282	FG024	FG001
13	EO30-1	sim_L13_M16	12283	FG024	FG023
13	EO30-1	sim_L13_M16	12284	FG024	FG001
13	EO30-1	sim_L13_M16	12285	FG024	FG001
13	EO30-1	sim_L13_M16	12286	FG024	FG001
13	EO30-1	sim_L13_M16	12287	FG024	FG001
13	EO30-1	sim_L13_M16	12288	FG024	FG006
13	EO30-1	sim_L13_M16	12289	FG024	FG001
13	EO30-1	sim_L13_M16	12290	FG024	FG001
13	EO30-1	sim_L13_M17	12291	FG001	FG026
13	EO30-1	sim_L13_M17	12292	FG001	FG006
13	EO30-1	sim_L13_M17	12293	FG001	FG002
13	EO30-1	sim_L13_M17	12294	FG001	FG024
13	EO30-1	sim_L13_M17	12295	FG001	FG006
13	EO30-1	sim_L13_M17	12296	FG001	FG003
13	EO30-1	sim_L13_M17	12297	FG001	FG024
13	EO30-1	sim_L13_M17	12298	FG001	FG005
13	EO30-1	sim_L13_M17	12299	FG001	FG014
13	EO30-1	sim_L13_M17	12300	FG001	FG006
13	EO30-1	sim_L13_M17	12301	FG001	FG024
13	EO30-1	sim_L13_M17	12302	FG001	FG003
13	EO30-1	sim_L13_M17	12303	FG001	FG024
13	EO30-1	sim_L13_M17	12304	FG001	FG007
13	EO30-1	sim_L13_M17	12305	FG001	FG002
13	EO30-1	sim_L13_M17	12306	FG001	FG006
13	EO30-1	sim_L13_M17	12307	FG001	FG024
13	EO30-1	sim_L13_M18	12308	FG002	FG001
13	EO30-1	sim_L13_M18	12309	FG002	FG003
13	EO30-1	sim_L13_M18	12310	FG002	FG003
13	EO30-1	sim_L13_M18	12311	FG002	FG024
13	EO30-1	sim_L13_M18	12312	FG001	FG030
13	EO30-1	sim_L13_M18	12313	FG001	FG030
13	EO30-1	sim_L13_M18	12314	FG001	FG006
13	EO30-1	sim_L13_M18	12315	FG001	FG021
13	EO30-1	sim_L13_M18	12316	FG002	FG001
13	EO30-1	sim_L13_M18	12317	FG002	FG024
13	EO30-1	sim_L13_M18	12318	FG002	FG012
13	EO30-1	sim_L13_M18	12319	FG001	FG003
13	EO30-1	sim_L13_M18	12320	FG002	FG014
13	EO30-1	sim_L13_M18	12321	FG002	FG029
13	EO30-1	sim_L13_M18	12322	FG001	FG024
13	EO30-1	sim_L13_M18	12323	FG001	FG010
13	EO30-1	sim_L13_M18	12324	FG002	FG010
13	EO30-1	sim_L13_M19	12325	FG001	FG024
13	EO30-1	sim_L13_M19	12326	FG001	FG006
13	EO30-1	sim_L13_M19	12327	FG001	FG024
13	EO30-1	sim_L13_M19	12328	FG001	FG002
13	EO30-1	sim_L13_M19	12329	FG001	FG024
13	EO30-1	sim_L13_M19	12330	FG001	FG010
13	EO30-1	sim_L13_M19	12331	FG001	FG006
13	EO30-1	sim_L13_M19	12332	FG001	FG018
13	EO30-1	sim_L13_M19	12333	FG001	FG019
13	EO30-1	sim_L13_M19	12334	FG001	FG001
13	EO30-1	sim_L13_M19	12335	FG001	FG002
13	EO30-1	sim_L13_M19	12336	FG001	FG024
13	EO30-1	sim_L13_M19	12337	FG001	FG023
13	EO30-1	sim_L13_M19	12338	FG001	FG012
13	EO30-1	sim_L13_M19	12339	FG001	FG024
13	EO30-1	sim_L13_M19	12340	FG001	FG024
13	EO30-1	sim_L13_M20	12341	FG002	FG006
13	EO30-1	sim_L13_M20	12342	FG002	FG003
13	EO30-1	sim_L13_M20	12343	FG002	FG006
13	EO30-1	sim_L13_M20	12344	FG002	FG024
13	EO30-1	sim_L13_M20	12345	FG001	FG024
13	EO30-1	sim_L13_M20	12346	FG001	FG006
13	EO30-1	sim_L13_M20	12347	FG002	FG024
13	EO30-1	sim_L13_M20	12348	FG001	FG024
13	EO30-1	sim_L13_M20	12349	FG002	FG024
13	EO30-1	sim_L13_M20	12350	FG001	FG006
13	EO30-1	sim_L13_M20	12351	FG001	FG006
13	EO30-1	sim_L13_M20	12352	FG002	FG024
13	EO30-1	sim_L13_M20	12353	FG002	FG006
13	EO30-1	sim_L13_M20	12354	FG001	FG024
13	EO30-1	sim_L13_M21	12355	FG001	FG017
13	EO30-1	sim_L13_M21	12356	FG001	FG001
13	EO30-1	sim_L13_M21	12357	FG006	FG012
13	EO30-1	sim_L13_M21	12358	FG006	FG017
13	EO30-1	sim_L13_M21	12359	FG006	FG024
13	EO30-1	sim_L13_M21	12360	FG006	FG001
13	EO30-1	sim_L13_M21	12361	FG006	FG024
13	EO30-1	sim_L13_M21	12362	FG006	FG005
13	EO30-1	sim_L13_M21	12363	FG001	FG029
13	EO30-1	sim_L13_M21	12364	FG001	FG002
13	EO30-1	sim_L13_M21	12365	FG001	FG024
13	EO30-1	sim_L13_M21	12366	FG001	FG024
13	EO30-1	sim_L13_M21	12367	FG006	FG010
13	EO30-1	sim_L13_M21	12368	FG001	FG002
13	EO30-1	sim_L13_M21	12369	FG006	FG002
13	EO30-1	sim_L13_M21	12370	FG001	FG024
13	EO30-1	sim_L13_M21	12371	FG006	FG024
13	EO30-1	sim_L13_M21	12372	FG006	FG012
13	EO30-1	sim_L13_M22	12373	FG001	FG006
13	EO30-1	sim_L13_M22	12374	FG001	FG028
13	EO30-1	sim_L13_M22	12375	FG001	FG012
13	EO30-1	sim_L13_M22	12376	FG024	FG002
13	EO30-1	sim_L13_M22	12377	FG024	FG002
13	EO30-1	sim_L13_M22	12378	FG001	FG002
13	EO30-1	sim_L13_M22	12379	FG001	FG002
13	EO30-1	sim_L13_M22	12380	FG024	FG024
13	EO30-1	sim_L13_M22	12381	FG001	FG017
2	EO76	sim_L2_M0	12382	FG024	FG003
2	EO76	sim_L2_M0	12383	FG019	FG001
2	EO76	sim_L2_M0	12384	FG019	FG004
2	EO76	sim_L2_M0	12385	FG024	FG001
2	EO76	sim_L2_M0	12386	FG019	FG015
2	EO76	sim_L2_M0	12387	FG024	FG006
2	EO76	sim_L2_M0	12388	FG024	FG004
2	EO76	sim_L2_M0	12389	FG019	FG001
2	EO76	sim_L2_M0	12390	FG019	FG008
2	EO76	sim_L2_M0	12391	FG024	FG024
2	EO76	sim_L2_M0	12392	FG019	FG002
2	EO76	sim_L2_M0	12393	FG019	FG021
2	EO76	sim_L2_M0	12394	FG019	FG001
2	EO76	sim_L2_M0	12395	FG024	FG001
2	EO76	sim_L2_M0	12396	FG024	FG001
2	EO76	sim_L2_M0	12397	FG024	FG002
2	EO76	sim_L2_M0	12398	FG024	FG002
2	EO76	sim_L2_M0	12399	FG024	FG012
2	EO76	sim_L2_M0	12400	FG019	FG001
2	EO76	sim_L2_M0	12401	FG024	FG002
2	EO76	sim_L2_M0	12402	FG019	FG028
2	EO76	sim_L2_M0	12403	FG019	FG023
2	EO76	sim_L2_M0	12404	FG019	FG001
2	EO76	sim_L2_M0	12405	FG024	FG001
2	EO76	sim_L2_M1	12406	FG001	FG002
2	EO76	sim_L2_M1	12407	FG001	FG002
2	EO76	sim_L2_M1	12408	FG001	FG024
2	EO76	sim_L2_M1	12409	FG001	FG024
2	EO76	sim_L2_M1	12410	FG001	FG025
2	EO76	sim_L2_M1	12411	FG001	FG002
2	EO76	sim_L2_M1	12412	FG001	FG006
2	EO76	sim_L2_M1	12413	FG001	FG019
2	EO76	sim_L2_M1	12414	FG001	FG002
2	EO76	sim_L2_M1	12415	FG001	FG024
2	EO76	sim_L2_M1	12416	FG001	FG006
2	EO76	sim_L2_M1	12417	FG001	FG027
2	EO76	sim_L2_M1	12418	FG001	FG006
2	EO76	sim_L2_M1	12419	FG001	FG010
2	EO76	sim_L2_M1	12420	FG001	FG024
2	EO76	sim_L2_M1	12421	FG001	FG012
2	EO76	sim_L2_M1	12422	FG001	FG017
2	EO76	sim_L2_M1	12423	FG001	FG002
2	EO76	sim_L2_M1	12424	FG001	FG015
2	EO76	sim_L2_M1	12425	FG001	FG002
2	EO76	sim_L2_M1	12426	FG001	FG004
2	EO76	sim_L2_M1	12427	FG001	FG029
2	EO76	sim_L2_M2	12428	FG006	FG003
2	EO76	sim_L2_M2	12429	FG006	FG002
2	EO76	sim_L2_M2	12430	FG006	FG024
2	EO76	sim_L2_M2	12431	FG006	FG002
2	EO76	sim_L2_M2	12432	FG006	FG024
2	EO76	sim_L2_M2	12433	FG001	FG024
2	EO76	sim_L2_M2	12434	FG001	FG017
2	EO76	sim_L2_M2	12435	FG001	FG024
2	EO76	sim_L2_M2	12436	FG006	FG024
2	EO76	sim_L2_M2	12437	FG006	FG024
2	EO76	sim_L2_M2	12438	FG001	FG019
2	EO76	sim_L2_M2	12439	FG001	FG003
2	EO76	sim_L2_M2	12440	FG001	FG024
2	EO76	sim_L2_M3	12441	FG024	FG001
2	EO76	sim_L2_M3	12442	FG001	FG012
2	EO76	sim_L2_M3	12443	FG024	FG028
2	EO76	sim_L2_M3	12444	FG024	FG003
2	EO76	sim_L2_M3	12445	FG024	FG003
2	EO76	sim_L2_M3	12446	FG024	FG002
2	EO76	sim_L2_M3	12447	FG024	FG007
2	EO76	sim_L2_M3	12448	FG001	FG002
2	EO76	sim_L2_M3	12449	FG024	FG004
2	EO76	sim_L2_M3	12450	FG024	FG006
2	EO76	sim_L2_M3	12451	FG024	FG012
2	EO76	sim_L2_M3	12452	FG024	FG008
2	EO76	sim_L2_M3	12453	FG024	FG023
2	EO76	sim_L2_M3	12454	FG001	FG004
2	EO76	sim_L2_M3	12455	FG024	FG018
2	EO76	sim_L2_M4	12456	FG001	FG021
2	EO76	sim_L2_M4	12457	FG001	FG024
2	EO76	sim_L2_M4	12458	FG001	FG024
2	EO76	sim_L2_M4	12459	FG001	FG024
2	EO76	sim_L2_M4	12460	FG002	FG004
2	EO76	sim_L2_M4	12461	FG002	FG006
2	EO76	sim_L2_M4	12462	FG001	FG024
2	EO76	sim_L2_M4	12463	FG002	FG004
2	EO76	sim_L2_M4	12464	FG001	FG024
2	EO76	sim_L2_M4	12465	FG002	FG006
2	EO76	sim_L2_M5	12466	FG001	FG024
2	EO76	sim_L2_M5	12467	FG010	FG023
2	EO76	sim_L2_M5	12468	FG001	FG002
2	EO76	sim_L2_M5	12469	FG010	FG024
2	EO76	sim_L2_M5	12470	FG001	FG024
2	EO76	sim_L2_M5	12471	FG010	FG012
2	EO76	sim_L2_M5	12472	FG001	FG004
2	EO76	sim_L2_M5	12473	FG001	FG024
2	EO76	sim_L2_M5	12474	FG010	FG023
2	EO76	sim_L2_M5	12475	FG010	FG012
2	EO76	sim_L2_M5	12476	FG010	FG002
2	EO76	sim_L2_M5	12477	FG001	FG002
2	EO76	sim_L2_M5	12478	FG001	FG006
2	EO76	sim_L2_M5	12479	FG001	FG014
2	EO76	sim_L2_M5	12480	FG010	FG011
2	EO76	sim_L2_M6	12481	FG005	FG001
2	EO76	sim_L2_M6	12482	FG005	FG001
2	EO76	sim_L2_M6	12483	FG005	FG001
2	EO76	sim_L2_M6	12484	FG005	FG001
2	EO76	sim_L2_M6	12485	FG015	FG006
2	EO76	sim_L2_M6	12486	FG015	FG024
2	EO76	sim_L2_M6	12487	FG005	FG024
2	EO76	sim_L2_M6	12488	FG005	FG001
2	EO76	sim_L2_M6	12489	FG015	FG002
2	EO76	sim_L2_M6	12490	FG005	FG026
2	EO76	sim_L2_M6	12491	FG005	FG001
2	EO76	sim_L2_M6	12492	FG015	FG001
2	EO76	sim_L2_M6	12493	FG005	FG001
2	EO76	sim_L2_M6	12494	FG005	FG001
2	EO76	sim_L2_M6	12495	FG005	FG001
2	EO76	sim_L2_M6	12496	FG015	FG001
2	EO76	sim_L2_M6	12497	FG005	FG001
2	EO76	sim_L2_M6	12498	FG005	FG001
2	EO76	sim_L2_M6	12499	FG005	FG001
2	EO76	sim_L2_M6	12500	FG005	FG019
2	EO76	sim_L2_M6	12501	FG005	FG001
2	EO76	sim_L2_M6	12502	FG015	FG019
2	EO76	sim_L2_M6	12503	FG015	FG001
2	EO76	sim_L2_M6	12504	FG015	FG021
2	EO76	sim_L2_M6	12505	FG005	FG024
2	EO76	sim_L2_M6	12506	FG005	FG023
2	EO76	sim_L2_M6	12507	FG005	FG001
2	EO76	sim_L2_M6	12508	FG005	FG001
2	EO76	sim_L2_M6	12509	FG005	FG001
2	EO76	sim_L2_M7	12510	FG001	FG024
2	EO76	sim_L2_M7	12511	FG001	FG004
2	EO76	sim_L2_M7	12512	FG001	FG021
2	EO76	sim_L2_M7	12513	FG001	FG012
2	EO76	sim_L2_M7	12514	FG001	FG002
2	EO76	sim_L2_M7	12515	FG001	FG021
2	EO76	sim_L2_M7	12516	FG001	FG002
2	EO76	sim_L2_M7	12517	FG001	FG002
2	EO76	sim_L2_M7	12518	FG001	FG002
2	EO76	sim_L2_M7	12519	FG001	FG004
2	EO76	sim_L2_M7	12520	FG001	FG024
2	EO76	sim_L2_M7	12521	FG001	FG024
2	EO76	sim_L2_M7	12522	FG001	FG019
2	EO76	sim_L2_M7	12523	FG001	FG006
2	EO76	sim_L2_M7	12524	FG001	FG006
2	EO76	sim_L2_M7	12525	FG001	FG024
2	EO76	sim_L2_M7	12526	FG001	FG002
2	EO76	sim_L2_M7	12527	FG001	FG021
2	EO76	sim_L2_M7	12528	FG001	FG024
2	EO76	sim_L2_M7	12529	FG001	FG027
2	EO76	sim_L2_M7	12530	FG001	FG002
2	EO76	sim_L2_M8	12531	FG001	FG002
2	EO76	sim_L2_M8	12532	FG001	FG015
2	EO76	sim_L2_M8	12533	FG001	FG024
2	EO76	sim_L2_M8	12534	FG001	FG024
2	EO76	sim_L2_M8	12535	FG001	FG006
2	EO76	sim_L2_M8	12536	FG001	FG012
2	EO76	sim_L2_M8	12537	FG001	FG017
2	EO76	sim_L2_M8	12538	FG001	FG024
2	EO76	sim_L2_M8	12539	FG001	FG019
2	EO76	sim_L2_M8	12540	FG001	FG006
2	EO76	sim_L2_M8	12541	FG001	FG023
2	EO76	sim_L2_M8	12542	FG001	FG001
2	EO76	sim_L2_M8	12543	FG001	FG011
2	EO76	sim_L2_M8	12544	FG001	FG002
2	EO76	sim_L2_M9	12545	FG001	FG006
2	EO76	sim_L2_M9	12546	FG004	FG006
2	EO76	sim_L2_M9	12547	FG001	FG012
2	EO76	sim_L2_M9	12548	FG004	FG002
2	EO76	sim_L2_M9	12549	FG001	FG024
2	EO76	sim_L2_M9	12550	FG004	FG012
2	EO76	sim_L2_M9	12551	FG004	FG003
2	EO76	sim_L2_M9	12552	FG001	FG002
2	EO76	sim_L2_M9	12553	FG001	FG014
2	EO76	sim_L2_M9	12554	FG004	FG022
2	EO76	sim_L2_M9	12555	FG004	FG024
2	EO76	sim_L2_M9	12556	FG001	FG002
2	EO76	sim_L2_M9	12557	FG001	FG021
2	EO76	sim_L2_M9	12558	FG004	FG010
2	EO76	sim_L2_M9	12559	FG004	FG024
2	EO76	sim_L2_M9	12560	FG001	FG006
2	EO76	sim_L2_M9	12561	FG004	FG006
2	EO76	sim_L2_M9	12562	FG001	FG005
2	EO76	sim_L2_M9	12563	FG001	FG002
2	EO76	sim_L2_M10	12564	FG024	FG003
2	EO76	sim_L2_M10	12565	FG018	FG004
2	EO76	sim_L2_M10	12566	FG018	FG002
2	EO76	sim_L2_M10	12567	FG018	FG001
2	EO76	sim_L2_M10	12568	FG018	FG002
2	EO76	sim_L2_M10	12569	FG018	FG001
2	EO76	sim_L2_M10	12570	FG024	FG004
2	EO76	sim_L2_M10	12571	FG024	FG001
2	EO76	sim_L2_M10	12572	FG018	FG001
2	EO76	sim_L2_M10	12573	FG024	FG001
2	EO76	sim_L2_M10	12574	FG018	FG005
2	EO76	sim_L2_M10	12575	FG018	FG008
2	EO76	sim_L2_M10	12576	FG024	FG010
2	EO76	sim_L2_M10	12577	FG024	FG001
2	EO76	sim_L2_M10	12578	FG024	FG017
2	EO76	sim_L2_M10	12579	FG024	FG001
2	EO76	sim_L2_M10	12580	FG018	FG019
2	EO76	sim_L2_M10	12581	FG024	FG021
2	EO76	sim_L2_M10	12582	FG024	FG015
2	EO76	sim_L2_M10	12583	FG024	FG004
2	EO76	sim_L2_M10	12584	FG018	FG001
2	EO76	sim_L2_M10	12585	FG018	FG011
2	EO76	sim_L2_M10	12586	FG024	FG001
2	EO76	sim_L2_M10	12587	FG024	FG001
2	EO76	sim_L2_M10	12588	FG024	FG001
2	EO76	sim_L2_M11	12589	FG001	FG003
2	EO76	sim_L2_M11	12590	FG001	FG022
2	EO76	sim_L2_M11	12591	FG001	FG008
2	EO76	sim_L2_M11	12592	FG002	FG024
2	EO76	sim_L2_M11	12593	FG001	FG018
2	EO76	sim_L2_M11	12594	FG002	FG029
2	EO76	sim_L2_M11	12595	FG001	FG014
2	EO76	sim_L2_M11	12596	FG002	FG024
2	EO76	sim_L2_M11	12597	FG002	FG024
2	EO76	sim_L2_M11	12598	FG001	FG019
2	EO76	sim_L2_M11	12599	FG002	FG024
2	EO76	sim_L2_M11	12600	FG001	FG001
2	EO76	sim_L2_M11	12601	FG002	FG002
2	EO76	sim_L2_M11	12602	FG002	FG024
2	EO76	sim_L2_M11	12603	FG002	FG018
2	EO76	sim_L2_M12	12604	FG001	FG003
2	EO76	sim_L2_M12	12605	FG001	FG002
2	EO76	sim_L2_M12	12606	FG001	FG002
2	EO76	sim_L2_M12	12607	FG001	FG024
2	EO76	sim_L2_M12	12608	FG001	FG024
2	EO76	sim_L2_M12	12609	FG001	FG003
2	EO76	sim_L2_M12	12610	FG001	FG005
2	EO76	sim_L2_M12	12611	FG001	FG018
2	EO76	sim_L2_M12	12612	FG001	FG024
2	EO76	sim_L2_M12	12613	FG001	FG024
2	EO76	sim_L2_M12	12614	FG001	FG009
2	EO76	sim_L2_M12	12615	FG001	FG023
2	EO76	sim_L2_M12	12616	FG001	FG003
2	EO76	sim_L2_M12	12617	FG001	FG006
2	EO76	sim_L2_M12	12618	FG001	FG001
2	EO76	sim_L2_M12	12619	FG001	FG002
2	EO76	sim_L2_M12	12620	FG001	FG004
2	EO76	sim_L2_M12	12621	FG001	FG006
2	EO76	sim_L2_M12	12622	FG001	FG021
2	EO76	sim_L2_M12	12623	FG001	FG002
2	EO76	sim_L2_M13	12624	FG017	FG024
2	EO76	sim_L2_M13	12625	FG017	FG021
2	EO76	sim_L2_M13	12626	FG001	FG010
2	EO76	sim_L2_M13	12627	FG001	FG002
2	EO76	sim_L2_M13	12628	FG001	FG024
2	EO76	sim_L2_M13	12629	FG017	FG010
2	EO76	sim_L2_M13	12630	FG017	FG002
2	EO76	sim_L2_M13	12631	FG017	FG024
2	EO76	sim_L2_M13	12632	FG001	FG006
2	EO76	sim_L2_M13	12633	FG001	FG024
2	EO76	sim_L2_M13	12634	FG001	FG001
2	EO76	sim_L2_M13	12635	FG001	FG024
2	EO76	sim_L2_M13	12636	FG001	FG019
2	EO76	sim_L2_M14	12637	FG024	FG004
2	EO76	sim_L2_M14	12638	FG024	FG022
2	EO76	sim_L2_M14	12639	FG002	FG001
2	EO76	sim_L2_M14	12640	FG024	FG001
2	EO76	sim_L2_M14	12641	FG002	FG001
2	EO76	sim_L2_M14	12642	FG024	FG001
2	EO76	sim_L2_M14	12643	FG002	FG006
2	EO76	sim_L2_M14	12644	FG002	FG001
2	EO76	sim_L2_M14	12645	FG024	FG001
2	EO76	sim_L2_M14	12646	FG002	FG018
2	EO76	sim_L2_M14	12647	FG002	FG001
2	EO76	sim_L2_M14	12648	FG002	FG001
2	EO76	sim_L2_M14	12649	FG002	FG001
2	EO76	sim_L2_M14	12650	FG002	FG001
2	EO76	sim_L2_M14	12651	FG024	FG001
2	EO76	sim_L2_M14	12652	FG002	FG001
2	EO76	sim_L2_M14	12653	FG002	FG024
2	EO76	sim_L2_M14	12654	FG024	FG007
2	EO76	sim_L2_M14	12655	FG002	FG012
2	EO76	sim_L2_M15	12656	FG001	FG024
2	EO76	sim_L2_M15	12657	FG015	FG024
2	EO76	sim_L2_M15	12658	FG001	FG001
2	EO76	sim_L2_M15	12659	FG001	FG006
2	EO76	sim_L2_M15	12660	FG001	FG017
2	EO76	sim_L2_M15	12661	FG015	FG017
2	EO76	sim_L2_M15	12662	FG001	FG028
2	EO76	sim_L2_M15	12663	FG015	FG019
2	EO76	sim_L2_M15	12664	FG015	FG023
2	EO76	sim_L2_M15	12665	FG015	FG024
2	EO76	sim_L2_M15	12666	FG001	FG024
2	EO76	sim_L2_M15	12667	FG015	FG019
2	EO76	sim_L2_M15	12668	FG015	FG010
2	EO76	sim_L2_M15	12669	FG001	FG006
2	EO76	sim_L2_M15	12670	FG015	FG002
2	EO76	sim_L2_M16	12671	FG006	FG002
2	EO76	sim_L2_M16	12672	FG006	FG017
2	EO76	sim_L2_M16	12673	FG001	FG001
2	EO76	sim_L2_M16	12674	FG006	FG024
2	EO76	sim_L2_M16	12675	FG001	FG012
2	EO76	sim_L2_M16	12676	FG006	FG024
2	EO76	sim_L2_M16	12677	FG006	FG024
2	EO76	sim_L2_M16	12678	FG001	FG021
2	EO76	sim_L2_M16	12679	FG001	FG003
2	EO76	sim_L2_M16	12680	FG006	FG001
2	EO76	sim_L2_M16	12681	FG001	FG024
2	EO76	sim_L2_M16	12682	FG006	FG019
2	EO76	sim_L2_M16	12683	FG001	FG002
2	EO76	sim_L2_M16	12684	FG001	FG002
2	EO76	sim_L2_M16	12685	FG001	FG019
2	EO76	sim_L2_M16	12686	FG001	FG001
2	EO76	sim_L2_M17	12687	FG001	FG018
2	EO76	sim_L2_M17	12688	FG001	FG006
2	EO76	sim_L2_M17	12689	FG001	FG024
2	EO76	sim_L2_M17	12690	FG001	FG024
2	EO76	sim_L2_M17	12691	FG001	FG021
2	EO76	sim_L2_M17	12692	FG001	FG006
2	EO76	sim_L2_M17	12693	FG001	FG024
2	EO76	sim_L2_M17	12694	FG001	FG006
2	EO76	sim_L2_M17	12695	FG001	FG024
2	EO76	sim_L2_M17	12696	FG001	FG018
2	EO76	sim_L2_M17	12697	FG001	FG024
2	EO76	sim_L2_M17	12698	FG001	FG004
2	EO76	sim_L2_M17	12699	FG001	FG006
2	EO76	sim_L2_M17	12700	FG001	FG010
2	EO76	sim_L2_M17	12701	FG001	FG021
2	EO76	sim_L2_M17	12702	FG001	FG006
2	EO76	sim_L2_M17	12703	FG001	FG006
2	EO76	sim_L2_M18	12704	FG017	FG001
2	EO76	sim_L2_M18	12705	FG024	FG002
2	EO76	sim_L2_M18	12706	FG024	FG001
2	EO76	sim_L2_M18	12707	FG017	FG001
2	EO76	sim_L2_M18	12708	FG017	FG030
2	EO76	sim_L2_M18	12709	FG017	FG001
2	EO76	sim_L2_M18	12710	FG024	FG001
2	EO76	sim_L2_M18	12711	FG017	FG001
2	EO76	sim_L2_M18	12712	FG024	FG001
2	EO76	sim_L2_M18	12713	FG024	FG019
2	EO76	sim_L2_M18	12714	FG017	FG001
2	EO76	sim_L2_M18	12715	FG024	FG001
2	EO76	sim_L2_M18	12716	FG024	FG001
2	EO76	sim_L2_M18	12717	FG017	FG002
2	EO76	sim_L2_M18	12718	FG024	FG001
2	EO76	sim_L2_M18	12719	FG017	FG002
2	EO76	sim_L2_M18	12720	FG017	FG002
2	EO76	sim_L2_M18	12721	FG017	FG002
2	EO76	sim_L2_M18	12722	FG017	FG006
2	EO76	sim_L2_M18	12723	FG024	FG019
2	EO76	sim_L2_M18	12724	FG017	FG010
2	EO76	sim_L2_M18	12725	FG024	FG007
2	EO76	sim_L2_M18	12726	FG024	FG012
2	EO76	sim_L2_M19	12727	FG023	FG024
2	EO76	sim_L2_M19	12728	FG023	FG002
2	EO76	sim_L2_M19	12729	FG001	FG017
2	EO76	sim_L2_M19	12730	FG023	FG024
2	EO76	sim_L2_M19	12731	FG023	FG002
2	EO76	sim_L2_M19	12732	FG023	FG019
2	EO76	sim_L2_M19	12733	FG001	FG003
2	EO76	sim_L2_M19	12734	FG001	FG001
2	EO76	sim_L2_M19	12735	FG001	FG024
2	EO76	sim_L2_M19	12736	FG023	FG024
2	EO76	sim_L2_M19	12737	FG001	FG006
2	EO76	sim_L2_M19	12738	FG001	FG012
2	EO76	sim_L2_M19	12739	FG001	FG024
2	EO76	sim_L2_M19	12740	FG001	FG008
2	EO76	sim_L2_M19	12741	FG023	FG024
2	EO76	sim_L2_M20	12742	FG024	FG001
2	EO76	sim_L2_M20	12743	FG024	FG019
2	EO76	sim_L2_M20	12744	FG003	FG001
2	EO76	sim_L2_M20	12745	FG003	FG001
2	EO76	sim_L2_M20	12746	FG024	FG015
2	EO76	sim_L2_M20	12747	FG003	FG002
2	EO76	sim_L2_M20	12748	FG024	FG002
2	EO76	sim_L2_M20	12749	FG024	FG001
2	EO76	sim_L2_M20	12750	FG024	FG001
2	EO76	sim_L2_M20	12751	FG024	FG001
2	EO76	sim_L2_M20	12752	FG003	FG001
2	EO76	sim_L2_M20	12753	FG003	FG001
2	EO76	sim_L2_M20	12754	FG024	FG001
2	EO76	sim_L2_M20	12755	FG003	FG001
2	EO76	sim_L2_M20	12756	FG024	FG006
2	EO76	sim_L2_M20	12757	FG024	FG002
2	EO76	sim_L2_M20	12758	FG024	FG006
2	EO76	sim_L2_M20	12759	FG024	FG001
2	EO76	sim_L2_M20	12760	FG003	FG006
2	EO76	sim_L2_M20	12761	FG003	FG001
2	EO76	sim_L2_M20	12762	FG024	FG024
2	EO76	sim_L2_M20	12763	FG003	FG018
2	EO76	sim_L2_M20	12764	FG024	FG006
2	EO76	sim_L2_M20	12765	FG024	FG001
2	EO76	sim_L2_M20	12766	FG024	FG001
2	EO76	sim_L2_M20	12767	FG024	FG001
2	EO76	sim_L2_M21	12768	FG030	FG006
2	EO76	sim_L2_M21	12769	FG030	FG001
2	EO76	sim_L2_M21	12770	FG030	FG002
2	EO76	sim_L2_M21	12771	FG014	FG024
2	EO76	sim_L2_M21	12772	FG014	FG005
2	EO76	sim_L2_M21	12773	FG014	FG002
2	EO76	sim_L2_M21	12774	FG030	FG024
2	EO76	sim_L2_M21	12775	FG014	FG004
2	EO76	sim_L2_M21	12776	FG030	FG001
2	EO76	sim_L2_M21	12777	FG014	FG024
2	EO76	sim_L2_M21	12778	FG014	FG011
2	EO76	sim_L2_M21	12779	FG030	FG024
2	EO76	sim_L2_M21	12780	FG030	FG006
2	EO76	sim_L2_M21	12781	FG030	FG024
2	EO76	sim_L2_M21	12782	FG014	FG021
2	EO76	sim_L2_M21	12783	FG030	FG019
2	EO76	sim_L2_M21	12784	FG014	FG024
2	EO76	sim_L2_M21	12785	FG030	FG019
2	EO76	sim_L2_M21	12786	FG030	FG001
2	EO76	sim_L2_M21	12787	FG014	FG018
2	EO76	sim_L2_M21	12788	FG014	FG001
2	EO76	sim_L2_M21	12789	FG014	FG021
2	EO76	sim_L2_M21	12790	FG014	FG001
2	EO76	sim_L2_M21	12791	FG014	FG006
2	EO76	sim_L2_M21	12792	FG030	FG001
2	EO76	sim_L2_M21	12793	FG030	FG001
2	EO76	sim_L2_M21	12794	FG014	FG006
2	EO76	sim_L2_M21	12795	FG014	FG012
2	EO76	sim_L2_M21	12796	FG030	FG005
2	EO76	sim_L2_M22	12797	FG002	FG021
2	EO76	sim_L2_M22	12798	FG002	FG006
2	EO76	sim_L2_M22	12799	FG001	FG019
2	EO76	sim_L2_M22	12800	FG001	FG024
2	EO76	sim_L2_M22	12801	FG002	FG024
2	EO76	sim_L2_M22	12802	FG002	FG024
2	EO76	sim_L2_M22	12803	FG002	FG024
2	EO76	sim_L2_M22	12804	FG001	FG004
2	EO76	sim_L2_M22	12805	FG001	FG024
2	EO76	sim_L2_M22	12806	FG001	FG006
2	EO76	sim_L2_M22	12807	FG001	FG005
2	EO76	sim_L2_M22	12808	FG001	FG024
2	EO76	sim_L2_M22	12809	FG002	FG018
2	EO76	sim_L2_M22	12810	FG002	FG024
2	EO76	sim_L2_M22	12811	FG002	FG004
2	EO76	sim_L2_M23	12812	FG010	FG023
2	EO76	sim_L2_M23	12813	FG010	FG001
2	EO76	sim_L2_M23	12814	FG006	FG001
2	EO76	sim_L2_M23	12815	FG010	FG001
2	EO76	sim_L2_M23	12816	FG010	FG002
2	EO76	sim_L2_M23	12817	FG010	FG024
2	EO76	sim_L2_M23	12818	FG006	FG002
2	EO76	sim_L2_M23	12819	FG006	FG001
2	EO76	sim_L2_M23	12820	FG010	FG001
2	EO76	sim_L2_M23	12821	FG006	FG001
2	EO76	sim_L2_M23	12822	FG006	FG001
2	EO76	sim_L2_M23	12823	FG006	FG019
2	EO76	sim_L2_M23	12824	FG006	FG008
2	EO76	sim_L2_M23	12825	FG006	FG024
2	EO76	sim_L2_M23	12826	FG006	FG026
2	EO76	sim_L2_M23	12827	FG010	FG001
2	EO76	sim_L2_M23	12828	FG006	FG001
2	EO76	sim_L2_M23	12829	FG006	FG013
2	EO76	sim_L2_M23	12830	FG010	FG012
2	EO76	sim_L2_M23	12831	FG006	FG014
2	EO76	sim_L2_M23	12832	FG010	FG019
2	EO76	sim_L2_M23	12833	FG010	FG002
2	EO76	sim_L2_M23	12834	FG010	FG006
2	EO76	sim_L2_M23	12835	FG010	FG001
2	EO76	sim_L2_M23	12836	FG010	FG024
2	EO76	sim_L2_M23	12837	FG006	FG024
2	EO76	sim_L2_M23	12838	FG010	FG001
2	EO76	sim_L2_M24	12839	FG001	FG002
2	EO76	sim_L2_M24	12840	FG024	FG001
2	EO76	sim_L2_M24	12841	FG001	FG002
2	EO76	sim_L2_M24	12842	FG001	FG007
2	EO76	sim_L2_M24	12843	FG001	FG006
2	EO76	sim_L2_M24	12844	FG001	FG013
2	EO76	sim_L2_M24	12845	FG024	FG003
2	EO76	sim_L2_M24	12846	FG024	FG002
2	EO76	sim_L2_M24	12847	FG001	FG006
2	EO76	sim_L2_M24	12848	FG024	FG001
2	EO76	sim_L2_M24	12849	FG024	FG001
2	EO76	sim_L2_M24	12850	FG024	FG012
2	EO76	sim_L2_M24	12851	FG024	FG010
2	EO76	sim_L2_M24	12852	FG024	FG006
2	EO76	sim_L2_M25	12853	FG024	FG018
2	EO76	sim_L2_M25	12854	FG024	FG004
2	EO76	sim_L2_M25	12855	FG024	FG002
2	EO76	sim_L2_M25	12856	FG001	FG006
2	EO76	sim_L2_M25	12857	FG001	FG030
2	EO76	sim_L2_M25	12858	FG001	FG004
2	EO76	sim_L2_M25	12859	FG001	FG002
2	EO76	sim_L2_M25	12860	FG001	FG001
2	EO76	sim_L2_M25	12861	FG024	FG002
2	EO76	sim_L2_M25	12862	FG001	FG002
2	EO76	sim_L2_M25	12863	FG001	FG006
2	EO76	sim_L2_M25	12864	FG024	FG002
2	EO76	sim_L2_M25	12865	FG024	FG012
2	EO76	sim_L2_M26	12866	FG002	FG001
2	EO76	sim_L2_M26	12867	FG002	FG024
2	EO76	sim_L2_M26	12868	FG002	FG004
2	EO76	sim_L2_M26	12869	FG002	FG015
2	EO76	sim_L2_M26	12870	FG002	FG023
2	EO76	sim_L2_M26	12871	FG002	FG024
2	EO76	sim_L2_M26	12872	FG001	FG004
2	EO76	sim_L2_M26	12873	FG002	FG024
2	EO76	sim_L2_M26	12874	FG001	FG006
2	EO76	sim_L2_M26	12875	FG002	FG004
2	EO76	sim_L2_M26	12876	FG001	FG003
2	EO76	sim_L2_M26	12877	FG002	FG024
2	EO76	sim_L2_M27	12878	FG003	FG015
2	EO76	sim_L2_M27	12879	FG003	FG014
2	EO76	sim_L2_M27	12880	FG001	FG018
2	EO76	sim_L2_M27	12881	FG003	FG023
2	EO76	sim_L2_M27	12882	FG003	FG021
2	EO76	sim_L2_M27	12883	FG001	FG019
2	EO76	sim_L2_M27	12884	FG003	FG024
2	EO76	sim_L2_M27	12885	FG003	FG002
2	EO76	sim_L2_M27	12886	FG003	FG001
2	EO76	sim_L2_M27	12887	FG001	FG002
2	EO76	sim_L2_M27	12888	FG003	FG006
2	EO76	sim_L2_M27	12889	FG003	FG002
2	EO76	sim_L2_M27	12890	FG001	FG001
2	EO76	sim_L2_M27	12891	FG001	FG028
2	EO76	sim_L2_M27	12892	FG003	FG021
2	EO76	sim_L2_M27	12893	FG003	FG002
2	EO76	sim_L2_M27	12894	FG001	FG024
2	EO76	sim_L2_M27	12895	FG001	FG009
2	EO76	sim_L2_M27	12896	FG003	FG021
2	EO76	sim_L2_M27	12897	FG003	FG024
2	EO76	sim_L2_M28	12898	FG023	FG016
2	EO76	sim_L2_M28	12899	FG023	FG030
2	EO76	sim_L2_M28	12900	FG023	FG001
2	EO76	sim_L2_M28	12901	FG023	FG001
2	EO76	sim_L2_M28	12902	FG023	FG001
2	EO76	sim_L2_M28	12903	FG024	FG024
2	EO76	sim_L2_M28	12904	FG024	FG001
2	EO76	sim_L2_M28	12905	FG023	FG001
2	EO76	sim_L2_M28	12906	FG023	FG001
2	EO76	sim_L2_M28	12907	FG023	FG001
2	EO76	sim_L2_M28	12908	FG024	FG001
2	EO76	sim_L2_M28	12909	FG024	FG003
2	EO76	sim_L2_M28	12910	FG023	FG001
2	EO76	sim_L2_M28	12911	FG023	FG001
2	EO76	sim_L2_M28	12912	FG023	FG001
2	EO76	sim_L2_M28	12913	FG023	FG015
2	EO76	sim_L2_M28	12914	FG023	FG002
2	EO76	sim_L2_M28	12915	FG024	FG001
2	EO76	sim_L2_M28	12916	FG023	FG001
2	EO76	sim_L2_M28	12917	FG023	FG002
2	EO76	sim_L2_M28	12918	FG024	FG015
2	EO76	sim_L2_M28	12919	FG023	FG018
2	EO76	sim_L2_M28	12920	FG024	FG001
2	EO76	sim_L2_M28	12921	FG024	FG001
2	EO76	sim_L2_M28	12922	FG023	FG006
2	EO76	sim_L2_M28	12923	FG023	FG019
2	EO76	sim_L2_M29	12924	FG001	FG010
2	EO76	sim_L2_M29	12925	FG001	FG004
2	EO76	sim_L2_M29	12926	FG001	FG024
2	EO76	sim_L2_M29	12927	FG001	FG018
2	EO76	sim_L2_M29	12928	FG001	FG015
2	EO76	sim_L2_M29	12929	FG001	FG002
2	EO76	sim_L2_M29	12930	FG001	FG023
2	EO76	sim_L2_M29	12931	FG001	FG004
2	EO76	sim_L2_M29	12932	FG001	FG003
2	EO76	sim_L2_M29	12933	FG001	FG002
2	EO76	sim_L2_M29	12934	FG001	FG024
2	EO76	sim_L2_M29	12935	FG001	FG021
2	EO76	sim_L2_M29	12936	FG001	FG024
2	EO76	sim_L2_M29	12937	FG001	FG024
2	EO76	sim_L2_M29	12938	FG001	FG002
2	EO76	sim_L2_M29	12939	FG001	FG006
2	EO76	sim_L2_M30	12940	FG024	FG002
2	EO76	sim_L2_M30	12941	FG024	FG001
2	EO76	sim_L2_M30	12942	FG024	FG005
2	EO76	sim_L2_M30	12943	FG024	FG001
2	EO76	sim_L2_M30	12944	FG004	FG011
2	EO76	sim_L2_M30	12945	FG004	FG002
2	EO76	sim_L2_M30	12946	FG004	FG019
2	EO76	sim_L2_M30	12947	FG024	FG001
2	EO76	sim_L2_M30	12948	FG024	FG001
2	EO76	sim_L2_M30	12949	FG004	FG001
2	EO76	sim_L2_M30	12950	FG004	FG012
2	EO76	sim_L2_M30	12951	FG004	FG002
2	EO76	sim_L2_M30	12952	FG024	FG002
2	EO76	sim_L2_M30	12953	FG024	FG001
2	EO76	sim_L2_M30	12954	FG004	FG001
2	EO76	sim_L2_M30	12955	FG024	FG001
2	EO76	sim_L2_M30	12956	FG004	FG001
2	EO76	sim_L2_M30	12957	FG004	FG001
2	EO76	sim_L2_M30	12958	FG024	FG030
2	EO76	sim_L2_M30	12959	FG024	FG019
2	EO76	sim_L2_M30	12960	FG004	FG001
2	EO76	sim_L2_M30	12961	FG004	FG010
2	EO76	sim_L2_M30	12962	FG024	FG002
2	EO76	sim_L2_M30	12963	FG024	FG001
2	EO76	sim_L2_M30	12964	FG024	FG012
2	EO76	sim_L2_M31	12965	FG001	FG002
2	EO76	sim_L2_M31	12966	FG024	FG002
2	EO76	sim_L2_M31	12967	FG024	FG006
2	EO76	sim_L2_M31	12968	FG001	FG002
2	EO76	sim_L2_M31	12969	FG001	FG015
2	EO76	sim_L2_M31	12970	FG024	FG021
2	EO76	sim_L2_M31	12971	FG001	FG001
2	EO76	sim_L2_M31	12972	FG024	FG005
2	EO76	sim_L2_M31	12973	FG001	FG002
2	EO76	sim_L2_M31	12974	FG024	FG006
2	EO76	sim_L2_M31	12975	FG001	FG002
2	EO76	sim_L2_M31	12976	FG001	FG001
2	EO76	sim_L2_M31	12977	FG024	FG021
2	EO76	sim_L2_M32	12978	FG001	FG017
2	EO76	sim_L2_M32	12979	FG024	FG019
2	EO76	sim_L2_M32	12980	FG001	FG002
2	EO76	sim_L2_M32	12981	FG001	FG019
2	EO76	sim_L2_M32	12982	FG001	FG002
2	EO76	sim_L2_M32	12983	FG001	FG024
2	EO76	sim_L2_M32	12984	FG024	FG011
2	EO76	sim_L2_M32	12985	FG001	FG011
2	EO76	sim_L2_M32	12986	FG001	FG006
2	EO76	sim_L2_M32	12987	FG001	FG002
2	EO76	sim_L2_M32	12988	FG024	FG012
2	EO76	sim_L2_M32	12989	FG001	FG003
2	EO76	sim_L2_M33	12990	FG001	FG001
2	EO76	sim_L2_M33	12991	FG001	FG001
2	EO76	sim_L2_M33	12992	FG001	FG004
2	EO76	sim_L2_M33	12993	FG001	FG011
2	EO76	sim_L2_M33	12994	FG001	FG024
2	EO76	sim_L2_M33	12995	FG001	FG029
2	EO76	sim_L2_M33	12996	FG001	FG024
2	EO76	sim_L2_M33	12997	FG001	FG002
2	EO76	sim_L2_M33	12998	FG001	FG012
2	EO76	sim_L2_M33	12999	FG001	FG006
2	EO76	sim_L2_M33	13000	FG001	FG010
2	EO76	sim_L2_M33	13001	FG001	FG024
2	EO76	sim_L2_M33	13002	FG001	FG024
2	EO76	sim_L2_M33	13003	FG001	FG002
2	EO76	sim_L2_M33	13004	FG001	FG024
2	EO76	sim_L2_M33	13005	FG001	FG017
2	EO76	sim_L2_M33	13006	FG001	FG019
2	EO76	sim_L2_M33	13007	FG001	FG002
2	EO76	sim_L2_M34	13008	FG003	FG006
2	EO76	sim_L2_M34	13009	FG001	FG024
2	EO76	sim_L2_M34	13010	FG001	FG002
2	EO76	sim_L2_M34	13011	FG003	FG024
2	EO76	sim_L2_M34	13012	FG003	FG002
2	EO76	sim_L2_M34	13013	FG001	FG024
2	EO76	sim_L2_M34	13014	FG001	FG024
2	EO76	sim_L2_M34	13015	FG001	FG024
2	EO76	sim_L2_M34	13016	FG003	FG024
2	EO76	sim_L2_M34	13017	FG003	FG024
2	EO76	sim_L2_M34	13018	FG001	FG024
2	EO76	sim_L2_M34	13019	FG003	FG024
2	EO76	sim_L2_M34	13020	FG003	FG006
2	EO76	sim_L2_M34	13021	FG003	FG023
2	EO76	sim_L2_M34	13022	FG001	FG002
2	EO76	sim_L2_M35	13023	FG024	FG002
2	EO76	sim_L2_M35	13024	FG001	FG006
2	EO76	sim_L2_M35	13025	FG001	FG002
2	EO76	sim_L2_M35	13026	FG024	FG001
2	EO76	sim_L2_M35	13027	FG001	FG021
2	EO76	sim_L2_M35	13028	FG024	FG006
2	EO76	sim_L2_M35	13029	FG024	FG002
2	EO76	sim_L2_M35	13030	FG001	FG002
2	EO76	sim_L2_M35	13031	FG024	FG024
2	EO76	sim_L2_M35	13032	FG001	FG002
2	EO76	sim_L2_M35	13033	FG001	FG006
2	EO76	sim_L2_M35	13034	FG001	FG002
2	EO76	sim_L2_M36	13035	FG024	FG001
2	EO76	sim_L2_M36	13036	FG024	FG001
2	EO76	sim_L2_M36	13037	FG024	FG001
2	EO76	sim_L2_M36	13038	FG024	FG002
2	EO76	sim_L2_M36	13039	FG024	FG002
2	EO76	sim_L2_M36	13040	FG024	FG001
2	EO76	sim_L2_M36	13041	FG024	FG001
2	EO76	sim_L2_M36	13042	FG024	FG002
2	EO76	sim_L2_M36	13043	FG024	FG001
2	EO76	sim_L2_M36	13044	FG024	FG001
2	EO76	sim_L2_M36	13045	FG024	FG001
2	EO76	sim_L2_M36	13046	FG024	FG001
2	EO76	sim_L2_M36	13047	FG024	FG001
2	EO76	sim_L2_M36	13048	FG024	FG001
2	EO76	sim_L2_M36	13049	FG024	FG001
2	EO76	sim_L2_M36	13050	FG024	FG001
2	EO76	sim_L2_M36	13051	FG024	FG001
2	EO76	sim_L2_M36	13052	FG024	FG002
2	EO76	sim_L2_M36	13053	FG024	FG001
2	EO76	sim_L2_M36	13054	FG024	FG006
2	EO76	sim_L2_M36	13055	FG024	FG001
2	EO76	sim_L2_M36	13056	FG024	FG016
2	EO76	sim_L2_M36	13057	FG024	FG001
2	EO76	sim_L2_M37	13058	FG026	FG001
2	EO76	sim_L2_M37	13059	FG026	FG012
2	EO76	sim_L2_M37	13060	FG026	FG001
2	EO76	sim_L2_M37	13061	FG026	FG006
2	EO76	sim_L2_M37	13062	FG026	FG002
2	EO76	sim_L2_M37	13063	FG026	FG001
2	EO76	sim_L2_M37	13064	FG026	FG001
2	EO76	sim_L2_M37	13065	FG026	FG006
2	EO76	sim_L2_M37	13066	FG026	FG001
2	EO76	sim_L2_M37	13067	FG026	FG024
2	EO76	sim_L2_M37	13068	FG026	FG010
2	EO76	sim_L2_M37	13069	FG026	FG015
2	EO76	sim_L2_M37	13070	FG026	FG006
2	EO76	sim_L2_M37	13071	FG026	FG001
2	EO76	sim_L2_M37	13072	FG026	FG006
2	EO76	sim_L2_M37	13073	FG026	FG001
2	EO76	sim_L2_M37	13074	FG026	FG001
2	EO76	sim_L2_M37	13075	FG026	FG001
2	EO76	sim_L2_M37	13076	FG026	FG002
2	EO76	sim_L2_M37	13077	FG026	FG018
2	EO76	sim_L2_M37	13078	FG026	FG024
2	EO76	sim_L2_M37	13079	FG026	FG002
2	EO76	sim_L2_M37	13080	FG026	FG001
2	EO76	sim_L2_M37	13081	FG026	FG001
2	EO76	sim_L2_M37	13082	FG026	FG024
2	EO76	sim_L2_M37	13083	FG026	FG024
2	EO76	sim_L2_M37	13084	FG026	FG001
2	EO76	sim_L2_M37	13085	FG026	FG001
2	EO76	sim_L2_M37	13086	FG026	FG024
2	EO76	sim_L2_M38	13087	FG001	FG002
2	EO76	sim_L2_M38	13088	FG006	FG024
2	EO76	sim_L2_M38	13089	FG001	FG024
2	EO76	sim_L2_M38	13090	FG006	FG024
2	EO76	sim_L2_M38	13091	FG006	FG002
2	EO76	sim_L2_M38	13092	FG001	FG002
2	EO76	sim_L2_M38	13093	FG006	FG002
2	EO76	sim_L2_M38	13094	FG006	FG024
2	EO76	sim_L2_M38	13095	FG001	FG001
2	EO76	sim_L2_M38	13096	FG006	FG002
2	EO76	sim_L2_M38	13097	FG001	FG002
2	EO76	sim_L2_M38	13098	FG001	FG022
2	EO76	sim_L2_M38	13099	FG006	FG024
2	EO76	sim_L2_M38	13100	FG001	FG024
2	EO76	sim_L2_M38	13101	FG006	FG006
2	EO76	sim_L2_M39	13102	FG001	FG021
2	EO76	sim_L2_M39	13103	FG001	FG006
2	EO76	sim_L2_M39	13104	FG001	FG017
2	EO76	sim_L2_M39	13105	FG001	FG016
2	EO76	sim_L2_M39	13106	FG001	FG024
2	EO76	sim_L2_M39	13107	FG001	FG001
2	EO76	sim_L2_M39	13108	FG001	FG002
2	EO76	sim_L2_M39	13109	FG001	FG001
2	EO76	sim_L2_M39	13110	FG001	FG002
2	EO76	sim_L2_M39	13111	FG001	FG006
2	EO76	sim_L2_M39	13112	FG001	FG003
2	EO76	sim_L2_M39	13113	FG001	FG006
2	EO76	sim_L2_M39	13114	FG001	FG002
2	EO76	sim_L2_M39	13115	FG001	FG024
2	EO76	sim_L2_M39	13116	FG001	FG024
2	EO76	sim_L2_M39	13117	FG001	FG024
2	EO76	sim_L2_M39	13118	FG001	FG002
2	EO76	sim_L2_M39	13119	FG001	FG018
2	EO76	sim_L2_M39	13120	FG001	FG024
2	EO76	sim_L2_M39	13121	FG001	FG002
2	EO76	sim_L2_M40	13122	FG001	FG024
2	EO76	sim_L2_M40	13123	FG001	FG006
2	EO76	sim_L2_M40	13124	FG023	FG002
2	EO76	sim_L2_M40	13125	FG023	FG024
2	EO76	sim_L2_M40	13126	FG023	FG024
2	EO76	sim_L2_M40	13127	FG023	FG024
2	EO76	sim_L2_M40	13128	FG001	FG018
2	EO76	sim_L2_M40	13129	FG001	FG024
2	EO76	sim_L2_M40	13130	FG023	FG024
2	EO76	sim_L2_M40	13131	FG001	FG024
2	EO76	sim_L2_M40	13132	FG001	FG024
2	EO76	sim_L2_M40	13133	FG023	FG024
2	EO76	sim_L2_M40	13134	FG023	FG024
2	EO76	sim_L2_M40	13135	FG023	FG002
2	EO76	sim_L2_M40	13136	FG001	FG002
2	EO76	sim_L2_M40	13137	FG023	FG012
2	EO76	sim_L2_M40	13138	FG023	FG024
2	EO76	sim_L2_M40	13139	FG023	FG024
2	EO76	sim_L2_M40	13140	FG023	FG005
2	EO76	sim_L2_M40	13141	FG001	FG001
2	EO76	sim_L2_M40	13142	FG001	FG002
2	EO76	sim_L2_M41	13143	FG001	FG007
2	EO76	sim_L2_M41	13144	FG001	FG024
2	EO76	sim_L2_M41	13145	FG001	FG006
2	EO76	sim_L2_M41	13146	FG001	FG004
2	EO76	sim_L2_M41	13147	FG001	FG002
2	EO76	sim_L2_M41	13148	FG001	FG019
2	EO76	sim_L2_M41	13149	FG001	FG006
2	EO76	sim_L2_M41	13150	FG001	FG006
2	EO76	sim_L2_M41	13151	FG001	FG024
2	EO76	sim_L2_M41	13152	FG001	FG002
2	EO76	sim_L2_M41	13153	FG001	FG006
2	EO76	sim_L2_M41	13154	FG001	FG024
2	EO76	sim_L2_M41	13155	FG001	FG024
2	EO76	sim_L2_M41	13156	FG001	FG002
2	EO76	sim_L2_M41	13157	FG001	FG002
2	EO76	sim_L2_M41	13158	FG001	FG024
2	EO76	sim_L2_M41	13159	FG001	FG001
2	EO76	sim_L2_M41	13160	FG001	FG020
2	EO76	sim_L2_M41	13161	FG001	FG006
2	EO76	sim_L2_M41	13162	FG001	FG032
2	EO76	sim_L2_M42	13163	FG024	FG012
2	EO76	sim_L2_M42	13164	FG024	FG018
2	EO76	sim_L2_M42	13165	FG024	FG001
2	EO76	sim_L2_M42	13166	FG024	FG001
2	EO76	sim_L2_M42	13167	FG024	FG002
2	EO76	sim_L2_M42	13168	FG024	FG001
2	EO76	sim_L2_M42	13169	FG024	FG001
2	EO76	sim_L2_M42	13170	FG024	FG024
2	EO76	sim_L2_M42	13171	FG024	FG001
2	EO76	sim_L2_M42	13172	FG024	FG001
2	EO76	sim_L2_M42	13173	FG024	FG002
2	EO76	sim_L2_M42	13174	FG024	FG004
2	EO76	sim_L2_M42	13175	FG024	FG001
2	EO76	sim_L2_M42	13176	FG024	FG004
2	EO76	sim_L2_M42	13177	FG024	FG001
2	EO76	sim_L2_M42	13178	FG024	FG001
2	EO76	sim_L2_M42	13179	FG024	FG006
2	EO76	sim_L2_M42	13180	FG024	FG006
2	EO76	sim_L2_M42	13181	FG024	FG002
2	EO76	sim_L2_M42	13182	FG024	FG001
2	EO76	sim_L2_M42	13183	FG024	FG024
2	EO76	sim_L2_M42	13184	FG024	FG002
2	EO76	sim_L2_M42	13185	FG024	FG001
2	EO76	sim_L2_M42	13186	FG024	FG001
2	EO76	sim_L2_M43	13187	FG010	FG017
2	EO76	sim_L2_M43	13188	FG002	FG006
2	EO76	sim_L2_M43	13189	FG002	FG001
2	EO76	sim_L2_M43	13190	FG002	FG001
2	EO76	sim_L2_M43	13191	FG010	FG001
2	EO76	sim_L2_M43	13192	FG002	FG001
2	EO76	sim_L2_M43	13193	FG010	FG024
2	EO76	sim_L2_M43	13194	FG010	FG001
2	EO76	sim_L2_M43	13195	FG002	FG001
2	EO76	sim_L2_M43	13196	FG010	FG021
2	EO76	sim_L2_M43	13197	FG002	FG015
2	EO76	sim_L2_M43	13198	FG002	FG001
2	EO76	sim_L2_M43	13199	FG010	FG001
2	EO76	sim_L2_M43	13200	FG010	FG001
2	EO76	sim_L2_M43	13201	FG010	FG024
2	EO76	sim_L2_M43	13202	FG002	FG012
2	EO76	sim_L2_M43	13203	FG010	FG006
2	EO76	sim_L2_M43	13204	FG010	FG001
2	EO76	sim_L2_M43	13205	FG002	FG024
2	EO76	sim_L2_M43	13206	FG002	FG001
2	EO76	sim_L2_M43	13207	FG002	FG006
2	EO76	sim_L2_M43	13208	FG010	FG006
2	EO76	sim_L2_M43	13209	FG010	FG024
2	EO76	sim_L2_M43	13210	FG002	FG001
2	EO76	sim_L2_M43	13211	FG002	FG001
2	EO76	sim_L2_M43	13212	FG002	FG027
2	EO76	sim_L2_M44	13213	FG017	FG001
2	EO76	sim_L2_M44	13214	FG017	FG001
2	EO76	sim_L2_M44	13215	FG017	FG030
2	EO76	sim_L2_M44	13216	FG017	FG002
2	EO76	sim_L2_M44	13217	FG017	FG001
2	EO76	sim_L2_M44	13218	FG017	FG021
2	EO76	sim_L2_M44	13219	FG017	FG024
2	EO76	sim_L2_M44	13220	FG017	FG024
2	EO76	sim_L2_M44	13221	FG017	FG001
2	EO76	sim_L2_M44	13222	FG017	FG024
2	EO76	sim_L2_M44	13223	FG017	FG024
2	EO76	sim_L2_M44	13224	FG017	FG001
2	EO76	sim_L2_M44	13225	FG017	FG001
2	EO76	sim_L2_M44	13226	FG017	FG001
2	EO76	sim_L2_M44	13227	FG017	FG003
2	EO76	sim_L2_M44	13228	FG017	FG024
2	EO76	sim_L2_M44	13229	FG017	FG001
2	EO76	sim_L2_M44	13230	FG017	FG024
2	EO76	sim_L2_M44	13231	FG017	FG024
2	EO76	sim_L2_M44	13232	FG017	FG006
2	EO76	sim_L2_M44	13233	FG017	FG001
2	EO76	sim_L2_M44	13234	FG017	FG024
2	EO76	sim_L2_M44	13235	FG017	FG018
2	EO76	sim_L2_M44	13236	FG017	FG003
2	EO76	sim_L2_M44	13237	FG017	FG001
2	EO76	sim_L2_M44	13238	FG017	FG006
2	EO76	sim_L2_M44	13239	FG017	FG001
2	EO76	sim_L2_M44	13240	FG017	FG024
2	EO76	sim_L2_M45	13241	FG024	FG004
2	EO76	sim_L2_M45	13242	FG002	FG001
2	EO76	sim_L2_M45	13243	FG024	FG012
2	EO76	sim_L2_M45	13244	FG024	FG012
2	EO76	sim_L2_M45	13245	FG002	FG001
2	EO76	sim_L2_M45	13246	FG024	FG012
2	EO76	sim_L2_M45	13247	FG024	FG001
2	EO76	sim_L2_M45	13248	FG024	FG001
2	EO76	sim_L2_M45	13249	FG002	FG006
2	EO76	sim_L2_M45	13250	FG002	FG001
2	EO76	sim_L2_M45	13251	FG024	FG001
2	EO76	sim_L2_M45	13252	FG002	FG001
2	EO76	sim_L2_M45	13253	FG024	FG004
2	EO76	sim_L2_M45	13254	FG024	FG001
2	EO76	sim_L2_M45	13255	FG002	FG002
2	EO76	sim_L2_M45	13256	FG002	FG001
2	EO76	sim_L2_M45	13257	FG024	FG001
2	EO76	sim_L2_M45	13258	FG024	FG021
2	EO76	sim_L2_M45	13259	FG024	FG019
2	EO76	sim_L2_M45	13260	FG024	FG001
2	EO76	sim_L2_M45	13261	FG002	FG001
2	EO76	sim_L2_M45	13262	FG002	FG001
2	EO76	sim_L2_M45	13263	FG024	FG018
2	EO76	sim_L2_M46	13264	FG019	FG014
2	EO76	sim_L2_M46	13265	FG019	FG002
2	EO76	sim_L2_M46	13266	FG019	FG021
2	EO76	sim_L2_M46	13267	FG019	FG001
2	EO76	sim_L2_M46	13268	FG024	FG002
2	EO76	sim_L2_M46	13269	FG024	FG001
2	EO76	sim_L2_M46	13270	FG024	FG002
2	EO76	sim_L2_M46	13271	FG024	FG002
2	EO76	sim_L2_M46	13272	FG024	FG006
2	EO76	sim_L2_M46	13273	FG024	FG002
2	EO76	sim_L2_M46	13274	FG024	FG002
2	EO76	sim_L2_M46	13275	FG019	FG006
2	EO76	sim_L2_M46	13276	FG019	FG006
2	EO76	sim_L2_M46	13277	FG024	FG006
2	EO76	sim_L2_M46	13278	FG024	FG008
2	EO76	sim_L2_M46	13279	FG019	FG012
2	EO76	sim_L2_M46	13280	FG019	FG001
2	EO76	sim_L2_M46	13281	FG024	FG003
2	EO76	sim_L2_M46	13282	FG019	FG001
2	EO76	sim_L2_M46	13283	FG019	FG001
2	EO76	sim_L2_M46	13284	FG019	FG001
2	EO76	sim_L2_M46	13285	FG019	FG001
2	EO76	sim_L2_M46	13286	FG019	FG002
2	EO76	sim_L2_M46	13287	FG024	FG015
2	EO76	sim_L2_M47	13288	FG001	FG021
2	EO76	sim_L2_M47	13289	FG001	FG024
2	EO76	sim_L2_M47	13290	FG001	FG024
2	EO76	sim_L2_M47	13291	FG001	FG024
2	EO76	sim_L2_M47	13292	FG001	FG002
2	EO76	sim_L2_M47	13293	FG001	FG006
2	EO76	sim_L2_M47	13294	FG001	FG024
2	EO76	sim_L2_M47	13295	FG001	FG024
2	EO76	sim_L2_M47	13296	FG001	FG001
2	EO76	sim_L2_M47	13297	FG001	FG002
2	EO76	sim_L2_M47	13298	FG001	FG002
2	EO76	sim_L2_M47	13299	FG001	FG024
2	EO76	sim_L2_M47	13300	FG001	FG012
2	EO76	sim_L2_M47	13301	FG001	FG024
2	EO76	sim_L2_M47	13302	FG001	FG021
2	EO76	sim_L2_M47	13303	FG001	FG012
2	EO76	sim_L2_M47	13304	FG001	FG026
2	EO76	sim_L2_M47	13305	FG001	FG024
2	EO76	sim_L2_M48	13306	FG001	FG004
2	EO76	sim_L2_M48	13307	FG024	FG005
2	EO76	sim_L2_M48	13308	FG001	FG001
2	EO76	sim_L2_M48	13309	FG001	FG007
2	EO76	sim_L2_M48	13310	FG001	FG006
2	EO76	sim_L2_M48	13311	FG001	FG003
2	EO76	sim_L2_M48	13312	FG024	FG006
2	EO76	sim_L2_M48	13313	FG001	FG006
2	EO76	sim_L2_M48	13314	FG024	FG004
2	EO76	sim_L2_M48	13315	FG001	FG023
2	EO76	sim_L2_M48	13316	FG001	FG018
2	EO76	sim_L2_M48	13317	FG024	FG018
2	EO76	sim_L2_M48	13318	FG001	FG006
2	EO76	sim_L2_M48	13319	FG024	FG002
2	EO76	sim_L2_M48	13320	FG024	FG021
2	EO76	sim_L2_M48	13321	FG024	FG017
2	EO76	sim_L2_M48	13322	FG001	FG002
2	EO76	sim_L2_M48	13323	FG024	FG018
2	EO76	sim_L2_M48	13324	FG024	FG002
2	EO76	sim_L2_M48	13325	FG024	FG002
2	EO76	sim_L2_M49	13326	FG001	FG012
2	EO76	sim_L2_M49	13327	FG001	FG005
2	EO76	sim_L2_M49	13328	FG006	FG019
2	EO76	sim_L2_M49	13329	FG001	FG003
2	EO76	sim_L2_M49	13330	FG001	FG016
2	EO76	sim_L2_M49	13331	FG001	FG002
2	EO76	sim_L2_M49	13332	FG001	FG001
2	EO76	sim_L2_M49	13333	FG006	FG006
2	EO76	sim_L2_M49	13334	FG006	FG014
2	EO76	sim_L2_M49	13335	FG001	FG020
2	EO76	sim_L2_M49	13336	FG006	FG002
2	EO76	sim_L2_M49	13337	FG006	FG003
2	EO76	sim_L2_M49	13338	FG006	FG012
2	EO76	sim_L2_M49	13339	FG001	FG024
2	EO76	sim_L2_M49	13340	FG006	FG002
2	EO76	sim_L2_M50	13341	FG002	FG001
2	EO76	sim_L2_M50	13342	FG024	FG008
2	EO76	sim_L2_M50	13343	FG002	FG001
2	EO76	sim_L2_M50	13344	FG024	FG001
2	EO76	sim_L2_M50	13345	FG024	FG001
2	EO76	sim_L2_M50	13346	FG002	FG018
2	EO76	sim_L2_M50	13347	FG002	FG006
2	EO76	sim_L2_M50	13348	FG024	FG012
2	EO76	sim_L2_M50	13349	FG024	FG003
2	EO76	sim_L2_M50	13350	FG002	FG012
2	EO76	sim_L2_M50	13351	FG024	FG001
2	EO76	sim_L2_M50	13352	FG002	FG004
2	EO76	sim_L2_M50	13353	FG024	FG008
2	EO76	sim_L2_M50	13354	FG024	FG001
2	EO76	sim_L2_M50	13355	FG024	FG001
2	EO76	sim_L2_M50	13356	FG002	FG006
2	EO76	sim_L2_M50	13357	FG002	FG001
2	EO76	sim_L2_M50	13358	FG002	FG001
2	EO76	sim_L2_M50	13359	FG024	FG001
2	EO76	sim_L2_M50	13360	FG024	FG001
2	EO76	sim_L2_M50	13361	FG024	FG015
2	EO76	sim_L2_M50	13362	FG002	FG024
2	EO76	sim_L2_M50	13363	FG002	FG004
2	EO76	sim_L2_M51	13364	FG002	FG010
2	EO76	sim_L2_M51	13365	FG002	FG001
2	EO76	sim_L2_M51	13366	FG012	FG024
2	EO76	sim_L2_M51	13367	FG012	FG001
2	EO76	sim_L2_M51	13368	FG002	FG021
2	EO76	sim_L2_M51	13369	FG012	FG001
2	EO76	sim_L2_M51	13370	FG012	FG003
2	EO76	sim_L2_M51	13371	FG002	FG002
2	EO76	sim_L2_M51	13372	FG002	FG001
2	EO76	sim_L2_M51	13373	FG002	FG005
2	EO76	sim_L2_M51	13374	FG002	FG001
2	EO76	sim_L2_M51	13375	FG012	FG001
2	EO76	sim_L2_M51	13376	FG002	FG015
2	EO76	sim_L2_M51	13377	FG002	FG024
2	EO76	sim_L2_M51	13378	FG012	FG024
2	EO76	sim_L2_M51	13379	FG002	FG025
2	EO76	sim_L2_M51	13380	FG002	FG010
2	EO76	sim_L2_M51	13381	FG002	FG001
2	EO76	sim_L2_M51	13382	FG012	FG001
2	EO76	sim_L2_M51	13383	FG002	FG001
2	EO76	sim_L2_M51	13384	FG012	FG001
2	EO76	sim_L2_M51	13385	FG002	FG001
2	EO76	sim_L2_M51	13386	FG002	FG001
2	EO76	sim_L2_M51	13387	FG002	FG024
2	EO76	sim_L2_M51	13388	FG012	FG001
2	EO76	sim_L2_M52	13389	FG001	FG021
2	EO76	sim_L2_M52	13390	FG003	FG024
2	EO76	sim_L2_M52	13391	FG001	FG006
2	EO76	sim_L2_M52	13392	FG003	FG024
2	EO76	sim_L2_M52	13393	FG001	FG006
2	EO76	sim_L2_M52	13394	FG001	FG006
2	EO76	sim_L2_M52	13395	FG003	FG012
2	EO76	sim_L2_M52	13396	FG001	FG006
2	EO76	sim_L2_M52	13397	FG003	FG006
2	EO76	sim_L2_M52	13398	FG003	FG024
2	EO76	sim_L2_M52	13399	FG001	FG015
2	EO76	sim_L2_M52	13400	FG001	FG024
2	EO76	sim_L2_M52	13401	FG001	FG019
2	EO76	sim_L2_M52	13402	FG003	FG001
2	EO76	sim_L2_M52	13403	FG003	FG024
2	EO76	sim_L2_M52	13404	FG001	FG001
2	EO76	sim_L2_M52	13405	FG003	FG006
2	EO76	sim_L2_M52	13406	FG001	FG009
2	EO76	sim_L2_M52	13407	FG003	FG016
2	EO76	sim_L2_M52	13408	FG001	FG006
2	EO76	sim_L2_M52	13409	FG001	FG002
2	EO76	sim_L2_M53	13410	FG024	FG002
2	EO76	sim_L2_M53	13411	FG024	FG002
2	EO76	sim_L2_M53	13412	FG024	FG010
2	EO76	sim_L2_M53	13413	FG024	FG002
2	EO76	sim_L2_M53	13414	FG024	FG002
2	EO76	sim_L2_M53	13415	FG024	FG012
2	EO76	sim_L2_M53	13416	FG001	FG002
2	EO76	sim_L2_M53	13417	FG001	FG002
2	EO76	sim_L2_M53	13418	FG024	FG006
2	EO76	sim_L2_M53	13419	FG001	FG006
2	EO76	sim_L2_M53	13420	FG024	FG019
2	EO76	sim_L2_M53	13421	FG024	FG002
2	EO76	sim_L2_M53	13422	FG024	FG003
2	EO76	sim_L2_M53	13423	FG001	FG006
2	EO76	sim_L2_M53	13424	FG024	FG002
2	EO76	sim_L2_M54	13425	FG017	FG019
2	EO76	sim_L2_M54	13426	FG001	FG006
2	EO76	sim_L2_M54	13427	FG017	FG002
2	EO76	sim_L2_M54	13428	FG001	FG024
2	EO76	sim_L2_M54	13429	FG017	FG021
2	EO76	sim_L2_M54	13430	FG001	FG002
2	EO76	sim_L2_M54	13431	FG001	FG024
2	EO76	sim_L2_M54	13432	FG001	FG024
2	EO76	sim_L2_M54	13433	FG001	FG002
2	EO76	sim_L2_M54	13434	FG001	FG024
2	EO76	sim_L2_M54	13435	FG017	FG002
2	EO76	sim_L2_M54	13436	FG017	FG024
2	EO76	sim_L2_M54	13437	FG001	FG002
2	EO76	sim_L2_M54	13438	FG001	FG024
2	EO76	sim_L2_M54	13439	FG017	FG024
2	EO76	sim_L2_M54	13440	FG001	FG018
2	EO76	sim_L2_M54	13441	FG017	FG012
2	EO76	sim_L2_M54	13442	FG001	FG006
2	EO76	sim_L2_M55	13443	FG001	FG002
2	EO76	sim_L2_M55	13444	FG024	FG018
2	EO76	sim_L2_M55	13445	FG001	FG024
2	EO76	sim_L2_M55	13446	FG001	FG004
2	EO76	sim_L2_M55	13447	FG001	FG002
2	EO76	sim_L2_M55	13448	FG024	FG018
2	EO76	sim_L2_M55	13449	FG024	FG021
2	EO76	sim_L2_M55	13450	FG001	FG001
2	EO76	sim_L2_M55	13451	FG024	FG001
2	EO76	sim_L2_M55	13452	FG024	FG018
2	EO76	sim_L2_M55	13453	FG001	FG001
2	EO76	sim_L2_M55	13454	FG001	FG002
2	EO76	sim_L2_M56	13455	FG001	FG002
2	EO76	sim_L2_M56	13456	FG006	FG002
2	EO76	sim_L2_M56	13457	FG006	FG021
2	EO76	sim_L2_M56	13458	FG006	FG012
2	EO76	sim_L2_M56	13459	FG006	FG002
2	EO76	sim_L2_M56	13460	FG006	FG024
2	EO76	sim_L2_M56	13461	FG001	FG024
2	EO76	sim_L2_M56	13462	FG006	FG012
2	EO76	sim_L2_M56	13463	FG001	FG020
2	EO76	sim_L2_M56	13464	FG006	FG017
2	EO76	sim_L2_M56	13465	FG001	FG024
2	EO76	sim_L2_M56	13466	FG006	FG021
2	EO76	sim_L2_M57	13467	FG006	FG019
2	EO76	sim_L2_M57	13468	FG001	FG025
2	EO76	sim_L2_M57	13469	FG001	FG010
2	EO76	sim_L2_M57	13470	FG001	FG008
2	EO76	sim_L2_M57	13471	FG006	FG004
2	EO76	sim_L2_M57	13472	FG001	FG002
2	EO76	sim_L2_M57	13473	FG001	FG002
2	EO76	sim_L2_M57	13474	FG001	FG024
2	EO76	sim_L2_M57	13475	FG006	FG012
2	EO76	sim_L2_M57	13476	FG006	FG003
2	EO76	sim_L2_M57	13477	FG001	FG015
2	EO76	sim_L2_M57	13478	FG001	FG024
2	EO76	sim_L2_M57	13479	FG006	FG002
2	EO76	sim_L2_M57	13480	FG006	FG002
2	EO76	sim_L2_M57	13481	FG006	FG024
2	EO76	sim_L2_M57	13482	FG001	FG024
2	EO76	sim_L2_M57	13483	FG001	FG024
2	EO76	sim_L2_M57	13484	FG001	FG002
2	EO76	sim_L2_M57	13485	FG001	FG032
2	EO76	sim_L2_M57	13486	FG006	FG002
2	EO76	sim_L2_M57	13487	FG006	FG017
2	EO76	sim_L2_M58	13488	FG002	FG006
2	EO76	sim_L2_M58	13489	FG002	FG021
2	EO76	sim_L2_M58	13490	FG024	FG001
2	EO76	sim_L2_M58	13491	FG002	FG001
2	EO76	sim_L2_M58	13492	FG002	FG003
2	EO76	sim_L2_M58	13493	FG024	FG001
2	EO76	sim_L2_M58	13494	FG024	FG001
2	EO76	sim_L2_M58	13495	FG002	FG001
2	EO76	sim_L2_M58	13496	FG002	FG004
2	EO76	sim_L2_M58	13497	FG024	FG001
2	EO76	sim_L2_M58	13498	FG024	FG001
2	EO76	sim_L2_M58	13499	FG024	FG006
2	EO76	sim_L2_M58	13500	FG002	FG001
2	EO76	sim_L2_M58	13501	FG002	FG016
2	EO76	sim_L2_M58	13502	FG024	FG001
2	EO76	sim_L2_M58	13503	FG024	FG001
2	EO76	sim_L2_M58	13504	FG002	FG001
2	EO76	sim_L2_M58	13505	FG024	FG012
2	EO76	sim_L2_M58	13506	FG002	FG001
2	EO76	sim_L2_M59	13507	FG002	FG001
2	EO76	sim_L2_M59	13508	FG010	FG024
2	EO76	sim_L2_M59	13509	FG010	FG001
2	EO76	sim_L2_M59	13510	FG002	FG006
2	EO76	sim_L2_M59	13511	FG010	FG001
2	EO76	sim_L2_M59	13512	FG010	FG003
2	EO76	sim_L2_M59	13513	FG010	FG001
2	EO76	sim_L2_M59	13514	FG002	FG019
2	EO76	sim_L2_M59	13515	FG002	FG001
2	EO76	sim_L2_M59	13516	FG010	FG001
2	EO76	sim_L2_M59	13517	FG002	FG001
2	EO76	sim_L2_M59	13518	FG010	FG004
2	EO76	sim_L2_M59	13519	FG010	FG006
2	EO76	sim_L2_M59	13520	FG002	FG001
2	EO76	sim_L2_M59	13521	FG002	FG001
2	EO76	sim_L2_M59	13522	FG002	FG014
2	EO76	sim_L2_M59	13523	FG010	FG001
2	EO76	sim_L2_M59	13524	FG002	FG024
2	EO76	sim_L2_M59	13525	FG010	FG001
2	EO76	sim_L2_M59	13526	FG002	FG001
2	EO76	sim_L2_M59	13527	FG010	FG024
2	EO76	sim_L2_M59	13528	FG002	FG024
2	EO76	sim_L2_M59	13529	FG002	FG006
2	EO76	sim_L2_M59	13530	FG002	FG001
2	EO76	sim_L2_M60	13531	FG001	FG006
2	EO76	sim_L2_M60	13532	FG024	FG002
2	EO76	sim_L2_M60	13533	FG024	FG002
2	EO76	sim_L2_M60	13534	FG001	FG012
2	EO76	sim_L2_M60	13535	FG024	FG029
2	EO76	sim_L2_M60	13536	FG001	FG012
2	EO76	sim_L2_M60	13537	FG024	FG010
2	EO76	sim_L2_M60	13538	FG001	FG005
2	EO76	sim_L2_M60	13539	FG001	FG012
2	EO76	sim_L2_M60	13540	FG024	FG027
2	EO76	sim_L2_M60	13541	FG001	FG007
2	EO76	sim_L2_M60	13542	FG001	FG016
2	EO76	sim_L2_M60	13543	FG024	FG003
2	EO76	sim_L2_M60	13544	FG024	FG004
2	EO76	sim_L2_M60	13545	FG001	FG015
2	EO76	sim_L2_M60	13546	FG001	FG010
2	EO76	sim_L2_M61	13547	FG015	FG001
2	EO76	sim_L2_M61	13548	FG024	FG001
2	EO76	sim_L2_M61	13549	FG015	FG019
2	EO76	sim_L2_M61	13550	FG015	FG024
2	EO76	sim_L2_M61	13551	FG024	FG001
2	EO76	sim_L2_M61	13552	FG015	FG002
2	EO76	sim_L2_M61	13553	FG015	FG002
2	EO76	sim_L2_M61	13554	FG024	FG028
2	EO76	sim_L2_M61	13555	FG015	FG001
2	EO76	sim_L2_M61	13556	FG024	FG001
2	EO76	sim_L2_M61	13557	FG024	FG003
2	EO76	sim_L2_M61	13558	FG024	FG001
2	EO76	sim_L2_M61	13559	FG024	FG001
2	EO76	sim_L2_M61	13560	FG015	FG017
2	EO76	sim_L2_M61	13561	FG015	FG001
2	EO76	sim_L2_M61	13562	FG015	FG006
2	EO76	sim_L2_M61	13563	FG024	FG023
2	EO76	sim_L2_M61	13564	FG024	FG001
2	EO76	sim_L2_M61	13565	FG024	FG001
2	EO76	sim_L2_M61	13566	FG015	FG001
2	EO76	sim_L2_M61	13567	FG015	FG001
2	EO76	sim_L2_M61	13568	FG015	FG006
2	EO76	sim_L2_M61	13569	FG015	FG010
38	EO61	sim_L38_M0	13570	FG001	FG002
38	EO61	sim_L38_M0	13571	FG001	FG022
38	EO61	sim_L38_M0	13572	FG024	FG006
38	EO61	sim_L38_M0	13573	FG024	FG006
38	EO61	sim_L38_M0	13574	FG024	FG002
38	EO61	sim_L38_M0	13575	FG001	FG006
38	EO61	sim_L38_M0	13576	FG024	FG009
38	EO61	sim_L38_M0	13577	FG024	FG001
38	EO61	sim_L38_M0	13578	FG024	FG006
38	EO61	sim_L38_M0	13579	FG024	FG018
38	EO61	sim_L38_M1	13580	FG004	FG006
38	EO61	sim_L38_M1	13581	FG001	FG024
38	EO61	sim_L38_M1	13582	FG001	FG012
38	EO61	sim_L38_M1	13583	FG004	FG024
38	EO61	sim_L38_M1	13584	FG001	FG024
38	EO61	sim_L38_M1	13585	FG001	FG012
38	EO61	sim_L38_M1	13586	FG001	FG021
38	EO61	sim_L38_M1	13587	FG001	FG024
38	EO61	sim_L38_M1	13588	FG004	FG024
38	EO61	sim_L38_M1	13589	FG001	FG030
38	EO61	sim_L38_M1	13590	FG001	FG002
38	EO61	sim_L38_M1	13591	FG004	FG001
38	EO61	sim_L38_M1	13592	FG001	FG024
38	EO61	sim_L38_M1	13593	FG004	FG006
38	EO61	sim_L38_M1	13594	FG004	FG006
38	EO61	sim_L38_M1	13595	FG004	FG024
38	EO61	sim_L38_M1	13596	FG001	FG002
38	EO61	sim_L38_M1	13597	FG004	FG002
38	EO61	sim_L38_M1	13598	FG004	FG005
38	EO61	sim_L38_M1	13599	FG004	FG001
38	EO61	sim_L38_M2	13600	FG001	FG002
38	EO61	sim_L38_M2	13601	FG025	FG024
38	EO61	sim_L38_M2	13602	FG025	FG006
38	EO61	sim_L38_M2	13603	FG025	FG012
38	EO61	sim_L38_M2	13604	FG025	FG006
38	EO61	sim_L38_M2	13605	FG001	FG006
38	EO61	sim_L38_M2	13606	FG025	FG024
38	EO61	sim_L38_M2	13607	FG025	FG017
38	EO61	sim_L38_M2	13608	FG025	FG024
38	EO61	sim_L38_M2	13609	FG001	FG010
38	EO61	sim_L38_M2	13610	FG001	FG024
38	EO61	sim_L38_M2	13611	FG025	FG021
38	EO61	sim_L38_M2	13612	FG001	FG024
38	EO61	sim_L38_M2	13613	FG001	FG014
38	EO61	sim_L38_M2	13614	FG001	FG024
38	EO61	sim_L38_M2	13615	FG001	FG002
38	EO61	sim_L38_M2	13616	FG001	FG024
38	EO61	sim_L38_M2	13617	FG025	FG002
38	EO61	sim_L38_M3	13618	FG002	FG001
38	EO61	sim_L38_M3	13619	FG003	FG001
38	EO61	sim_L38_M3	13620	FG002	FG001
38	EO61	sim_L38_M3	13621	FG003	FG006
38	EO61	sim_L38_M3	13622	FG002	FG018
38	EO61	sim_L38_M3	13623	FG003	FG024
38	EO61	sim_L38_M3	13624	FG002	FG006
38	EO61	sim_L38_M3	13625	FG002	FG001
38	EO61	sim_L38_M3	13626	FG002	FG001
38	EO61	sim_L38_M3	13627	FG002	FG011
38	EO61	sim_L38_M3	13628	FG002	FG015
38	EO61	sim_L38_M3	13629	FG002	FG024
38	EO61	sim_L38_M3	13630	FG003	FG024
38	EO61	sim_L38_M3	13631	FG002	FG021
38	EO61	sim_L38_M3	13632	FG002	FG001
38	EO61	sim_L38_M3	13633	FG002	FG024
38	EO61	sim_L38_M3	13634	FG002	FG024
38	EO61	sim_L38_M3	13635	FG002	FG005
38	EO61	sim_L38_M3	13636	FG002	FG001
38	EO61	sim_L38_M3	13637	FG002	FG006
38	EO61	sim_L38_M3	13638	FG003	FG001
38	EO61	sim_L38_M3	13639	FG002	FG019
38	EO61	sim_L38_M3	13640	FG003	FG001
38	EO61	sim_L38_M3	13641	FG003	FG001
38	EO61	sim_L38_M3	13642	FG002	FG001
38	EO61	sim_L38_M3	13643	FG003	FG001
38	EO61	sim_L38_M4	13644	FG023	FG001
38	EO61	sim_L38_M4	13645	FG006	FG003
38	EO61	sim_L38_M4	13646	FG023	FG024
38	EO61	sim_L38_M4	13647	FG023	FG024
38	EO61	sim_L38_M4	13648	FG023	FG025
38	EO61	sim_L38_M4	13649	FG023	FG002
38	EO61	sim_L38_M4	13650	FG006	FG001
38	EO61	sim_L38_M4	13651	FG006	FG013
38	EO61	sim_L38_M4	13652	FG006	FG024
38	EO61	sim_L38_M4	13653	FG023	FG003
38	EO61	sim_L38_M4	13654	FG023	FG001
38	EO61	sim_L38_M4	13655	FG006	FG001
38	EO61	sim_L38_M4	13656	FG023	FG001
38	EO61	sim_L38_M4	13657	FG006	FG001
38	EO61	sim_L38_M4	13658	FG006	FG024
38	EO61	sim_L38_M4	13659	FG023	FG024
38	EO61	sim_L38_M4	13660	FG023	FG001
38	EO61	sim_L38_M4	13661	FG023	FG012
38	EO61	sim_L38_M4	13662	FG006	FG024
38	EO61	sim_L38_M4	13663	FG006	FG024
38	EO61	sim_L38_M4	13664	FG023	FG001
38	EO61	sim_L38_M4	13665	FG023	FG021
38	EO61	sim_L38_M4	13666	FG006	FG024
38	EO61	sim_L38_M4	13667	FG006	FG024
38	EO61	sim_L38_M4	13668	FG023	FG024
38	EO61	sim_L38_M4	13669	FG006	FG001
38	EO61	sim_L38_M4	13670	FG023	FG006
38	EO61	sim_L38_M4	13671	FG023	FG024
38	EO61	sim_L38_M5	13672	FG002	FG024
38	EO61	sim_L38_M5	13673	FG002	FG012
38	EO61	sim_L38_M5	13674	FG002	FG024
38	EO61	sim_L38_M5	13675	FG002	FG014
38	EO61	sim_L38_M5	13676	FG001	FG003
38	EO61	sim_L38_M5	13677	FG002	FG023
38	EO61	sim_L38_M5	13678	FG002	FG024
38	EO61	sim_L38_M5	13679	FG002	FG024
38	EO61	sim_L38_M5	13680	FG002	FG019
38	EO61	sim_L38_M5	13681	FG001	FG006
38	EO61	sim_L38_M5	13682	FG002	FG020
38	EO61	sim_L38_M5	13683	FG002	FG024
38	EO61	sim_L38_M5	13684	FG002	FG024
38	EO61	sim_L38_M5	13685	FG002	FG024
38	EO61	sim_L38_M5	13686	FG002	FG001
38	EO61	sim_L38_M5	13687	FG001	FG011
38	EO61	sim_L38_M5	13688	FG001	FG004
38	EO61	sim_L38_M5	13689	FG001	FG006
38	EO61	sim_L38_M5	13690	FG002	FG024
38	EO61	sim_L38_M6	13691	FG002	FG023
38	EO61	sim_L38_M6	13692	FG002	FG006
38	EO61	sim_L38_M6	13693	FG024	FG031
38	EO61	sim_L38_M6	13694	FG024	FG001
38	EO61	sim_L38_M6	13695	FG002	FG006
38	EO61	sim_L38_M6	13696	FG024	FG001
38	EO61	sim_L38_M6	13697	FG002	FG001
38	EO61	sim_L38_M6	13698	FG002	FG001
38	EO61	sim_L38_M6	13699	FG002	FG006
38	EO61	sim_L38_M6	13700	FG002	FG001
38	EO61	sim_L38_M6	13701	FG002	FG021
38	EO61	sim_L38_M6	13702	FG002	FG001
38	EO61	sim_L38_M6	13703	FG002	FG001
38	EO61	sim_L38_M6	13704	FG024	FG001
38	EO61	sim_L38_M6	13705	FG024	FG001
38	EO61	sim_L38_M6	13706	FG002	FG001
38	EO61	sim_L38_M6	13707	FG024	FG001
38	EO61	sim_L38_M6	13708	FG002	FG001
38	EO61	sim_L38_M6	13709	FG002	FG001
38	EO61	sim_L38_M6	13710	FG002	FG001
38	EO61	sim_L38_M6	13711	FG002	FG009
38	EO61	sim_L38_M7	13712	FG024	FG022
38	EO61	sim_L38_M7	13713	FG024	FG001
38	EO61	sim_L38_M7	13714	FG001	FG006
38	EO61	sim_L38_M7	13715	FG024	FG019
38	EO61	sim_L38_M7	13716	FG024	FG002
38	EO61	sim_L38_M7	13717	FG001	FG016
38	EO61	sim_L38_M7	13718	FG024	FG002
38	EO61	sim_L38_M7	13719	FG001	FG004
38	EO61	sim_L38_M7	13720	FG024	FG003
38	EO61	sim_L38_M7	13721	FG024	FG006
38	EO61	sim_L38_M7	13722	FG024	FG021
38	EO61	sim_L38_M7	13723	FG024	FG001
38	EO61	sim_L38_M7	13724	FG024	FG001
38	EO61	sim_L38_M8	13725	FG001	FG017
38	EO61	sim_L38_M8	13726	FG024	FG001
38	EO61	sim_L38_M8	13727	FG001	FG002
38	EO61	sim_L38_M8	13728	FG024	FG001
38	EO61	sim_L38_M8	13729	FG024	FG030
38	EO61	sim_L38_M9	13730	FG002	FG024
38	EO61	sim_L38_M9	13731	FG002	FG023
38	EO61	sim_L38_M9	13732	FG002	FG024
38	EO61	sim_L38_M9	13733	FG002	FG024
38	EO61	sim_L38_M9	13734	FG002	FG001
38	EO61	sim_L38_M9	13735	FG002	FG007
38	EO61	sim_L38_M9	13736	FG002	FG003
38	EO61	sim_L38_M9	13737	FG001	FG002
38	EO61	sim_L38_M9	13738	FG002	FG002
38	EO61	sim_L38_M9	13739	FG001	FG024
38	EO61	sim_L38_M9	13740	FG001	FG024
38	EO61	sim_L38_M9	13741	FG002	FG004
38	EO61	sim_L38_M9	13742	FG002	FG001
38	EO61	sim_L38_M9	13743	FG001	FG024
38	EO61	sim_L38_M9	13744	FG001	FG003
38	EO61	sim_L38_M9	13745	FG001	FG006
38	EO61	sim_L38_M9	13746	FG001	FG023
38	EO61	sim_L38_M10	13747	FG019	FG001
38	EO61	sim_L38_M10	13748	FG019	FG001
38	EO61	sim_L38_M10	13749	FG019	FG010
38	EO61	sim_L38_M10	13750	FG019	FG024
38	EO61	sim_L38_M10	13751	FG026	FG024
38	EO61	sim_L38_M10	13752	FG019	FG012
38	EO61	sim_L38_M10	13753	FG019	FG001
38	EO61	sim_L38_M10	13754	FG026	FG001
38	EO61	sim_L38_M10	13755	FG026	FG022
38	EO61	sim_L38_M10	13756	FG026	FG024
38	EO61	sim_L38_M10	13757	FG026	FG002
38	EO61	sim_L38_M10	13758	FG019	FG024
38	EO61	sim_L38_M10	13759	FG026	FG002
38	EO61	sim_L38_M10	13760	FG026	FG024
38	EO61	sim_L38_M10	13761	FG019	FG024
38	EO61	sim_L38_M10	13762	FG026	FG001
38	EO61	sim_L38_M10	13763	FG019	FG001
38	EO61	sim_L38_M10	13764	FG026	FG024
38	EO61	sim_L38_M10	13765	FG026	FG017
38	EO61	sim_L38_M10	13766	FG026	FG005
38	EO61	sim_L38_M10	13767	FG026	FG012
38	EO61	sim_L38_M10	13768	FG019	FG031
38	EO61	sim_L38_M10	13769	FG026	FG001
38	EO61	sim_L38_M10	13770	FG019	FG006
38	EO61	sim_L38_M10	13771	FG026	FG002
38	EO61	sim_L38_M10	13772	FG026	FG024
38	EO61	sim_L38_M10	13773	FG019	FG028
38	EO61	sim_L38_M10	13774	FG026	FG002
38	EO61	sim_L38_M10	13775	FG026	FG030
38	EO61	sim_L38_M11	13776	FG008	FG015
38	EO61	sim_L38_M11	13777	FG001	FG006
38	EO61	sim_L38_M11	13778	FG008	FG022
38	EO61	sim_L38_M11	13779	FG008	FG002
38	EO61	sim_L38_M11	13780	FG001	FG006
38	EO61	sim_L38_M11	13781	FG001	FG006
38	EO61	sim_L38_M11	13782	FG001	FG002
38	EO61	sim_L38_M11	13783	FG001	FG024
38	EO61	sim_L38_M11	13784	FG001	FG012
38	EO61	sim_L38_M11	13785	FG001	FG002
38	EO61	sim_L38_M11	13786	FG001	FG024
38	EO61	sim_L38_M11	13787	FG008	FG024
38	EO61	sim_L38_M11	13788	FG001	FG001
38	EO61	sim_L38_M11	13789	FG001	FG002
38	EO61	sim_L38_M11	13790	FG001	FG006
38	EO61	sim_L38_M11	13791	FG001	FG002
38	EO61	sim_L38_M11	13792	FG001	FG024
38	EO61	sim_L38_M11	13793	FG008	FG012
38	EO61	sim_L38_M12	13794	FG004	FG001
38	EO61	sim_L38_M12	13795	FG004	FG001
38	EO61	sim_L38_M12	13796	FG004	FG030
38	EO61	sim_L38_M12	13797	FG001	FG020
38	EO61	sim_L38_M12	13798	FG001	FG024
38	EO61	sim_L38_M12	13799	FG004	FG012
38	EO61	sim_L38_M12	13800	FG001	FG012
38	EO61	sim_L38_M12	13801	FG004	FG002
38	EO61	sim_L38_M12	13802	FG001	FG024
38	EO61	sim_L38_M12	13803	FG001	FG002
38	EO61	sim_L38_M12	13804	FG001	FG032
38	EO61	sim_L38_M12	13805	FG004	FG024
38	EO61	sim_L38_M12	13806	FG001	FG006
38	EO61	sim_L38_M12	13807	FG004	FG024
38	EO61	sim_L38_M12	13808	FG001	FG024
38	EO61	sim_L38_M12	13809	FG004	FG023
38	EO61	sim_L38_M13	13810	FG001	FG024
38	EO61	sim_L38_M13	13811	FG023	FG002
38	EO61	sim_L38_M13	13812	FG023	FG024
38	EO61	sim_L38_M13	13813	FG001	FG015
38	EO61	sim_L38_M13	13814	FG023	FG030
38	EO61	sim_L38_M13	13815	FG023	FG002
38	EO61	sim_L38_M13	13816	FG023	FG011
38	EO61	sim_L38_M13	13817	FG023	FG006
38	EO61	sim_L38_M13	13818	FG023	FG024
38	EO61	sim_L38_M13	13819	FG001	FG024
38	EO61	sim_L38_M13	13820	FG001	FG024
38	EO61	sim_L38_M13	13821	FG001	FG006
38	EO61	sim_L38_M13	13822	FG001	FG021
38	EO61	sim_L38_M13	13823	FG023	FG024
38	EO61	sim_L38_M13	13824	FG023	FG019
38	EO61	sim_L38_M13	13825	FG023	FG024
38	EO61	sim_L38_M13	13826	FG023	FG001
38	EO61	sim_L38_M13	13827	FG001	FG002
38	EO61	sim_L38_M14	13828	FG001	FG024
38	EO61	sim_L38_M14	13829	FG001	FG021
38	EO61	sim_L38_M14	13830	FG010	FG006
38	EO61	sim_L38_M14	13831	FG001	FG024
38	EO61	sim_L38_M14	13832	FG010	FG006
38	EO61	sim_L38_M14	13833	FG010	FG021
38	EO61	sim_L38_M14	13834	FG001	FG024
38	EO61	sim_L38_M14	13835	FG010	FG024
38	EO61	sim_L38_M14	13836	FG010	FG003
38	EO61	sim_L38_M14	13837	FG001	FG025
38	EO61	sim_L38_M14	13838	FG010	FG006
38	EO61	sim_L38_M14	13839	FG010	FG004
38	EO61	sim_L38_M14	13840	FG010	FG024
38	EO61	sim_L38_M14	13841	FG001	FG024
38	EO61	sim_L38_M14	13842	FG010	FG001
38	EO61	sim_L38_M14	13843	FG001	FG024
38	EO61	sim_L38_M14	13844	FG010	FG024
38	EO61	sim_L38_M14	13845	FG010	FG006
38	EO61	sim_L38_M14	13846	FG010	FG002
38	EO61	sim_L38_M14	13847	FG010	FG002
38	EO61	sim_L38_M14	13848	FG010	FG024
38	EO61	sim_L38_M14	13849	FG010	FG002
38	EO61	sim_L38_M15	13850	FG013	FG024
38	EO61	sim_L38_M15	13851	FG013	FG001
38	EO61	sim_L38_M15	13852	FG002	FG001
38	EO61	sim_L38_M15	13853	FG002	FG001
38	EO61	sim_L38_M15	13854	FG013	FG001
38	EO61	sim_L38_M15	13855	FG013	FG023
38	EO61	sim_L38_M15	13856	FG013	FG030
38	EO61	sim_L38_M15	13857	FG002	FG001
38	EO61	sim_L38_M15	13858	FG002	FG006
38	EO61	sim_L38_M15	13859	FG013	FG010
38	EO61	sim_L38_M15	13860	FG013	FG001
38	EO61	sim_L38_M15	13861	FG013	FG021
38	EO61	sim_L38_M15	13862	FG002	FG001
38	EO61	sim_L38_M15	13863	FG013	FG001
38	EO61	sim_L38_M15	13864	FG002	FG001
38	EO61	sim_L38_M15	13865	FG013	FG001
38	EO61	sim_L38_M15	13866	FG013	FG006
38	EO61	sim_L38_M15	13867	FG013	FG003
38	EO61	sim_L38_M15	13868	FG002	FG001
38	EO61	sim_L38_M15	13869	FG013	FG024
38	EO61	sim_L38_M15	13870	FG002	FG003
38	EO61	sim_L38_M15	13871	FG002	FG001
38	EO61	sim_L38_M15	13872	FG002	FG024
38	EO61	sim_L38_M15	13873	FG013	FG001
38	EO61	sim_L38_M16	13874	FG024	FG001
38	EO61	sim_L38_M16	13875	FG024	FG012
38	EO61	sim_L38_M16	13876	FG003	FG002
38	EO61	sim_L38_M16	13877	FG003	FG001
38	EO61	sim_L38_M16	13878	FG003	FG006
38	EO61	sim_L38_M16	13879	FG024	FG012
38	EO61	sim_L38_M16	13880	FG024	FG001
38	EO61	sim_L38_M16	13881	FG024	FG001
38	EO61	sim_L38_M16	13882	FG003	FG001
38	EO61	sim_L38_M16	13883	FG003	FG001
38	EO61	sim_L38_M16	13884	FG024	FG002
38	EO61	sim_L38_M16	13885	FG024	FG002
38	EO61	sim_L38_M16	13886	FG024	FG002
38	EO61	sim_L38_M16	13887	FG024	FG004
38	EO61	sim_L38_M16	13888	FG003	FG001
38	EO61	sim_L38_M16	13889	FG003	FG001
38	EO61	sim_L38_M16	13890	FG024	FG012
38	EO61	sim_L38_M16	13891	FG003	FG001
38	EO61	sim_L38_M16	13892	FG003	FG001
38	EO61	sim_L38_M16	13893	FG003	FG002
38	EO61	sim_L38_M16	13894	FG003	FG001
38	EO61	sim_L38_M16	13895	FG024	FG001
38	EO61	sim_L38_M16	13896	FG024	FG001
38	EO61	sim_L38_M16	13897	FG024	FG001
38	EO61	sim_L38_M16	13898	FG024	FG002
38	EO61	sim_L38_M16	13899	FG024	FG001
38	EO61	sim_L38_M17	13900	FG001	FG002
38	EO61	sim_L38_M17	13901	FG001	FG024
38	EO61	sim_L38_M17	13902	FG001	FG006
38	EO61	sim_L38_M17	13903	FG001	FG002
38	EO61	sim_L38_M17	13904	FG001	FG024
38	EO61	sim_L38_M17	13905	FG001	FG006
38	EO61	sim_L38_M17	13906	FG001	FG006
38	EO61	sim_L38_M17	13907	FG001	FG024
38	EO61	sim_L38_M17	13908	FG001	FG002
38	EO61	sim_L38_M17	13909	FG001	FG018
38	EO61	sim_L38_M17	13910	FG001	FG021
38	EO61	sim_L38_M17	13911	FG001	FG005
38	EO61	sim_L38_M17	13912	FG001	FG024
38	EO61	sim_L38_M17	13913	FG001	FG012
38	EO61	sim_L38_M17	13914	FG001	FG021
38	EO61	sim_L38_M17	13915	FG001	FG003
38	EO61	sim_L38_M17	13916	FG001	FG001
38	EO61	sim_L38_M17	13917	FG001	FG026
38	EO61	sim_L38_M18	13918	FG007	FG001
38	EO61	sim_L38_M18	13919	FG007	FG001
38	EO61	sim_L38_M18	13920	FG007	FG006
38	EO61	sim_L38_M18	13921	FG002	FG001
38	EO61	sim_L38_M18	13922	FG002	FG024
38	EO61	sim_L38_M18	13923	FG007	FG021
38	EO61	sim_L38_M18	13924	FG007	FG001
38	EO61	sim_L38_M18	13925	FG002	FG001
38	EO61	sim_L38_M18	13926	FG007	FG024
38	EO61	sim_L38_M18	13927	FG002	FG024
38	EO61	sim_L38_M18	13928	FG007	FG001
38	EO61	sim_L38_M18	13929	FG002	FG001
38	EO61	sim_L38_M18	13930	FG002	FG001
38	EO61	sim_L38_M18	13931	FG002	FG001
38	EO61	sim_L38_M18	13932	FG002	FG001
38	EO61	sim_L38_M18	13933	FG007	FG001
38	EO61	sim_L38_M18	13934	FG002	FG015
38	EO61	sim_L38_M18	13935	FG002	FG001
38	EO61	sim_L38_M18	13936	FG007	FG001
38	EO61	sim_L38_M18	13937	FG007	FG022
38	EO61	sim_L38_M18	13938	FG002	FG024
38	EO61	sim_L38_M18	13939	FG002	FG024
38	EO61	sim_L38_M18	13940	FG002	FG001
38	EO61	sim_L38_M18	13941	FG007	FG024
38	EO61	sim_L38_M18	13942	FG002	FG001
38	EO61	sim_L38_M19	13943	FG003	FG024
38	EO61	sim_L38_M19	13944	FG003	FG024
38	EO61	sim_L38_M19	13945	FG003	FG024
38	EO61	sim_L38_M19	13946	FG003	FG006
38	EO61	sim_L38_M19	13947	FG001	FG025
38	EO61	sim_L38_M19	13948	FG003	FG024
38	EO61	sim_L38_M19	13949	FG001	FG024
38	EO61	sim_L38_M19	13950	FG003	FG024
38	EO61	sim_L38_M19	13951	FG003	FG002
38	EO61	sim_L38_M19	13952	FG001	FG001
38	EO61	sim_L38_M19	13953	FG001	FG024
38	EO61	sim_L38_M19	13954	FG001	FG024
38	EO61	sim_L38_M19	13955	FG001	FG024
38	EO61	sim_L38_M19	13956	FG003	FG024
38	EO61	sim_L38_M19	13957	FG001	FG021
38	EO61	sim_L38_M19	13958	FG003	FG001
38	EO61	sim_L38_M19	13959	FG001	FG018
38	EO61	sim_L38_M19	13960	FG003	FG024
38	EO61	sim_L38_M19	13961	FG001	FG024
38	EO61	sim_L38_M20	13962	FG019	FG029
38	EO61	sim_L38_M20	13963	FG001	FG021
38	EO61	sim_L38_M20	13964	FG019	FG003
38	EO61	sim_L38_M20	13965	FG019	FG006
38	EO61	sim_L38_M20	13966	FG019	FG005
38	EO61	sim_L38_M20	13967	FG001	FG002
38	EO61	sim_L38_M20	13968	FG019	FG024
38	EO61	sim_L38_M20	13969	FG019	FG002
38	EO61	sim_L38_M20	13970	FG001	FG024
38	EO61	sim_L38_M20	13971	FG019	FG024
38	EO61	sim_L38_M20	13972	FG019	FG021
38	EO61	sim_L38_M20	13973	FG019	FG014
38	EO61	sim_L38_M20	13974	FG001	FG004
38	EO61	sim_L38_M20	13975	FG019	FG032
38	EO61	sim_L38_M20	13976	FG001	FG024
38	EO61	sim_L38_M20	13977	FG019	FG010
38	EO61	sim_L38_M20	13978	FG019	FG001
38	EO61	sim_L38_M20	13979	FG001	FG031
38	EO61	sim_L38_M20	13980	FG019	FG002
38	EO61	sim_L38_M21	13981	FG017	FG001
38	EO61	sim_L38_M21	13982	FG017	FG006
38	EO61	sim_L38_M21	13983	FG005	FG001
38	EO61	sim_L38_M21	13984	FG017	FG001
38	EO61	sim_L38_M21	13985	FG017	FG003
38	EO61	sim_L38_M21	13986	FG017	FG024
38	EO61	sim_L38_M21	13987	FG005	FG001
38	EO61	sim_L38_M21	13988	FG017	FG001
38	EO61	sim_L38_M21	13989	FG017	FG001
38	EO61	sim_L38_M21	13990	FG005	FG001
38	EO61	sim_L38_M21	13991	FG005	FG001
38	EO61	sim_L38_M21	13992	FG017	FG012
38	EO61	sim_L38_M21	13993	FG005	FG004
38	EO61	sim_L38_M21	13994	FG017	FG001
38	EO61	sim_L38_M21	13995	FG017	FG001
38	EO61	sim_L38_M21	13996	FG005	FG001
38	EO61	sim_L38_M21	13997	FG005	FG001
38	EO61	sim_L38_M21	13998	FG005	FG001
38	EO61	sim_L38_M21	13999	FG017	FG024
38	EO61	sim_L38_M21	14000	FG005	FG024
38	EO61	sim_L38_M21	14001	FG017	FG014
38	EO61	sim_L38_M21	14002	FG005	FG001
38	EO61	sim_L38_M21	14003	FG005	FG018
38	EO61	sim_L38_M21	14004	FG005	FG006
38	EO61	sim_L38_M21	14005	FG017	FG014
38	EO61	sim_L38_M21	14006	FG005	FG001
38	EO61	sim_L38_M21	14007	FG017	FG007
38	EO61	sim_L38_M21	14008	FG017	FG024
38	EO61	sim_L38_M22	14009	FG006	FG002
38	EO61	sim_L38_M22	14010	FG006	FG003
38	EO61	sim_L38_M22	14011	FG006	FG001
38	EO61	sim_L38_M22	14012	FG006	FG031
38	EO61	sim_L38_M22	14013	FG023	FG001
38	EO61	sim_L38_M22	14014	FG006	FG002
38	EO61	sim_L38_M22	14015	FG006	FG024
38	EO61	sim_L38_M22	14016	FG006	FG001
38	EO61	sim_L38_M22	14017	FG006	FG002
38	EO61	sim_L38_M22	14018	FG023	FG001
38	EO61	sim_L38_M22	14019	FG023	FG001
38	EO61	sim_L38_M22	14020	FG006	FG002
38	EO61	sim_L38_M22	14021	FG023	FG003
38	EO61	sim_L38_M22	14022	FG023	FG024
38	EO61	sim_L38_M22	14023	FG023	FG001
38	EO61	sim_L38_M22	14024	FG006	FG001
38	EO61	sim_L38_M22	14025	FG006	FG004
38	EO61	sim_L38_M22	14026	FG023	FG024
38	EO61	sim_L38_M22	14027	FG006	FG024
38	EO61	sim_L38_M22	14028	FG006	FG024
38	EO61	sim_L38_M22	14029	FG023	FG001
38	EO61	sim_L38_M22	14030	FG023	FG002
38	EO61	sim_L38_M22	14031	FG006	FG001
38	EO61	sim_L38_M22	14032	FG006	FG002
38	EO61	sim_L38_M23	14033	FG024	FG001
38	EO61	sim_L38_M23	14034	FG024	FG012
38	EO61	sim_L38_M23	14035	FG024	FG001
38	EO61	sim_L38_M23	14036	FG024	FG002
38	EO61	sim_L38_M23	14037	FG024	FG001
38	EO61	sim_L38_M23	14038	FG024	FG028
38	EO61	sim_L38_M23	14039	FG024	FG001
38	EO61	sim_L38_M23	14040	FG024	FG002
38	EO61	sim_L38_M23	14041	FG018	FG002
38	EO61	sim_L38_M23	14042	FG024	FG002
38	EO61	sim_L38_M23	14043	FG018	FG001
38	EO61	sim_L38_M23	14044	FG018	FG006
38	EO61	sim_L38_M23	14045	FG024	FG010
38	EO61	sim_L38_M23	14046	FG018	FG010
38	EO61	sim_L38_M23	14047	FG018	FG001
38	EO61	sim_L38_M23	14048	FG024	FG002
38	EO61	sim_L38_M23	14049	FG018	FG001
38	EO61	sim_L38_M23	14050	FG018	FG001
38	EO61	sim_L38_M23	14051	FG018	FG017
38	EO61	sim_L38_M23	14052	FG024	FG001
38	EO61	sim_L38_M24	14053	FG001	FG012
38	EO61	sim_L38_M24	14054	FG001	FG002
38	EO61	sim_L38_M24	14055	FG001	FG002
38	EO61	sim_L38_M24	14056	FG001	FG024
38	EO61	sim_L38_M24	14057	FG001	FG024
38	EO61	sim_L38_M24	14058	FG001	FG018
38	EO61	sim_L38_M24	14059	FG001	FG003
38	EO61	sim_L38_M24	14060	FG001	FG001
38	EO61	sim_L38_M24	14061	FG001	FG004
38	EO61	sim_L38_M24	14062	FG001	FG002
38	EO61	sim_L38_M24	14063	FG001	FG024
38	EO61	sim_L38_M24	14064	FG001	FG016
38	EO61	sim_L38_M24	14065	FG001	FG021
38	EO61	sim_L38_M24	14066	FG001	FG023
38	EO61	sim_L38_M25	14067	FG001	FG024
38	EO61	sim_L38_M25	14068	FG001	FG024
38	EO61	sim_L38_M25	14069	FG003	FG024
38	EO61	sim_L38_M25	14070	FG001	FG012
38	EO61	sim_L38_M25	14071	FG003	FG021
38	EO61	sim_L38_M25	14072	FG003	FG001
38	EO61	sim_L38_M25	14073	FG001	FG024
38	EO61	sim_L38_M25	14074	FG001	FG006
38	EO61	sim_L38_M25	14075	FG001	FG018
38	EO61	sim_L38_M25	14076	FG003	FG024
38	EO61	sim_L38_M25	14077	FG003	FG002
38	EO61	sim_L38_M25	14078	FG003	FG006
38	EO61	sim_L38_M25	14079	FG001	FG024
38	EO61	sim_L38_M25	14080	FG003	FG019
38	EO61	sim_L38_M25	14081	FG001	FG002
38	EO61	sim_L38_M25	14082	FG001	FG005
38	EO61	sim_L38_M25	14083	FG001	FG010
38	EO61	sim_L38_M25	14084	FG003	FG024
38	EO61	sim_L38_M25	14085	FG001	FG008
38	EO61	sim_L38_M26	14086	FG002	FG024
38	EO61	sim_L38_M26	14087	FG002	FG031
38	EO61	sim_L38_M26	14088	FG002	FG010
38	EO61	sim_L38_M26	14089	FG002	FG024
38	EO61	sim_L38_M26	14090	FG002	FG024
38	EO61	sim_L38_M26	14091	FG002	FG001
38	EO61	sim_L38_M26	14092	FG002	FG001
38	EO61	sim_L38_M26	14093	FG002	FG019
38	EO61	sim_L38_M26	14094	FG002	FG024
38	EO61	sim_L38_M26	14095	FG002	FG001
38	EO61	sim_L38_M26	14096	FG002	FG001
38	EO61	sim_L38_M26	14097	FG002	FG006
38	EO61	sim_L38_M26	14098	FG002	FG001
38	EO61	sim_L38_M26	14099	FG002	FG001
38	EO61	sim_L38_M26	14100	FG002	FG001
38	EO61	sim_L38_M26	14101	FG002	FG001
38	EO61	sim_L38_M26	14102	FG002	FG001
38	EO61	sim_L38_M26	14103	FG002	FG024
38	EO61	sim_L38_M26	14104	FG002	FG012
38	EO61	sim_L38_M26	14105	FG002	FG023
38	EO61	sim_L38_M26	14106	FG002	FG006
38	EO61	sim_L38_M26	14107	FG002	FG001
38	EO61	sim_L38_M26	14108	FG002	FG012
38	EO61	sim_L38_M26	14109	FG002	FG005
38	EO61	sim_L38_M26	14110	FG002	FG006
38	EO61	sim_L38_M27	14111	FG001	FG002
38	EO61	sim_L38_M27	14112	FG001	FG015
38	EO61	sim_L38_M27	14113	FG001	FG002
38	EO61	sim_L38_M27	14114	FG001	FG005
38	EO61	sim_L38_M27	14115	FG001	FG007
38	EO61	sim_L38_M27	14116	FG001	FG024
38	EO61	sim_L38_M27	14117	FG001	FG001
38	EO61	sim_L38_M27	14118	FG001	FG024
38	EO61	sim_L38_M27	14119	FG001	FG023
38	EO61	sim_L38_M27	14120	FG001	FG002
38	EO61	sim_L38_M27	14121	FG001	FG002
38	EO61	sim_L38_M27	14122	FG001	FG019
38	EO61	sim_L38_M27	14123	FG001	FG014
38	EO61	sim_L38_M27	14124	FG001	FG001
38	EO61	sim_L38_M27	14125	FG001	FG024
38	EO61	sim_L38_M27	14126	FG001	FG023
38	EO61	sim_L38_M27	14127	FG001	FG030
38	EO61	sim_L38_M27	14128	FG001	FG021
38	EO61	sim_L38_M27	14129	FG001	FG002
38	EO61	sim_L38_M28	14130	FG001	FG024
38	EO61	sim_L38_M28	14131	FG006	FG002
38	EO61	sim_L38_M28	14132	FG001	FG004
38	EO61	sim_L38_M28	14133	FG001	FG024
38	EO61	sim_L38_M28	14134	FG006	FG024
38	EO61	sim_L38_M28	14135	FG001	FG015
38	EO61	sim_L38_M28	14136	FG006	FG024
38	EO61	sim_L38_M28	14137	FG006	FG014
38	EO61	sim_L38_M28	14138	FG001	FG014
38	EO61	sim_L38_M28	14139	FG001	FG018
38	EO61	sim_L38_M28	14140	FG006	FG020
38	EO61	sim_L38_M28	14141	FG006	FG024
38	EO61	sim_L38_M28	14142	FG006	FG024
38	EO61	sim_L38_M28	14143	FG001	FG002
38	EO61	sim_L38_M28	14144	FG006	FG002
38	EO61	sim_L38_M29	14145	FG019	FG002
38	EO61	sim_L38_M29	14146	FG019	FG023
38	EO61	sim_L38_M29	14147	FG019	FG031
38	EO61	sim_L38_M29	14148	FG001	FG030
38	EO61	sim_L38_M29	14149	FG001	FG006
38	EO61	sim_L38_M29	14150	FG019	FG015
38	EO61	sim_L38_M29	14151	FG019	FG006
38	EO61	sim_L38_M29	14152	FG001	FG002
38	EO61	sim_L38_M29	14153	FG019	FG002
38	EO61	sim_L38_M29	14154	FG001	FG010
38	EO61	sim_L38_M29	14155	FG019	FG024
38	EO61	sim_L38_M29	14156	FG001	FG012
38	EO61	sim_L38_M29	14157	FG001	FG024
38	EO61	sim_L38_M29	14158	FG001	FG012
38	EO61	sim_L38_M29	14159	FG001	FG024
38	EO61	sim_L38_M29	14160	FG001	FG002
38	EO61	sim_L38_M30	14161	FG002	FG015
38	EO61	sim_L38_M30	14162	FG024	FG001
38	EO61	sim_L38_M30	14163	FG002	FG001
38	EO61	sim_L38_M30	14164	FG024	FG001
38	EO61	sim_L38_M30	14165	FG024	FG001
38	EO61	sim_L38_M30	14166	FG002	FG019
38	EO61	sim_L38_M30	14167	FG002	FG001
38	EO61	sim_L38_M30	14168	FG024	FG018
38	EO61	sim_L38_M30	14169	FG002	FG006
38	EO61	sim_L38_M30	14170	FG002	FG010
38	EO61	sim_L38_M30	14171	FG024	FG015
38	EO61	sim_L38_M30	14172	FG024	FG001
38	EO61	sim_L38_M30	14173	FG024	FG012
38	EO61	sim_L38_M30	14174	FG002	FG001
38	EO61	sim_L38_M30	14175	FG024	FG001
38	EO61	sim_L38_M30	14176	FG024	FG001
38	EO61	sim_L38_M30	14177	FG024	FG019
38	EO61	sim_L38_M30	14178	FG024	FG001
38	EO61	sim_L38_M30	14179	FG002	FG001
38	EO61	sim_L38_M30	14180	FG024	FG001
38	EO61	sim_L38_M31	14181	FG006	FG002
38	EO61	sim_L38_M31	14182	FG024	FG003
38	EO61	sim_L38_M31	14183	FG024	FG001
38	EO61	sim_L38_M31	14184	FG024	FG001
38	EO61	sim_L38_M31	14185	FG006	FG001
38	EO61	sim_L38_M31	14186	FG006	FG001
38	EO61	sim_L38_M31	14187	FG006	FG002
38	EO61	sim_L38_M31	14188	FG024	FG012
38	EO61	sim_L38_M31	14189	FG006	FG001
38	EO61	sim_L38_M31	14190	FG006	FG016
38	EO61	sim_L38_M31	14191	FG006	FG002
38	EO61	sim_L38_M31	14192	FG006	FG002
38	EO61	sim_L38_M31	14193	FG024	FG001
38	EO61	sim_L38_M31	14194	FG024	FG001
38	EO61	sim_L38_M31	14195	FG024	FG001
38	EO61	sim_L38_M31	14196	FG024	FG004
38	EO61	sim_L38_M31	14197	FG024	FG001
38	EO61	sim_L38_M31	14198	FG024	FG001
38	EO61	sim_L38_M31	14199	FG006	FG003
38	EO61	sim_L38_M31	14200	FG006	FG019
38	EO61	sim_L38_M31	14201	FG024	FG001
38	EO61	sim_L38_M31	14202	FG006	FG030
38	EO61	sim_L38_M31	14203	FG006	FG002
38	EO61	sim_L38_M31	14204	FG006	FG001
38	EO61	sim_L38_M32	14205	FG002	FG005
38	EO61	sim_L38_M32	14206	FG024	FG001
38	EO61	sim_L38_M32	14207	FG024	FG001
38	EO61	sim_L38_M32	14208	FG024	FG024
38	EO61	sim_L38_M32	14209	FG002	FG001
38	EO61	sim_L38_M32	14210	FG024	FG006
38	EO61	sim_L38_M32	14211	FG024	FG017
38	EO61	sim_L38_M32	14212	FG024	FG004
38	EO61	sim_L38_M32	14213	FG024	FG012
38	EO61	sim_L38_M32	14214	FG002	FG001
38	EO61	sim_L38_M32	14215	FG002	FG024
38	EO61	sim_L38_M32	14216	FG024	FG001
38	EO61	sim_L38_M32	14217	FG002	FG021
38	EO61	sim_L38_M32	14218	FG002	FG022
38	EO61	sim_L38_M32	14219	FG002	FG001
38	EO61	sim_L38_M32	14220	FG002	FG001
38	EO61	sim_L38_M32	14221	FG002	FG001
38	EO61	sim_L38_M32	14222	FG024	FG010
38	EO61	sim_L38_M33	14223	FG001	FG006
38	EO61	sim_L38_M33	14224	FG001	FG006
38	EO61	sim_L38_M33	14225	FG001	FG017
38	EO61	sim_L38_M33	14226	FG001	FG013
38	EO61	sim_L38_M33	14227	FG001	FG024
38	EO61	sim_L38_M33	14228	FG001	FG017
38	EO61	sim_L38_M33	14229	FG001	FG010
38	EO61	sim_L38_M33	14230	FG001	FG024
38	EO61	sim_L38_M33	14231	FG001	FG005
38	EO61	sim_L38_M33	14232	FG001	FG002
38	EO61	sim_L38_M33	14233	FG001	FG001
38	EO61	sim_L38_M33	14234	FG001	FG002
38	EO61	sim_L38_M33	14235	FG001	FG002
38	EO61	sim_L38_M33	14236	FG001	FG024
38	EO61	sim_L38_M33	14237	FG001	FG024
38	EO61	sim_L38_M33	14238	FG001	FG002
38	EO61	sim_L38_M33	14239	FG001	FG024
38	EO61	sim_L38_M33	14240	FG001	FG002
38	EO61	sim_L38_M33	14241	FG001	FG003
38	EO61	sim_L38_M34	14242	FG001	FG024
38	EO61	sim_L38_M34	14243	FG001	FG012
38	EO61	sim_L38_M34	14244	FG023	FG024
38	EO61	sim_L38_M34	14245	FG001	FG002
38	EO61	sim_L38_M34	14246	FG001	FG024
38	EO61	sim_L38_M34	14247	FG023	FG024
38	EO61	sim_L38_M34	14248	FG023	FG024
38	EO61	sim_L38_M34	14249	FG001	FG003
38	EO61	sim_L38_M34	14250	FG023	FG003
38	EO61	sim_L38_M34	14251	FG001	FG017
38	EO61	sim_L38_M34	14252	FG001	FG027
38	EO61	sim_L38_M34	14253	FG001	FG021
38	EO61	sim_L38_M34	14254	FG023	FG002
38	EO61	sim_L38_M34	14255	FG001	FG024
38	EO61	sim_L38_M34	14256	FG001	FG006
38	EO61	sim_L38_M34	14257	FG001	FG003
38	EO61	sim_L38_M35	14258	FG019	FG002
38	EO61	sim_L38_M35	14259	FG024	FG001
38	EO61	sim_L38_M35	14260	FG024	FG001
38	EO61	sim_L38_M35	14261	FG019	FG001
38	EO61	sim_L38_M35	14262	FG019	FG015
38	EO61	sim_L38_M35	14263	FG024	FG006
38	EO61	sim_L38_M35	14264	FG024	FG001
38	EO61	sim_L38_M35	14265	FG019	FG003
38	EO61	sim_L38_M35	14266	FG019	FG003
38	EO61	sim_L38_M35	14267	FG024	FG006
38	EO61	sim_L38_M35	14268	FG024	FG001
38	EO61	sim_L38_M35	14269	FG024	FG001
38	EO61	sim_L38_M35	14270	FG024	FG001
38	EO61	sim_L38_M35	14271	FG024	FG001
38	EO61	sim_L38_M35	14272	FG019	FG001
38	EO61	sim_L38_M35	14273	FG019	FG011
38	EO61	sim_L38_M35	14274	FG019	FG001
38	EO61	sim_L38_M35	14275	FG019	FG012
38	EO61	sim_L38_M35	14276	FG019	FG001
38	EO61	sim_L38_M35	14277	FG019	FG012
38	EO61	sim_L38_M35	14278	FG024	FG001
38	EO61	sim_L38_M35	14279	FG019	FG003
38	EO61	sim_L38_M35	14280	FG019	FG001
38	EO61	sim_L38_M35	14281	FG019	FG006
38	EO61	sim_L38_M36	14282	FG001	FG018
38	EO61	sim_L38_M36	14283	FG003	FG024
38	EO61	sim_L38_M36	14284	FG001	FG024
38	EO61	sim_L38_M36	14285	FG003	FG019
38	EO61	sim_L38_M36	14286	FG001	FG024
38	EO61	sim_L38_M36	14287	FG003	FG006
38	EO61	sim_L38_M36	14288	FG003	FG018
38	EO61	sim_L38_M36	14289	FG003	FG002
38	EO61	sim_L38_M36	14290	FG003	FG010
38	EO61	sim_L38_M36	14291	FG003	FG024
38	EO61	sim_L38_M36	14292	FG001	FG002
38	EO61	sim_L38_M36	14293	FG001	FG002
38	EO61	sim_L38_M36	14294	FG003	FG002
38	EO61	sim_L38_M36	14295	FG003	FG016
38	EO61	sim_L38_M36	14296	FG003	FG018
38	EO61	sim_L38_M36	14297	FG001	FG024
38	EO61	sim_L38_M36	14298	FG001	FG029
38	EO61	sim_L38_M37	14299	FG006	FG024
38	EO61	sim_L38_M37	14300	FG001	FG021
38	EO61	sim_L38_M37	14301	FG006	FG024
38	EO61	sim_L38_M37	14302	FG001	FG010
38	EO61	sim_L38_M37	14303	FG006	FG024
38	EO61	sim_L38_M37	14304	FG001	FG024
38	EO61	sim_L38_M37	14305	FG006	FG024
38	EO61	sim_L38_M37	14306	FG006	FG003
38	EO61	sim_L38_M37	14307	FG006	FG018
38	EO61	sim_L38_M37	14308	FG006	FG024
38	EO61	sim_L38_M37	14309	FG001	FG012
38	EO61	sim_L38_M37	14310	FG006	FG002
38	EO61	sim_L38_M37	14311	FG001	FG024
38	EO61	sim_L38_M37	14312	FG001	FG024
38	EO61	sim_L38_M38	14313	FG001	FG024
38	EO61	sim_L38_M38	14314	FG006	FG002
38	EO61	sim_L38_M38	14315	FG006	FG024
38	EO61	sim_L38_M38	14316	FG006	FG002
38	EO61	sim_L38_M38	14317	FG006	FG002
38	EO61	sim_L38_M38	14318	FG001	FG002
38	EO61	sim_L38_M38	14319	FG006	FG002
38	EO61	sim_L38_M38	14320	FG001	FG002
38	EO61	sim_L38_M38	14321	FG006	FG024
38	EO61	sim_L38_M38	14322	FG006	FG024
38	EO61	sim_L38_M38	14323	FG006	FG024
38	EO61	sim_L38_M38	14324	FG006	FG019
38	EO61	sim_L38_M38	14325	FG001	FG002
38	EO61	sim_L38_M38	14326	FG001	FG019
38	EO61	sim_L38_M38	14327	FG001	FG024
38	EO61	sim_L38_M39	14328	FG001	FG012
38	EO61	sim_L38_M39	14329	FG001	FG024
38	EO61	sim_L38_M39	14330	FG001	FG002
38	EO61	sim_L38_M39	14331	FG001	FG014
38	EO61	sim_L38_M39	14332	FG001	FG006
38	EO61	sim_L38_M39	14333	FG001	FG024
38	EO61	sim_L38_M39	14334	FG001	FG024
38	EO61	sim_L38_M39	14335	FG001	FG003
38	EO61	sim_L38_M39	14336	FG001	FG002
38	EO61	sim_L38_M39	14337	FG001	FG006
38	EO61	sim_L38_M39	14338	FG001	FG005
38	EO61	sim_L38_M39	14339	FG001	FG006
38	EO61	sim_L38_M39	14340	FG001	FG004
38	EO61	sim_L38_M39	14341	FG001	FG024
38	EO61	sim_L38_M39	14342	FG001	FG002
38	EO61	sim_L38_M39	14343	FG001	FG024
38	EO61	sim_L38_M39	14344	FG001	FG003
38	EO61	sim_L38_M39	14345	FG001	FG024
38	EO61	sim_L38_M39	14346	FG001	FG002
38	EO61	sim_L38_M39	14347	FG001	FG002
38	EO61	sim_L38_M39	14348	FG001	FG017
38	EO61	sim_L38_M39	14349	FG001	FG006
38	EO61	sim_L38_M40	14350	FG001	FG015
38	EO61	sim_L38_M40	14351	FG017	FG024
38	EO61	sim_L38_M40	14352	FG017	FG024
38	EO61	sim_L38_M40	14353	FG017	FG024
38	EO61	sim_L38_M40	14354	FG017	FG024
38	EO61	sim_L38_M40	14355	FG001	FG023
38	EO61	sim_L38_M40	14356	FG017	FG002
38	EO61	sim_L38_M40	14357	FG001	FG015
38	EO61	sim_L38_M40	14358	FG001	FG024
38	EO61	sim_L38_M40	14359	FG017	FG018
38	EO61	sim_L38_M40	14360	FG001	FG012
38	EO61	sim_L38_M40	14361	FG001	FG006
38	EO61	sim_L38_M40	14362	FG001	FG024
38	EO61	sim_L38_M40	14363	FG001	FG024
38	EO61	sim_L38_M40	14364	FG017	FG001
38	EO61	sim_L38_M40	14365	FG001	FG004
38	EO61	sim_L38_M40	14366	FG017	FG024
38	EO61	sim_L38_M40	14367	FG001	FG004
38	EO61	sim_L38_M41	14368	FG024	FG004
38	EO61	sim_L38_M41	14369	FG001	FG015
38	EO61	sim_L38_M41	14370	FG024	FG023
38	EO61	sim_L38_M41	14371	FG024	FG018
38	EO61	sim_L38_M41	14372	FG024	FG015
38	EO61	sim_L38_M41	14373	FG001	FG002
38	EO61	sim_L38_M41	14374	FG024	FG021
38	EO61	sim_L38_M41	14375	FG001	FG002
38	EO61	sim_L38_M41	14376	FG001	FG002
38	EO61	sim_L38_M41	14377	FG001	FG012
38	EO61	sim_L38_M41	14378	FG024	FG002
38	EO61	sim_L38_M41	14379	FG001	FG015
38	EO61	sim_L38_M42	14380	FG001	FG002
38	EO61	sim_L38_M42	14381	FG006	FG005
38	EO61	sim_L38_M42	14382	FG001	FG002
38	EO61	sim_L38_M42	14383	FG001	FG018
38	EO61	sim_L38_M42	14384	FG006	FG002
38	EO61	sim_L38_M42	14385	FG001	FG008
38	EO61	sim_L38_M42	14386	FG001	FG019
38	EO61	sim_L38_M42	14387	FG001	FG023
38	EO61	sim_L38_M42	14388	FG006	FG024
38	EO61	sim_L38_M42	14389	FG006	FG024
38	EO61	sim_L38_M42	14390	FG001	FG003
38	EO61	sim_L38_M42	14391	FG001	FG002
38	EO61	sim_L38_M42	14392	FG001	FG017
38	EO61	sim_L38_M42	14393	FG001	FG002
38	EO61	sim_L38_M42	14394	FG001	FG005
38	EO61	sim_L38_M42	14395	FG001	FG002
38	EO61	sim_L38_M42	14396	FG001	FG024
38	EO61	sim_L38_M42	14397	FG006	FG021
38	EO61	sim_L38_M42	14398	FG001	FG007
38	EO61	sim_L38_M42	14399	FG001	FG023
38	EO61	sim_L38_M43	14400	FG003	FG008
38	EO61	sim_L38_M43	14401	FG011	FG001
38	EO61	sim_L38_M43	14402	FG003	FG024
38	EO61	sim_L38_M43	14403	FG003	FG001
38	EO61	sim_L38_M43	14404	FG003	FG001
38	EO61	sim_L38_M43	14405	FG011	FG021
38	EO61	sim_L38_M43	14406	FG011	FG002
38	EO61	sim_L38_M43	14407	FG011	FG002
38	EO61	sim_L38_M43	14408	FG003	FG001
38	EO61	sim_L38_M43	14409	FG003	FG006
38	EO61	sim_L38_M43	14410	FG003	FG002
38	EO61	sim_L38_M43	14411	FG003	FG001
38	EO61	sim_L38_M43	14412	FG011	FG006
38	EO61	sim_L38_M43	14413	FG011	FG024
38	EO61	sim_L38_M43	14414	FG003	FG001
38	EO61	sim_L38_M43	14415	FG003	FG006
38	EO61	sim_L38_M43	14416	FG003	FG012
38	EO61	sim_L38_M43	14417	FG003	FG024
38	EO61	sim_L38_M43	14418	FG011	FG015
38	EO61	sim_L38_M43	14419	FG003	FG008
38	EO61	sim_L38_M43	14420	FG003	FG001
38	EO61	sim_L38_M43	14421	FG011	FG001
38	EO61	sim_L38_M43	14422	FG003	FG001
38	EO61	sim_L38_M43	14423	FG011	FG004
38	EO61	sim_L38_M43	14424	FG003	FG012
38	EO61	sim_L38_M43	14425	FG011	FG026
38	EO61	sim_L38_M43	14426	FG003	FG006
38	EO61	sim_L38_M43	14427	FG003	FG024
38	EO61	sim_L38_M44	14428	FG002	FG001
38	EO61	sim_L38_M44	14429	FG024	FG003
38	EO61	sim_L38_M44	14430	FG024	FG001
38	EO61	sim_L38_M44	14431	FG024	FG001
38	EO61	sim_L38_M44	14432	FG024	FG001
38	EO61	sim_L38_M44	14433	FG024	FG010
38	EO61	sim_L38_M44	14434	FG024	FG001
38	EO61	sim_L38_M44	14435	FG024	FG028
38	EO61	sim_L38_M44	14436	FG002	FG005
38	EO61	sim_L38_M44	14437	FG002	FG001
38	EO61	sim_L38_M44	14438	FG024	FG001
38	EO61	sim_L38_M44	14439	FG024	FG001
38	EO61	sim_L38_M44	14440	FG024	FG001
38	EO61	sim_L38_M44	14441	FG002	FG004
38	EO61	sim_L38_M44	14442	FG002	FG001
38	EO61	sim_L38_M44	14443	FG002	FG001
38	EO61	sim_L38_M44	14444	FG002	FG001
38	EO61	sim_L38_M44	14445	FG002	FG004
38	EO61	sim_L38_M44	14446	FG024	FG001
38	EO61	sim_L38_M45	14447	FG002	FG001
38	EO61	sim_L38_M45	14448	FG002	FG024
38	EO61	sim_L38_M45	14449	FG002	FG001
38	EO61	sim_L38_M45	14450	FG002	FG001
38	EO61	sim_L38_M45	14451	FG002	FG024
38	EO61	sim_L38_M45	14452	FG002	FG006
38	EO61	sim_L38_M45	14453	FG002	FG022
38	EO61	sim_L38_M45	14454	FG002	FG001
38	EO61	sim_L38_M45	14455	FG002	FG023
38	EO61	sim_L38_M45	14456	FG002	FG012
38	EO61	sim_L38_M45	14457	FG002	FG001
38	EO61	sim_L38_M45	14458	FG002	FG023
38	EO61	sim_L38_M45	14459	FG002	FG001
38	EO61	sim_L38_M45	14460	FG002	FG001
38	EO61	sim_L38_M45	14461	FG002	FG024
38	EO61	sim_L38_M45	14462	FG002	FG001
38	EO61	sim_L38_M45	14463	FG002	FG001
38	EO61	sim_L38_M45	14464	FG002	FG006
38	EO61	sim_L38_M45	14465	FG002	FG001
38	EO61	sim_L38_M45	14466	FG002	FG001
38	EO61	sim_L38_M45	14467	FG002	FG017
38	EO61	sim_L38_M45	14468	FG002	FG020
38	EO61	sim_L38_M45	14469	FG002	FG024
38	EO61	sim_L38_M45	14470	FG002	FG017
38	EO61	sim_L38_M45	14471	FG002	FG001
38	EO61	sim_L38_M45	14472	FG002	FG001
38	EO61	sim_L38_M45	14473	FG002	FG021
38	EO61	sim_L38_M45	14474	FG002	FG017
38	EO61	sim_L38_M46	14475	FG017	FG013
38	EO61	sim_L38_M46	14476	FG001	FG024
38	EO61	sim_L38_M46	14477	FG017	FG002
38	EO61	sim_L38_M46	14478	FG001	FG002
38	EO61	sim_L38_M46	14479	FG001	FG006
38	EO61	sim_L38_M46	14480	FG017	FG024
38	EO61	sim_L38_M46	14481	FG017	FG024
38	EO61	sim_L38_M46	14482	FG001	FG002
38	EO61	sim_L38_M46	14483	FG017	FG019
38	EO61	sim_L38_M46	14484	FG017	FG002
38	EO61	sim_L38_M46	14485	FG001	FG024
38	EO61	sim_L38_M46	14486	FG017	FG023
38	EO61	sim_L38_M46	14487	FG017	FG010
38	EO61	sim_L38_M46	14488	FG001	FG002
38	EO61	sim_L38_M46	14489	FG001	FG006
38	EO61	sim_L38_M47	14490	FG021	FG017
38	EO61	sim_L38_M47	14491	FG021	FG001
38	EO61	sim_L38_M47	14492	FG001	FG002
38	EO61	sim_L38_M47	14493	FG001	FG024
38	EO61	sim_L38_M47	14494	FG001	FG024
38	EO61	sim_L38_M47	14495	FG001	FG006
38	EO61	sim_L38_M47	14496	FG001	FG018
38	EO61	sim_L38_M47	14497	FG001	FG018
38	EO61	sim_L38_M47	14498	FG001	FG023
38	EO61	sim_L38_M47	14499	FG021	FG015
38	EO61	sim_L38_M47	14500	FG021	FG002
38	EO61	sim_L38_M47	14501	FG001	FG024
38	EO61	sim_L38_M47	14502	FG001	FG001
38	EO61	sim_L38_M47	14503	FG001	FG024
38	EO61	sim_L38_M47	14504	FG001	FG002
38	EO61	sim_L38_M47	14505	FG001	FG017
38	EO61	sim_L38_M47	14506	FG001	FG015
38	EO61	sim_L38_M47	14507	FG021	FG024
38	EO61	sim_L38_M48	14508	FG001	FG024
38	EO61	sim_L38_M48	14509	FG001	FG006
38	EO61	sim_L38_M48	14510	FG001	FG006
38	EO61	sim_L38_M48	14511	FG001	FG024
38	EO61	sim_L38_M48	14512	FG001	FG024
38	EO61	sim_L38_M48	14513	FG001	FG004
38	EO61	sim_L38_M48	14514	FG001	FG006
38	EO61	sim_L38_M48	14515	FG001	FG004
38	EO61	sim_L38_M48	14516	FG001	FG002
38	EO61	sim_L38_M48	14517	FG001	FG024
38	EO61	sim_L38_M48	14518	FG001	FG002
38	EO61	sim_L38_M48	14519	FG001	FG006
38	EO61	sim_L38_M48	14520	FG001	FG006
38	EO61	sim_L38_M48	14521	FG001	FG004
38	EO61	sim_L38_M48	14522	FG001	FG006
38	EO61	sim_L38_M48	14523	FG001	FG019
38	EO61	sim_L38_M48	14524	FG001	FG021
38	EO61	sim_L38_M48	14525	FG001	FG002
38	EO61	sim_L38_M48	14526	FG001	FG001
38	EO61	sim_L38_M48	14527	FG001	FG022
38	EO61	sim_L38_M49	14528	FG001	FG002
38	EO61	sim_L38_M49	14529	FG001	FG018
38	EO61	sim_L38_M49	14530	FG001	FG002
38	EO61	sim_L38_M49	14531	FG001	FG017
38	EO61	sim_L38_M49	14532	FG001	FG006
38	EO61	sim_L38_M49	14533	FG001	FG024
38	EO61	sim_L38_M49	14534	FG001	FG018
38	EO61	sim_L38_M49	14535	FG001	FG002
38	EO61	sim_L38_M49	14536	FG001	FG024
38	EO61	sim_L38_M49	14537	FG001	FG008
38	EO61	sim_L38_M49	14538	FG001	FG002
38	EO61	sim_L38_M49	14539	FG001	FG022
38	EO61	sim_L38_M50	14540	FG024	FG004
38	EO61	sim_L38_M50	14541	FG024	FG005
38	EO61	sim_L38_M50	14542	FG010	FG023
38	EO61	sim_L38_M50	14543	FG010	FG002
38	EO61	sim_L38_M50	14544	FG024	FG018
38	EO61	sim_L38_M50	14545	FG010	FG001
38	EO61	sim_L38_M50	14546	FG024	FG024
38	EO61	sim_L38_M50	14547	FG024	FG021
38	EO61	sim_L38_M50	14548	FG024	FG030
38	EO61	sim_L38_M50	14549	FG010	FG025
38	EO61	sim_L38_M50	14550	FG010	FG002
38	EO61	sim_L38_M50	14551	FG024	FG002
38	EO61	sim_L38_M50	14552	FG010	FG028
38	EO61	sim_L38_M50	14553	FG010	FG002
38	EO61	sim_L38_M50	14554	FG010	FG001
38	EO61	sim_L38_M50	14555	FG024	FG001
38	EO61	sim_L38_M50	14556	FG024	FG002
38	EO61	sim_L38_M50	14557	FG024	FG012
38	EO61	sim_L38_M50	14558	FG024	FG002
38	EO61	sim_L38_M50	14559	FG024	FG001
38	EO61	sim_L38_M50	14560	FG024	FG022
38	EO61	sim_L38_M50	14561	FG024	FG001
38	EO61	sim_L38_M50	14562	FG010	FG001
38	EO61	sim_L38_M50	14563	FG024	FG012
38	EO61	sim_L38_M50	14564	FG024	FG014
38	EO61	sim_L38_M50	14565	FG010	FG003
38	EO61	sim_L38_M51	14566	FG024	FG001
38	EO61	sim_L38_M51	14567	FG024	FG001
38	EO61	sim_L38_M51	14568	FG012	FG001
38	EO61	sim_L38_M51	14569	FG024	FG002
38	EO61	sim_L38_M51	14570	FG024	FG005
38	EO61	sim_L38_M51	14571	FG024	FG001
38	EO61	sim_L38_M51	14572	FG024	FG005
38	EO61	sim_L38_M51	14573	FG012	FG006
38	EO61	sim_L38_M51	14574	FG024	FG001
38	EO61	sim_L38_M51	14575	FG024	FG001
38	EO61	sim_L38_M51	14576	FG024	FG002
38	EO61	sim_L38_M51	14577	FG012	FG001
38	EO61	sim_L38_M51	14578	FG024	FG001
38	EO61	sim_L38_M51	14579	FG024	FG001
38	EO61	sim_L38_M51	14580	FG024	FG002
38	EO61	sim_L38_M51	14581	FG012	FG001
38	EO61	sim_L38_M51	14582	FG024	FG002
38	EO61	sim_L38_M51	14583	FG024	FG001
38	EO61	sim_L38_M51	14584	FG012	FG001
38	EO61	sim_L38_M51	14585	FG012	FG001
38	EO61	sim_L38_M51	14586	FG024	FG001
38	EO61	sim_L38_M51	14587	FG012	FG001
38	EO61	sim_L38_M51	14588	FG024	FG001
38	EO61	sim_L38_M51	14589	FG012	FG004
38	EO61	sim_L38_M51	14590	FG012	FG001
38	EO61	sim_L38_M51	14591	FG024	FG001
38	EO61	sim_L38_M52	14592	FG002	FG006
38	EO61	sim_L38_M52	14593	FG001	FG003
38	EO61	sim_L38_M52	14594	FG002	FG024
38	EO61	sim_L38_M52	14595	FG001	FG024
38	EO61	sim_L38_M52	14596	FG002	FG006
38	EO61	sim_L38_M52	14597	FG002	FG001
38	EO61	sim_L38_M52	14598	FG002	FG024
38	EO61	sim_L38_M52	14599	FG002	FG017
38	EO61	sim_L38_M52	14600	FG002	FG024
38	EO61	sim_L38_M52	14601	FG002	FG010
38	EO61	sim_L38_M52	14602	FG001	FG009
38	EO61	sim_L38_M52	14603	FG002	FG024
38	EO61	sim_L38_M52	14604	FG002	FG032
38	EO61	sim_L38_M52	14605	FG002	FG024
38	EO61	sim_L38_M52	14606	FG001	FG024
38	EO61	sim_L38_M52	14607	FG001	FG012
38	EO61	sim_L38_M52	14608	FG001	FG006
38	EO61	sim_L38_M53	14609	FG001	FG004
38	EO61	sim_L38_M53	14610	FG001	FG024
38	EO61	sim_L38_M53	14611	FG001	FG021
38	EO61	sim_L38_M53	14612	FG001	FG024
38	EO61	sim_L38_M53	14613	FG001	FG024
38	EO61	sim_L38_M53	14614	FG001	FG024
38	EO61	sim_L38_M53	14615	FG001	FG006
38	EO61	sim_L38_M53	14616	FG001	FG024
38	EO61	sim_L38_M53	14617	FG001	FG006
38	EO61	sim_L38_M53	14618	FG001	FG014
38	EO61	sim_L38_M53	14619	FG001	FG024
38	EO61	sim_L38_M53	14620	FG001	FG006
38	EO61	sim_L38_M53	14621	FG001	FG024
38	EO61	sim_L38_M53	14622	FG001	FG002
38	EO61	sim_L38_M53	14623	FG001	FG002
38	EO61	sim_L38_M53	14624	FG001	FG006
38	EO61	sim_L38_M53	14625	FG001	FG001
38	EO61	sim_L38_M53	14626	FG001	FG024
38	EO61	sim_L38_M53	14627	FG001	FG002
38	EO61	sim_L38_M53	14628	FG001	FG002
38	EO61	sim_L38_M54	14629	FG001	FG010
38	EO61	sim_L38_M54	14630	FG001	FG006
38	EO61	sim_L38_M54	14631	FG001	FG002
38	EO61	sim_L38_M54	14632	FG001	FG002
38	EO61	sim_L38_M54	14633	FG001	FG002
38	EO61	sim_L38_M54	14634	FG001	FG024
38	EO61	sim_L38_M54	14635	FG001	FG008
38	EO61	sim_L38_M54	14636	FG001	FG002
38	EO61	sim_L38_M54	14637	FG001	FG024
38	EO61	sim_L38_M54	14638	FG001	FG024
38	EO61	sim_L38_M54	14639	FG001	FG019
38	EO61	sim_L38_M54	14640	FG001	FG002
38	EO61	sim_L38_M54	14641	FG001	FG024
38	EO61	sim_L38_M54	14642	FG001	FG002
38	EO61	sim_L38_M54	14643	FG001	FG001
38	EO61	sim_L38_M54	14644	FG001	FG002
38	EO61	sim_L38_M54	14645	FG001	FG006
38	EO61	sim_L38_M54	14646	FG001	FG024
38	EO61	sim_L38_M54	14647	FG001	FG021
