Allele_a	Allele_b	Fg_a	Fg_b	is_within_fg	hamming_full_sdomain	n_sites_full	p_full	hamming_functional	n_sites_functional	p_functional
Allele_015	Allele_034	FG001	FG001	True	6	233	0.02575107296137339	0	207	0.0
Allele_024	Allele_031	FG001	FG001	True	6	233	0.02575107296137339	0	207	0.0
Allele_024	Allele_032	FG001	FG001	True	6	233	0.02575107296137339	0	207	0.0
Allele_013	Allele_018	FG002	FG002	True	5	233	0.02145922746781116	0	207	0.0
Allele_015	Allele_024	FG001	FG001	True	5	233	0.02145922746781116	0	207	0.0
Allele_015	Allele_031	FG001	FG001	True	5	233	0.02145922746781116	0	207	0.0
Allele_015	Allele_032	FG001	FG001	True	5	233	0.02145922746781116	0	207	0.0
Allele_017	Allele_031	FG001	FG001	True	5	233	0.02145922746781116	0	207	0.0
Allele_017	Allele_032	FG001	FG001	True	5	233	0.02145922746781116	0	207	0.0
Allele_024	Allele_034	FG001	FG001	True	5	233	0.02145922746781116	0	207	0.0
Allele_024	Allele_035	FG001	FG001	True	5	233	0.02145922746781116	0	207	0.0
Allele_031	Allele_034	FG001	FG001	True	5	233	0.02145922746781116	0	207	0.0
Allele_032	Allele_034	FG001	FG001	True	5	233	0.02145922746781116	0	207	0.0
Allele_005	Allele_014	FG003	FG003	True	4	233	0.017167381974248927	0	207	0.0
Allele_006	Allele_014	FG003	FG003	True	4	233	0.017167381974248927	0	207	0.0
Allele_013	Allele_028	FG002	FG002	True	4	233	0.017167381974248927	0	207	0.0
Allele_015	Allele_045	FG001	FG001	True	4	233	0.017167381974248927	0	207	0.0
Allele_017	Allele_034	FG001	FG001	True	4	233	0.017167381974248927	0	207	0.0
Allele_017	Allele_035	FG001	FG001	True	4	233	0.017167381974248927	0	207	0.0
Allele_017	Allele_045	FG001	FG001	True	4	233	0.017167381974248927	0	207	0.0
Allele_018	Allele_044	FG002	FG002	True	4	233	0.017167381974248927	0	207	0.0
Allele_024	Allele_045	FG001	FG001	True	4	233	0.017167381974248927	0	207	0.0
Allele_024	Allele_046	FG001	FG001	True	4	233	0.017167381974248927	0	207	0.0
Allele_034	Allele_035	FG001	FG001	True	4	233	0.017167381974248927	0	207	0.0
Allele_034	Allele_040	FG001	FG001	True	4	233	0.017167381974248927	0	207	0.0
Allele_034	Allele_045	FG001	FG001	True	4	233	0.017167381974248927	0	207	0.0
Allele_013	Allele_044	FG002	FG002	True	3	233	0.012875536480686695	0	207	0.0
Allele_015	Allele_046	FG001	FG001	True	3	233	0.012875536480686695	0	207	0.0
Allele_017	Allele_024	FG001	FG001	True	3	233	0.012875536480686695	0	207	0.0
Allele_017	Allele_046	FG001	FG001	True	3	233	0.012875536480686695	0	207	0.0
Allele_018	Allele_028	FG002	FG002	True	3	233	0.012875536480686695	0	207	0.0
Allele_020	Allele_026	FG004	FG004	True	3	233	0.012875536480686695	0	207	0.0
Allele_024	Allele_040	FG001	FG001	True	3	233	0.012875536480686695	0	207	0.0
Allele_031	Allele_035	FG001	FG001	True	3	233	0.012875536480686695	0	207	0.0
Allele_031	Allele_040	FG001	FG001	True	3	233	0.012875536480686695	0	207	0.0
Allele_031	Allele_045	FG001	FG001	True	3	233	0.012875536480686695	0	207	0.0
Allele_032	Allele_035	FG001	FG001	True	3	233	0.012875536480686695	0	207	0.0
Allele_032	Allele_040	FG001	FG001	True	3	233	0.012875536480686695	0	207	0.0
Allele_032	Allele_045	FG001	FG001	True	3	233	0.012875536480686695	0	207	0.0
Allele_034	Allele_046	FG001	FG001	True	3	233	0.012875536480686695	0	207	0.0
Allele_005	Allele_006	FG003	FG003	True	2	233	0.008583690987124463	0	207	0.0
Allele_015	Allele_017	FG001	FG001	True	2	233	0.008583690987124463	0	207	0.0
Allele_015	Allele_035	FG001	FG001	True	2	233	0.008583690987124463	0	207	0.0
Allele_015	Allele_040	FG001	FG001	True	2	233	0.008583690987124463	0	207	0.0
Allele_017	Allele_040	FG001	FG001	True	2	233	0.008583690987124463	0	207	0.0
Allele_027	Allele_029	FG005	FG005	True	2	233	0.008583690987124463	0	207	0.0
Allele_031	Allele_032	FG001	FG001	True	2	233	0.008583690987124463	0	207	0.0
Allele_031	Allele_046	FG001	FG001	True	2	233	0.008583690987124463	0	207	0.0
Allele_032	Allele_046	FG001	FG001	True	2	233	0.008583690987124463	0	207	0.0
Allele_035	Allele_040	FG001	FG001	True	2	233	0.008583690987124463	0	207	0.0
Allele_035	Allele_045	FG001	FG001	True	2	233	0.008583690987124463	0	207	0.0
Allele_040	Allele_045	FG001	FG001	True	2	233	0.008583690987124463	0	207	0.0
Allele_028	Allele_044	FG002	FG002	True	1	233	0.004291845493562232	0	207	0.0
Allele_035	Allele_046	FG001	FG001	True	1	233	0.004291845493562232	0	207	0.0
Allele_038	Allele_039	FG006	FG006	True	1	233	0.004291845493562232	0	207	0.0
Allele_040	Allele_046	FG001	FG001	True	1	233	0.004291845493562232	0	207	0.0
Allele_045	Allele_046	FG001	FG001	True	1	233	0.004291845493562232	0	207	0.0
Allele_050	Allele_055	FG028	FG032	False	209	233	0.8969957081545065	198	207	0.9565217391304348
Allele_005	Allele_050	FG003	FG028	False	206	233	0.8841201716738197	197	207	0.9516908212560387
Allele_014	Allele_050	FG003	FG028	False	206	233	0.8841201716738197	197	207	0.9516908212560387
Allele_003	Allele_050	FG008	FG028	False	205	233	0.8798283261802575	196	207	0.9468599033816425
Allele_013	Allele_050	FG002	FG028	False	205	233	0.8798283261802575	196	207	0.9468599033816425
Allele_015	Allele_050	FG001	FG028	False	205	233	0.8798283261802575	196	207	0.9468599033816425
Allele_019	Allele_050	FG013	FG028	False	205	233	0.8798283261802575	197	207	0.9516908212560387
Allele_021	Allele_050	FG014	FG028	False	205	233	0.8798283261802575	197	207	0.9516908212560387
Allele_026	Allele_050	FG004	FG028	False	205	233	0.8798283261802575	197	207	0.9516908212560387
Allele_050	Allele_054	FG028	FG031	False	205	233	0.8798283261802575	196	207	0.9468599033816425
Allele_002	Allele_050	FG007	FG028	False	204	233	0.8755364806866953	196	207	0.9468599033816425
Allele_004	Allele_050	FG009	FG028	False	204	233	0.8755364806866953	197	207	0.9516908212560387
Allele_006	Allele_050	FG003	FG028	False	204	233	0.8755364806866953	197	207	0.9516908212560387
Allele_010	Allele_050	FG011	FG028	False	204	233	0.8755364806866953	196	207	0.9468599033816425
Allele_020	Allele_050	FG004	FG028	False	204	233	0.8755364806866953	197	207	0.9516908212560387
Allele_024	Allele_050	FG001	FG028	False	204	233	0.8755364806866953	196	207	0.9468599033816425
Allele_029	Allele_050	FG005	FG028	False	204	233	0.8755364806866953	197	207	0.9516908212560387
Allele_030	Allele_050	FG018	FG028	False	204	233	0.8755364806866953	196	207	0.9468599033816425
Allele_031	Allele_050	FG001	FG028	False	204	233	0.8755364806866953	196	207	0.9468599033816425
Allele_032	Allele_050	FG001	FG028	False	204	233	0.8755364806866953	196	207	0.9468599033816425
Allele_036	Allele_050	FG020	FG028	False	204	233	0.8755364806866953	196	207	0.9468599033816425
Allele_050	Allele_051	FG028	FG029	False	204	233	0.8755364806866953	197	207	0.9516908212560387
Allele_050	Allele_052	FG028	FG030	False	204	233	0.8755364806866953	196	207	0.9468599033816425
Allele_007	Allele_050	FG010	FG028	False	203	233	0.871244635193133	197	207	0.9516908212560387
Allele_016	Allele_050	FG012	FG028	False	203	233	0.871244635193133	196	207	0.9468599033816425
Allele_017	Allele_050	FG001	FG028	False	203	233	0.871244635193133	196	207	0.9468599033816425
Allele_018	Allele_050	FG002	FG028	False	203	233	0.871244635193133	196	207	0.9468599033816425
Allele_022	Allele_050	FG015	FG028	False	203	233	0.871244635193133	196	207	0.9468599033816425
Allele_028	Allele_050	FG002	FG028	False	203	233	0.871244635193133	196	207	0.9468599033816425
Allele_034	Allele_050	FG001	FG028	False	203	233	0.871244635193133	196	207	0.9468599033816425
Allele_035	Allele_050	FG001	FG028	False	203	233	0.871244635193133	196	207	0.9468599033816425
Allele_040	Allele_050	FG001	FG028	False	203	233	0.871244635193133	196	207	0.9468599033816425
Allele_045	Allele_050	FG001	FG028	False	203	233	0.871244635193133	196	207	0.9468599033816425
Allele_048	Allele_050	FG026	FG028	False	203	233	0.871244635193133	197	207	0.9516908212560387
Allele_049	Allele_050	FG027	FG028	False	203	233	0.871244635193133	196	207	0.9468599033816425
Allele_023	Allele_050	FG016	FG028	False	202	233	0.8669527896995708	197	207	0.9516908212560387
Allele_027	Allele_050	FG005	FG028	False	202	233	0.8669527896995708	197	207	0.9516908212560387
Allele_033	Allele_050	FG019	FG028	False	202	233	0.8669527896995708	197	207	0.9516908212560387
Allele_037	Allele_050	FG021	FG028	False	202	233	0.8669527896995708	196	207	0.9468599033816425
Allele_038	Allele_050	FG006	FG028	False	202	233	0.8669527896995708	196	207	0.9468599033816425
Allele_041	Allele_050	FG022	FG028	False	202	233	0.8669527896995708	196	207	0.9468599033816425
Allele_044	Allele_050	FG002	FG028	False	202	233	0.8669527896995708	196	207	0.9468599033816425
Allele_046	Allele_050	FG001	FG028	False	202	233	0.8669527896995708	196	207	0.9468599033816425
Allele_047	Allele_050	FG025	FG028	False	202	233	0.8669527896995708	196	207	0.9468599033816425
Allele_025	Allele_050	FG017	FG028	False	201	233	0.8626609442060086	195	207	0.9420289855072463
Allele_039	Allele_050	FG006	FG028	False	201	233	0.8626609442060086	196	207	0.9468599033816425
Allele_042	Allele_050	FG023	FG028	False	201	233	0.8626609442060086	196	207	0.9468599033816425
Allele_043	Allele_050	FG024	FG028	False	199	233	0.8540772532188842	194	207	0.9371980676328503
Allele_043	Allele_054	FG024	FG031	False	48	233	0.20600858369098712	44	207	0.21256038647342995
Allele_043	Allele_055	FG024	FG032	False	48	233	0.20600858369098712	42	207	0.2028985507246377
Allele_005	Allele_043	FG003	FG024	False	47	233	0.2017167381974249	43	207	0.20772946859903382
Allele_014	Allele_043	FG003	FG024	False	47	233	0.2017167381974249	43	207	0.20772946859903382
Allele_003	Allele_043	FG008	FG024	False	46	233	0.19742489270386265	42	207	0.2028985507246377
Allele_002	Allele_043	FG007	FG024	False	45	233	0.19313304721030042	42	207	0.2028985507246377
Allele_006	Allele_043	FG003	FG024	False	45	233	0.19313304721030042	43	207	0.20772946859903382
Allele_007	Allele_043	FG010	FG024	False	45	233	0.19313304721030042	44	207	0.21256038647342995
Allele_010	Allele_043	FG011	FG024	False	45	233	0.19313304721030042	42	207	0.2028985507246377
Allele_013	Allele_043	FG002	FG024	False	45	233	0.19313304721030042	41	207	0.19806763285024154
Allele_021	Allele_043	FG014	FG024	False	45	233	0.19313304721030042	42	207	0.2028985507246377
Allele_026	Allele_043	FG004	FG024	False	45	233	0.19313304721030042	42	207	0.2028985507246377
Allele_036	Allele_043	FG020	FG024	False	45	233	0.19313304721030042	42	207	0.2028985507246377
Allele_004	Allele_043	FG009	FG024	False	44	233	0.1888412017167382	41	207	0.19806763285024154
Allele_015	Allele_043	FG001	FG024	False	44	233	0.1888412017167382	40	207	0.1932367149758454
Allele_016	Allele_043	FG012	FG024	False	44	233	0.1888412017167382	42	207	0.2028985507246377
Allele_018	Allele_043	FG002	FG024	False	44	233	0.1888412017167382	41	207	0.19806763285024154
Allele_019	Allele_043	FG013	FG024	False	44	233	0.1888412017167382	41	207	0.19806763285024154
Allele_020	Allele_043	FG004	FG024	False	44	233	0.1888412017167382	42	207	0.2028985507246377
Allele_029	Allele_043	FG005	FG024	False	44	233	0.1888412017167382	42	207	0.2028985507246377
Allele_043	Allele_051	FG024	FG029	False	44	233	0.1888412017167382	42	207	0.2028985507246377
Allele_043	Allele_052	FG024	FG030	False	44	233	0.1888412017167382	41	207	0.19806763285024154
Allele_022	Allele_043	FG015	FG024	False	43	233	0.18454935622317598	41	207	0.19806763285024154
Allele_023	Allele_043	FG016	FG024	False	43	233	0.18454935622317598	43	207	0.20772946859903382
Allele_024	Allele_043	FG001	FG024	False	43	233	0.18454935622317598	40	207	0.1932367149758454
Allele_028	Allele_043	FG002	FG024	False	43	233	0.18454935622317598	41	207	0.19806763285024154
Allele_030	Allele_043	FG018	FG024	False	43	233	0.18454935622317598	40	207	0.1932367149758454
Allele_031	Allele_043	FG001	FG024	False	43	233	0.18454935622317598	40	207	0.1932367149758454
Allele_032	Allele_043	FG001	FG024	False	43	233	0.18454935622317598	40	207	0.1932367149758454
Allele_043	Allele_048	FG024	FG026	False	43	233	0.18454935622317598	42	207	0.2028985507246377
Allele_043	Allele_049	FG024	FG027	False	43	233	0.18454935622317598	41	207	0.19806763285024154
Allele_017	Allele_043	FG001	FG024	False	42	233	0.18025751072961374	40	207	0.1932367149758454
Allele_025	Allele_043	FG017	FG024	False	42	233	0.18025751072961374	41	207	0.19806763285024154
Allele_027	Allele_043	FG005	FG024	False	42	233	0.18025751072961374	42	207	0.2028985507246377
Allele_033	Allele_043	FG019	FG024	False	42	233	0.18025751072961374	42	207	0.2028985507246377
Allele_034	Allele_043	FG001	FG024	False	42	233	0.18025751072961374	40	207	0.1932367149758454
Allele_035	Allele_043	FG001	FG024	False	42	233	0.18025751072961374	40	207	0.1932367149758454
Allele_038	Allele_043	FG006	FG024	False	42	233	0.18025751072961374	41	207	0.19806763285024154
Allele_040	Allele_043	FG001	FG024	False	42	233	0.18025751072961374	40	207	0.1932367149758454
Allele_043	Allele_044	FG024	FG002	False	42	233	0.18025751072961374	41	207	0.19806763285024154
Allele_043	Allele_045	FG024	FG001	False	42	233	0.18025751072961374	40	207	0.1932367149758454
Allele_043	Allele_047	FG024	FG025	False	42	233	0.18025751072961374	41	207	0.19806763285024154
Allele_037	Allele_043	FG021	FG024	False	41	233	0.1759656652360515	40	207	0.1932367149758454
Allele_039	Allele_043	FG006	FG024	False	41	233	0.1759656652360515	41	207	0.19806763285024154
Allele_041	Allele_043	FG022	FG024	False	41	233	0.1759656652360515	40	207	0.1932367149758454
Allele_042	Allele_043	FG023	FG024	False	41	233	0.1759656652360515	41	207	0.19806763285024154
Allele_043	Allele_046	FG024	FG001	False	41	233	0.1759656652360515	40	207	0.1932367149758454
Allele_002	Allele_054	FG007	FG031	False	16	233	0.06866952789699571	11	207	0.05314009661835749
Allele_003	Allele_054	FG008	FG031	False	16	233	0.06866952789699571	10	207	0.04830917874396135
Allele_014	Allele_054	FG003	FG031	False	16	233	0.06866952789699571	8	207	0.03864734299516908
Allele_036	Allele_054	FG020	FG031	False	16	233	0.06866952789699571	9	207	0.043478260869565216
Allele_049	Allele_054	FG027	FG031	False	15	233	0.06437768240343347	9	207	0.043478260869565216
Allele_052	Allele_054	FG030	FG031	False	15	233	0.06437768240343347	10	207	0.04830917874396135
Allele_005	Allele_054	FG003	FG031	False	14	233	0.060085836909871244	8	207	0.03864734299516908
Allele_013	Allele_054	FG002	FG031	False	14	233	0.060085836909871244	6	207	0.028985507246376812
Allele_013	Allele_055	FG002	FG032	False	14	233	0.060085836909871244	4	207	0.01932367149758454
Allele_014	Allele_055	FG003	FG032	False	14	233	0.060085836909871244	4	207	0.01932367149758454
Allele_030	Allele_054	FG018	FG031	False	14	233	0.060085836909871244	7	207	0.033816425120772944
Allele_031	Allele_054	FG001	FG031	False	14	233	0.060085836909871244	7	207	0.033816425120772944
Allele_032	Allele_054	FG001	FG031	False	14	233	0.060085836909871244	7	207	0.033816425120772944
Allele_036	Allele_055	FG020	FG032	False	14	233	0.060085836909871244	5	207	0.024154589371980676
Allele_037	Allele_054	FG021	FG031	False	14	233	0.060085836909871244	9	207	0.043478260869565216
Allele_048	Allele_054	FG026	FG031	False	14	233	0.060085836909871244	9	207	0.043478260869565216
Allele_015	Allele_054	FG001	FG031	False	13	233	0.055793991416309016	7	207	0.033816425120772944
Allele_021	Allele_054	FG014	FG031	False	13	233	0.055793991416309016	8	207	0.03864734299516908
Allele_030	Allele_055	FG018	FG032	False	13	233	0.055793991416309016	4	207	0.01932367149758454
Allele_033	Allele_054	FG019	FG031	False	13	233	0.055793991416309016	9	207	0.043478260869565216
Allele_035	Allele_054	FG001	FG031	False	13	233	0.055793991416309016	7	207	0.033816425120772944
Allele_041	Allele_054	FG022	FG031	False	13	233	0.055793991416309016	8	207	0.03864734299516908
Allele_042	Allele_054	FG023	FG031	False	13	233	0.055793991416309016	9	207	0.043478260869565216
Allele_045	Allele_054	FG001	FG031	False	13	233	0.055793991416309016	7	207	0.033816425120772944
Allele_047	Allele_054	FG025	FG031	False	13	233	0.055793991416309016	8	207	0.03864734299516908
Allele_049	Allele_055	FG027	FG032	False	13	233	0.055793991416309016	5	207	0.024154589371980676
Allele_051	Allele_054	FG029	FG031	False	13	233	0.055793991416309016	9	207	0.043478260869565216
Allele_052	Allele_055	FG030	FG032	False	13	233	0.055793991416309016	6	207	0.028985507246376812
Allele_002	Allele_036	FG007	FG020	False	12	233	0.05150214592274678	6	207	0.028985507246376812
Allele_002	Allele_055	FG007	FG032	False	12	233	0.05150214592274678	5	207	0.024154589371980676
Allele_003	Allele_055	FG008	FG032	False	12	233	0.05150214592274678	4	207	0.01932367149758454
Allele_005	Allele_055	FG003	FG032	False	12	233	0.05150214592274678	4	207	0.01932367149758454
Allele_006	Allele_054	FG003	FG031	False	12	233	0.05150214592274678	8	207	0.03864734299516908
Allele_007	Allele_054	FG010	FG031	False	12	233	0.05150214592274678	7	207	0.033816425120772944
Allele_010	Allele_014	FG011	FG003	False	12	233	0.05150214592274678	5	207	0.024154589371980676
Allele_010	Allele_054	FG011	FG031	False	12	233	0.05150214592274678	7	207	0.033816425120772944
Allele_010	Allele_055	FG011	FG032	False	12	233	0.05150214592274678	5	207	0.024154589371980676
Allele_022	Allele_054	FG015	FG031	False	12	233	0.05150214592274678	8	207	0.03864734299516908
Allele_025	Allele_054	FG017	FG031	False	12	233	0.05150214592274678	9	207	0.043478260869565216
Allele_031	Allele_055	FG001	FG032	False	12	233	0.05150214592274678	3	207	0.014492753623188406
Allele_032	Allele_055	FG001	FG032	False	12	233	0.05150214592274678	3	207	0.014492753623188406
Allele_034	Allele_054	FG001	FG031	False	12	233	0.05150214592274678	7	207	0.033816425120772944
Allele_037	Allele_055	FG021	FG032	False	12	233	0.05150214592274678	5	207	0.024154589371980676
Allele_039	Allele_054	FG006	FG031	False	12	233	0.05150214592274678	8	207	0.03864734299516908
Allele_046	Allele_054	FG001	FG031	False	12	233	0.05150214592274678	7	207	0.033816425120772944
Allele_048	Allele_055	FG026	FG032	False	12	233	0.05150214592274678	5	207	0.024154589371980676
Allele_002	Allele_030	FG007	FG018	False	11	233	0.04721030042918455	5	207	0.024154589371980676
Allele_002	Allele_049	FG007	FG027	False	11	233	0.04721030042918455	6	207	0.028985507246376812
Allele_014	Allele_029	FG003	FG005	False	11	233	0.04721030042918455	5	207	0.024154589371980676
Allele_014	Allele_051	FG003	FG029	False	11	233	0.04721030042918455	5	207	0.024154589371980676
Allele_014	Allele_052	FG003	FG030	False	11	233	0.04721030042918455	6	207	0.028985507246376812
Allele_015	Allele_055	FG001	FG032	False	11	233	0.04721030042918455	3	207	0.014492753623188406
Allele_017	Allele_054	FG001	FG031	False	11	233	0.04721030042918455	7	207	0.033816425120772944
Allele_018	Allele_054	FG002	FG031	False	11	233	0.04721030042918455	6	207	0.028985507246376812
Allele_018	Allele_055	FG002	FG032	False	11	233	0.04721030042918455	4	207	0.01932367149758454
Allele_019	Allele_054	FG013	FG031	False	11	233	0.04721030042918455	6	207	0.028985507246376812
Allele_021	Allele_036	FG014	FG020	False	11	233	0.04721030042918455	5	207	0.024154589371980676
Allele_021	Allele_055	FG014	FG032	False	11	233	0.04721030042918455	4	207	0.01932367149758454
Allele_024	Allele_054	FG001	FG031	False	11	233	0.04721030042918455	7	207	0.033816425120772944
Allele_027	Allele_054	FG005	FG031	False	11	233	0.04721030042918455	7	207	0.033816425120772944
Allele_027	Allele_055	FG005	FG032	False	11	233	0.04721030042918455	5	207	0.024154589371980676
Allele_029	Allele_054	FG005	FG031	False	11	233	0.04721030042918455	7	207	0.033816425120772944
Allele_029	Allele_055	FG005	FG032	False	11	233	0.04721030042918455	5	207	0.024154589371980676
Allele_033	Allele_055	FG019	FG032	False	11	233	0.04721030042918455	5	207	0.024154589371980676
Allele_035	Allele_055	FG001	FG032	False	11	233	0.04721030042918455	3	207	0.014492753623188406
Allele_038	Allele_054	FG006	FG031	False	11	233	0.04721030042918455	8	207	0.03864734299516908
Allele_040	Allele_054	FG001	FG031	False	11	233	0.04721030042918455	7	207	0.033816425120772944
Allele_041	Allele_055	FG022	FG032	False	11	233	0.04721030042918455	4	207	0.01932367149758454
Allele_044	Allele_054	FG002	FG031	False	11	233	0.04721030042918455	6	207	0.028985507246376812
Allele_044	Allele_055	FG002	FG032	False	11	233	0.04721030042918455	4	207	0.01932367149758454
Allele_045	Allele_055	FG001	FG032	False	11	233	0.04721030042918455	3	207	0.014492753623188406
Allele_047	Allele_055	FG025	FG032	False	11	233	0.04721030042918455	4	207	0.01932367149758454
Allele_051	Allele_055	FG029	FG032	False	11	233	0.04721030042918455	5	207	0.024154589371980676
Allele_002	Allele_004	FG007	FG009	False	10	233	0.04291845493562232	6	207	0.028985507246376812
Allele_002	Allele_007	FG007	FG010	False	10	233	0.04291845493562232	6	207	0.028985507246376812
Allele_002	Allele_010	FG007	FG011	False	10	233	0.04291845493562232	6	207	0.028985507246376812
Allele_002	Allele_013	FG007	FG002	False	10	233	0.04291845493562232	5	207	0.024154589371980676
Allele_002	Allele_014	FG007	FG003	False	10	233	0.04291845493562232	5	207	0.024154589371980676
Allele_002	Allele_023	FG007	FG016	False	10	233	0.04291845493562232	7	207	0.033816425120772944
Allele_002	Allele_026	FG007	FG004	False	10	233	0.04291845493562232	6	207	0.028985507246376812
Allele_002	Allele_031	FG007	FG001	False	10	233	0.04291845493562232	4	207	0.01932367149758454
Allele_002	Allele_032	FG007	FG001	False	10	233	0.04291845493562232	4	207	0.01932367149758454
Allele_002	Allele_037	FG007	FG021	False	10	233	0.04291845493562232	6	207	0.028985507246376812
Allele_002	Allele_048	FG007	FG026	False	10	233	0.04291845493562232	6	207	0.028985507246376812
Allele_003	Allele_010	FG008	FG011	False	10	233	0.04291845493562232	5	207	0.024154589371980676
Allele_003	Allele_023	FG008	FG016	False	10	233	0.04291845493562232	6	207	0.028985507246376812
Allele_003	Allele_036	FG008	FG020	False	10	233	0.04291845493562232	5	207	0.024154589371980676
Allele_004	Allele_054	FG009	FG031	False	10	233	0.04291845493562232	5	207	0.024154589371980676
Allele_004	Allele_055	FG009	FG032	False	10	233	0.04291845493562232	3	207	0.014492753623188406
Allele_005	Allele_010	FG003	FG011	False	10	233	0.04291845493562232	5	207	0.024154589371980676
Allele_005	Allele_036	FG003	FG020	False	10	233	0.04291845493562232	5	207	0.024154589371980676
Allele_006	Allele_036	FG003	FG020	False	10	233	0.04291845493562232	5	207	0.024154589371980676
Allele_006	Allele_055	FG003	FG032	False	10	233	0.04291845493562232	4	207	0.01932367149758454
Allele_007	Allele_010	FG010	FG011	False	10	233	0.04291845493562232	6	207	0.028985507246376812
Allele_007	Allele_055	FG010	FG032	False	10	233	0.04291845493562232	3	207	0.014492753623188406
Allele_010	Allele_036	FG011	FG020	False	10	233	0.04291845493562232	4	207	0.01932367149758454
Allele_014	Allele_024	FG003	FG001	False	10	233	0.04291845493562232	3	207	0.014492753623188406
Allele_014	Allele_025	FG003	FG017	False	10	233	0.04291845493562232	5	207	0.024154589371980676
Allele_014	Allele_036	FG003	FG020	False	10	233	0.04291845493562232	5	207	0.024154589371980676
Allele_021	Allele_030	FG014	FG018	False	10	233	0.04291845493562232	4	207	0.01932367149758454
Allele_021	Allele_049	FG014	FG027	False	10	233	0.04291845493562232	5	207	0.024154589371980676
Allele_021	Allele_052	FG014	FG030	False	10	233	0.04291845493562232	6	207	0.028985507246376812
Allele_022	Allele_055	FG015	FG032	False	10	233	0.04291845493562232	4	207	0.01932367149758454
Allele_023	Allele_054	FG016	FG031	False	10	233	0.04291845493562232	6	207	0.028985507246376812
Allele_023	Allele_055	FG016	FG032	False	10	233	0.04291845493562232	4	207	0.01932367149758454
Allele_025	Allele_055	FG017	FG032	False	10	233	0.04291845493562232	5	207	0.024154589371980676
Allele_026	Allele_054	FG004	FG031	False	10	233	0.04291845493562232	5	207	0.024154589371980676
Allele_026	Allele_055	FG004	FG032	False	10	233	0.04291845493562232	3	207	0.014492753623188406
Allele_028	Allele_054	FG002	FG031	False	10	233	0.04291845493562232	6	207	0.028985507246376812
Allele_028	Allele_055	FG002	FG032	False	10	233	0.04291845493562232	4	207	0.01932367149758454
Allele_034	Allele_055	FG001	FG032	False	10	233	0.04291845493562232	3	207	0.014492753623188406
Allele_039	Allele_055	FG006	FG032	False	10	233	0.04291845493562232	4	207	0.01932367149758454
Allele_046	Allele_055	FG001	FG032	False	10	233	0.04291845493562232	3	207	0.014492753623188406
Allele_002	Allele_027	FG007	FG005	False	9	233	0.03862660944206009	6	207	0.028985507246376812
Allele_002	Allele_029	FG007	FG005	False	9	233	0.03862660944206009	6	207	0.028985507246376812
Allele_002	Allele_033	FG007	FG019	False	9	233	0.03862660944206009	6	207	0.028985507246376812
Allele_002	Allele_034	FG007	FG001	False	9	233	0.03862660944206009	4	207	0.01932367149758454
Allele_002	Allele_035	FG007	FG001	False	9	233	0.03862660944206009	4	207	0.01932367149758454
Allele_002	Allele_044	FG007	FG002	False	9	233	0.03862660944206009	5	207	0.024154589371980676
Allele_002	Allele_045	FG007	FG001	False	9	233	0.03862660944206009	4	207	0.01932367149758454
Allele_002	Allele_051	FG007	FG029	False	9	233	0.03862660944206009	6	207	0.028985507246376812
Allele_002	Allele_052	FG007	FG030	False	9	233	0.03862660944206009	5	207	0.024154589371980676
Allele_003	Allele_027	FG008	FG005	False	9	233	0.03862660944206009	5	207	0.024154589371980676
Allele_003	Allele_029	FG008	FG005	False	9	233	0.03862660944206009	5	207	0.024154589371980676
Allele_003	Allele_030	FG008	FG018	False	9	233	0.03862660944206009	4	207	0.01932367149758454
Allele_003	Allele_033	FG008	FG019	False	9	233	0.03862660944206009	5	207	0.024154589371980676
Allele_003	Allele_034	FG008	FG001	False	9	233	0.03862660944206009	3	207	0.014492753623188406
Allele_003	Allele_049	FG008	FG027	False	9	233	0.03862660944206009	5	207	0.024154589371980676
Allele_003	Allele_051	FG008	FG029	False	9	233	0.03862660944206009	5	207	0.024154589371980676
Allele_003	Allele_052	FG008	FG030	False	9	233	0.03862660944206009	6	207	0.028985507246376812
Allele_004	Allele_021	FG009	FG014	False	9	233	0.03862660944206009	5	207	0.024154589371980676
Allele_005	Allele_027	FG003	FG005	False	9	233	0.03862660944206009	5	207	0.024154589371980676
Allele_005	Allele_029	FG003	FG005	False	9	233	0.03862660944206009	5	207	0.024154589371980676
Allele_005	Allele_030	FG003	FG018	False	9	233	0.03862660944206009	4	207	0.01932367149758454
Allele_005	Allele_033	FG003	FG019	False	9	233	0.03862660944206009	5	207	0.024154589371980676
Allele_005	Allele_034	FG003	FG001	False	9	233	0.03862660944206009	3	207	0.014492753623188406
Allele_005	Allele_042	FG003	FG023	False	9	233	0.03862660944206009	5	207	0.024154589371980676
Allele_005	Allele_049	FG003	FG027	False	9	233	0.03862660944206009	5	207	0.024154589371980676
Allele_005	Allele_051	FG003	FG029	False	9	233	0.03862660944206009	5	207	0.024154589371980676
Allele_005	Allele_052	FG003	FG030	False	9	233	0.03862660944206009	6	207	0.028985507246376812
Allele_006	Allele_030	FG003	FG018	False	9	233	0.03862660944206009	4	207	0.01932367149758454
Allele_006	Allele_049	FG003	FG027	False	9	233	0.03862660944206009	5	207	0.024154589371980676
Allele_006	Allele_052	FG003	FG030	False	9	233	0.03862660944206009	6	207	0.028985507246376812
Allele_007	Allele_018	FG010	FG002	False	9	233	0.03862660944206009	5	207	0.024154589371980676
Allele_007	Allele_021	FG010	FG014	False	9	233	0.03862660944206009	5	207	0.024154589371980676
Allele_007	Allele_029	FG010	FG005	False	9	233	0.03862660944206009	6	207	0.028985507246376812
Allele_007	Allele_051	FG010	FG029	False	9	233	0.03862660944206009	6	207	0.028985507246376812
Allele_007	Allele_052	FG010	FG030	False	9	233	0.03862660944206009	7	207	0.033816425120772944
Allele_010	Allele_049	FG011	FG027	False	9	233	0.03862660944206009	4	207	0.01932367149758454
Allele_010	Allele_052	FG011	FG030	False	9	233	0.03862660944206009	5	207	0.024154589371980676
Allele_013	Allele_051	FG002	FG029	False	9	233	0.03862660944206009	3	207	0.014492753623188406
Allele_013	Allele_052	FG002	FG030	False	9	233	0.03862660944206009	4	207	0.01932367149758454
Allele_014	Allele_016	FG003	FG012	False	9	233	0.03862660944206009	5	207	0.024154589371980676
Allele_014	Allele_018	FG003	FG002	False	9	233	0.03862660944206009	4	207	0.01932367149758454
Allele_014	Allele_021	FG003	FG014	False	9	233	0.03862660944206009	4	207	0.01932367149758454
Allele_014	Allele_027	FG003	FG005	False	9	233	0.03862660944206009	5	207	0.024154589371980676
Allele_014	Allele_030	FG003	FG018	False	9	233	0.03862660944206009	4	207	0.01932367149758454
Allele_014	Allele_033	FG003	FG019	False	9	233	0.03862660944206009	5	207	0.024154589371980676
Allele_014	Allele_034	FG003	FG001	False	9	233	0.03862660944206009	3	207	0.014492753623188406
Allele_014	Allele_038	FG003	FG006	False	9	233	0.03862660944206009	4	207	0.01932367149758454
Allele_014	Allele_042	FG003	FG023	False	9	233	0.03862660944206009	5	207	0.024154589371980676
Allele_014	Allele_049	FG003	FG027	False	9	233	0.03862660944206009	5	207	0.024154589371980676
Allele_016	Allele_036	FG012	FG020	False	9	233	0.03862660944206009	4	207	0.01932367149758454
Allele_016	Allele_054	FG012	FG031	False	9	233	0.03862660944206009	5	207	0.024154589371980676
Allele_016	Allele_055	FG012	FG032	False	9	233	0.03862660944206009	3	207	0.014492753623188406
Allele_017	Allele_055	FG001	FG032	False	9	233	0.03862660944206009	3	207	0.014492753623188406
Allele_018	Allele_036	FG002	FG020	False	9	233	0.03862660944206009	3	207	0.014492753623188406
Allele_019	Allele_036	FG013	FG020	False	9	233	0.03862660944206009	3	207	0.014492753623188406
Allele_019	Allele_055	FG013	FG032	False	9	233	0.03862660944206009	2	207	0.00966183574879227
Allele_020	Allele_036	FG004	FG020	False	9	233	0.03862660944206009	4	207	0.01932367149758454
Allele_020	Allele_054	FG004	FG031	False	9	233	0.03862660944206009	5	207	0.024154589371980676
Allele_020	Allele_055	FG004	FG032	False	9	233	0.03862660944206009	3	207	0.014492753623188406
Allele_021	Allele_031	FG014	FG001	False	9	233	0.03862660944206009	3	207	0.014492753623188406
Allele_021	Allele_032	FG014	FG001	False	9	233	0.03862660944206009	3	207	0.014492753623188406
Allele_021	Allele_037	FG014	FG021	False	9	233	0.03862660944206009	5	207	0.024154589371980676
Allele_021	Allele_048	FG014	FG026	False	9	233	0.03862660944206009	5	207	0.024154589371980676
Allele_023	Allele_052	FG016	FG030	False	9	233	0.03862660944206009	6	207	0.028985507246376812
Allele_024	Allele_055	FG001	FG032	False	9	233	0.03862660944206009	3	207	0.014492753623188406
Allele_029	Allele_036	FG005	FG020	False	9	233	0.03862660944206009	4	207	0.01932367149758454
Allele_038	Allele_055	FG006	FG032	False	9	233	0.03862660944206009	4	207	0.01932367149758454
Allele_040	Allele_055	FG001	FG032	False	9	233	0.03862660944206009	3	207	0.014492753623188406
Allele_042	Allele_055	FG023	FG032	False	9	233	0.03862660944206009	3	207	0.014492753623188406
Allele_002	Allele_005	FG007	FG003	False	8	233	0.034334763948497854	5	207	0.024154589371980676
Allele_002	Allele_024	FG007	FG001	False	8	233	0.034334763948497854	4	207	0.01932367149758454
Allele_002	Allele_025	FG007	FG017	False	8	233	0.034334763948497854	6	207	0.028985507246376812
Allele_002	Allele_028	FG007	FG002	False	8	233	0.034334763948497854	5	207	0.024154589371980676
Allele_002	Allele_039	FG007	FG006	False	8	233	0.034334763948497854	5	207	0.024154589371980676
Allele_002	Allele_046	FG007	FG001	False	8	233	0.034334763948497854	4	207	0.01932367149758454
Allele_003	Allele_004	FG008	FG009	False	8	233	0.034334763948497854	5	207	0.024154589371980676
Allele_003	Allele_007	FG008	FG010	False	8	233	0.034334763948497854	5	207	0.024154589371980676
Allele_003	Allele_013	FG008	FG002	False	8	233	0.034334763948497854	4	207	0.01932367149758454
Allele_003	Allele_014	FG008	FG003	False	8	233	0.034334763948497854	4	207	0.01932367149758454
Allele_003	Allele_024	FG008	FG001	False	8	233	0.034334763948497854	3	207	0.014492753623188406
Allele_003	Allele_025	FG008	FG017	False	8	233	0.034334763948497854	5	207	0.024154589371980676
Allele_003	Allele_026	FG008	FG004	False	8	233	0.034334763948497854	5	207	0.024154589371980676
Allele_003	Allele_031	FG008	FG001	False	8	233	0.034334763948497854	3	207	0.014492753623188406
Allele_003	Allele_032	FG008	FG001	False	8	233	0.034334763948497854	3	207	0.014492753623188406
Allele_003	Allele_037	FG008	FG021	False	8	233	0.034334763948497854	5	207	0.024154589371980676
Allele_003	Allele_039	FG008	FG006	False	8	233	0.034334763948497854	4	207	0.01932367149758454
Allele_003	Allele_048	FG008	FG026	False	8	233	0.034334763948497854	5	207	0.024154589371980676
Allele_004	Allele_010	FG009	FG011	False	8	233	0.034334763948497854	4	207	0.01932367149758454
Allele_004	Allele_013	FG009	FG002	False	8	233	0.034334763948497854	3	207	0.014492753623188406
Allele_004	Allele_014	FG009	FG003	False	8	233	0.034334763948497854	3	207	0.014492753623188406
Allele_004	Allele_036	FG009	FG020	False	8	233	0.034334763948497854	4	207	0.01932367149758454
Allele_005	Allele_013	FG003	FG002	False	8	233	0.034334763948497854	4	207	0.01932367149758454
Allele_005	Allele_023	FG003	FG016	False	8	233	0.034334763948497854	4	207	0.01932367149758454
Allele_005	Allele_024	FG003	FG001	False	8	233	0.034334763948497854	3	207	0.014492753623188406
Allele_005	Allele_025	FG003	FG017	False	8	233	0.034334763948497854	5	207	0.024154589371980676
Allele_005	Allele_031	FG003	FG001	False	8	233	0.034334763948497854	3	207	0.014492753623188406
Allele_005	Allele_032	FG003	FG001	False	8	233	0.034334763948497854	3	207	0.014492753623188406
Allele_005	Allele_037	FG003	FG021	False	8	233	0.034334763948497854	5	207	0.024154589371980676
Allele_005	Allele_039	FG003	FG006	False	8	233	0.034334763948497854	4	207	0.01932367149758454
Allele_005	Allele_048	FG003	FG026	False	8	233	0.034334763948497854	5	207	0.024154589371980676
Allele_006	Allele_010	FG003	FG011	False	8	233	0.034334763948497854	5	207	0.024154589371980676
Allele_006	Allele_013	FG003	FG002	False	8	233	0.034334763948497854	4	207	0.01932367149758454
Allele_006	Allele_031	FG003	FG001	False	8	233	0.034334763948497854	3	207	0.014492753623188406
Allele_006	Allele_032	FG003	FG001	False	8	233	0.034334763948497854	3	207	0.014492753623188406
Allele_006	Allele_037	FG003	FG021	False	8	233	0.034334763948497854	5	207	0.024154589371980676
Allele_006	Allele_048	FG003	FG026	False	8	233	0.034334763948497854	5	207	0.024154589371980676
Allele_007	Allele_013	FG010	FG002	False	8	233	0.034334763948497854	5	207	0.024154589371980676
Allele_007	Allele_024	FG010	FG001	False	8	233	0.034334763948497854	4	207	0.01932367149758454
Allele_007	Allele_025	FG010	FG017	False	8	233	0.034334763948497854	6	207	0.028985507246376812
Allele_007	Allele_036	FG010	FG020	False	8	233	0.034334763948497854	6	207	0.028985507246376812
Allele_010	Allele_013	FG011	FG002	False	8	233	0.034334763948497854	1	207	0.004830917874396135
Allele_010	Allele_032	FG011	FG001	False	8	233	0.034334763948497854	2	207	0.00966183574879227
Allele_010	Allele_037	FG011	FG021	False	8	233	0.034334763948497854	4	207	0.01932367149758454
Allele_010	Allele_048	FG011	FG026	False	8	233	0.034334763948497854	4	207	0.01932367149758454
Allele_013	Allele_024	FG002	FG001	False	8	233	0.034334763948497854	1	207	0.004830917874396135
Allele_013	Allele_025	FG002	FG017	False	8	233	0.034334763948497854	3	207	0.014492753623188406
Allele_013	Allele_036	FG002	FG020	False	8	233	0.034334763948497854	3	207	0.014492753623188406
Allele_014	Allele_023	FG003	FG016	False	8	233	0.034334763948497854	4	207	0.01932367149758454
Allele_014	Allele_026	FG003	FG004	False	8	233	0.034334763948497854	3	207	0.014492753623188406
Allele_014	Allele_028	FG003	FG002	False	8	233	0.034334763948497854	4	207	0.01932367149758454
Allele_014	Allele_031	FG003	FG001	False	8	233	0.034334763948497854	3	207	0.014492753623188406
Allele_014	Allele_032	FG003	FG001	False	8	233	0.034334763948497854	3	207	0.014492753623188406
Allele_014	Allele_037	FG003	FG021	False	8	233	0.034334763948497854	5	207	0.024154589371980676
Allele_014	Allele_039	FG003	FG006	False	8	233	0.034334763948497854	4	207	0.01932367149758454
Allele_014	Allele_048	FG003	FG026	False	8	233	0.034334763948497854	5	207	0.024154589371980676
Allele_016	Allele_030	FG012	FG018	False	8	233	0.034334763948497854	3	207	0.014492753623188406
Allele_016	Allele_049	FG012	FG027	False	8	233	0.034334763948497854	4	207	0.01932367149758454
Allele_016	Allele_052	FG012	FG030	False	8	233	0.034334763948497854	5	207	0.024154589371980676
Allele_018	Allele_030	FG002	FG018	False	8	233	0.034334763948497854	2	207	0.00966183574879227
Allele_018	Allele_049	FG002	FG027	False	8	233	0.034334763948497854	3	207	0.014492753623188406
Allele_018	Allele_052	FG002	FG030	False	8	233	0.034334763948497854	4	207	0.01932367149758454
Allele_019	Allele_030	FG013	FG018	False	8	233	0.034334763948497854	2	207	0.00966183574879227
Allele_019	Allele_049	FG013	FG027	False	8	233	0.034334763948497854	3	207	0.014492753623188406
Allele_019	Allele_052	FG013	FG030	False	8	233	0.034334763948497854	4	207	0.01932367149758454
Allele_020	Allele_030	FG004	FG018	False	8	233	0.034334763948497854	3	207	0.014492753623188406
Allele_020	Allele_049	FG004	FG027	False	8	233	0.034334763948497854	4	207	0.01932367149758454
Allele_020	Allele_052	FG004	FG030	False	8	233	0.034334763948497854	5	207	0.024154589371980676
Allele_021	Allele_033	FG014	FG019	False	8	233	0.034334763948497854	5	207	0.024154589371980676
Allele_021	Allele_034	FG014	FG001	False	8	233	0.034334763948497854	3	207	0.014492753623188406
Allele_021	Allele_035	FG014	FG001	False	8	233	0.034334763948497854	3	207	0.014492753623188406
Allele_021	Allele_041	FG014	FG022	False	8	233	0.034334763948497854	4	207	0.01932367149758454
Allele_021	Allele_045	FG014	FG001	False	8	233	0.034334763948497854	3	207	0.014492753623188406
Allele_021	Allele_051	FG014	FG029	False	8	233	0.034334763948497854	5	207	0.024154589371980676
Allele_022	Allele_036	FG015	FG020	False	8	233	0.034334763948497854	3	207	0.014492753623188406
Allele_023	Allele_036	FG016	FG020	False	8	233	0.034334763948497854	5	207	0.024154589371980676
Allele_024	Allele_036	FG001	FG020	False	8	233	0.034334763948497854	2	207	0.00966183574879227
Allele_025	Allele_036	FG017	FG020	False	8	233	0.034334763948497854	4	207	0.01932367149758454
Allele_026	Allele_036	FG004	FG020	False	8	233	0.034334763948497854	4	207	0.01932367149758454
Allele_027	Allele_052	FG005	FG030	False	8	233	0.034334763948497854	5	207	0.024154589371980676
Allele_029	Allele_030	FG005	FG018	False	8	233	0.034334763948497854	3	207	0.014492753623188406
Allele_029	Allele_049	FG005	FG027	False	8	233	0.034334763948497854	4	207	0.01932367149758454
Allele_029	Allele_052	FG005	FG030	False	8	233	0.034334763948497854	5	207	0.024154589371980676
Allele_030	Allele_051	FG018	FG029	False	8	233	0.034334763948497854	3	207	0.014492753623188406
Allele_030	Allele_052	FG018	FG030	False	8	233	0.034334763948497854	4	207	0.01932367149758454
Allele_033	Allele_052	FG019	FG030	False	8	233	0.034334763948497854	5	207	0.024154589371980676
Allele_034	Allele_052	FG001	FG030	False	8	233	0.034334763948497854	3	207	0.014492753623188406
Allele_042	Allele_052	FG023	FG030	False	8	233	0.034334763948497854	5	207	0.024154589371980676
Allele_047	Allele_052	FG025	FG030	False	8	233	0.034334763948497854	4	207	0.01932367149758454
Allele_049	Allele_051	FG027	FG029	False	8	233	0.034334763948497854	4	207	0.01932367149758454
Allele_049	Allele_052	FG027	FG030	False	8	233	0.034334763948497854	5	207	0.024154589371980676
Allele_054	Allele_055	FG031	FG032	False	8	233	0.034334763948497854	6	207	0.028985507246376812
Allele_002	Allele_015	FG007	FG001	False	7	233	0.030042918454935622	4	207	0.01932367149758454
Allele_002	Allele_016	FG007	FG012	False	7	233	0.030042918454935622	6	207	0.028985507246376812
Allele_002	Allele_018	FG007	FG002	False	7	233	0.030042918454935622	5	207	0.024154589371980676
Allele_002	Allele_019	FG007	FG013	False	7	233	0.030042918454935622	5	207	0.024154589371980676
Allele_002	Allele_020	FG007	FG004	False	7	233	0.030042918454935622	6	207	0.028985507246376812
Allele_002	Allele_038	FG007	FG006	False	7	233	0.030042918454935622	5	207	0.024154589371980676
Allele_002	Allele_040	FG007	FG001	False	7	233	0.030042918454935622	4	207	0.01932367149758454
Allele_002	Allele_041	FG007	FG022	False	7	233	0.030042918454935622	3	207	0.014492753623188406
Allele_002	Allele_047	FG007	FG025	False	7	233	0.030042918454935622	5	207	0.024154589371980676
Allele_003	Allele_016	FG008	FG012	False	7	233	0.030042918454935622	5	207	0.024154589371980676
Allele_003	Allele_018	FG008	FG002	False	7	233	0.030042918454935622	4	207	0.01932367149758454
Allele_003	Allele_019	FG008	FG013	False	7	233	0.030042918454935622	4	207	0.01932367149758454
Allele_003	Allele_020	FG008	FG004	False	7	233	0.030042918454935622	5	207	0.024154589371980676
Allele_003	Allele_035	FG008	FG001	False	7	233	0.030042918454935622	3	207	0.014492753623188406
Allele_003	Allele_038	FG008	FG006	False	7	233	0.030042918454935622	4	207	0.01932367149758454
Allele_003	Allele_041	FG008	FG022	False	7	233	0.030042918454935622	4	207	0.01932367149758454
Allele_003	Allele_044	FG008	FG002	False	7	233	0.030042918454935622	4	207	0.01932367149758454
Allele_003	Allele_045	FG008	FG001	False	7	233	0.030042918454935622	3	207	0.014492753623188406
Allele_003	Allele_047	FG008	FG025	False	7	233	0.030042918454935622	4	207	0.01932367149758454
Allele_004	Allele_016	FG009	FG012	False	7	233	0.030042918454935622	4	207	0.01932367149758454
Allele_004	Allele_018	FG009	FG002	False	7	233	0.030042918454935622	3	207	0.014492753623188406
Allele_004	Allele_027	FG009	FG005	False	7	233	0.030042918454935622	4	207	0.01932367149758454
Allele_004	Allele_029	FG009	FG005	False	7	233	0.030042918454935622	4	207	0.01932367149758454
Allele_004	Allele_030	FG009	FG018	False	7	233	0.030042918454935622	3	207	0.014492753623188406
Allele_004	Allele_033	FG009	FG019	False	7	233	0.030042918454935622	4	207	0.01932367149758454
Allele_004	Allele_034	FG009	FG001	False	7	233	0.030042918454935622	2	207	0.00966183574879227
Allele_004	Allele_042	FG009	FG023	False	7	233	0.030042918454935622	4	207	0.01932367149758454
Allele_004	Allele_047	FG009	FG025	False	7	233	0.030042918454935622	3	207	0.014492753623188406
Allele_004	Allele_049	FG009	FG027	False	7	233	0.030042918454935622	4	207	0.01932367149758454
Allele_004	Allele_051	FG009	FG029	False	7	233	0.030042918454935622	4	207	0.01932367149758454
Allele_004	Allele_052	FG009	FG030	False	7	233	0.030042918454935622	5	207	0.024154589371980676
Allele_005	Allele_016	FG003	FG012	False	7	233	0.030042918454935622	5	207	0.024154589371980676
Allele_005	Allele_018	FG003	FG002	False	7	233	0.030042918454935622	4	207	0.01932367149758454
Allele_005	Allele_021	FG003	FG014	False	7	233	0.030042918454935622	4	207	0.01932367149758454
Allele_005	Allele_035	FG003	FG001	False	7	233	0.030042918454935622	3	207	0.014492753623188406
Allele_005	Allele_038	FG003	FG006	False	7	233	0.030042918454935622	4	207	0.01932367149758454
Allele_005	Allele_041	FG003	FG022	False	7	233	0.030042918454935622	4	207	0.01932367149758454
Allele_005	Allele_044	FG003	FG002	False	7	233	0.030042918454935622	4	207	0.01932367149758454
Allele_005	Allele_045	FG003	FG001	False	7	233	0.030042918454935622	3	207	0.014492753623188406
Allele_006	Allele_027	FG003	FG005	False	7	233	0.030042918454935622	5	207	0.024154589371980676
Allele_006	Allele_029	FG003	FG005	False	7	233	0.030042918454935622	5	207	0.024154589371980676
Allele_006	Allele_033	FG003	FG019	False	7	233	0.030042918454935622	5	207	0.024154589371980676
Allele_006	Allele_034	FG003	FG001	False	7	233	0.030042918454935622	3	207	0.014492753623188406
Allele_006	Allele_035	FG003	FG001	False	7	233	0.030042918454935622	3	207	0.014492753623188406
Allele_006	Allele_041	FG003	FG022	False	7	233	0.030042918454935622	4	207	0.01932367149758454
Allele_006	Allele_042	FG003	FG023	False	7	233	0.030042918454935622	5	207	0.024154589371980676
Allele_006	Allele_044	FG003	FG002	False	7	233	0.030042918454935622	4	207	0.01932367149758454
Allele_006	Allele_045	FG003	FG001	False	7	233	0.030042918454935622	3	207	0.014492753623188406
Allele_006	Allele_051	FG003	FG029	False	7	233	0.030042918454935622	5	207	0.024154589371980676
Allele_007	Allele_015	FG010	FG001	False	7	233	0.030042918454935622	4	207	0.01932367149758454
Allele_007	Allele_016	FG010	FG012	False	7	233	0.030042918454935622	4	207	0.01932367149758454
Allele_007	Allele_017	FG010	FG001	False	7	233	0.030042918454935622	4	207	0.01932367149758454
Allele_007	Allele_019	FG010	FG013	False	7	233	0.030042918454935622	3	207	0.014492753623188406
Allele_007	Allele_020	FG010	FG004	False	7	233	0.030042918454935622	4	207	0.01932367149758454
Allele_007	Allele_027	FG010	FG005	False	7	233	0.030042918454935622	6	207	0.028985507246376812
Allele_007	Allele_030	FG010	FG018	False	7	233	0.030042918454935622	5	207	0.024154589371980676
Allele_007	Allele_033	FG010	FG019	False	7	233	0.030042918454935622	6	207	0.028985507246376812
Allele_007	Allele_034	FG010	FG001	False	7	233	0.030042918454935622	4	207	0.01932367149758454
Allele_007	Allele_038	FG010	FG006	False	7	233	0.030042918454935622	5	207	0.024154589371980676
Allele_007	Allele_042	FG010	FG023	False	7	233	0.030042918454935622	6	207	0.028985507246376812
Allele_007	Allele_049	FG010	FG027	False	7	233	0.030042918454935622	6	207	0.028985507246376812
Allele_010	Allele_015	FG011	FG001	False	7	233	0.030042918454935622	2	207	0.00966183574879227
Allele_010	Allele_019	FG011	FG013	False	7	233	0.030042918454935622	3	207	0.014492753623188406
Allele_010	Allele_021	FG011	FG014	False	7	233	0.030042918454935622	3	207	0.014492753623188406
Allele_010	Allele_030	FG011	FG018	False	7	233	0.030042918454935622	3	207	0.014492753623188406
Allele_010	Allele_033	FG011	FG019	False	7	233	0.030042918454935622	4	207	0.01932367149758454
Allele_010	Allele_034	FG011	FG001	False	7	233	0.030042918454935622	2	207	0.00966183574879227
Allele_010	Allele_035	FG011	FG001	False	7	233	0.030042918454935622	2	207	0.00966183574879227
Allele_010	Allele_041	FG011	FG022	False	7	233	0.030042918454935622	3	207	0.014492753623188406
Allele_010	Allele_042	FG011	FG023	False	7	233	0.030042918454935622	4	207	0.01932367149758454
Allele_010	Allele_045	FG011	FG001	False	7	233	0.030042918454935622	2	207	0.00966183574879227
Allele_010	Allele_047	FG011	FG025	False	7	233	0.030042918454935622	3	207	0.014492753623188406
Allele_010	Allele_051	FG011	FG029	False	7	233	0.030042918454935622	4	207	0.01932367149758454
Allele_013	Allele_019	FG002	FG013	False	7	233	0.030042918454935622	2	207	0.00966183574879227
Allele_013	Allele_021	FG002	FG014	False	7	233	0.030042918454935622	2	207	0.00966183574879227
Allele_013	Allele_029	FG002	FG005	False	7	233	0.030042918454935622	1	207	0.004830917874396135
Allele_013	Allele_030	FG002	FG018	False	7	233	0.030042918454935622	2	207	0.00966183574879227
Allele_013	Allele_033	FG002	FG019	False	7	233	0.030042918454935622	3	207	0.014492753623188406
Allele_013	Allele_034	FG002	FG001	False	7	233	0.030042918454935622	1	207	0.004830917874396135
Allele_013	Allele_038	FG002	FG006	False	7	233	0.030042918454935622	2	207	0.00966183574879227
Allele_013	Allele_042	FG002	FG023	False	7	233	0.030042918454935622	3	207	0.014492753623188406
Allele_013	Allele_049	FG002	FG027	False	7	233	0.030042918454935622	3	207	0.014492753623188406
Allele_014	Allele_015	FG003	FG001	False	7	233	0.030042918454935622	3	207	0.014492753623188406
Allele_014	Allele_017	FG003	FG001	False	7	233	0.030042918454935622	3	207	0.014492753623188406
Allele_014	Allele_019	FG003	FG013	False	7	233	0.030042918454935622	2	207	0.00966183574879227
Allele_014	Allele_020	FG003	FG004	False	7	233	0.030042918454935622	3	207	0.014492753623188406
Allele_014	Allele_035	FG003	FG001	False	7	233	0.030042918454935622	3	207	0.014492753623188406
Allele_014	Allele_040	FG003	FG001	False	7	233	0.030042918454935622	3	207	0.014492753623188406
Allele_014	Allele_041	FG003	FG022	False	7	233	0.030042918454935622	4	207	0.01932367149758454
Allele_014	Allele_044	FG003	FG002	False	7	233	0.030042918454935622	4	207	0.01932367149758454
Allele_014	Allele_045	FG003	FG001	False	7	233	0.030042918454935622	3	207	0.014492753623188406
Allele_015	Allele_023	FG001	FG016	False	7	233	0.030042918454935622	3	207	0.014492753623188406
Allele_016	Allele_031	FG012	FG001	False	7	233	0.030042918454935622	2	207	0.00966183574879227
Allele_016	Allele_032	FG012	FG001	False	7	233	0.030042918454935622	2	207	0.00966183574879227
Allele_016	Allele_037	FG012	FG021	False	7	233	0.030042918454935622	4	207	0.01932367149758454
Allele_016	Allele_048	FG012	FG026	False	7	233	0.030042918454935622	4	207	0.01932367149758454
Allele_017	Allele_036	FG001	FG020	False	7	233	0.030042918454935622	2	207	0.00966183574879227
Allele_018	Allele_031	FG002	FG001	False	7	233	0.030042918454935622	1	207	0.004830917874396135
Allele_018	Allele_032	FG002	FG001	False	7	233	0.030042918454935622	1	207	0.004830917874396135
Allele_018	Allele_037	FG002	FG021	False	7	233	0.030042918454935622	3	207	0.014492753623188406
Allele_018	Allele_048	FG002	FG026	False	7	233	0.030042918454935622	3	207	0.014492753623188406
Allele_019	Allele_031	FG013	FG001	False	7	233	0.030042918454935622	1	207	0.004830917874396135
Allele_019	Allele_032	FG013	FG001	False	7	233	0.030042918454935622	1	207	0.004830917874396135
Allele_019	Allele_037	FG013	FG021	False	7	233	0.030042918454935622	3	207	0.014492753623188406
Allele_019	Allele_048	FG013	FG026	False	7	233	0.030042918454935622	3	207	0.014492753623188406
Allele_020	Allele_031	FG004	FG001	False	7	233	0.030042918454935622	2	207	0.00966183574879227
Allele_020	Allele_032	FG004	FG001	False	7	233	0.030042918454935622	2	207	0.00966183574879227
Allele_020	Allele_037	FG004	FG021	False	7	233	0.030042918454935622	4	207	0.01932367149758454
Allele_020	Allele_048	FG004	FG026	False	7	233	0.030042918454935622	4	207	0.01932367149758454
Allele_021	Allele_023	FG014	FG016	False	7	233	0.030042918454935622	4	207	0.01932367149758454
Allele_021	Allele_024	FG014	FG001	False	7	233	0.030042918454935622	3	207	0.014492753623188406
Allele_021	Allele_025	FG014	FG017	False	7	233	0.030042918454935622	5	207	0.024154589371980676
Allele_021	Allele_026	FG014	FG004	False	7	233	0.030042918454935622	3	207	0.014492753623188406
Allele_021	Allele_039	FG014	FG006	False	7	233	0.030042918454935622	4	207	0.01932367149758454
Allele_021	Allele_046	FG014	FG001	False	7	233	0.030042918454935622	3	207	0.014492753623188406
Allele_022	Allele_030	FG015	FG018	False	7	233	0.030042918454935622	2	207	0.00966183574879227
Allele_022	Allele_049	FG015	FG027	False	7	233	0.030042918454935622	3	207	0.014492753623188406
Allele_022	Allele_052	FG015	FG030	False	7	233	0.030042918454935622	4	207	0.01932367149758454
Allele_023	Allele_030	FG016	FG018	False	7	233	0.030042918454935622	4	207	0.01932367149758454
Allele_023	Allele_049	FG016	FG027	False	7	233	0.030042918454935622	5	207	0.024154589371980676
Allele_023	Allele_051	FG016	FG029	False	7	233	0.030042918454935622	5	207	0.024154589371980676
Allele_024	Allele_030	FG001	FG018	False	7	233	0.030042918454935622	1	207	0.004830917874396135
Allele_024	Allele_049	FG001	FG027	False	7	233	0.030042918454935622	2	207	0.00966183574879227
Allele_024	Allele_052	FG001	FG030	False	7	233	0.030042918454935622	3	207	0.014492753623188406
Allele_025	Allele_030	FG017	FG018	False	7	233	0.030042918454935622	3	207	0.014492753623188406
Allele_025	Allele_049	FG017	FG027	False	7	233	0.030042918454935622	4	207	0.01932367149758454
Allele_025	Allele_052	FG017	FG030	False	7	233	0.030042918454935622	5	207	0.024154589371980676
Allele_026	Allele_030	FG004	FG018	False	7	233	0.030042918454935622	3	207	0.014492753623188406
Allele_026	Allele_033	FG004	FG019	False	7	233	0.030042918454935622	4	207	0.01932367149758454
Allele_026	Allele_034	FG004	FG001	False	7	233	0.030042918454935622	2	207	0.00966183574879227
Allele_026	Allele_042	FG004	FG023	False	7	233	0.030042918454935622	4	207	0.01932367149758454
Allele_026	Allele_047	FG004	FG025	False	7	233	0.030042918454935622	3	207	0.014492753623188406
Allele_026	Allele_049	FG004	FG027	False	7	233	0.030042918454935622	4	207	0.01932367149758454
Allele_026	Allele_051	FG004	FG029	False	7	233	0.030042918454935622	4	207	0.01932367149758454
Allele_026	Allele_052	FG004	FG030	False	7	233	0.030042918454935622	5	207	0.024154589371980676
Allele_027	Allele_036	FG005	FG020	False	7	233	0.030042918454935622	4	207	0.01932367149758454
Allele_029	Allele_031	FG005	FG001	False	7	233	0.030042918454935622	2	207	0.00966183574879227
Allele_029	Allele_032	FG005	FG001	False	7	233	0.030042918454935622	2	207	0.00966183574879227
Allele_029	Allele_037	FG005	FG021	False	7	233	0.030042918454935622	4	207	0.01932367149758454
Allele_030	Allele_036	FG018	FG020	False	7	233	0.030042918454935622	3	207	0.014492753623188406
Allele_031	Allele_051	FG001	FG029	False	7	233	0.030042918454935622	2	207	0.00966183574879227
Allele_031	Allele_052	FG001	FG030	False	7	233	0.030042918454935622	3	207	0.014492753623188406
Allele_032	Allele_051	FG001	FG029	False	7	233	0.030042918454935622	2	207	0.00966183574879227
Allele_032	Allele_052	FG001	FG030	False	7	233	0.030042918454935622	3	207	0.014492753623188406
Allele_033	Allele_036	FG019	FG020	False	7	233	0.030042918454935622	4	207	0.01932367149758454
Allele_034	Allele_036	FG001	FG020	False	7	233	0.030042918454935622	2	207	0.00966183574879227
Allele_036	Allele_042	FG020	FG023	False	7	233	0.030042918454935622	4	207	0.01932367149758454
Allele_036	Allele_047	FG020	FG025	False	7	233	0.030042918454935622	3	207	0.014492753623188406
Allele_036	Allele_049	FG020	FG027	False	7	233	0.030042918454935622	4	207	0.01932367149758454
Allele_036	Allele_051	FG020	FG029	False	7	233	0.030042918454935622	2	207	0.00966183574879227
Allele_036	Allele_052	FG020	FG030	False	7	233	0.030042918454935622	3	207	0.014492753623188406
Allele_037	Allele_051	FG021	FG029	False	7	233	0.030042918454935622	4	207	0.01932367149758454
Allele_037	Allele_052	FG021	FG030	False	7	233	0.030042918454935622	5	207	0.024154589371980676
Allele_048	Allele_052	FG026	FG030	False	7	233	0.030042918454935622	5	207	0.024154589371980676
Allele_002	Allele_006	FG007	FG003	False	6	233	0.02575107296137339	5	207	0.024154589371980676
Allele_003	Allele_005	FG008	FG003	False	6	233	0.02575107296137339	4	207	0.01932367149758454
Allele_003	Allele_006	FG008	FG003	False	6	233	0.02575107296137339	4	207	0.01932367149758454
Allele_003	Allele_028	FG008	FG002	False	6	233	0.02575107296137339	4	207	0.01932367149758454
Allele_003	Allele_046	FG008	FG001	False	6	233	0.02575107296137339	3	207	0.014492753623188406
Allele_004	Allele_005	FG009	FG003	False	6	233	0.02575107296137339	3	207	0.014492753623188406
Allele_004	Allele_006	FG009	FG003	False	6	233	0.02575107296137339	3	207	0.014492753623188406
Allele_004	Allele_007	FG009	FG010	False	6	233	0.02575107296137339	4	207	0.01932367149758454
Allele_004	Allele_022	FG009	FG015	False	6	233	0.02575107296137339	3	207	0.014492753623188406
Allele_004	Allele_023	FG009	FG016	False	6	233	0.02575107296137339	3	207	0.014492753623188406
Allele_004	Allele_024	FG009	FG001	False	6	233	0.02575107296137339	2	207	0.00966183574879227
Allele_004	Allele_025	FG009	FG017	False	6	233	0.02575107296137339	4	207	0.01932367149758454
Allele_004	Allele_031	FG009	FG001	False	6	233	0.02575107296137339	2	207	0.00966183574879227
Allele_004	Allele_032	FG009	FG001	False	6	233	0.02575107296137339	2	207	0.00966183574879227
Allele_004	Allele_037	FG009	FG021	False	6	233	0.02575107296137339	4	207	0.01932367149758454
Allele_004	Allele_039	FG009	FG006	False	6	233	0.02575107296137339	3	207	0.014492753623188406
Allele_004	Allele_048	FG009	FG026	False	6	233	0.02575107296137339	4	207	0.01932367149758454
Allele_005	Allele_026	FG003	FG004	False	6	233	0.02575107296137339	3	207	0.014492753623188406
Allele_005	Allele_028	FG003	FG002	False	6	233	0.02575107296137339	4	207	0.01932367149758454
Allele_005	Allele_046	FG003	FG001	False	6	233	0.02575107296137339	3	207	0.014492753623188406
Allele_006	Allele_023	FG003	FG016	False	6	233	0.02575107296137339	4	207	0.01932367149758454
Allele_006	Allele_024	FG003	FG001	False	6	233	0.02575107296137339	3	207	0.014492753623188406
Allele_006	Allele_025	FG003	FG017	False	6	233	0.02575107296137339	5	207	0.024154589371980676
Allele_006	Allele_026	FG003	FG004	False	6	233	0.02575107296137339	3	207	0.014492753623188406
Allele_006	Allele_028	FG003	FG002	False	6	233	0.02575107296137339	4	207	0.01932367149758454
Allele_006	Allele_039	FG003	FG006	False	6	233	0.02575107296137339	4	207	0.01932367149758454
Allele_006	Allele_046	FG003	FG001	False	6	233	0.02575107296137339	3	207	0.014492753623188406
Allele_007	Allele_022	FG010	FG015	False	6	233	0.02575107296137339	3	207	0.014492753623188406
Allele_007	Allele_023	FG010	FG016	False	6	233	0.02575107296137339	5	207	0.024154589371980676
Allele_007	Allele_026	FG010	FG004	False	6	233	0.02575107296137339	4	207	0.01932367149758454
Allele_007	Allele_028	FG010	FG002	False	6	233	0.02575107296137339	5	207	0.024154589371980676
Allele_007	Allele_031	FG010	FG001	False	6	233	0.02575107296137339	4	207	0.01932367149758454
Allele_007	Allele_032	FG010	FG001	False	6	233	0.02575107296137339	4	207	0.01932367149758454
Allele_007	Allele_037	FG010	FG021	False	6	233	0.02575107296137339	6	207	0.028985507246376812
Allele_007	Allele_039	FG010	FG006	False	6	233	0.02575107296137339	5	207	0.024154589371980676
Allele_007	Allele_048	FG010	FG026	False	6	233	0.02575107296137339	6	207	0.028985507246376812
Allele_010	Allele_022	FG011	FG015	False	6	233	0.02575107296137339	3	207	0.014492753623188406
Allele_010	Allele_023	FG011	FG016	False	6	233	0.02575107296137339	3	207	0.014492753623188406
Allele_010	Allele_024	FG011	FG001	False	6	233	0.02575107296137339	2	207	0.00966183574879227
Allele_010	Allele_025	FG011	FG017	False	6	233	0.02575107296137339	4	207	0.01932367149758454
Allele_010	Allele_026	FG011	FG004	False	6	233	0.02575107296137339	2	207	0.00966183574879227
Allele_010	Allele_031	FG011	FG001	False	6	233	0.02575107296137339	2	207	0.00966183574879227
Allele_010	Allele_039	FG011	FG006	False	6	233	0.02575107296137339	3	207	0.014492753623188406
Allele_010	Allele_046	FG011	FG001	False	6	233	0.02575107296137339	2	207	0.00966183574879227
Allele_013	Allele_022	FG002	FG015	False	6	233	0.02575107296137339	2	207	0.00966183574879227
Allele_013	Allele_023	FG002	FG016	False	6	233	0.02575107296137339	2	207	0.00966183574879227
Allele_013	Allele_026	FG002	FG004	False	6	233	0.02575107296137339	1	207	0.004830917874396135
Allele_013	Allele_031	FG002	FG001	False	6	233	0.02575107296137339	1	207	0.004830917874396135
Allele_013	Allele_032	FG002	FG001	False	6	233	0.02575107296137339	1	207	0.004830917874396135
Allele_013	Allele_037	FG002	FG021	False	6	233	0.02575107296137339	3	207	0.014492753623188406
Allele_013	Allele_039	FG002	FG006	False	6	233	0.02575107296137339	2	207	0.00966183574879227
Allele_013	Allele_048	FG002	FG026	False	6	233	0.02575107296137339	3	207	0.014492753623188406
Allele_014	Allele_022	FG003	FG015	False	6	233	0.02575107296137339	2	207	0.00966183574879227
Allele_014	Allele_046	FG003	FG001	False	6	233	0.02575107296137339	3	207	0.014492753623188406
Allele_015	Allele_021	FG001	FG014	False	6	233	0.02575107296137339	3	207	0.014492753623188406
Allele_015	Allele_027	FG001	FG005	False	6	233	0.02575107296137339	2	207	0.00966183574879227
Allele_015	Allele_029	FG001	FG005	False	6	233	0.02575107296137339	2	207	0.00966183574879227
Allele_015	Allele_030	FG001	FG018	False	6	233	0.02575107296137339	1	207	0.004830917874396135
Allele_015	Allele_033	FG001	FG019	False	6	233	0.02575107296137339	2	207	0.00966183574879227
Allele_015	Allele_042	FG001	FG023	False	6	233	0.02575107296137339	2	207	0.00966183574879227
Allele_015	Allele_049	FG001	FG027	False	6	233	0.02575107296137339	2	207	0.00966183574879227
Allele_015	Allele_051	FG001	FG029	False	6	233	0.02575107296137339	2	207	0.00966183574879227
Allele_015	Allele_052	FG001	FG030	False	6	233	0.02575107296137339	3	207	0.014492753623188406
Allele_016	Allele_033	FG012	FG019	False	6	233	0.02575107296137339	4	207	0.01932367149758454
Allele_016	Allele_034	FG012	FG001	False	6	233	0.02575107296137339	2	207	0.00966183574879227
Allele_016	Allele_035	FG012	FG001	False	6	233	0.02575107296137339	2	207	0.00966183574879227
Allele_016	Allele_041	FG012	FG022	False	6	233	0.02575107296137339	3	207	0.014492753623188406
Allele_016	Allele_042	FG012	FG023	False	6	233	0.02575107296137339	4	207	0.01932367149758454
Allele_016	Allele_045	FG012	FG001	False	6	233	0.02575107296137339	2	207	0.00966183574879227
Allele_016	Allele_051	FG012	FG029	False	6	233	0.02575107296137339	4	207	0.01932367149758454
Allele_017	Allele_030	FG001	FG018	False	6	233	0.02575107296137339	1	207	0.004830917874396135
Allele_017	Allele_049	FG001	FG027	False	6	233	0.02575107296137339	2	207	0.00966183574879227
Allele_017	Allele_052	FG001	FG030	False	6	233	0.02575107296137339	3	207	0.014492753623188406
Allele_018	Allele_033	FG002	FG019	False	6	233	0.02575107296137339	3	207	0.014492753623188406
Allele_018	Allele_034	FG002	FG001	False	6	233	0.02575107296137339	1	207	0.004830917874396135
Allele_018	Allele_035	FG002	FG001	False	6	233	0.02575107296137339	1	207	0.004830917874396135
Allele_018	Allele_041	FG002	FG022	False	6	233	0.02575107296137339	2	207	0.00966183574879227
Allele_018	Allele_042	FG002	FG023	False	6	233	0.02575107296137339	3	207	0.014492753623188406
Allele_018	Allele_045	FG002	FG001	False	6	233	0.02575107296137339	1	207	0.004830917874396135
Allele_018	Allele_051	FG002	FG029	False	6	233	0.02575107296137339	3	207	0.014492753623188406
Allele_019	Allele_021	FG013	FG014	False	6	233	0.02575107296137339	4	207	0.01932367149758454
Allele_019	Allele_027	FG013	FG005	False	6	233	0.02575107296137339	3	207	0.014492753623188406
Allele_019	Allele_029	FG013	FG005	False	6	233	0.02575107296137339	3	207	0.014492753623188406
Allele_019	Allele_033	FG013	FG019	False	6	233	0.02575107296137339	3	207	0.014492753623188406
Allele_019	Allele_034	FG013	FG001	False	6	233	0.02575107296137339	1	207	0.004830917874396135
Allele_019	Allele_035	FG013	FG001	False	6	233	0.02575107296137339	1	207	0.004830917874396135
Allele_019	Allele_041	FG013	FG022	False	6	233	0.02575107296137339	2	207	0.00966183574879227
Allele_019	Allele_042	FG013	FG023	False	6	233	0.02575107296137339	3	207	0.014492753623188406
Allele_019	Allele_044	FG013	FG002	False	6	233	0.02575107296137339	2	207	0.00966183574879227
Allele_019	Allele_045	FG013	FG001	False	6	233	0.02575107296137339	1	207	0.004830917874396135
Allele_019	Allele_051	FG013	FG029	False	6	233	0.02575107296137339	3	207	0.014492753623188406
Allele_020	Allele_033	FG004	FG019	False	6	233	0.02575107296137339	4	207	0.01932367149758454
Allele_020	Allele_034	FG004	FG001	False	6	233	0.02575107296137339	2	207	0.00966183574879227
Allele_020	Allele_035	FG004	FG001	False	6	233	0.02575107296137339	2	207	0.00966183574879227
Allele_020	Allele_041	FG004	FG022	False	6	233	0.02575107296137339	3	207	0.014492753623188406
Allele_020	Allele_042	FG004	FG023	False	6	233	0.02575107296137339	4	207	0.01932367149758454
Allele_020	Allele_045	FG004	FG001	False	6	233	0.02575107296137339	2	207	0.00966183574879227
Allele_020	Allele_051	FG004	FG029	False	6	233	0.02575107296137339	4	207	0.01932367149758454
Allele_021	Allele_027	FG014	FG005	False	6	233	0.02575107296137339	3	207	0.014492753623188406
Allele_021	Allele_029	FG014	FG005	False	6	233	0.02575107296137339	3	207	0.014492753623188406
Allele_021	Allele_038	FG014	FG006	False	6	233	0.02575107296137339	4	207	0.01932367149758454
Allele_021	Allele_040	FG014	FG001	False	6	233	0.02575107296137339	3	207	0.014492753623188406
Allele_021	Allele_042	FG014	FG023	False	6	233	0.02575107296137339	3	207	0.014492753623188406
Allele_021	Allele_044	FG014	FG002	False	6	233	0.02575107296137339	2	207	0.00966183574879227
Allele_021	Allele_047	FG014	FG025	False	6	233	0.02575107296137339	4	207	0.01932367149758454
Allele_022	Allele_023	FG015	FG016	False	6	233	0.02575107296137339	4	207	0.01932367149758454
Allele_022	Allele_026	FG015	FG004	False	6	233	0.02575107296137339	3	207	0.014492753623188406
Allele_022	Allele_031	FG015	FG001	False	6	233	0.02575107296137339	1	207	0.004830917874396135
Allele_022	Allele_032	FG015	FG001	False	6	233	0.02575107296137339	1	207	0.004830917874396135
Allele_022	Allele_037	FG015	FG021	False	6	233	0.02575107296137339	3	207	0.014492753623188406
Allele_022	Allele_048	FG015	FG026	False	6	233	0.02575107296137339	3	207	0.014492753623188406
Allele_023	Allele_024	FG016	FG001	False	6	233	0.02575107296137339	3	207	0.014492753623188406
Allele_023	Allele_025	FG016	FG017	False	6	233	0.02575107296137339	5	207	0.024154589371980676
Allele_023	Allele_031	FG016	FG001	False	6	233	0.02575107296137339	3	207	0.014492753623188406
Allele_023	Allele_032	FG016	FG001	False	6	233	0.02575107296137339	3	207	0.014492753623188406
Allele_023	Allele_048	FG016	FG026	False	6	233	0.02575107296137339	5	207	0.024154589371980676
Allele_024	Allele_026	FG001	FG004	False	6	233	0.02575107296137339	2	207	0.00966183574879227
Allele_024	Allele_037	FG001	FG021	False	6	233	0.02575107296137339	2	207	0.00966183574879227
Allele_024	Allele_048	FG001	FG026	False	6	233	0.02575107296137339	2	207	0.00966183574879227
Allele_025	Allele_026	FG017	FG004	False	6	233	0.02575107296137339	4	207	0.01932367149758454
Allele_025	Allele_031	FG017	FG001	False	6	233	0.02575107296137339	2	207	0.00966183574879227
Allele_025	Allele_032	FG017	FG001	False	6	233	0.02575107296137339	2	207	0.00966183574879227
Allele_025	Allele_037	FG017	FG021	False	6	233	0.02575107296137339	4	207	0.01932367149758454
Allele_025	Allele_048	FG017	FG026	False	6	233	0.02575107296137339	4	207	0.01932367149758454
Allele_026	Allele_031	FG004	FG001	False	6	233	0.02575107296137339	2	207	0.00966183574879227
Allele_026	Allele_032	FG004	FG001	False	6	233	0.02575107296137339	2	207	0.00966183574879227
Allele_026	Allele_037	FG004	FG021	False	6	233	0.02575107296137339	4	207	0.01932367149758454
Allele_026	Allele_039	FG004	FG006	False	6	233	0.02575107296137339	3	207	0.014492753623188406
Allele_026	Allele_048	FG004	FG026	False	6	233	0.02575107296137339	4	207	0.01932367149758454
Allele_027	Allele_030	FG005	FG018	False	6	233	0.02575107296137339	3	207	0.014492753623188406
Allele_027	Allele_049	FG005	FG027	False	6	233	0.02575107296137339	4	207	0.01932367149758454
Allele_028	Allele_036	FG002	FG020	False	6	233	0.02575107296137339	3	207	0.014492753623188406
Allele_029	Allele_033	FG005	FG019	False	6	233	0.02575107296137339	4	207	0.01932367149758454
Allele_029	Allele_034	FG005	FG001	False	6	233	0.02575107296137339	2	207	0.00966183574879227
Allele_029	Allele_035	FG005	FG001	False	6	233	0.02575107296137339	2	207	0.00966183574879227
Allele_029	Allele_041	FG005	FG022	False	6	233	0.02575107296137339	3	207	0.014492753623188406
Allele_029	Allele_042	FG005	FG023	False	6	233	0.02575107296137339	4	207	0.01932367149758454
Allele_029	Allele_045	FG005	FG001	False	6	233	0.02575107296137339	2	207	0.00966183574879227
Allele_029	Allele_047	FG005	FG025	False	6	233	0.02575107296137339	3	207	0.014492753623188406
Allele_029	Allele_048	FG005	FG026	False	6	233	0.02575107296137339	3	207	0.014492753623188406
Allele_030	Allele_033	FG018	FG019	False	6	233	0.02575107296137339	3	207	0.014492753623188406
Allele_030	Allele_034	FG018	FG001	False	6	233	0.02575107296137339	1	207	0.004830917874396135
Allele_030	Allele_038	FG018	FG006	False	6	233	0.02575107296137339	2	207	0.00966183574879227
Allele_030	Allele_042	FG018	FG023	False	6	233	0.02575107296137339	3	207	0.014492753623188406
Allele_030	Allele_047	FG018	FG025	False	6	233	0.02575107296137339	2	207	0.00966183574879227
Allele_030	Allele_049	FG018	FG027	False	6	233	0.02575107296137339	3	207	0.014492753623188406
Allele_031	Allele_036	FG001	FG020	False	6	233	0.02575107296137339	2	207	0.00966183574879227
Allele_032	Allele_036	FG001	FG020	False	6	233	0.02575107296137339	2	207	0.00966183574879227
Allele_033	Allele_049	FG019	FG027	False	6	233	0.02575107296137339	4	207	0.01932367149758454
Allele_033	Allele_051	FG019	FG029	False	6	233	0.02575107296137339	4	207	0.01932367149758454
Allele_034	Allele_049	FG001	FG027	False	6	233	0.02575107296137339	2	207	0.00966183574879227
Allele_034	Allele_051	FG001	FG029	False	6	233	0.02575107296137339	2	207	0.00966183574879227
Allele_035	Allele_051	FG001	FG029	False	6	233	0.02575107296137339	2	207	0.00966183574879227
Allele_035	Allele_052	FG001	FG030	False	6	233	0.02575107296137339	3	207	0.014492753623188406
Allele_036	Allele_037	FG020	FG021	False	6	233	0.02575107296137339	4	207	0.01932367149758454
Allele_036	Allele_048	FG020	FG026	False	6	233	0.02575107296137339	4	207	0.01932367149758454
Allele_038	Allele_049	FG006	FG027	False	6	233	0.02575107296137339	3	207	0.014492753623188406
Allele_041	Allele_051	FG022	FG029	False	6	233	0.02575107296137339	3	207	0.014492753623188406
Allele_042	Allele_049	FG023	FG027	False	6	233	0.02575107296137339	4	207	0.01932367149758454
Allele_042	Allele_051	FG023	FG029	False	6	233	0.02575107296137339	4	207	0.01932367149758454
Allele_044	Allele_051	FG002	FG029	False	6	233	0.02575107296137339	3	207	0.014492753623188406
Allele_044	Allele_052	FG002	FG030	False	6	233	0.02575107296137339	4	207	0.01932367149758454
Allele_045	Allele_051	FG001	FG029	False	6	233	0.02575107296137339	2	207	0.00966183574879227
Allele_045	Allele_052	FG001	FG030	False	6	233	0.02575107296137339	3	207	0.014492753623188406
Allele_047	Allele_049	FG025	FG027	False	6	233	0.02575107296137339	3	207	0.014492753623188406
Allele_047	Allele_051	FG025	FG029	False	6	233	0.02575107296137339	3	207	0.014492753623188406
Allele_048	Allele_051	FG026	FG029	False	6	233	0.02575107296137339	3	207	0.014492753623188406
Allele_051	Allele_052	FG029	FG030	False	6	233	0.02575107296137339	3	207	0.014492753623188406
Allele_002	Allele_017	FG007	FG001	False	5	233	0.02145922746781116	4	207	0.01932367149758454
Allele_002	Allele_021	FG007	FG014	False	5	233	0.02145922746781116	3	207	0.014492753623188406
Allele_002	Allele_042	FG007	FG023	False	5	233	0.02145922746781116	2	207	0.00966183574879227
Allele_003	Allele_015	FG008	FG001	False	5	233	0.02145922746781116	3	207	0.014492753623188406
Allele_003	Allele_017	FG008	FG001	False	5	233	0.02145922746781116	3	207	0.014492753623188406
Allele_003	Allele_021	FG008	FG014	False	5	233	0.02145922746781116	2	207	0.00966183574879227
Allele_003	Allele_040	FG008	FG001	False	5	233	0.02145922746781116	3	207	0.014492753623188406
Allele_003	Allele_042	FG008	FG023	False	5	233	0.02145922746781116	1	207	0.004830917874396135
Allele_004	Allele_015	FG009	FG001	False	5	233	0.02145922746781116	2	207	0.00966183574879227
Allele_004	Allele_017	FG009	FG001	False	5	233	0.02145922746781116	2	207	0.00966183574879227
Allele_004	Allele_019	FG009	FG013	False	5	233	0.02145922746781116	1	207	0.004830917874396135
Allele_004	Allele_020	FG009	FG004	False	5	233	0.02145922746781116	2	207	0.00966183574879227
Allele_004	Allele_035	FG009	FG001	False	5	233	0.02145922746781116	2	207	0.00966183574879227
Allele_004	Allele_038	FG009	FG006	False	5	233	0.02145922746781116	3	207	0.014492753623188406
Allele_004	Allele_041	FG009	FG022	False	5	233	0.02145922746781116	3	207	0.014492753623188406
Allele_004	Allele_044	FG009	FG002	False	5	233	0.02145922746781116	3	207	0.014492753623188406
Allele_004	Allele_045	FG009	FG001	False	5	233	0.02145922746781116	2	207	0.00966183574879227
Allele_005	Allele_015	FG003	FG001	False	5	233	0.02145922746781116	3	207	0.014492753623188406
Allele_005	Allele_017	FG003	FG001	False	5	233	0.02145922746781116	3	207	0.014492753623188406
Allele_005	Allele_019	FG003	FG013	False	5	233	0.02145922746781116	2	207	0.00966183574879227
Allele_005	Allele_020	FG003	FG004	False	5	233	0.02145922746781116	3	207	0.014492753623188406
Allele_005	Allele_040	FG003	FG001	False	5	233	0.02145922746781116	3	207	0.014492753623188406
Allele_005	Allele_047	FG003	FG025	False	5	233	0.02145922746781116	2	207	0.00966183574879227
Allele_006	Allele_015	FG003	FG001	False	5	233	0.02145922746781116	3	207	0.014492753623188406
Allele_006	Allele_016	FG003	FG012	False	5	233	0.02145922746781116	5	207	0.024154589371980676
Allele_006	Allele_018	FG003	FG002	False	5	233	0.02145922746781116	4	207	0.01932367149758454
Allele_006	Allele_021	FG003	FG014	False	5	233	0.02145922746781116	4	207	0.01932367149758454
Allele_006	Allele_038	FG003	FG006	False	5	233	0.02145922746781116	4	207	0.01932367149758454
Allele_006	Allele_040	FG003	FG001	False	5	233	0.02145922746781116	3	207	0.014492753623188406
Allele_007	Allele_035	FG010	FG001	False	5	233	0.02145922746781116	4	207	0.01932367149758454
Allele_007	Allele_040	FG010	FG001	False	5	233	0.02145922746781116	4	207	0.01932367149758454
Allele_007	Allele_041	FG010	FG022	False	5	233	0.02145922746781116	5	207	0.024154589371980676
Allele_007	Allele_044	FG010	FG002	False	5	233	0.02145922746781116	5	207	0.024154589371980676
Allele_007	Allele_045	FG010	FG001	False	5	233	0.02145922746781116	4	207	0.01932367149758454
Allele_007	Allele_047	FG010	FG025	False	5	233	0.02145922746781116	3	207	0.014492753623188406
Allele_010	Allele_016	FG011	FG012	False	5	233	0.02145922746781116	2	207	0.00966183574879227
Allele_010	Allele_017	FG011	FG001	False	5	233	0.02145922746781116	2	207	0.00966183574879227
Allele_010	Allele_018	FG011	FG002	False	5	233	0.02145922746781116	1	207	0.004830917874396135
Allele_010	Allele_020	FG011	FG004	False	5	233	0.02145922746781116	2	207	0.00966183574879227
Allele_010	Allele_027	FG011	FG005	False	5	233	0.02145922746781116	2	207	0.00966183574879227
Allele_010	Allele_029	FG011	FG005	False	5	233	0.02145922746781116	2	207	0.00966183574879227
Allele_010	Allele_038	FG011	FG006	False	5	233	0.02145922746781116	3	207	0.014492753623188406
Allele_010	Allele_040	FG011	FG001	False	5	233	0.02145922746781116	2	207	0.00966183574879227
Allele_010	Allele_044	FG011	FG002	False	5	233	0.02145922746781116	1	207	0.004830917874396135
Allele_013	Allele_015	FG002	FG001	False	5	233	0.02145922746781116	1	207	0.004830917874396135
Allele_013	Allele_016	FG002	FG012	False	5	233	0.02145922746781116	1	207	0.004830917874396135
Allele_013	Allele_017	FG002	FG001	False	5	233	0.02145922746781116	1	207	0.004830917874396135
Allele_013	Allele_020	FG002	FG004	False	5	233	0.02145922746781116	1	207	0.004830917874396135
Allele_013	Allele_027	FG002	FG005	False	5	233	0.02145922746781116	1	207	0.004830917874396135
Allele_013	Allele_035	FG002	FG001	False	5	233	0.02145922746781116	1	207	0.004830917874396135
Allele_013	Allele_040	FG002	FG001	False	5	233	0.02145922746781116	1	207	0.004830917874396135
Allele_013	Allele_041	FG002	FG022	False	5	233	0.02145922746781116	2	207	0.00966183574879227
Allele_013	Allele_045	FG002	FG001	False	5	233	0.02145922746781116	1	207	0.004830917874396135
Allele_013	Allele_047	FG002	FG025	False	5	233	0.02145922746781116	2	207	0.00966183574879227
Allele_014	Allele_047	FG003	FG025	False	5	233	0.02145922746781116	2	207	0.00966183574879227
Allele_015	Allele_025	FG001	FG017	False	5	233	0.02145922746781116	2	207	0.00966183574879227
Allele_015	Allele_026	FG001	FG004	False	5	233	0.02145922746781116	2	207	0.00966183574879227
Allele_015	Allele_036	FG001	FG020	False	5	233	0.02145922746781116	2	207	0.00966183574879227
Allele_015	Allele_037	FG001	FG021	False	5	233	0.02145922746781116	2	207	0.00966183574879227
Allele_015	Allele_039	FG001	FG006	False	5	233	0.02145922746781116	1	207	0.004830917874396135
Allele_015	Allele_048	FG001	FG026	False	5	233	0.02145922746781116	2	207	0.00966183574879227
Allele_016	Allele_023	FG012	FG016	False	5	233	0.02145922746781116	3	207	0.014492753623188406
Allele_016	Allele_024	FG012	FG001	False	5	233	0.02145922746781116	2	207	0.00966183574879227
Allele_016	Allele_025	FG012	FG017	False	5	233	0.02145922746781116	4	207	0.01932367149758454
Allele_016	Allele_026	FG012	FG004	False	5	233	0.02145922746781116	2	207	0.00966183574879227
Allele_016	Allele_039	FG012	FG006	False	5	233	0.02145922746781116	3	207	0.014492753623188406
Allele_016	Allele_046	FG012	FG001	False	5	233	0.02145922746781116	2	207	0.00966183574879227
Allele_017	Allele_023	FG001	FG016	False	5	233	0.02145922746781116	3	207	0.014492753623188406
Allele_017	Allele_026	FG001	FG004	False	5	233	0.02145922746781116	2	207	0.00966183574879227
Allele_017	Allele_037	FG001	FG021	False	5	233	0.02145922746781116	2	207	0.00966183574879227
Allele_017	Allele_048	FG001	FG026	False	5	233	0.02145922746781116	2	207	0.00966183574879227
Allele_018	Allele_023	FG002	FG016	False	5	233	0.02145922746781116	2	207	0.00966183574879227
Allele_018	Allele_024	FG002	FG001	False	5	233	0.02145922746781116	1	207	0.004830917874396135
Allele_018	Allele_025	FG002	FG017	False	5	233	0.02145922746781116	3	207	0.014492753623188406
Allele_018	Allele_026	FG002	FG004	False	5	233	0.02145922746781116	1	207	0.004830917874396135
Allele_018	Allele_039	FG002	FG006	False	5	233	0.02145922746781116	2	207	0.00966183574879227
Allele_018	Allele_046	FG002	FG001	False	5	233	0.02145922746781116	1	207	0.004830917874396135
Allele_019	Allele_023	FG013	FG016	False	5	233	0.02145922746781116	2	207	0.00966183574879227
Allele_019	Allele_024	FG013	FG001	False	5	233	0.02145922746781116	1	207	0.004830917874396135
Allele_019	Allele_025	FG013	FG017	False	5	233	0.02145922746781116	3	207	0.014492753623188406
Allele_019	Allele_026	FG013	FG004	False	5	233	0.02145922746781116	1	207	0.004830917874396135
Allele_019	Allele_028	FG013	FG002	False	5	233	0.02145922746781116	2	207	0.00966183574879227
Allele_019	Allele_039	FG013	FG006	False	5	233	0.02145922746781116	2	207	0.00966183574879227
Allele_019	Allele_046	FG013	FG001	False	5	233	0.02145922746781116	1	207	0.004830917874396135
Allele_020	Allele_024	FG004	FG001	False	5	233	0.02145922746781116	2	207	0.00966183574879227
Allele_020	Allele_025	FG004	FG017	False	5	233	0.02145922746781116	4	207	0.01932367149758454
Allele_020	Allele_039	FG004	FG006	False	5	233	0.02145922746781116	3	207	0.014492753623188406
Allele_020	Allele_046	FG004	FG001	False	5	233	0.02145922746781116	2	207	0.00966183574879227
Allele_021	Allele_028	FG014	FG002	False	5	233	0.02145922746781116	2	207	0.00966183574879227
Allele_022	Allele_027	FG015	FG005	False	5	233	0.02145922746781116	3	207	0.014492753623188406
Allele_022	Allele_029	FG015	FG005	False	5	233	0.02145922746781116	3	207	0.014492753623188406
Allele_022	Allele_033	FG015	FG019	False	5	233	0.02145922746781116	3	207	0.014492753623188406
Allele_022	Allele_034	FG015	FG001	False	5	233	0.02145922746781116	1	207	0.004830917874396135
Allele_022	Allele_035	FG015	FG001	False	5	233	0.02145922746781116	1	207	0.004830917874396135
Allele_022	Allele_041	FG015	FG022	False	5	233	0.02145922746781116	2	207	0.00966183574879227
Allele_022	Allele_042	FG015	FG023	False	5	233	0.02145922746781116	3	207	0.014492753623188406
Allele_022	Allele_044	FG015	FG002	False	5	233	0.02145922746781116	2	207	0.00966183574879227
Allele_022	Allele_045	FG015	FG001	False	5	233	0.02145922746781116	1	207	0.004830917874396135
Allele_022	Allele_051	FG015	FG029	False	5	233	0.02145922746781116	3	207	0.014492753623188406
Allele_023	Allele_029	FG016	FG005	False	5	233	0.02145922746781116	3	207	0.014492753623188406
Allele_023	Allele_033	FG016	FG019	False	5	233	0.02145922746781116	5	207	0.024154589371980676
Allele_023	Allele_034	FG016	FG001	False	5	233	0.02145922746781116	3	207	0.014492753623188406
Allele_023	Allele_035	FG016	FG001	False	5	233	0.02145922746781116	3	207	0.014492753623188406
Allele_023	Allele_037	FG016	FG021	False	5	233	0.02145922746781116	4	207	0.01932367149758454
Allele_023	Allele_038	FG016	FG006	False	5	233	0.02145922746781116	4	207	0.01932367149758454
Allele_023	Allele_040	FG016	FG001	False	5	233	0.02145922746781116	3	207	0.014492753623188406
Allele_023	Allele_041	FG016	FG022	False	5	233	0.02145922746781116	4	207	0.01932367149758454
Allele_023	Allele_042	FG016	FG023	False	5	233	0.02145922746781116	5	207	0.024154589371980676
Allele_023	Allele_045	FG016	FG001	False	5	233	0.02145922746781116	3	207	0.014492753623188406
Allele_023	Allele_047	FG016	FG025	False	5	233	0.02145922746781116	4	207	0.01932367149758454
Allele_024	Allele_027	FG001	FG005	False	5	233	0.02145922746781116	2	207	0.00966183574879227
Allele_024	Allele_029	FG001	FG005	False	5	233	0.02145922746781116	2	207	0.00966183574879227
Allele_024	Allele_033	FG001	FG019	False	5	233	0.02145922746781116	2	207	0.00966183574879227
Allele_024	Allele_041	FG001	FG022	False	5	233	0.02145922746781116	1	207	0.004830917874396135
Allele_024	Allele_042	FG001	FG023	False	5	233	0.02145922746781116	2	207	0.00966183574879227
Allele_024	Allele_044	FG001	FG002	False	5	233	0.02145922746781116	1	207	0.004830917874396135
Allele_024	Allele_047	FG001	FG025	False	5	233	0.02145922746781116	1	207	0.004830917874396135
Allele_024	Allele_051	FG001	FG029	False	5	233	0.02145922746781116	2	207	0.00966183574879227
Allele_025	Allele_027	FG017	FG005	False	5	233	0.02145922746781116	4	207	0.01932367149758454
Allele_025	Allele_029	FG017	FG005	False	5	233	0.02145922746781116	4	207	0.01932367149758454
Allele_025	Allele_033	FG017	FG019	False	5	233	0.02145922746781116	4	207	0.01932367149758454
Allele_025	Allele_034	FG017	FG001	False	5	233	0.02145922746781116	2	207	0.00966183574879227
Allele_025	Allele_035	FG017	FG001	False	5	233	0.02145922746781116	2	207	0.00966183574879227
Allele_025	Allele_041	FG017	FG022	False	5	233	0.02145922746781116	3	207	0.014492753623188406
Allele_025	Allele_042	FG017	FG023	False	5	233	0.02145922746781116	4	207	0.01932367149758454
Allele_025	Allele_044	FG017	FG002	False	5	233	0.02145922746781116	3	207	0.014492753623188406
Allele_025	Allele_045	FG017	FG001	False	5	233	0.02145922746781116	2	207	0.00966183574879227
Allele_025	Allele_047	FG017	FG025	False	5	233	0.02145922746781116	3	207	0.014492753623188406
Allele_025	Allele_051	FG017	FG029	False	5	233	0.02145922746781116	4	207	0.01932367149758454
Allele_026	Allele_027	FG004	FG005	False	5	233	0.02145922746781116	2	207	0.00966183574879227
Allele_026	Allele_029	FG004	FG005	False	5	233	0.02145922746781116	2	207	0.00966183574879227
Allele_026	Allele_035	FG004	FG001	False	5	233	0.02145922746781116	2	207	0.00966183574879227
Allele_026	Allele_038	FG004	FG006	False	5	233	0.02145922746781116	3	207	0.014492753623188406
Allele_026	Allele_041	FG004	FG022	False	5	233	0.02145922746781116	3	207	0.014492753623188406
Allele_026	Allele_045	FG004	FG001	False	5	233	0.02145922746781116	2	207	0.00966183574879227
Allele_027	Allele_031	FG005	FG001	False	5	233	0.02145922746781116	2	207	0.00966183574879227
Allele_027	Allele_032	FG005	FG001	False	5	233	0.02145922746781116	2	207	0.00966183574879227
Allele_027	Allele_037	FG005	FG021	False	5	233	0.02145922746781116	4	207	0.01932367149758454
Allele_028	Allele_030	FG002	FG018	False	5	233	0.02145922746781116	2	207	0.00966183574879227
Allele_028	Allele_033	FG002	FG019	False	5	233	0.02145922746781116	3	207	0.014492753623188406
Allele_028	Allele_034	FG002	FG001	False	5	233	0.02145922746781116	1	207	0.004830917874396135
Allele_028	Allele_042	FG002	FG023	False	5	233	0.02145922746781116	3	207	0.014492753623188406
Allele_028	Allele_047	FG002	FG025	False	5	233	0.02145922746781116	2	207	0.00966183574879227
Allele_028	Allele_049	FG002	FG027	False	5	233	0.02145922746781116	3	207	0.014492753623188406
Allele_028	Allele_051	FG002	FG029	False	5	233	0.02145922746781116	3	207	0.014492753623188406
Allele_028	Allele_052	FG002	FG030	False	5	233	0.02145922746781116	4	207	0.01932367149758454
Allele_029	Allele_039	FG005	FG006	False	5	233	0.02145922746781116	3	207	0.014492753623188406
Allele_029	Allele_046	FG005	FG001	False	5	233	0.02145922746781116	2	207	0.00966183574879227
Allele_030	Allele_037	FG018	FG021	False	5	233	0.02145922746781116	3	207	0.014492753623188406
Allele_030	Allele_039	FG018	FG006	False	5	233	0.02145922746781116	2	207	0.00966183574879227
Allele_030	Allele_048	FG018	FG026	False	5	233	0.02145922746781116	3	207	0.014492753623188406
Allele_031	Allele_033	FG001	FG019	False	5	233	0.02145922746781116	2	207	0.00966183574879227
Allele_031	Allele_038	FG001	FG006	False	5	233	0.02145922746781116	1	207	0.004830917874396135
Allele_031	Allele_042	FG001	FG023	False	5	233	0.02145922746781116	2	207	0.00966183574879227
Allele_031	Allele_047	FG001	FG025	False	5	233	0.02145922746781116	1	207	0.004830917874396135
Allele_031	Allele_049	FG001	FG027	False	5	233	0.02145922746781116	2	207	0.00966183574879227
Allele_032	Allele_033	FG001	FG019	False	5	233	0.02145922746781116	2	207	0.00966183574879227
Allele_032	Allele_038	FG001	FG006	False	5	233	0.02145922746781116	1	207	0.004830917874396135
Allele_032	Allele_042	FG001	FG023	False	5	233	0.02145922746781116	2	207	0.00966183574879227
Allele_032	Allele_047	FG001	FG025	False	5	233	0.02145922746781116	1	207	0.004830917874396135
Allele_032	Allele_049	FG001	FG027	False	5	233	0.02145922746781116	2	207	0.00966183574879227
Allele_033	Allele_037	FG019	FG021	False	5	233	0.02145922746781116	4	207	0.01932367149758454
Allele_033	Allele_048	FG019	FG026	False	5	233	0.02145922746781116	4	207	0.01932367149758454
Allele_034	Allele_037	FG001	FG021	False	5	233	0.02145922746781116	2	207	0.00966183574879227
Allele_034	Allele_048	FG001	FG026	False	5	233	0.02145922746781116	2	207	0.00966183574879227
Allele_036	Allele_038	FG020	FG006	False	5	233	0.02145922746781116	1	207	0.004830917874396135
Allele_036	Allele_040	FG020	FG001	False	5	233	0.02145922746781116	2	207	0.00966183574879227
Allele_036	Allele_041	FG020	FG022	False	5	233	0.02145922746781116	3	207	0.014492753623188406
Allele_036	Allele_044	FG020	FG002	False	5	233	0.02145922746781116	3	207	0.014492753623188406
Allele_036	Allele_045	FG020	FG001	False	5	233	0.02145922746781116	2	207	0.00966183574879227
Allele_037	Allele_038	FG021	FG006	False	5	233	0.02145922746781116	3	207	0.014492753623188406
Allele_037	Allele_042	FG021	FG023	False	5	233	0.02145922746781116	4	207	0.01932367149758454
Allele_037	Allele_047	FG021	FG025	False	5	233	0.02145922746781116	3	207	0.014492753623188406
Allele_037	Allele_049	FG021	FG027	False	5	233	0.02145922746781116	4	207	0.01932367149758454
Allele_038	Allele_048	FG006	FG026	False	5	233	0.02145922746781116	3	207	0.014492753623188406
Allele_039	Allele_049	FG006	FG027	False	5	233	0.02145922746781116	3	207	0.014492753623188406
Allele_039	Allele_052	FG006	FG030	False	5	233	0.02145922746781116	2	207	0.00966183574879227
Allele_042	Allele_048	FG023	FG026	False	5	233	0.02145922746781116	4	207	0.01932367149758454
Allele_046	Allele_051	FG001	FG029	False	5	233	0.02145922746781116	2	207	0.00966183574879227
Allele_046	Allele_052	FG001	FG030	False	5	233	0.02145922746781116	3	207	0.014492753623188406
Allele_047	Allele_048	FG025	FG026	False	5	233	0.02145922746781116	3	207	0.014492753623188406
Allele_048	Allele_049	FG026	FG027	False	5	233	0.02145922746781116	4	207	0.01932367149758454
Allele_002	Allele_003	FG007	FG008	False	4	233	0.017167381974248927	1	207	0.004830917874396135
Allele_002	Allele_022	FG007	FG015	False	4	233	0.017167381974248927	3	207	0.014492753623188406
Allele_003	Allele_022	FG008	FG015	False	4	233	0.017167381974248927	2	207	0.00966183574879227
Allele_004	Allele_026	FG009	FG004	False	4	233	0.017167381974248927	2	207	0.00966183574879227
Allele_004	Allele_028	FG009	FG002	False	4	233	0.017167381974248927	3	207	0.014492753623188406
Allele_004	Allele_046	FG009	FG001	False	4	233	0.017167381974248927	2	207	0.00966183574879227
Allele_005	Allele_007	FG003	FG010	False	4	233	0.017167381974248927	1	207	0.004830917874396135
Allele_005	Allele_022	FG003	FG015	False	4	233	0.017167381974248927	2	207	0.00966183574879227
Allele_006	Allele_007	FG003	FG010	False	4	233	0.017167381974248927	1	207	0.004830917874396135
Allele_007	Allele_014	FG010	FG003	False	4	233	0.017167381974248927	1	207	0.004830917874396135
Allele_007	Allele_046	FG010	FG001	False	4	233	0.017167381974248927	4	207	0.01932367149758454
Allele_010	Allele_028	FG011	FG002	False	4	233	0.017167381974248927	1	207	0.004830917874396135
Allele_013	Allele_014	FG002	FG003	False	4	233	0.017167381974248927	4	207	0.01932367149758454
Allele_013	Allele_046	FG002	FG001	False	4	233	0.017167381974248927	1	207	0.004830917874396135
Allele_015	Allele_016	FG001	FG012	False	4	233	0.017167381974248927	2	207	0.00966183574879227
Allele_015	Allele_018	FG001	FG002	False	4	233	0.017167381974248927	1	207	0.004830917874396135
Allele_015	Allele_019	FG001	FG013	False	4	233	0.017167381974248927	1	207	0.004830917874396135
Allele_015	Allele_020	FG001	FG004	False	4	233	0.017167381974248927	2	207	0.00966183574879227
Allele_015	Allele_038	FG001	FG006	False	4	233	0.017167381974248927	1	207	0.004830917874396135
Allele_015	Allele_041	FG001	FG022	False	4	233	0.017167381974248927	1	207	0.004830917874396135
Allele_015	Allele_044	FG001	FG002	False	4	233	0.017167381974248927	1	207	0.004830917874396135
Allele_015	Allele_047	FG001	FG025	False	4	233	0.017167381974248927	1	207	0.004830917874396135
Allele_016	Allele_019	FG012	FG013	False	4	233	0.017167381974248927	3	207	0.014492753623188406
Allele_016	Allele_021	FG012	FG014	False	4	233	0.017167381974248927	3	207	0.014492753623188406
Allele_016	Allele_027	FG012	FG005	False	4	233	0.017167381974248927	2	207	0.00966183574879227
Allele_016	Allele_029	FG012	FG005	False	4	233	0.017167381974248927	2	207	0.00966183574879227
Allele_016	Allele_038	FG012	FG006	False	4	233	0.017167381974248927	3	207	0.014492753623188406
Allele_016	Allele_040	FG012	FG001	False	4	233	0.017167381974248927	2	207	0.00966183574879227
Allele_016	Allele_044	FG012	FG002	False	4	233	0.017167381974248927	1	207	0.004830917874396135
Allele_016	Allele_047	FG012	FG025	False	4	233	0.017167381974248927	3	207	0.014492753623188406
Allele_017	Allele_021	FG001	FG014	False	4	233	0.017167381974248927	3	207	0.014492753623188406
Allele_017	Allele_027	FG001	FG005	False	4	233	0.017167381974248927	2	207	0.00966183574879227
Allele_017	Allele_029	FG001	FG005	False	4	233	0.017167381974248927	2	207	0.00966183574879227
Allele_017	Allele_033	FG001	FG019	False	4	233	0.017167381974248927	2	207	0.00966183574879227
Allele_017	Allele_041	FG001	FG022	False	4	233	0.017167381974248927	1	207	0.004830917874396135
Allele_017	Allele_042	FG001	FG023	False	4	233	0.017167381974248927	2	207	0.00966183574879227
Allele_017	Allele_044	FG001	FG002	False	4	233	0.017167381974248927	1	207	0.004830917874396135
Allele_017	Allele_051	FG001	FG029	False	4	233	0.017167381974248927	2	207	0.00966183574879227
Allele_018	Allele_019	FG002	FG013	False	4	233	0.017167381974248927	2	207	0.00966183574879227
Allele_018	Allele_021	FG002	FG014	False	4	233	0.017167381974248927	2	207	0.00966183574879227
Allele_018	Allele_027	FG002	FG005	False	4	233	0.017167381974248927	1	207	0.004830917874396135
Allele_018	Allele_029	FG002	FG005	False	4	233	0.017167381974248927	1	207	0.004830917874396135
Allele_018	Allele_038	FG002	FG006	False	4	233	0.017167381974248927	2	207	0.00966183574879227
Allele_018	Allele_040	FG002	FG001	False	4	233	0.017167381974248927	1	207	0.004830917874396135
Allele_018	Allele_047	FG002	FG025	False	4	233	0.017167381974248927	2	207	0.00966183574879227
Allele_019	Allele_038	FG013	FG006	False	4	233	0.017167381974248927	2	207	0.00966183574879227
Allele_019	Allele_040	FG013	FG001	False	4	233	0.017167381974248927	1	207	0.004830917874396135
Allele_019	Allele_047	FG013	FG025	False	4	233	0.017167381974248927	2	207	0.00966183574879227
Allele_020	Allele_021	FG004	FG014	False	4	233	0.017167381974248927	3	207	0.014492753623188406
Allele_020	Allele_027	FG004	FG005	False	4	233	0.017167381974248927	2	207	0.00966183574879227
Allele_020	Allele_029	FG004	FG005	False	4	233	0.017167381974248927	2	207	0.00966183574879227
Allele_020	Allele_038	FG004	FG006	False	4	233	0.017167381974248927	3	207	0.014492753623188406
Allele_020	Allele_040	FG004	FG001	False	4	233	0.017167381974248927	2	207	0.00966183574879227
Allele_020	Allele_044	FG004	FG002	False	4	233	0.017167381974248927	1	207	0.004830917874396135
Allele_020	Allele_047	FG004	FG025	False	4	233	0.017167381974248927	3	207	0.014492753623188406
Allele_022	Allele_024	FG015	FG001	False	4	233	0.017167381974248927	1	207	0.004830917874396135
Allele_022	Allele_025	FG015	FG017	False	4	233	0.017167381974248927	3	207	0.014492753623188406
Allele_022	Allele_028	FG015	FG002	False	4	233	0.017167381974248927	2	207	0.00966183574879227
Allele_022	Allele_039	FG015	FG006	False	4	233	0.017167381974248927	2	207	0.00966183574879227
Allele_022	Allele_046	FG015	FG001	False	4	233	0.017167381974248927	1	207	0.004830917874396135
Allele_023	Allele_026	FG016	FG004	False	4	233	0.017167381974248927	1	207	0.004830917874396135
Allele_023	Allele_028	FG016	FG002	False	4	233	0.017167381974248927	2	207	0.00966183574879227
Allele_023	Allele_039	FG016	FG006	False	4	233	0.017167381974248927	4	207	0.01932367149758454
Allele_023	Allele_046	FG016	FG001	False	4	233	0.017167381974248927	3	207	0.014492753623188406
Allele_024	Allele_025	FG001	FG017	False	4	233	0.017167381974248927	2	207	0.00966183574879227
Allele_024	Allele_028	FG001	FG002	False	4	233	0.017167381974248927	1	207	0.004830917874396135
Allele_024	Allele_039	FG001	FG006	False	4	233	0.017167381974248927	1	207	0.004830917874396135
Allele_025	Allele_028	FG017	FG002	False	4	233	0.017167381974248927	3	207	0.014492753623188406
Allele_025	Allele_039	FG017	FG006	False	4	233	0.017167381974248927	3	207	0.014492753623188406
Allele_025	Allele_046	FG017	FG001	False	4	233	0.017167381974248927	2	207	0.00966183574879227
Allele_026	Allele_046	FG004	FG001	False	4	233	0.017167381974248927	2	207	0.00966183574879227
Allele_027	Allele_033	FG005	FG019	False	4	233	0.017167381974248927	4	207	0.01932367149758454
Allele_027	Allele_034	FG005	FG001	False	4	233	0.017167381974248927	2	207	0.00966183574879227
Allele_027	Allele_035	FG005	FG001	False	4	233	0.017167381974248927	2	207	0.00966183574879227
Allele_027	Allele_038	FG005	FG006	False	4	233	0.017167381974248927	3	207	0.014492753623188406
Allele_027	Allele_040	FG005	FG001	False	4	233	0.017167381974248927	2	207	0.00966183574879227
Allele_027	Allele_041	FG005	FG022	False	4	233	0.017167381974248927	3	207	0.014492753623188406
Allele_027	Allele_042	FG005	FG023	False	4	233	0.017167381974248927	4	207	0.01932367149758454
Allele_027	Allele_045	FG005	FG001	False	4	233	0.017167381974248927	2	207	0.00966183574879227
Allele_027	Allele_047	FG005	FG025	False	4	233	0.017167381974248927	3	207	0.014492753623188406
Allele_027	Allele_048	FG005	FG026	False	4	233	0.017167381974248927	3	207	0.014492753623188406
Allele_027	Allele_051	FG005	FG029	False	4	233	0.017167381974248927	2	207	0.00966183574879227
Allele_028	Allele_031	FG002	FG001	False	4	233	0.017167381974248927	1	207	0.004830917874396135
Allele_028	Allele_032	FG002	FG001	False	4	233	0.017167381974248927	1	207	0.004830917874396135
Allele_028	Allele_037	FG002	FG021	False	4	233	0.017167381974248927	3	207	0.014492753623188406
Allele_028	Allele_039	FG002	FG006	False	4	233	0.017167381974248927	2	207	0.00966183574879227
Allele_028	Allele_048	FG002	FG026	False	4	233	0.017167381974248927	3	207	0.014492753623188406
Allele_029	Allele_038	FG005	FG006	False	4	233	0.017167381974248927	3	207	0.014492753623188406
Allele_029	Allele_040	FG005	FG001	False	4	233	0.017167381974248927	2	207	0.00966183574879227
Allele_029	Allele_044	FG005	FG002	False	4	233	0.017167381974248927	1	207	0.004830917874396135
Allele_029	Allele_051	FG005	FG029	False	4	233	0.017167381974248927	2	207	0.00966183574879227
Allele_030	Allele_035	FG018	FG001	False	4	233	0.017167381974248927	1	207	0.004830917874396135
Allele_030	Allele_040	FG018	FG001	False	4	233	0.017167381974248927	1	207	0.004830917874396135
Allele_030	Allele_041	FG018	FG022	False	4	233	0.017167381974248927	2	207	0.00966183574879227
Allele_030	Allele_044	FG018	FG002	False	4	233	0.017167381974248927	2	207	0.00966183574879227
Allele_030	Allele_045	FG018	FG001	False	4	233	0.017167381974248927	1	207	0.004830917874396135
Allele_031	Allele_037	FG001	FG021	False	4	233	0.017167381974248927	2	207	0.00966183574879227
Allele_031	Allele_039	FG001	FG006	False	4	233	0.017167381974248927	1	207	0.004830917874396135
Allele_031	Allele_048	FG001	FG026	False	4	233	0.017167381974248927	2	207	0.00966183574879227
Allele_032	Allele_037	FG001	FG021	False	4	233	0.017167381974248927	2	207	0.00966183574879227
Allele_032	Allele_039	FG001	FG006	False	4	233	0.017167381974248927	1	207	0.004830917874396135
Allele_032	Allele_048	FG001	FG026	False	4	233	0.017167381974248927	2	207	0.00966183574879227
Allele_033	Allele_034	FG019	FG001	False	4	233	0.017167381974248927	2	207	0.00966183574879227
Allele_033	Allele_035	FG019	FG001	False	4	233	0.017167381974248927	2	207	0.00966183574879227
Allele_033	Allele_038	FG019	FG006	False	4	233	0.017167381974248927	3	207	0.014492753623188406
Allele_033	Allele_040	FG019	FG001	False	4	233	0.017167381974248927	2	207	0.00966183574879227
Allele_033	Allele_041	FG019	FG022	False	4	233	0.017167381974248927	3	207	0.014492753623188406
Allele_033	Allele_042	FG019	FG023	False	4	233	0.017167381974248927	4	207	0.01932367149758454
Allele_033	Allele_044	FG019	FG002	False	4	233	0.017167381974248927	3	207	0.014492753623188406
Allele_033	Allele_045	FG019	FG001	False	4	233	0.017167381974248927	2	207	0.00966183574879227
Allele_033	Allele_047	FG019	FG025	False	4	233	0.017167381974248927	3	207	0.014492753623188406
Allele_034	Allele_038	FG001	FG006	False	4	233	0.017167381974248927	1	207	0.004830917874396135
Allele_034	Allele_041	FG001	FG022	False	4	233	0.017167381974248927	1	207	0.004830917874396135
Allele_034	Allele_042	FG001	FG023	False	4	233	0.017167381974248927	2	207	0.00966183574879227
Allele_034	Allele_044	FG001	FG002	False	4	233	0.017167381974248927	1	207	0.004830917874396135
Allele_034	Allele_047	FG001	FG025	False	4	233	0.017167381974248927	1	207	0.004830917874396135
Allele_035	Allele_038	FG001	FG006	False	4	233	0.017167381974248927	1	207	0.004830917874396135
Allele_035	Allele_042	FG001	FG023	False	4	233	0.017167381974248927	2	207	0.00966183574879227
Allele_035	Allele_047	FG001	FG025	False	4	233	0.017167381974248927	1	207	0.004830917874396135
Allele_035	Allele_049	FG001	FG027	False	4	233	0.017167381974248927	2	207	0.00966183574879227
Allele_036	Allele_039	FG020	FG006	False	4	233	0.017167381974248927	1	207	0.004830917874396135
Allele_036	Allele_046	FG020	FG001	False	4	233	0.017167381974248927	2	207	0.00966183574879227
Allele_037	Allele_039	FG021	FG006	False	4	233	0.017167381974248927	3	207	0.014492753623188406
Allele_037	Allele_048	FG021	FG026	False	4	233	0.017167381974248927	4	207	0.01932367149758454
Allele_038	Allele_041	FG006	FG022	False	4	233	0.017167381974248927	2	207	0.00966183574879227
Allele_038	Allele_042	FG006	FG023	False	4	233	0.017167381974248927	3	207	0.014492753623188406
Allele_038	Allele_044	FG006	FG002	False	4	233	0.017167381974248927	2	207	0.00966183574879227
Allele_038	Allele_045	FG006	FG001	False	4	233	0.017167381974248927	1	207	0.004830917874396135
Allele_038	Allele_047	FG006	FG025	False	4	233	0.017167381974248927	2	207	0.00966183574879227
Allele_038	Allele_052	FG006	FG030	False	4	233	0.017167381974248927	2	207	0.00966183574879227
Allele_039	Allele_048	FG006	FG026	False	4	233	0.017167381974248927	3	207	0.014492753623188406
Allele_040	Allele_042	FG001	FG023	False	4	233	0.017167381974248927	2	207	0.00966183574879227
Allele_040	Allele_047	FG001	FG025	False	4	233	0.017167381974248927	1	207	0.004830917874396135
Allele_040	Allele_049	FG001	FG027	False	4	233	0.017167381974248927	2	207	0.00966183574879227
Allele_040	Allele_051	FG001	FG029	False	4	233	0.017167381974248927	2	207	0.00966183574879227
Allele_040	Allele_052	FG001	FG030	False	4	233	0.017167381974248927	3	207	0.014492753623188406
Allele_041	Allele_042	FG022	FG023	False	4	233	0.017167381974248927	3	207	0.014492753623188406
Allele_041	Allele_047	FG022	FG025	False	4	233	0.017167381974248927	2	207	0.00966183574879227
Allele_041	Allele_049	FG022	FG027	False	4	233	0.017167381974248927	3	207	0.014492753623188406
Allele_041	Allele_052	FG022	FG030	False	4	233	0.017167381974248927	2	207	0.00966183574879227
Allele_042	Allele_044	FG023	FG002	False	4	233	0.017167381974248927	3	207	0.014492753623188406
Allele_042	Allele_045	FG023	FG001	False	4	233	0.017167381974248927	2	207	0.00966183574879227
Allele_042	Allele_047	FG023	FG025	False	4	233	0.017167381974248927	3	207	0.014492753623188406
Allele_044	Allele_047	FG002	FG025	False	4	233	0.017167381974248927	2	207	0.00966183574879227
Allele_044	Allele_049	FG002	FG027	False	4	233	0.017167381974248927	3	207	0.014492753623188406
Allele_045	Allele_047	FG001	FG025	False	4	233	0.017167381974248927	1	207	0.004830917874396135
Allele_045	Allele_049	FG001	FG027	False	4	233	0.017167381974248927	2	207	0.00966183574879227
Allele_004	Allele_040	FG009	FG001	False	3	233	0.012875536480686695	2	207	0.00966183574879227
Allele_006	Allele_017	FG003	FG001	False	3	233	0.012875536480686695	3	207	0.014492753623188406
Allele_006	Allele_019	FG003	FG013	False	3	233	0.012875536480686695	2	207	0.00966183574879227
Allele_006	Allele_020	FG003	FG004	False	3	233	0.012875536480686695	3	207	0.014492753623188406
Allele_006	Allele_047	FG003	FG025	False	3	233	0.012875536480686695	2	207	0.00966183574879227
Allele_015	Allele_022	FG001	FG015	False	3	233	0.012875536480686695	1	207	0.004830917874396135
Allele_015	Allele_028	FG001	FG002	False	3	233	0.012875536480686695	1	207	0.004830917874396135
Allele_016	Allele_022	FG012	FG015	False	3	233	0.012875536480686695	3	207	0.014492753623188406
Allele_016	Allele_028	FG012	FG002	False	3	233	0.012875536480686695	1	207	0.004830917874396135
Allele_017	Allele_025	FG001	FG017	False	3	233	0.012875536480686695	2	207	0.00966183574879227
Allele_017	Allele_028	FG001	FG002	False	3	233	0.012875536480686695	1	207	0.004830917874396135
Allele_017	Allele_039	FG001	FG006	False	3	233	0.012875536480686695	1	207	0.004830917874396135
Allele_018	Allele_022	FG002	FG015	False	3	233	0.012875536480686695	2	207	0.00966183574879227
Allele_019	Allele_022	FG013	FG015	False	3	233	0.012875536480686695	2	207	0.00966183574879227
Allele_020	Allele_022	FG004	FG015	False	3	233	0.012875536480686695	3	207	0.014492753623188406
Allele_020	Allele_023	FG004	FG016	False	3	233	0.012875536480686695	1	207	0.004830917874396135
Allele_020	Allele_028	FG004	FG002	False	3	233	0.012875536480686695	1	207	0.004830917874396135
Allele_021	Allele_022	FG014	FG015	False	3	233	0.012875536480686695	2	207	0.00966183574879227
Allele_022	Allele_038	FG015	FG006	False	3	233	0.012875536480686695	2	207	0.00966183574879227
Allele_022	Allele_040	FG015	FG001	False	3	233	0.012875536480686695	1	207	0.004830917874396135
Allele_022	Allele_047	FG015	FG025	False	3	233	0.012875536480686695	2	207	0.00966183574879227
Allele_023	Allele_027	FG016	FG005	False	3	233	0.012875536480686695	3	207	0.014492753623188406
Allele_023	Allele_044	FG016	FG002	False	3	233	0.012875536480686695	2	207	0.00966183574879227
Allele_024	Allele_038	FG001	FG006	False	3	233	0.012875536480686695	1	207	0.004830917874396135
Allele_025	Allele_038	FG017	FG006	False	3	233	0.012875536480686695	3	207	0.014492753623188406
Allele_025	Allele_040	FG017	FG001	False	3	233	0.012875536480686695	2	207	0.00966183574879227
Allele_026	Allele_040	FG004	FG001	False	3	233	0.012875536480686695	2	207	0.00966183574879227
Allele_026	Allele_044	FG004	FG002	False	3	233	0.012875536480686695	1	207	0.004830917874396135
Allele_027	Allele_028	FG005	FG002	False	3	233	0.012875536480686695	1	207	0.004830917874396135
Allele_027	Allele_039	FG005	FG006	False	3	233	0.012875536480686695	3	207	0.014492753623188406
Allele_027	Allele_046	FG005	FG001	False	3	233	0.012875536480686695	2	207	0.00966183574879227
Allele_028	Allele_029	FG002	FG005	False	3	233	0.012875536480686695	1	207	0.004830917874396135
Allele_028	Allele_035	FG002	FG001	False	3	233	0.012875536480686695	1	207	0.004830917874396135
Allele_028	Allele_038	FG002	FG006	False	3	233	0.012875536480686695	2	207	0.00966183574879227
Allele_028	Allele_041	FG002	FG022	False	3	233	0.012875536480686695	2	207	0.00966183574879227
Allele_028	Allele_045	FG002	FG001	False	3	233	0.012875536480686695	1	207	0.004830917874396135
Allele_030	Allele_032	FG018	FG001	False	3	233	0.012875536480686695	1	207	0.004830917874396135
Allele_030	Allele_046	FG018	FG001	False	3	233	0.012875536480686695	1	207	0.004830917874396135
Allele_031	Allele_041	FG001	FG022	False	3	233	0.012875536480686695	1	207	0.004830917874396135
Allele_031	Allele_044	FG001	FG002	False	3	233	0.012875536480686695	1	207	0.004830917874396135
Allele_032	Allele_041	FG001	FG022	False	3	233	0.012875536480686695	1	207	0.004830917874396135
Allele_032	Allele_044	FG001	FG002	False	3	233	0.012875536480686695	1	207	0.004830917874396135
Allele_033	Allele_039	FG019	FG006	False	3	233	0.012875536480686695	3	207	0.014492753623188406
Allele_033	Allele_046	FG019	FG001	False	3	233	0.012875536480686695	2	207	0.00966183574879227
Allele_034	Allele_039	FG001	FG006	False	3	233	0.012875536480686695	1	207	0.004830917874396135
Allele_035	Allele_036	FG001	FG020	False	3	233	0.012875536480686695	2	207	0.00966183574879227
Allele_035	Allele_037	FG001	FG021	False	3	233	0.012875536480686695	2	207	0.00966183574879227
Allele_035	Allele_039	FG001	FG006	False	3	233	0.012875536480686695	1	207	0.004830917874396135
Allele_035	Allele_048	FG001	FG026	False	3	233	0.012875536480686695	2	207	0.00966183574879227
Allele_037	Allele_040	FG021	FG001	False	3	233	0.012875536480686695	2	207	0.00966183574879227
Allele_037	Allele_041	FG021	FG022	False	3	233	0.012875536480686695	3	207	0.014492753623188406
Allele_037	Allele_044	FG021	FG002	False	3	233	0.012875536480686695	3	207	0.014492753623188406
Allele_037	Allele_045	FG021	FG001	False	3	233	0.012875536480686695	2	207	0.00966183574879227
Allele_038	Allele_046	FG006	FG001	False	3	233	0.012875536480686695	1	207	0.004830917874396135
Allele_039	Allele_040	FG006	FG001	False	3	233	0.012875536480686695	1	207	0.004830917874396135
Allele_039	Allele_041	FG006	FG022	False	3	233	0.012875536480686695	2	207	0.00966183574879227
Allele_039	Allele_042	FG006	FG023	False	3	233	0.012875536480686695	3	207	0.014492753623188406
Allele_039	Allele_044	FG006	FG002	False	3	233	0.012875536480686695	2	207	0.00966183574879227
Allele_039	Allele_045	FG006	FG001	False	3	233	0.012875536480686695	1	207	0.004830917874396135
Allele_039	Allele_047	FG006	FG025	False	3	233	0.012875536480686695	2	207	0.00966183574879227
Allele_039	Allele_051	FG006	FG029	False	3	233	0.012875536480686695	1	207	0.004830917874396135
Allele_040	Allele_048	FG001	FG026	False	3	233	0.012875536480686695	2	207	0.00966183574879227
Allele_041	Allele_048	FG022	FG026	False	3	233	0.012875536480686695	3	207	0.014492753623188406
Allele_042	Allele_046	FG023	FG001	False	3	233	0.012875536480686695	2	207	0.00966183574879227
Allele_044	Allele_048	FG002	FG026	False	3	233	0.012875536480686695	3	207	0.014492753623188406
Allele_045	Allele_048	FG001	FG026	False	3	233	0.012875536480686695	2	207	0.00966183574879227
Allele_046	Allele_047	FG001	FG025	False	3	233	0.012875536480686695	1	207	0.004830917874396135
Allele_046	Allele_049	FG001	FG027	False	3	233	0.012875536480686695	2	207	0.00966183574879227
Allele_006	Allele_022	FG003	FG015	False	2	233	0.008583690987124463	2	207	0.00966183574879227
Allele_016	Allele_017	FG012	FG001	False	2	233	0.008583690987124463	2	207	0.00966183574879227
Allele_016	Allele_018	FG012	FG002	False	2	233	0.008583690987124463	1	207	0.004830917874396135
Allele_016	Allele_020	FG012	FG004	False	2	233	0.008583690987124463	2	207	0.00966183574879227
Allele_017	Allele_018	FG001	FG002	False	2	233	0.008583690987124463	1	207	0.004830917874396135
Allele_017	Allele_019	FG001	FG013	False	2	233	0.008583690987124463	1	207	0.004830917874396135
Allele_017	Allele_020	FG001	FG004	False	2	233	0.008583690987124463	2	207	0.00966183574879227
Allele_017	Allele_038	FG001	FG006	False	2	233	0.008583690987124463	1	207	0.004830917874396135
Allele_017	Allele_047	FG001	FG025	False	2	233	0.008583690987124463	1	207	0.004830917874396135
Allele_018	Allele_020	FG002	FG004	False	2	233	0.008583690987124463	1	207	0.004830917874396135
Allele_019	Allele_020	FG013	FG004	False	2	233	0.008583690987124463	1	207	0.004830917874396135
Allele_026	Allele_028	FG004	FG002	False	2	233	0.008583690987124463	1	207	0.004830917874396135
Allele_027	Allele_044	FG005	FG002	False	2	233	0.008583690987124463	1	207	0.004830917874396135
Allele_028	Allele_046	FG002	FG001	False	2	233	0.008583690987124463	1	207	0.004830917874396135
Allele_035	Allele_041	FG001	FG022	False	2	233	0.008583690987124463	1	207	0.004830917874396135
Allele_035	Allele_044	FG001	FG002	False	2	233	0.008583690987124463	1	207	0.004830917874396135
Allele_037	Allele_046	FG021	FG001	False	2	233	0.008583690987124463	2	207	0.00966183574879227
Allele_038	Allele_040	FG006	FG001	False	2	233	0.008583690987124463	1	207	0.004830917874396135
Allele_038	Allele_051	FG006	FG029	False	2	233	0.008583690987124463	1	207	0.004830917874396135
Allele_039	Allele_046	FG006	FG001	False	2	233	0.008583690987124463	1	207	0.004830917874396135
Allele_040	Allele_041	FG001	FG022	False	2	233	0.008583690987124463	1	207	0.004830917874396135
Allele_040	Allele_044	FG001	FG002	False	2	233	0.008583690987124463	1	207	0.004830917874396135
Allele_041	Allele_044	FG022	FG002	False	2	233	0.008583690987124463	2	207	0.00966183574879227
Allele_041	Allele_045	FG022	FG001	False	2	233	0.008583690987124463	1	207	0.004830917874396135
Allele_044	Allele_045	FG002	FG001	False	2	233	0.008583690987124463	1	207	0.004830917874396135
Allele_046	Allele_048	FG001	FG026	False	2	233	0.008583690987124463	2	207	0.00966183574879227
Allele_017	Allele_022	FG001	FG015	False	1	233	0.004291845493562232	1	207	0.004830917874396135
Allele_028	Allele_040	FG002	FG001	False	1	233	0.004291845493562232	1	207	0.004830917874396135
Allele_030	Allele_031	FG018	FG001	False	1	233	0.004291845493562232	1	207	0.004830917874396135
Allele_041	Allele_046	FG022	FG001	False	1	233	0.004291845493562232	1	207	0.004830917874396135
Allele_044	Allele_046	FG002	FG001	False	1	233	0.004291845493562232	1	207	0.004830917874396135
